date,year,team,opponent,outcome,is_knockout,team_wc_win_pct,opp_wc_win_pct,delta_wc_win_pct,team_wc_draw_pct,opp_wc_draw_pct,delta_wc_draw_pct,team_wc_gf_per_game,opp_wc_gf_per_game,delta_wc_gf_per_game,team_wc_gc_per_game,opp_wc_gc_per_game,delta_wc_gc_per_game,team_wc_appearances,opp_wc_appearances,delta_wc_appearances,team_wc_games_played,opp_wc_games_played,delta_wc_games_played,team_wc_semi_pct,opp_wc_semi_pct,delta_wc_semi_pct,team_wc_final_pct,opp_wc_final_pct,delta_wc_final_pct,team_wc_champion_count,opp_wc_champion_count,delta_wc_champion_count,team_ranking,opp_ranking,delta_ranking,team_ranking_volatility,opp_ranking_volatility,delta_ranking_volatility,team_has_ranking,opp_has_ranking,delta_has_ranking,team_market_value_eur_m,opp_market_value_eur_m,delta_market_value_eur_m,team_squad_avg_age,opp_squad_avg_age,delta_squad_avg_age,team_win_pct_vs_top10,opp_win_pct_vs_top10,delta_win_pct_vs_top10,team_euro_win_pct,opp_euro_win_pct,delta_euro_win_pct,team_copa_win_pct,opp_copa_win_pct,delta_copa_win_pct,team_afcon_win_pct,opp_afcon_win_pct,delta_afcon_win_pct,team_host_flag,opp_host_flag,delta_host_flag
1950-06-24,1950,BRA,MEX,2,0,,,,,,,,,,,,,0.0,0.0,0.0,0.0,0.0,0.0,,,,,,,0.0,0.0,0.0,,,,,,,0.0,0.0,0.0,,,,,,,,,,,,,,,,,,,1.0,0.0,1.0
1950-06-24,1950,MEX,BRA,0,0,,,,,,,,,,,,,0.0,0.0,0.0,0.0,0.0,0.0,,,,,,,0.0,0.0,0.0,,,,,,,0.0,0.0,0.0,,,,,,,,,,,,,,,,,,,0.0,1.0,-1.0
1950-06-25,1950,SWE,ITA,2,0,,,,,,,,,,,,,0.0,0.0,0.0,0.0,0.0,0.0,,,,,,,0.0,2.0,-2.0,,,,,,,0.0,0.0,0.0,,,,,,,,,,,,,,,,,,,0.0,0.0,0.0
1950-06-25,1950,ITA,SWE,0,0,,,,,,,,,,,,,0.0,0.0,0.0,0.0,0.0,0.0,,,,,,,2.0,0.0,2.0,,,,,,,0.0,0.0,0.0,,,,,,,,,,,,,,,,,,,0.0,0.0,0.0
1950-06-25,1950,YUG,SUI,2,0,,,,,,,,,,,,,0.0,0.0,0.0,0.0,0.0,0.0,,,,,,,0.0,0.0,0.0,,,,,,,0.0,0.0,0.0,,,,,,,,,,,,,,,,,,,0.0,0.0,0.0
1950-06-25,1950,SUI,YUG,0,0,,,,,,,,,,,,,0.0,0.0,0.0,0.0,0.0,0.0,,,,,,,0.0,0.0,0.0,,,,,,,0.0,0.0,0.0,,,,,,,,,,,,,,,,,,,0.0,0.0,0.0
1950-06-25,1950,ESP,USA,2,0,,,,,,,,,,,,,0.0,0.0,0.0,0.0,0.0,0.0,,,,,,,0.0,0.0,0.0,,,,,,,0.0,0.0,0.0,,,,,,,,,,,,,,,,,,,0.0,0.0,0.0
1950-06-25,1950,USA,ESP,0,0,,,,,,,,,,,,,0.0,0.0,0.0,0.0,0.0,0.0,,,,,,,0.0,0.0,0.0,,,,,,,0.0,0.0,0.0,,,,,,,,,,,,,,,,,,,0.0,0.0,0.0
1950-06-25,1950,ENG,CHL,2,0,,,,,,,,,,,,,0.0,0.0,0.0,0.0,0.0,0.0,,,,,,,0.0,0.0,0.0,,,,,,,0.0,0.0,0.0,,,,,,,,,,,,,,,,,,,0.0,0.0,0.0
1950-06-25,1950,CHL,ENG,0,0,,,,,,,,,,,,,0.0,0.0,0.0,0.0,0.0,0.0,,,,,,,0.0,0.0,0.0,,,,,,,0.0,0.0,0.0,,,,,,,,,,,,,,,,,,,0.0,0.0,0.0
1950-06-28,1950,YUG,MEX,2,0,1.0,0.0,1.0,0.0,0.0,0.0,3.0,0.0,3.0,0.0,4.0,-4.0,1.0,1.0,0.0,1.0,1.0,0.0,0.0,0.0,0.0,0.0,0.0,0.0,0.0,0.0,0.0,,,,,,,0.0,0.0,0.0,,,,,,,,,,,,,,,,,,,0.0,0.0,0.0
1950-06-28,1950,MEX,YUG,0,0,0.0,1.0,-1.0,0.0,0.0,0.0,0.0,3.0,-3.0,4.0,0.0,4.0,1.0,1.0,0.0,1.0,1.0,0.0,0.0,0.0,0.0,0.0,0.0,0.0,0.0,0.0,0.0,,,,,,,0.0,0.0,0.0,,,,,,,,,,,,,,,,,,,0.0,0.0,0.0
1950-06-28,1950,BRA,SUI,1,0,1.0,0.0,1.0,0.0,0.0,0.0,4.0,0.0,4.0,0.0,3.0,-3.0,1.0,1.0,0.0,1.0,1.0,0.0,0.0,0.0,0.0,0.0,0.0,0.0,0.0,0.0,0.0,,,,,,,0.0,0.0,0.0,,,,,,,,,,,,,,,,,,,1.0,0.0,1.0
1950-06-28,1950,SUI,BRA,1,0,0.0,1.0,-1.0,0.0,0.0,0.0,0.0,4.0,-4.0,3.0,0.0,3.0,1.0,1.0,0.0,1.0,1.0,0.0,0.0,0.0,0.0,0.0,0.0,0.0,0.0,0.0,0.0,,,,,,,0.0,0.0,0.0,,,,,,,,,,,,,,,,,,,0.0,1.0,-1.0
1950-06-29,1950,USA,ENG,2,0,0.0,1.0,-1.0,0.0,0.0,0.0,1.0,2.0,-1.0,3.0,0.0,3.0,1.0,1.0,0.0,1.0,1.0,0.0,0.0,0.0,0.0,0.0,0.0,0.0,0.0,0.0,0.0,,,,,,,0.0,0.0,0.0,,,,,,,,,,,,,,,,,,,0.0,0.0,0.0
1950-06-29,1950,ENG,USA,0,0,1.0,0.0,1.0,0.0,0.0,0.0,2.0,1.0,1.0,0.0,3.0,-3.0,1.0,1.0,0.0,1.0,1.0,0.0,0.0,0.0,0.0,0.0,0.0,0.0,0.0,0.0,0.0,,,,,,,0.0,0.0,0.0,,,,,,,,,,,,,,,,,,,0.0,0.0,0.0
1950-06-29,1950,SWE,PAR,1,0,1.0,,,0.0,,,3.0,,,2.0,,,1.0,0.0,1.0,1.0,0.0,1.0,0.0,,,0.0,,,0.0,0.0,0.0,,,,,,,0.0,0.0,0.0,,,,,,,,,,,,,,,,,,,0.0,0.0,0.0
1950-06-29,1950,PAR,SWE,1,0,,1.0,,,0.0,,,3.0,,,2.0,,0.0,1.0,-1.0,0.0,1.0,-1.0,,0.0,,,0.0,,0.0,0.0,0.0,,,,,,,0.0,0.0,0.0,,,,,,,,,,,,,,,,,,,0.0,0.0,0.0
1950-06-29,1950,ESP,CHL,2,0,1.0,0.0,1.0,0.0,0.0,0.0,3.0,0.0,3.0,1.0,2.0,-1.0,1.0,1.0,0.0,1.0,1.0,0.0,0.0,0.0,0.0,0.0,0.0,0.0,0.0,0.0,0.0,,,,,,,0.0,0.0,0.0,,,,,,,,,,,,,,,,,,,0.0,0.0,0.0
1950-06-29,1950,CHL,ESP,0,0,0.0,1.0,-1.0,0.0,0.0,0.0,0.0,3.0,-3.0,2.0,1.0,1.0,1.0,1.0,0.0,1.0,1.0,0.0,0.0,0.0,0.0,0.0,0.0,0.0,0.0,0.0,0.0,,,,,,,0.0,0.0,0.0,,,,,,,,,,,,,,,,,,,0.0,0.0,0.0
1950-07-01,1950,BRA,YUG,2,0,0.5,1.0,-0.5,0.5,0.0,0.5,3.0,3.5,-0.5,1.0,0.5,0.5,1.0,1.0,0.0,2.0,2.0,0.0,0.0,0.0,0.0,0.0,0.0,0.0,0.0,0.0,0.0,,,,,,,0.0,0.0,0.0,,,,,,,,,,,,,,,,,,,1.0,0.0,1.0
1950-07-01,1950,YUG,BRA,0,0,1.0,0.5,0.5,0.0,0.5,-0.5,3.5,3.0,0.5,0.5,1.0,-0.5,1.0,1.0,0.0,2.0,2.0,0.0,0.0,0.0,0.0,0.0,0.0,0.0,0.0,0.0,0.0,,,,,,,0.0,0.0,0.0,,,,,,,,,,,,,,,,,,,0.0,1.0,-1.0
1950-07-02,1950,ITA,PAR,2,0,0.0,0.0,0.0,0.0,1.0,-1.0,2.0,2.0,0.0,3.0,2.0,1.0,1.0,1.0,0.0,1.0,1.0,0.0,0.0,0.0,0.0,0.0,0.0,0.0,2.0,0.0,2.0,,,,,,,0.0,0.0,0.0,,,,,,,,,,,,,,,,,,,0.0,0.0,0.0
1950-07-02,1950,CHL,USA,2,0,0.0,0.5,-0.5,0.0,0.0,0.0,0.0,1.0,-1.0,2.0,1.5,0.5,1.0,1.0,0.0,2.0,2.0,0.0,0.0,0.0,0.0,0.0,0.0,0.0,0.0,0.0,0.0,,,,,,,0.0,0.0,0.0,,,,,,,,,,,,,,,,,,,0.0,0.0,0.0
1950-07-02,1950,USA,CHL,0,0,0.5,0.0,0.5,0.0,0.0,0.0,1.0,0.0,1.0,1.5,2.0,-0.5,1.0,1.0,0.0,2.0,2.0,0.0,0.0,0.0,0.0,0.0,0.0,0.0,0.0,0.0,0.0,,,,,,,0.0,0.0,0.0,,,,,,,,,,,,,,,,,,,0.0,0.0,0.0
1950-07-02,1950,PAR,ITA,0,0,0.0,0.0,0.0,1.0,0.0,1.0,2.0,2.0,0.0,2.0,3.0,-1.0,1.0,1.0,0.0,1.0,1.0,0.0,0.0,0.0,0.0,0.0,0.0,0.0,0.0,2.0,-2.0,,,,,,,0.0,0.0,0.0,,,,,,,,,,,,,,,,,,,0.0,0.0,0.0
1950-07-02,1950,URU,BOL,2,0,,,,,,,,,,,,,0.0,0.0,0.0,0.0,0.0,0.0,,,,,,,1.0,0.0,1.0,,,,,,,0.0,0.0,0.0,,,,,,,,,,,,,,,,,,,0.0,0.0,0.0
1950-07-02,1950,ESP,ENG,2,0,1.0,0.5,0.5,0.0,0.0,0.0,2.5,1.0,1.5,0.5,0.5,0.0,1.0,1.0,0.0,2.0,2.0,0.0,0.0,0.0,0.0,0.0,0.0,0.0,0.0,0.0,0.0,,,,,,,0.0,0.0,0.0,,,,,,,,,,,,,,,,,,,0.0,0.0,0.0
1950-07-02,1950,ENG,ESP,0,0,0.5,1.0,-0.5,0.0,0.0,0.0,1.0,2.5,-1.5,0.5,0.5,0.0,1.0,1.0,0.0,2.0,2.0,0.0,0.0,0.0,0.0,0.0,0.0,0.0,0.0,0.0,0.0,,,,,,,0.0,0.0,0.0,,,,,,,,,,,,,,,,,,,0.0,0.0,0.0
1950-07-02,1950,SUI,MEX,2,0,0.0,0.0,0.0,0.5,0.0,0.5,1.0,0.5,0.5,2.5,4.0,-1.5,1.0,1.0,0.0,2.0,2.0,0.0,0.0,0.0,0.0,0.0,0.0,0.0,0.0,0.0,0.0,,,,,,,0.0,0.0,0.0,,,,,,,,,,,,,,,,,,,0.0,0.0,0.0
1950-07-02,1950,MEX,SUI,0,0,0.0,0.0,0.0,0.0,0.5,-0.5,0.5,1.0,-0.5,4.0,2.5,1.5,1.0,1.0,0.0,2.0,2.0,0.0,0.0,0.0,0.0,0.0,0.0,0.0,0.0,0.0,0.0,,,,,,,0.0,0.0,0.0,,,,,,,,,,,,,,,,,,,0.0,0.0,0.0
1950-07-02,1950,BOL,URU,0,0,,,,,,,,,,,,,0.0,0.0,0.0,0.0,0.0,0.0,,,,,,,0.0,1.0,-1.0,,,,,,,0.0,0.0,0.0,,,,,,,,,,,,,,,,,,,0.0,0.0,0.0
1950-07-09,1950,URU,ESP,1,0,1.0,1.0,0.0,0.0,0.0,0.0,8.0,2.0,6.0,0.0,0.3333333333333333,-0.3333333333333333,1.0,1.0,0.0,1.0,3.0,-2.0,0.0,0.0,0.0,0.0,0.0,0.0,1.0,0.0,1.0,,,,,,,0.0,0.0,0.0,,,,,,,,,,,,,,,,,,,0.0,0.0,0.0
1950-07-09,1950,ESP,URU,1,0,1.0,1.0,0.0,0.0,0.0,0.0,2.0,8.0,-6.0,0.3333333333333333,0.0,0.3333333333333333,1.0,1.0,0.0,3.0,1.0,2.0,0.0,0.0,0.0,0.0,0.0,0.0,0.0,1.0,-1.0,,,,,,,0.0,0.0,0.0,,,,,,,,,,,,,,,,,,,0.0,0.0,0.0
1950-07-09,1950,BRA,SWE,2,0,0.6666666666666666,0.5,0.16666666666666663,0.3333333333333333,0.5,-0.16666666666666669,2.6666666666666665,2.5,0.16666666666666652,0.6666666666666666,2.0,-1.3333333333333335,1.0,1.0,0.0,3.0,2.0,1.0,0.0,0.0,0.0,0.0,0.0,0.0,0.0,0.0,0.0,,,,,,,0.0,0.0,0.0,,,,,,,,,,,,,,,,,,,1.0,0.0,1.0
1950-07-09,1950,SWE,BRA,0,0,0.5,0.6666666666666666,-0.16666666666666663,0.5,0.3333333333333333,0.16666666666666669,2.5,2.6666666666666665,-0.16666666666666652,2.0,0.6666666666666666,1.3333333333333335,1.0,1.0,0.0,2.0,3.0,-1.0,0.0,0.0,0.0,0.0,0.0,0.0,0.0,0.0,0.0,,,,,,,0.0,0.0,0.0,,,,,,,,,,,,,,,,,,,0.0,1.0,-1.0
1950-07-13,1950,URU,SWE,2,0,0.5,0.3333333333333333,0.16666666666666669,0.5,0.3333333333333333,0.16666666666666669,5.0,2.0,3.0,1.0,3.6666666666666665,-2.6666666666666665,1.0,1.0,0.0,2.0,3.0,-1.0,0.0,0.0,0.0,0.0,0.0,0.0,1.0,0.0,1.0,,,,,,,0.0,0.0,0.0,,,,,,,,,,,,,,,,,,,0.0,0.0,0.0
1950-07-13,1950,BRA,ESP,2,0,0.75,0.75,0.0,0.25,0.25,0.0,3.75,2.0,1.75,0.75,0.75,0.0,1.0,1.0,0.0,4.0,4.0,0.0,0.0,0.0,0.0,0.0,0.0,0.0,0.0,0.0,0.0,,,,,,,0.0,0.0,0.0,,,,,,,,,,,,,,,,,,,1.0,0.0,1.0
1950-07-13,1950,ESP,BRA,0,0,0.75,0.75,0.0,0.25,0.25,0.0,2.0,3.75,-1.75,0.75,0.75,0.0,1.0,1.0,0.0,4.0,4.0,0.0,0.0,0.0,0.0,0.0,0.0,0.0,0.0,0.0,0.0,,,,,,,0.0,0.0,0.0,,,,,,,,,,,,,,,,,,,0.0,1.0,-1.0
1950-07-13,1950,SWE,URU,0,0,0.3333333333333333,0.5,-0.16666666666666669,0.3333333333333333,0.5,-0.16666666666666669,2.0,5.0,-3.0,3.6666666666666665,1.0,2.6666666666666665,1.0,1.0,0.0,3.0,2.0,1.0,0.0,0.0,0.0,0.0,0.0,0.0,0.0,1.0,-1.0,,,,,,,0.0,0.0,0.0,,,,,,,,,,,,,,,,,,,0.0,0.0,0.0
1950-07-16,1950,URU,BRA,2,0,0.6666666666666666,0.8,-0.13333333333333341,0.3333333333333333,0.2,0.1333333333333333,4.333333333333333,4.2,0.13333333333333286,1.3333333333333333,0.8,0.5333333333333332,1.0,1.0,0.0,3.0,5.0,-2.0,0.0,0.0,0.0,0.0,0.0,0.0,1.0,0.0,1.0,,,,,,,0.0,0.0,0.0,,,,,,,,,,,,,,,,,,,0.0,1.0,-1.0
1950-07-16,1950,BRA,URU,0,0,0.8,0.6666666666666666,0.13333333333333341,0.2,0.3333333333333333,-0.1333333333333333,4.2,4.333333333333333,-0.13333333333333286,0.8,1.3333333333333333,-0.5333333333333332,1.0,1.0,0.0,5.0,3.0,2.0,0.0,0.0,0.0,0.0,0.0,0.0,0.0,1.0,-1.0,,,,,,,0.0,0.0,0.0,,,,,,,,,,,,,,,,,,,1.0,0.0,1.0
1950-07-16,1950,SWE,ESP,2,0,0.25,0.6,-0.35,0.25,0.2,0.04999999999999999,2.0,1.8,0.19999999999999996,3.5,1.8,1.7,1.0,1.0,0.0,4.0,5.0,-1.0,0.0,0.0,0.0,0.0,0.0,0.0,0.0,0.0,0.0,,,,,,,0.0,0.0,0.0,,,,,,,,,,,,,,,,,,,0.0,0.0,0.0
1950-07-16,1950,ESP,SWE,0,0,0.6,0.25,0.35,0.2,0.25,-0.04999999999999999,1.8,2.0,-0.19999999999999996,1.8,3.5,-1.7,1.0,1.0,0.0,5.0,4.0,1.0,0.0,0.0,0.0,0.0,0.0,0.0,0.0,0.0,0.0,,,,,,,0.0,0.0,0.0,,,,,,,,,,,,,,,,,,,0.0,0.0,0.0
1954-06-16,1954,URU,CZE,2,0,0.75,,,0.25,,,3.75,,,1.25,,,1.0,0.0,1.0,4.0,0.0,4.0,0.0,,,0.0,,,2.0,0.0,2.0,,,,,,,0.0,0.0,0.0,,,,,,,,,,,,,,,,,,,0.0,0.0,0.0
1954-06-16,1954,AUT,SCO,2,0,,,,,,,,,,,,,0.0,0.0,0.0,0.0,0.0,0.0,,,,,,,0.0,0.0,0.0,,,,,,,0.0,0.0,0.0,,,,,,,,,,,,,,,,,,,0.0,0.0,0.0
1954-06-16,1954,SCO,AUT,0,0,,,,,,,,,,,,,0.0,0.0,0.0,0.0,0.0,0.0,,,,,,,0.0,0.0,0.0,,,,,,,0.0,0.0,0.0,,,,,,,,,,,,,,,,,,,0.0,0.0,0.0
1954-06-16,1954,BRA,MEX,2,0,0.6666666666666666,0.0,0.6666666666666666,0.16666666666666666,0.0,0.16666666666666666,3.6666666666666665,0.6666666666666666,3.0,1.0,3.3333333333333335,-2.3333333333333335,1.0,1.0,0.0,6.0,3.0,3.0,0.0,0.0,0.0,0.0,0.0,0.0,0.0,0.0,0.0,,,,,,,0.0,0.0,0.0,,,,,,,,,,,,,,,,,,,0.0,0.0,0.0
1954-06-16,1954,MEX,BRA,0,0,0.0,0.6666666666666666,-0.6666666666666666,0.0,0.16666666666666666,-0.16666666666666666,0.6666666666666666,3.6666666666666665,-3.0,3.3333333333333335,1.0,2.3333333333333335,1.0,1.0,0.0,3.0,6.0,-3.0,0.0,0.0,0.0,0.0,0.0,0.0,0.0,0.0,0.0,,,,,,,0.0,0.0,0.0,,,,,,,,,,,,,,,,,,,0.0,0.0,0.0
1954-06-16,1954,YUG,FRA,2,0,0.6666666666666666,,,0.0,,,2.3333333333333335,,,1.0,,,1.0,0.0,1.0,3.0,0.0,3.0,0.0,,,0.0,,,0.0,0.0,0.0,,,,,,,0.0,0.0,0.0,,,,,,,,,,,,,,,,,,,0.0,0.0,0.0
1954-06-16,1954,FRA,YUG,0,0,,0.6666666666666666,,,0.0,,,2.3333333333333335,,,1.0,,0.0,1.0,-1.0,0.0,3.0,-3.0,,0.0,,,0.0,,0.0,0.0,0.0,,,,,,,0.0,0.0,0.0,,,,,,,,,,,,,,,,,,,0.0,0.0,0.0
1954-06-16,1954,CZE,URU,0,0,,0.75,,,0.25,,,3.75,,,1.25,,0.0,1.0,-1.0,0.0,4.0,-4.0,,0.0,,,0.0,,0.0,2.0,-2.0,,,,,,,0.0,0.0,0.0,,,,,,,,,,,,,,,,,,,0.0,0.0,0.0
1954-06-17,1954,HUN,KOR,2,0,,,,,,,,,,,,,0.0,0.0,0.0,0.0,0.0,0.0,,,,,,,0.0,0.0,0.0,,,,,,,0.0,0.0,0.0,,,,,,,,,,,,,,,,,,,0.0,0.0,0.0
1954-06-17,1954,SUI,ITA,2,0,0.3333333333333333,0.5,-0.16666666666666669,0.3333333333333333,0.0,0.3333333333333333,1.3333333333333333,2.0,-0.6666666666666667,2.0,1.5,0.5,1.0,1.0,0.0,3.0,2.0,1.0,0.0,0.0,0.0,0.0,0.0,0.0,0.0,2.0,-2.0,,,,,,,0.0,0.0,0.0,,,,,,,,,,,,,,,,,,,1.0,0.0,1.0
1954-06-17,1954,KOR,HUN,0,0,,,,,,,,,,,,,0.0,0.0,0.0,0.0,0.0,0.0,,,,,,,0.0,0.0,0.0,,,,,,,0.0,0.0,0.0,,,,,,,,,,,,,,,,,,,0.0,0.0,0.0
1954-06-17,1954,ITA,SUI,0,0,0.5,0.3333333333333333,0.16666666666666669,0.0,0.3333333333333333,-0.3333333333333333,2.0,1.3333333333333333,0.6666666666666667,1.5,2.0,-0.5,1.0,1.0,0.0,2.0,3.0,-1.0,0.0,0.0,0.0,0.0,0.0,0.0,2.0,0.0,2.0,,,,,,,0.0,0.0,0.0,,,,,,,,,,,,,,,,,,,0.0,1.0,-1.0
1954-06-17,1954,GER,TUR,2,0,,,,,,,,,,,,,0.0,0.0,0.0,0.0,0.0,0.0,,,,,,,0.0,0.0,0.0,,,,,,,0.0,0.0,0.0,,,,,,,,,,,,,,,,,,,0.0,0.0,0.0
1954-06-17,1954,ENG,BEL,1,0,0.3333333333333333,,,0.0,,,0.6666666666666666,,,0.6666666666666666,,,1.0,0.0,1.0,3.0,0.0,3.0,0.0,,,0.0,,,0.0,0.0,0.0,,,,,,,0.0,0.0,0.0,,,,,,,,,,,,,,,,,,,0.0,0.0,0.0
1954-06-17,1954,BEL,ENG,1,0,,0.3333333333333333,,,0.0,,,0.6666666666666666,,,0.6666666666666666,,0.0,1.0,-1.0,0.0,3.0,-3.0,,0.0,,,0.0,,0.0,0.0,0.0,,,,,,,0.0,0.0,0.0,,,,,,,,,,,,,,,,,,,0.0,0.0,0.0
1954-06-17,1954,TUR,GER,0,0,,,,,,,,,,,,,0.0,0.0,0.0,0.0,0.0,0.0,,,,,,,0.0,0.0,0.0,,,,,,,0.0,0.0,0.0,,,,,,,,,,,,,,,,,,,0.0,0.0,0.0
1954-06-19,1954,URU,SCO,2,0,0.8,0.0,0.8,0.2,0.0,0.2,3.4,0.0,3.4,1.0,1.0,0.0,2.0,1.0,1.0,5.0,1.0,4.0,0.0,0.0,0.0,0.0,0.0,0.0,2.0,0.0,2.0,,,,,,,0.0,0.0,0.0,,,,,,,,,,,,,,,,,,,0.0,0.0,0.0
1954-06-19,1954,SCO,URU,0,0,0.0,0.8,-0.8,0.0,0.2,-0.2,0.0,3.4,-3.4,1.0,1.0,0.0,1.0,2.0,-1.0,1.0,5.0,-4.0,0.0,0.0,0.0,0.0,0.0,0.0,0.0,2.0,-2.0,,,,,,,0.0,0.0,0.0,,,,,,,,,,,,,,,,,,,0.0,0.0,0.0
1954-06-19,1954,BRA,YUG,1,0,0.7142857142857143,0.75,-0.0357142857142857,0.14285714285714285,0.0,0.14285714285714285,3.857142857142857,2.0,1.8571428571428572,0.8571428571428571,0.75,0.1071428571428571,2.0,2.0,0.0,7.0,4.0,3.0,0.0,0.0,0.0,0.0,0.0,0.0,0.0,0.0,0.0,,,,,,,0.0,0.0,0.0,,,,,,,,,,,,,,,,,,,0.0,0.0,0.0
1954-06-19,1954,YUG,BRA,1,0,0.75,0.7142857142857143,0.0357142857142857,0.0,0.14285714285714285,-0.14285714285714285,2.0,3.857142857142857,-1.8571428571428572,0.75,0.8571428571428571,-0.1071428571428571,2.0,2.0,0.0,4.0,7.0,-3.0,0.0,0.0,0.0,0.0,0.0,0.0,0.0,0.0,0.0,,,,,,,0.0,0.0,0.0,,,,,,,,,,,,,,,,,,,0.0,0.0,0.0
1954-06-19,1954,FRA,MEX,2,0,0.0,0.0,0.0,0.0,0.0,0.0,0.0,0.5,-0.5,1.0,3.75,-2.75,1.0,2.0,-1.0,1.0,4.0,-3.0,0.0,0.0,0.0,0.0,0.0,0.0,0.0,0.0,0.0,,,,,,,0.0,0.0,0.0,,,,,,,,,,,,,,,,,,,0.0,0.0,0.0
1954-06-19,1954,MEX,FRA,0,0,0.0,0.0,0.0,0.0,0.0,0.0,0.5,0.0,0.5,3.75,1.0,2.75,2.0,1.0,1.0,4.0,1.0,3.0,0.0,0.0,0.0,0.0,0.0,0.0,0.0,0.0,0.0,,,,,,,0.0,0.0,0.0,,,,,,,,,,,,,,,,,,,0.0,0.0,0.0
1954-06-19,1954,AUT,CZE,2,0,1.0,0.0,1.0,0.0,0.0,0.0,1.0,0.0,1.0,0.0,2.0,-2.0,1.0,1.0,0.0,1.0,1.0,0.0,0.0,0.0,0.0,0.0,0.0,0.0,0.0,0.0,0.0,,,,,,,0.0,0.0,0.0,,,,,,,,,,,,,,,,,,,0.0,0.0,0.0
1954-06-19,1954,CZE,AUT,0,0,0.0,1.0,-1.0,0.0,0.0,0.0,0.0,1.0,-1.0,2.0,0.0,2.0,1.0,1.0,0.0,1.0,1.0,0.0,0.0,0.0,0.0,0.0,0.0,0.0,0.0,0.0,0.0,,,,,,,0.0,0.0,0.0,,,,,,,,,,,,,,,,,,,0.0,0.0,0.0
1954-06-20,1954,HUN,GER,2,0,1.0,1.0,0.0,0.0,0.0,0.0,9.0,4.0,5.0,0.0,1.0,-1.0,1.0,1.0,0.0,1.0,1.0,0.0,0.0,0.0,0.0,0.0,0.0,0.0,0.0,0.0,0.0,,,,,,,0.0,0.0,0.0,,,,,,,,,,,,,,,,,,,0.0,0.0,0.0
1954-06-20,1954,GER,HUN,0,0,1.0,1.0,0.0,0.0,0.0,0.0,4.0,9.0,-5.0,1.0,0.0,1.0,1.0,1.0,0.0,1.0,1.0,0.0,0.0,0.0,0.0,0.0,0.0,0.0,0.0,0.0,0.0,,,,,,,0.0,0.0,0.0,,,,,,,,,,,,,,,,,,,0.0,0.0,0.0
1954-06-20,1954,TUR,KOR,2,0,0.0,0.0,0.0,0.0,0.0,0.0,1.0,0.0,1.0,4.0,9.0,-5.0,1.0,1.0,0.0,1.0,1.0,0.0,0.0,0.0,0.0,0.0,0.0,0.0,0.0,0.0,0.0,,,,,,,0.0,0.0,0.0,,,,,,,,,,,,,,,,,,,0.0,0.0,0.0
1954-06-20,1954,KOR,TUR,0,0,0.0,0.0,0.0,0.0,0.0,0.0,0.0,1.0,-1.0,9.0,4.0,5.0,1.0,1.0,0.0,1.0,1.0,0.0,0.0,0.0,0.0,0.0,0.0,0.0,0.0,0.0,0.0,,,,,,,0.0,0.0,0.0,,,,,,,,,,,,,,,,,,,0.0,0.0,0.0
1954-06-20,1954,ITA,BEL,2,0,0.3333333333333333,0.0,0.3333333333333333,0.0,1.0,-1.0,1.6666666666666667,4.0,-2.333333333333333,1.6666666666666667,4.0,-2.333333333333333,2.0,1.0,1.0,3.0,1.0,2.0,0.0,0.0,0.0,0.0,0.0,0.0,2.0,0.0,2.0,,,,,,,0.0,0.0,0.0,,,,,,,,,,,,,,,,,,,0.0,0.0,0.0
1954-06-20,1954,SUI,ENG,0,0,0.5,0.25,0.25,0.25,0.25,0.0,1.5,1.5,0.0,1.75,1.5,0.25,2.0,2.0,0.0,4.0,4.0,0.0,0.0,0.0,0.0,0.0,0.0,0.0,0.0,0.0,0.0,,,,,,,0.0,0.0,0.0,,,,,,,,,,,,,,,,,,,1.0,0.0,1.0
1954-06-20,1954,ENG,SUI,2,0,0.25,0.5,-0.25,0.25,0.25,0.0,1.5,1.5,0.0,1.5,1.75,-0.25,2.0,2.0,0.0,4.0,4.0,0.0,0.0,0.0,0.0,0.0,0.0,0.0,0.0,0.0,0.0,,,,,,,0.0,0.0,0.0,,,,,,,,,,,,,,,,,,,0.0,1.0,-1.0
1954-06-20,1954,BEL,ITA,0,0,0.0,0.3333333333333333,-0.3333333333333333,1.0,0.0,1.0,4.0,1.6666666666666667,2.333333333333333,4.0,1.6666666666666667,2.333333333333333,1.0,2.0,-1.0,1.0,3.0,-2.0,0.0,0.0,0.0,0.0,0.0,0.0,0.0,2.0,-2.0,,,,,,,0.0,0.0,0.0,,,,,,,,,,,,,,,,,,,0.0,0.0,0.0
1954-06-23,1954,SUI,ITA,2,0,0.4,0.5,-0.09999999999999998,0.2,0.0,0.2,1.2,2.25,-1.05,1.8,1.5,0.30000000000000004,2.0,2.0,0.0,5.0,4.0,1.0,0.0,0.0,0.0,0.0,0.0,0.0,0.0,2.0,-2.0,,,,,,,0.0,0.0,0.0,,,,,,,,,,,,,,,,,,,1.0,0.0,1.0
1954-06-23,1954,ITA,SUI,0,0,0.5,0.4,0.09999999999999998,0.0,0.2,-0.2,2.25,1.2,1.05,1.5,1.8,-0.30000000000000004,2.0,2.0,0.0,4.0,5.0,-1.0,0.0,0.0,0.0,0.0,0.0,0.0,2.0,0.0,2.0,,,,,,,0.0,0.0,0.0,,,,,,,,,,,,,,,,,,,0.0,1.0,-1.0
1954-06-23,1954,GER,TUR,2,0,0.5,0.5,0.0,0.0,0.0,0.0,3.5,4.0,-0.5,4.5,2.0,2.5,1.0,1.0,0.0,2.0,2.0,0.0,0.0,0.0,0.0,0.0,0.0,0.0,0.0,0.0,0.0,,,,,,,0.0,0.0,0.0,,,,,,,,,,,,,,,,,,,0.0,0.0,0.0
1954-06-23,1954,TUR,GER,0,0,0.5,0.5,0.0,0.0,0.0,0.0,4.0,3.5,0.5,2.0,4.5,-2.5,1.0,1.0,0.0,2.0,2.0,0.0,0.0,0.0,0.0,0.0,0.0,0.0,0.0,0.0,0.0,,,,,,,0.0,0.0,0.0,,,,,,,,,,,,,,,,,,,0.0,0.0,0.0
1954-06-26,1954,URU,ENG,2,1,0.8333333333333334,0.4,0.43333333333333335,0.16666666666666666,0.2,-0.033333333333333354,4.0,1.6,2.4,0.8333333333333334,1.2,-0.3666666666666666,2.0,2.0,0.0,6.0,5.0,1.0,0.0,0.0,0.0,0.0,0.0,0.0,2.0,0.0,2.0,,,,,,,0.0,0.0,0.0,,,,,,,,,,,,,,,,,,,0.0,0.0,0.0
1954-06-26,1954,SUI,AUT,0,1,0.5,1.0,-0.5,0.16666666666666666,0.0,0.16666666666666666,1.6666666666666667,3.0,-1.3333333333333333,1.6666666666666667,0.0,1.6666666666666667,2.0,1.0,1.0,6.0,2.0,4.0,0.0,0.0,0.0,0.0,0.0,0.0,0.0,0.0,0.0,,,,,,,0.0,0.0,0.0,,,,,,,,,,,,,,,,,,,1.0,0.0,1.0
1954-06-26,1954,AUT,SUI,2,1,1.0,0.5,0.5,0.0,0.16666666666666666,-0.16666666666666666,3.0,1.6666666666666667,1.3333333333333333,0.0,1.6666666666666667,-1.6666666666666667,1.0,2.0,-1.0,2.0,6.0,-4.0,0.0,0.0,0.0,0.0,0.0,0.0,0.0,0.0,0.0,,,,,,,0.0,0.0,0.0,,,,,,,,,,,,,,,,,,,0.0,1.0,-1.0
1954-06-26,1954,ENG,URU,0,1,0.4,0.8333333333333334,-0.43333333333333335,0.2,0.16666666666666666,0.033333333333333354,1.6,4.0,-2.4,1.2,0.8333333333333334,0.3666666666666666,2.0,2.0,0.0,5.0,6.0,-1.0,0.0,0.0,0.0,0.0,0.0,0.0,0.0,2.0,-2.0,,,,,,,0.0,0.0,0.0,,,,,,,,,,,,,,,,,,,0.0,0.0,0.0
1954-06-27,1954,GER,YUG,2,1,0.6666666666666666,0.6,0.06666666666666665,0.0,0.2,-0.2,4.666666666666667,1.8,2.866666666666667,3.6666666666666665,0.8,2.8666666666666663,1.0,2.0,-1.0,3.0,5.0,-2.0,0.0,0.0,0.0,0.0,0.0,0.0,0.0,0.0,0.0,,,,,,,0.0,0.0,0.0,,,,,,,,,,,,,,,,,,,0.0,0.0,0.0
1954-06-27,1954,YUG,GER,0,1,0.6,0.6666666666666666,-0.06666666666666665,0.2,0.0,0.2,1.8,4.666666666666667,-2.866666666666667,0.8,3.6666666666666665,-2.8666666666666663,2.0,1.0,1.0,5.0,3.0,2.0,0.0,0.0,0.0,0.0,0.0,0.0,0.0,0.0,0.0,,,,,,,0.0,0.0,0.0,,,,,,,,,,,,,,,,,,,0.0,0.0,0.0
1954-06-27,1954,HUN,BRA,2,1,1.0,0.625,0.375,0.0,0.25,-0.25,8.5,3.5,5.0,1.5,0.875,0.625,1.0,2.0,-1.0,2.0,8.0,-6.0,0.0,0.0,0.0,0.0,0.0,0.0,0.0,0.0,0.0,,,,,,,0.0,0.0,0.0,,,,,,,,,,,,,,,,,,,0.0,0.0,0.0
1954-06-27,1954,BRA,HUN,0,1,0.625,1.0,-0.375,0.25,0.0,0.25,3.5,8.5,-5.0,0.875,1.5,-0.625,2.0,1.0,1.0,8.0,2.0,6.0,0.0,0.0,0.0,0.0,0.0,0.0,0.0,0.0,0.0,,,,,,,0.0,0.0,0.0,,,,,,,,,,,,,,,,,,,0.0,0.0,0.0
1954-06-30,1954,HUN,URU,2,1,1.0,0.8571428571428571,0.1428571428571429,0.0,0.14285714285714285,-0.14285714285714285,7.0,4.0,3.0,1.6666666666666667,1.0,0.6666666666666667,1.0,2.0,-1.0,3.0,7.0,-4.0,0.0,0.0,0.0,0.0,0.0,0.0,0.0,2.0,-2.0,,,,,,,0.0,0.0,0.0,,,,,,,,,,,,,,,,,,,0.0,0.0,0.0
1954-06-30,1954,URU,HUN,0,1,0.8571428571428571,1.0,-0.1428571428571429,0.14285714285714285,0.0,0.14285714285714285,4.0,7.0,-3.0,1.0,1.6666666666666667,-0.6666666666666667,2.0,1.0,1.0,7.0,3.0,4.0,0.0,0.0,0.0,0.0,0.0,0.0,2.0,0.0,2.0,,,,,,,0.0,0.0,0.0,,,,,,,,,,,,,,,,,,,0.0,0.0,0.0
1954-06-30,1954,GER,AUT,2,1,0.75,1.0,-0.25,0.0,0.0,0.0,4.0,4.333333333333333,-0.33333333333333304,2.75,1.6666666666666667,1.0833333333333333,1.0,1.0,0.0,4.0,3.0,1.0,0.0,0.0,0.0,0.0,0.0,0.0,0.0,0.0,0.0,,,,,,,0.0,0.0,0.0,,,,,,,,,,,,,,,,,,,0.0,0.0,0.0
1954-06-30,1954,AUT,GER,0,1,1.0,0.75,0.25,0.0,0.0,0.0,4.333333333333333,4.0,0.33333333333333304,1.6666666666666667,2.75,-1.0833333333333333,1.0,1.0,0.0,3.0,4.0,-1.0,0.0,0.0,0.0,0.0,0.0,0.0,0.0,0.0,0.0,,,,,,,0.0,0.0,0.0,,,,,,,,,,,,,,,,,,,0.0,0.0,0.0
1954-07-03,1954,AUT,URU,2,1,0.75,0.75,0.0,0.0,0.125,-0.125,3.5,3.75,-0.25,2.75,1.375,1.375,1.0,2.0,-1.0,4.0,8.0,-4.0,1.0,0.5,0.5,0.0,0.0,0.0,0.0,2.0,-2.0,,,,,,,0.0,0.0,0.0,,,,,,,,,,,,,,,,,,,0.0,0.0,0.0
1954-07-03,1954,URU,AUT,0,1,0.75,0.75,0.0,0.125,0.0,0.125,3.75,3.5,0.25,1.375,2.75,-1.375,2.0,1.0,1.0,8.0,4.0,4.0,0.5,1.0,-0.5,0.0,0.0,0.0,2.0,0.0,2.0,,,,,,,0.0,0.0,0.0,,,,,,,,,,,,,,,,,,,0.0,0.0,0.0
1954-07-04,1954,GER,HUN,2,1,0.8,1.0,-0.19999999999999996,0.0,0.0,0.0,4.4,6.25,-1.8499999999999996,2.4,1.75,0.6499999999999999,1.0,1.0,0.0,5.0,4.0,1.0,1.0,1.0,0.0,0.0,0.0,0.0,0.0,0.0,0.0,,,,,,,0.0,0.0,0.0,,,,,,,,,,,,,,,,,,,0.0,0.0,0.0
1954-07-04,1954,HUN,GER,0,1,1.0,0.8,0.19999999999999996,0.0,0.0,0.0,6.25,4.4,1.8499999999999996,1.75,2.4,-0.6499999999999999,1.0,1.0,0.0,4.0,5.0,-1.0,1.0,1.0,0.0,0.0,0.0,0.0,0.0,0.0,0.0,,,,,,,0.0,0.0,0.0,,,,,,,,,,,,,,,,,,,0.0,0.0,0.0
1958-06-08,1958,SWE,MEX,2,0,0.4,0.0,0.4,0.2,0.0,0.2,2.2,0.8,1.4000000000000001,3.0,3.6,-0.6000000000000001,1.0,2.0,-1.0,5.0,5.0,0.0,0.0,0.0,0.0,0.0,0.0,0.0,0.0,0.0,0.0,,,,,,,0.0,0.0,0.0,,,,,,,,,,,,,,,,,,,1.0,0.0,1.0
1958-06-08,1958,NIR,CZE,2,0,,0.0,,,0.0,,,0.0,,,3.5,,0.0,1.0,-1.0,0.0,2.0,-2.0,,0.0,,,0.0,,0.0,0.0,0.0,,,,,,,0.0,0.0,0.0,,,,,,,,,,,,,,,,,,,0.0,0.0,0.0
1958-06-08,1958,CZE,NIR,0,0,0.0,,,0.0,,,0.0,,,3.5,,,1.0,0.0,1.0,2.0,0.0,2.0,0.0,,,0.0,,,0.0,0.0,0.0,,,,,,,0.0,0.0,0.0,,,,,,,,,,,,,,,,,,,0.0,0.0,0.0
1958-06-08,1958,HUN,WAL,1,0,0.8,,,0.0,,,5.4,,,2.0,,,1.0,0.0,1.0,5.0,0.0,5.0,1.0,,,1.0,,,0.0,0.0,0.0,,,,,,,0.0,0.0,0.0,,,,,,,,,,,,,,,,,,,0.0,0.0,0.0
1958-06-08,1958,WAL,HUN,1,0,,0.8,,,0.0,,,5.4,,,2.0,,0.0,1.0,-1.0,0.0,5.0,-5.0,,1.0,,,1.0,,0.0,0.0,0.0,,,,,,,0.0,0.0,0.0,,,,,,,,,,,,,,,,,,,0.0,0.0,0.0
1958-06-08,1958,YUG,SCO,1,0,0.5,0.0,0.5,0.16666666666666666,0.0,0.16666666666666666,1.5,0.0,1.5,1.0,4.0,-3.0,2.0,1.0,1.0,6.0,2.0,4.0,0.0,0.0,0.0,0.0,0.0,0.0,0.0,0.0,0.0,,,,,,,0.0,0.0,0.0,,,,,,,,,,,,,,,,,,,0.0,0.0,0.0
1958-06-08,1958,MEX,SWE,0,0,0.0,0.4,-0.4,0.0,0.2,-0.2,0.8,2.2,-1.4000000000000001,3.6,3.0,0.6000000000000001,2.0,1.0,1.0,5.0,5.0,0.0,0.0,0.0,0.0,0.0,0.0,0.0,0.0,0.0,0.0,,,,,,,0.0,0.0,0.0,,,,,,,,,,,,,,,,,,,0.0,1.0,-1.0
1958-06-08,1958,SCO,YUG,1,0,0.0,0.5,-0.5,0.0,0.16666666666666666,-0.16666666666666666,0.0,1.5,-1.5,4.0,1.0,3.0,1.0,2.0,-1.0,2.0,6.0,-4.0,0.0,0.0,0.0,0.0,0.0,0.0,0.0,0.0,0.0,,,,,,,0.0,0.0,0.0,,,,,,,,,,,,,,,,,,,0.0,0.0,0.0
1958-06-08,1958,BRA,AUT,2,0,0.5555555555555556,0.8,-0.24444444444444446,0.2222222222222222,0.0,0.2222222222222222,3.3333333333333335,3.4,-0.06666666666666643,1.2222222222222223,2.4,-1.1777777777777776,2.0,1.0,1.0,9.0,5.0,4.0,0.0,1.0,-1.0,0.0,0.0,0.0,0.0,0.0,0.0,,,,,,,0.0,0.0,0.0,,,,,,,,,,,,,,,,,,,0.0,0.0,0.0
1958-06-08,1958,URS,ENG,1,0,,0.3333333333333333,,,0.16666666666666666,,,1.6666666666666667,,,1.6666666666666667,,0.0,2.0,-2.0,0.0,6.0,-6.0,,0.0,,,0.0,,0.0,0.0,0.0,,,,,,,0.0,0.0,0.0,,,,,,,,,,,,,,,,,,,0.0,0.0,0.0
1958-06-08,1958,ENG,URS,1,0,0.3333333333333333,,,0.16666666666666666,,,1.6666666666666667,,,1.6666666666666667,,,2.0,0.0,2.0,6.0,0.0,6.0,0.0,,,0.0,,,0.0,0.0,0.0,,,,,,,0.0,0.0,0.0,,,,,,,,,,,,,,,,,,,0.0,0.0,0.0
1958-06-08,1958,FRA,PAR,2,0,0.5,0.0,0.5,0.0,0.5,-0.5,1.5,1.0,0.5,1.5,2.0,-0.5,1.0,1.0,0.0,2.0,2.0,0.0,0.0,0.0,0.0,0.0,0.0,0.0,0.0,0.0,0.0,,,,,,,0.0,0.0,0.0,,,,,,,,,,,,,,,,,,,0.0,0.0,0.0
1958-06-08,1958,PAR,FRA,0,0,0.0,0.5,-0.5,0.5,0.0,0.5,1.0,1.5,-0.5,2.0,1.5,0.5,1.0,1.0,0.0,2.0,2.0,0.0,0.0,0.0,0.0,0.0,0.0,0.0,0.0,0.0,0.0,,,,,,,0.0,0.0,0.0,,,,,,,,,,,,,,,,,,,0.0,0.0,0.0
1958-06-08,1958,ARG,GER,0,0,,0.8333333333333334,,,0.0,,,4.166666666666667,,,2.3333333333333335,,0.0,1.0,-1.0,0.0,6.0,-6.0,,1.0,,,1.0,,0.0,1.0,-1.0,,,,,,,0.0,0.0,0.0,,,,,,,,,,,,,,,,,,,0.0,0.0,0.0
1958-06-08,1958,GER,ARG,2,0,0.8333333333333334,,,0.0,,,4.166666666666667,,,2.3333333333333335,,,1.0,0.0,1.0,6.0,0.0,6.0,1.0,,,1.0,,,1.0,0.0,1.0,,,,,,,0.0,0.0,0.0,,,,,,,,,,,,,,,,,,,0.0,0.0,0.0
1958-06-08,1958,AUT,BRA,0,0,0.8,0.5555555555555556,0.24444444444444446,0.0,0.2222222222222222,-0.2222222222222222,3.4,3.3333333333333335,0.06666666666666643,2.4,1.2222222222222223,1.1777777777777776,1.0,2.0,-1.0,5.0,9.0,-4.0,1.0,0.0,1.0,0.0,0.0,0.0,0.0,0.0,0.0,,,,,,,0.0,0.0,0.0,,,,,,,,,,,,,,,,,,,0.0,0.0,0.0
1958-06-11,1958,MEX,WAL,1,0,0.0,0.0,0.0,0.0,1.0,-1.0,0.6666666666666666,1.0,-0.33333333333333337,3.5,1.0,2.5,3.0,1.0,2.0,6.0,1.0,5.0,0.0,0.0,0.0,0.0,0.0,0.0,0.0,0.0,0.0,,,,,,,0.0,0.0,0.0,,,,,,,,,,,,,,,,,,,0.0,0.0,0.0
1958-06-11,1958,BRA,ENG,1,0,0.6,0.2857142857142857,0.3142857142857143,0.2,0.2857142857142857,-0.08571428571428569,3.3,1.7142857142857142,1.5857142857142856,1.1,1.7142857142857142,-0.6142857142857141,3.0,3.0,0.0,10.0,7.0,3.0,0.0,0.0,0.0,0.0,0.0,0.0,0.0,0.0,0.0,,,,,,,0.0,0.0,0.0,,,,,,,,,,,,,,,,,,,0.0,0.0,0.0
1958-06-11,1958,ENG,BRA,1,0,0.2857142857142857,0.6,-0.3142857142857143,0.2857142857142857,0.2,0.08571428571428569,1.7142857142857142,3.3,-1.5857142857142856,1.7142857142857142,1.1,0.6142857142857141,3.0,3.0,0.0,7.0,10.0,-3.0,0.0,0.0,0.0,0.0,0.0,0.0,0.0,0.0,0.0,,,,,,,0.0,0.0,0.0,,,,,,,,,,,,,,,,,,,0.0,0.0,0.0
1958-06-11,1958,YUG,FRA,2,0,0.42857142857142855,0.6666666666666666,-0.23809523809523808,0.2857142857142857,0.0,0.2857142857142857,1.4285714285714286,3.3333333333333335,-1.9047619047619049,1.0,2.0,-1.0,3.0,2.0,1.0,7.0,3.0,4.0,0.0,0.0,0.0,0.0,0.0,0.0,0.0,0.0,0.0,,,,,,,0.0,0.0,0.0,,,,,,,,,,,,,,,,,,,0.0,0.0,0.0
1958-06-11,1958,FRA,YUG,0,0,0.6666666666666666,0.42857142857142855,0.23809523809523808,0.0,0.2857142857142857,-0.2857142857142857,3.3333333333333335,1.4285714285714286,1.9047619047619049,2.0,1.0,1.0,2.0,3.0,-1.0,3.0,7.0,-4.0,0.0,0.0,0.0,0.0,0.0,0.0,0.0,0.0,0.0,,,,,,,0.0,0.0,0.0,,,,,,,,,,,,,,,,,,,0.0,0.0,0.0
1958-06-11,1958,WAL,MEX,1,0,0.0,0.0,0.0,1.0,0.0,1.0,1.0,0.6666666666666666,0.33333333333333337,1.0,3.5,-2.5,1.0,3.0,-2.0,1.0,6.0,-5.0,0.0,0.0,0.0,0.0,0.0,0.0,0.0,0.0,0.0,,,,,,,0.0,0.0,0.0,,,,,,,,,,,,,,,,,,,0.0,0.0,0.0
1958-06-11,1958,PAR,SCO,2,0,0.0,0.0,0.0,0.3333333333333333,0.3333333333333333,0.0,1.6666666666666667,0.3333333333333333,1.3333333333333335,3.6666666666666665,3.0,0.6666666666666665,2.0,2.0,0.0,3.0,3.0,0.0,0.0,0.0,0.0,0.0,0.0,0.0,0.0,0.0,0.0,,,,,,,0.0,0.0,0.0,,,,,,,,,,,,,,,,,,,0.0,0.0,0.0
1958-06-11,1958,URS,AUT,2,0,0.0,0.6666666666666666,-0.6666666666666666,1.0,0.0,1.0,2.0,2.8333333333333335,-0.8333333333333335,2.0,2.5,-0.5,1.0,2.0,-1.0,1.0,6.0,-5.0,0.0,0.5,-0.5,0.0,0.0,0.0,0.0,0.0,0.0,,,,,,,0.0,0.0,0.0,,,,,,,,,,,,,,,,,,,0.0,0.0,0.0
1958-06-11,1958,ARG,NIR,2,0,0.0,1.0,-1.0,0.0,0.0,0.0,1.0,1.0,0.0,3.0,0.0,3.0,1.0,1.0,0.0,1.0,1.0,0.0,0.0,0.0,0.0,0.0,0.0,0.0,0.0,0.0,0.0,,,,,,,0.0,0.0,0.0,,,,,,,,,,,,,,,,,,,0.0,0.0,0.0
1958-06-11,1958,NIR,ARG,0,0,1.0,0.0,1.0,0.0,0.0,0.0,1.0,1.0,0.0,0.0,3.0,-3.0,1.0,1.0,0.0,1.0,1.0,0.0,0.0,0.0,0.0,0.0,0.0,0.0,0.0,0.0,0.0,,,,,,,0.0,0.0,0.0,,,,,,,,,,,,,,,,,,,0.0,0.0,0.0
1958-06-11,1958,GER,CZE,1,0,0.8571428571428571,0.0,0.8571428571428571,0.0,0.0,0.0,4.0,0.0,4.0,2.142857142857143,2.6666666666666665,-0.5238095238095237,2.0,2.0,0.0,7.0,3.0,4.0,0.5,0.0,0.5,0.5,0.0,0.5,1.0,0.0,1.0,,,,,,,0.0,0.0,0.0,,,,,,,,,,,,,,,,,,,0.0,0.0,0.0
1958-06-11,1958,CZE,GER,1,0,0.0,0.8571428571428571,-0.8571428571428571,0.0,0.0,0.0,0.0,4.0,-4.0,2.6666666666666665,2.142857142857143,0.5238095238095237,2.0,2.0,0.0,3.0,7.0,-4.0,0.0,0.5,-0.5,0.0,0.5,-0.5,0.0,1.0,-1.0,,,,,,,0.0,0.0,0.0,,,,,,,,,,,,,,,,,,,0.0,0.0,0.0
1958-06-11,1958,SCO,PAR,0,0,0.0,0.0,0.0,0.3333333333333333,0.3333333333333333,0.0,0.3333333333333333,1.6666666666666667,-1.3333333333333335,3.0,3.6666666666666665,-0.6666666666666665,2.0,2.0,0.0,3.0,3.0,0.0,0.0,0.0,0.0,0.0,0.0,0.0,0.0,0.0,0.0,,,,,,,0.0,0.0,0.0,,,,,,,,,,,,,,,,,,,0.0,0.0,0.0
1958-06-11,1958,AUT,URS,0,0,0.6666666666666666,0.0,0.6666666666666666,0.0,1.0,-1.0,2.8333333333333335,2.0,0.8333333333333335,2.5,2.0,0.5,2.0,1.0,1.0,6.0,1.0,5.0,0.5,0.0,0.5,0.0,0.0,0.0,0.0,0.0,0.0,,,,,,,0.0,0.0,0.0,,,,,,,,,,,,,,,,,,,0.0,0.0,0.0
1958-06-12,1958,SWE,HUN,2,0,0.5,0.6666666666666666,-0.16666666666666663,0.16666666666666666,0.16666666666666666,0.0,2.3333333333333335,4.666666666666667,-2.3333333333333335,2.5,1.8333333333333333,0.6666666666666667,2.0,2.0,0.0,6.0,6.0,0.0,0.0,0.5,-0.5,0.0,0.5,-0.5,0.0,0.0,0.0,,,,,,,0.0,0.0,0.0,,,,,,,,,,,,,,,,,,,1.0,0.0,1.0
1958-06-12,1958,HUN,SWE,0,0,0.6666666666666666,0.5,0.16666666666666663,0.16666666666666666,0.16666666666666666,0.0,4.666666666666667,2.3333333333333335,2.3333333333333335,1.8333333333333333,2.5,-0.6666666666666667,2.0,2.0,0.0,6.0,6.0,0.0,0.5,0.0,0.5,0.5,0.0,0.5,0.0,0.0,0.0,,,,,,,0.0,0.0,0.0,,,,,,,,,,,,,,,,,,,0.0,1.0,-1.0
1958-06-15,1958,FRA,SCO,2,0,0.5,0.0,0.5,0.0,0.25,-0.25,3.0,0.75,2.25,2.25,3.0,-0.75,2.0,2.0,0.0,4.0,4.0,0.0,0.0,0.0,0.0,0.0,0.0,0.0,0.0,0.0,0.0,,,,,,,0.0,0.0,0.0,,,,,,,,,,,,,,,,,,,0.0,0.0,0.0
1958-06-15,1958,SCO,FRA,0,0,0.0,0.5,-0.5,0.25,0.0,0.25,0.75,3.0,-2.25,3.0,2.25,0.75,2.0,2.0,0.0,4.0,4.0,0.0,0.0,0.0,0.0,0.0,0.0,0.0,0.0,0.0,0.0,,,,,,,0.0,0.0,0.0,,,,,,,,,,,,,,,,,,,0.0,0.0,0.0
1958-06-15,1958,SWE,WAL,1,0,0.5714285714285714,0.0,0.5714285714285714,0.14285714285714285,1.0,-0.8571428571428572,2.2857142857142856,1.0,1.2857142857142856,2.2857142857142856,1.0,1.2857142857142856,2.0,1.0,1.0,7.0,2.0,5.0,0.0,0.0,0.0,0.0,0.0,0.0,0.0,0.0,0.0,,,,,,,0.0,0.0,0.0,,,,,,,,,,,,,,,,,,,1.0,0.0,1.0
1958-06-15,1958,WAL,SWE,1,0,0.0,0.5714285714285714,-0.5714285714285714,1.0,0.14285714285714285,0.8571428571428572,1.0,2.2857142857142856,-1.2857142857142856,1.0,2.2857142857142856,-1.2857142857142856,1.0,2.0,-1.0,2.0,7.0,-5.0,0.0,0.0,0.0,0.0,0.0,0.0,0.0,0.0,0.0,,,,,,,0.0,0.0,0.0,,,,,,,,,,,,,,,,,,,0.0,1.0,-1.0
1958-06-15,1958,PAR,YUG,1,0,0.25,0.5,-0.25,0.25,0.25,0.0,2.0,1.625,0.375,3.25,1.125,2.125,2.0,3.0,-1.0,4.0,8.0,-4.0,0.0,0.0,0.0,0.0,0.0,0.0,0.0,0.0,0.0,,,,,,,0.0,0.0,0.0,,,,,,,,,,,,,,,,,,,0.0,0.0,0.0
1958-06-15,1958,YUG,PAR,1,0,0.5,0.25,0.25,0.25,0.25,0.0,1.625,2.0,-0.375,1.125,3.25,-2.125,3.0,2.0,1.0,8.0,4.0,4.0,0.0,0.0,0.0,0.0,0.0,0.0,0.0,0.0,0.0,,,,,,,0.0,0.0,0.0,,,,,,,,,,,,,,,,,,,0.0,0.0,0.0
1958-06-15,1958,GER,NIR,1,0,0.75,0.5,0.25,0.125,0.0,0.125,3.75,1.0,2.75,2.125,1.5,0.625,2.0,1.0,1.0,8.0,2.0,6.0,0.5,0.0,0.5,0.5,0.0,0.5,1.0,0.0,1.0,,,,,,,0.0,0.0,0.0,,,,,,,,,,,,,,,,,,,0.0,0.0,0.0
1958-06-15,1958,NIR,GER,1,0,0.5,0.75,-0.25,0.0,0.125,-0.125,1.0,3.75,-2.75,1.5,2.125,-0.625,1.0,2.0,-1.0,2.0,8.0,-6.0,0.0,0.5,-0.5,0.0,0.5,-0.5,0.0,1.0,-1.0,,,,,,,0.0,0.0,0.0,,,,,,,,,,,,,,,,,,,0.0,0.0,0.0
1958-06-15,1958,ENG,AUT,1,0,0.25,0.5714285714285714,-0.3214285714285714,0.375,0.0,0.375,1.5,2.4285714285714284,-0.9285714285714284,1.5,2.4285714285714284,-0.9285714285714284,3.0,2.0,1.0,8.0,7.0,1.0,0.0,0.5,-0.5,0.0,0.0,0.0,0.0,0.0,0.0,,,,,,,0.0,0.0,0.0,,,,,,,,,,,,,,,,,,,0.0,0.0,0.0
1958-06-15,1958,CZE,ARG,2,0,0.0,0.5,-0.5,0.25,0.0,0.25,0.5,2.0,-1.5,2.5,2.0,0.5,2.0,1.0,1.0,4.0,2.0,2.0,0.0,0.0,0.0,0.0,0.0,0.0,0.0,0.0,0.0,,,,,,,0.0,0.0,0.0,,,,,,,,,,,,,,,,,,,0.0,0.0,0.0
1958-06-15,1958,AUT,ENG,1,0,0.5714285714285714,0.25,0.3214285714285714,0.0,0.375,-0.375,2.4285714285714284,1.5,0.9285714285714284,2.4285714285714284,1.5,0.9285714285714284,2.0,3.0,-1.0,7.0,8.0,-1.0,0.5,0.0,0.5,0.0,0.0,0.0,0.0,0.0,0.0,,,,,,,0.0,0.0,0.0,,,,,,,,,,,,,,,,,,,0.0,0.0,0.0
1958-06-15,1958,BRA,URS,2,0,0.5454545454545454,0.5,0.045454545454545414,0.2727272727272727,0.5,-0.2272727272727273,3.0,2.0,1.0,1.0,1.0,0.0,3.0,1.0,2.0,11.0,2.0,9.0,0.0,0.0,0.0,0.0,0.0,0.0,0.0,0.0,0.0,,,,,,,0.0,0.0,0.0,,,,,,,,,,,,,,,,,,,0.0,0.0,0.0
1958-06-15,1958,URS,BRA,0,0,0.5,0.5454545454545454,-0.045454545454545414,0.5,0.2727272727272727,0.2272727272727273,2.0,3.0,-1.0,1.0,1.0,0.0,1.0,3.0,-2.0,2.0,11.0,-9.0,0.0,0.0,0.0,0.0,0.0,0.0,0.0,0.0,0.0,,,,,,,0.0,0.0,0.0,,,,,,,,,,,,,,,,,,,0.0,0.0,0.0
1958-06-15,1958,HUN,MEX,2,0,0.5714285714285714,0.0,0.5714285714285714,0.14285714285714285,0.14285714285714285,0.0,4.142857142857143,0.7142857142857143,3.428571428571429,1.8571428571428572,3.142857142857143,-1.2857142857142856,2.0,3.0,-1.0,7.0,7.0,0.0,0.5,0.0,0.5,0.5,0.0,0.5,0.0,0.0,0.0,,,,,,,0.0,0.0,0.0,,,,,,,,,,,,,,,,,,,0.0,0.0,0.0
1958-06-15,1958,MEX,HUN,0,0,0.0,0.5714285714285714,-0.5714285714285714,0.14285714285714285,0.14285714285714285,0.0,0.7142857142857143,4.142857142857143,-3.428571428571429,3.142857142857143,1.8571428571428572,1.2857142857142856,3.0,2.0,1.0,7.0,7.0,0.0,0.0,0.5,-0.5,0.0,0.5,-0.5,0.0,0.0,0.0,,,,,,,0.0,0.0,0.0,,,,,,,,,,,,,,,,,,,0.0,0.0,0.0
1958-06-15,1958,ARG,CZE,0,0,0.5,0.0,0.5,0.0,0.25,-0.25,2.0,0.5,1.5,2.0,2.5,-0.5,1.0,2.0,-1.0,2.0,4.0,-2.0,0.0,0.0,0.0,0.0,0.0,0.0,0.0,0.0,0.0,,,,,,,0.0,0.0,0.0,,,,,,,,,,,,,,,,,,,0.0,0.0,0.0
1958-06-17,1958,NIR,CZE,2,0,0.3333333333333333,0.2,0.1333333333333333,0.3333333333333333,0.2,0.1333333333333333,1.3333333333333333,1.6,-0.26666666666666683,1.6666666666666667,2.2,-0.5333333333333334,1.0,2.0,-1.0,3.0,5.0,-2.0,0.0,0.0,0.0,0.0,0.0,0.0,0.0,0.0,0.0,,,,,,,0.0,0.0,0.0,,,,,,,,,,,,,,,,,,,0.0,0.0,0.0
1958-06-17,1958,CZE,NIR,0,0,0.2,0.3333333333333333,-0.1333333333333333,0.2,0.3333333333333333,-0.1333333333333333,1.6,1.3333333333333333,0.26666666666666683,2.2,1.6666666666666667,0.5333333333333334,2.0,1.0,1.0,5.0,3.0,2.0,0.0,0.0,0.0,0.0,0.0,0.0,0.0,0.0,0.0,,,,,,,0.0,0.0,0.0,,,,,,,,,,,,,,,,,,,0.0,0.0,0.0
1958-06-17,1958,WAL,HUN,2,0,0.0,0.625,-0.625,1.0,0.125,0.875,0.6666666666666666,4.125,-3.4583333333333335,0.6666666666666666,1.625,-0.9583333333333334,1.0,2.0,-1.0,3.0,8.0,-5.0,0.0,0.5,-0.5,0.0,0.5,-0.5,0.0,0.0,0.0,,,,,,,0.0,0.0,0.0,,,,,,,,,,,,,,,,,,,0.0,0.0,0.0
1958-06-17,1958,URS,ENG,2,0,0.3333333333333333,0.2222222222222222,0.1111111111111111,0.3333333333333333,0.4444444444444444,-0.1111111111111111,1.3333333333333333,1.5555555555555556,-0.22222222222222232,1.3333333333333333,1.5555555555555556,-0.22222222222222232,1.0,3.0,-2.0,3.0,9.0,-6.0,0.0,0.0,0.0,0.0,0.0,0.0,0.0,0.0,0.0,,,,,,,0.0,0.0,0.0,,,,,,,,,,,,,,,,,,,0.0,0.0,0.0
1958-06-17,1958,ENG,URS,0,0,0.2222222222222222,0.3333333333333333,-0.1111111111111111,0.4444444444444444,0.3333333333333333,0.1111111111111111,1.5555555555555556,1.3333333333333333,0.22222222222222232,1.5555555555555556,1.3333333333333333,0.22222222222222232,3.0,1.0,2.0,9.0,3.0,6.0,0.0,0.0,0.0,0.0,0.0,0.0,0.0,0.0,0.0,,,,,,,0.0,0.0,0.0,,,,,,,,,,,,,,,,,,,0.0,0.0,0.0
1958-06-17,1958,HUN,WAL,0,0,0.625,0.0,0.625,0.125,1.0,-0.875,4.125,0.6666666666666666,3.4583333333333335,1.625,0.6666666666666666,0.9583333333333334,2.0,1.0,1.0,8.0,3.0,5.0,0.5,0.0,0.5,0.5,0.0,0.5,0.0,0.0,0.0,,,,,,,0.0,0.0,0.0,,,,,,,,,,,,,,,,,,,0.0,0.0,0.0
1958-06-19,1958,FRA,NIR,2,1,0.6,0.5,0.09999999999999998,0.0,0.25,-0.25,2.8,1.5,1.2999999999999998,2.0,1.5,0.5,2.0,1.0,1.0,5.0,4.0,1.0,0.0,0.0,0.0,0.0,0.0,0.0,0.0,0.0,0.0,,,,,,,0.0,0.0,0.0,,,,,,,,,,,,,,,,,,,0.0,0.0,0.0
1958-06-19,1958,NIR,FRA,0,1,0.5,0.6,-0.09999999999999998,0.25,0.0,0.25,1.5,2.8,-1.2999999999999998,1.5,2.0,-0.5,1.0,2.0,-1.0,4.0,5.0,-1.0,0.0,0.0,0.0,0.0,0.0,0.0,0.0,0.0,0.0,,,,,,,0.0,0.0,0.0,,,,,,,,,,,,,,,,,,,0.0,0.0,0.0
1958-06-19,1958,BRA,WAL,2,1,0.5833333333333334,0.25,0.33333333333333337,0.25,0.75,-0.5,2.9166666666666665,1.0,1.9166666666666665,0.9166666666666666,0.75,0.16666666666666663,3.0,1.0,2.0,12.0,4.0,8.0,0.0,0.0,0.0,0.0,0.0,0.0,0.0,0.0,0.0,,,,,,,0.0,0.0,0.0,,,,,,,,,,,,,,,,,,,0.0,0.0,0.0
1958-06-19,1958,WAL,BRA,0,1,0.25,0.5833333333333334,-0.33333333333333337,0.75,0.25,0.5,1.0,2.9166666666666665,-1.9166666666666665,0.75,0.9166666666666666,-0.16666666666666663,1.0,3.0,-2.0,4.0,12.0,-8.0,0.0,0.0,0.0,0.0,0.0,0.0,0.0,0.0,0.0,,,,,,,0.0,0.0,0.0,,,,,,,,,,,,,,,,,,,0.0,0.0,0.0
1958-06-19,1958,GER,YUG,2,1,0.6666666666666666,0.4444444444444444,0.2222222222222222,0.2222222222222222,0.3333333333333333,-0.1111111111111111,3.5555555555555554,1.7777777777777777,1.7777777777777777,2.111111111111111,1.3333333333333333,0.7777777777777779,2.0,3.0,-1.0,9.0,9.0,0.0,0.5,0.0,0.5,0.5,0.0,0.5,1.0,0.0,1.0,,,,,,,0.0,0.0,0.0,,,,,,,,,,,,,,,,,,,0.0,0.0,0.0
1958-06-19,1958,YUG,GER,0,1,0.4444444444444444,0.6666666666666666,-0.2222222222222222,0.3333333333333333,0.2222222222222222,0.1111111111111111,1.7777777777777777,3.5555555555555554,-1.7777777777777777,1.3333333333333333,2.111111111111111,-0.7777777777777779,3.0,2.0,1.0,9.0,9.0,0.0,0.0,0.5,-0.5,0.0,0.5,-0.5,0.0,1.0,-1.0,,,,,,,0.0,0.0,0.0,,,,,,,,,,,,,,,,,,,0.0,0.0,0.0
1958-06-19,1958,SWE,URS,2,1,0.5,0.5,0.0,0.25,0.25,0.0,2.0,1.25,0.75,2.0,1.0,1.0,2.0,1.0,1.0,8.0,4.0,4.0,0.0,0.0,0.0,0.0,0.0,0.0,0.0,0.0,0.0,,,,,,,0.0,0.0,0.0,,,,,,,,,,,,,,,,,,,1.0,0.0,1.0
1958-06-19,1958,URS,SWE,0,1,0.5,0.5,0.0,0.25,0.25,0.0,1.25,2.0,-0.75,1.0,2.0,-1.0,1.0,2.0,-1.0,4.0,8.0,-4.0,0.0,0.0,0.0,0.0,0.0,0.0,0.0,0.0,0.0,,,,,,,0.0,0.0,0.0,,,,,,,,,,,,,,,,,,,0.0,1.0,-1.0
1958-06-24,1958,SWE,GER,2,1,0.5555555555555556,0.7,-0.14444444444444438,0.2222222222222222,0.2,0.0222222222222222,2.0,3.3,-1.2999999999999998,1.7777777777777777,1.9,-0.12222222222222223,2.0,2.0,0.0,9.0,10.0,-1.0,0.0,0.5,-0.5,0.0,0.5,-0.5,0.0,1.0,-1.0,,,,,,,0.0,0.0,0.0,,,,,,,,,,,,,,,,,,,1.0,0.0,1.0
1958-06-24,1958,GER,SWE,0,1,0.7,0.5555555555555556,0.14444444444444438,0.2,0.2222222222222222,-0.0222222222222222,3.3,2.0,1.2999999999999998,1.9,1.7777777777777777,0.12222222222222223,2.0,2.0,0.0,10.0,9.0,1.0,0.5,0.0,0.5,0.5,0.0,0.5,1.0,0.0,1.0,,,,,,,0.0,0.0,0.0,,,,,,,,,,,,,,,,,,,0.0,1.0,-1.0
1958-06-24,1958,BRA,FRA,2,1,0.6153846153846154,0.6666666666666666,-0.05128205128205121,0.23076923076923078,0.0,0.23076923076923078,2.769230769230769,3.0,-0.23076923076923084,0.8461538461538461,1.6666666666666667,-0.8205128205128206,3.0,2.0,1.0,13.0,6.0,7.0,0.0,0.0,0.0,0.0,0.0,0.0,0.0,0.0,0.0,,,,,,,0.0,0.0,0.0,,,,,,,,,,,,,,,,,,,0.0,0.0,0.0
1958-06-24,1958,FRA,BRA,0,1,0.6666666666666666,0.6153846153846154,0.05128205128205121,0.0,0.23076923076923078,-0.23076923076923078,3.0,2.769230769230769,0.23076923076923084,1.6666666666666667,0.8461538461538461,0.8205128205128206,2.0,3.0,-1.0,6.0,13.0,-7.0,0.0,0.0,0.0,0.0,0.0,0.0,0.0,0.0,0.0,,,,,,,0.0,0.0,0.0,,,,,,,,,,,,,,,,,,,0.0,0.0,0.0
1958-06-28,1958,FRA,GER,2,1,0.5714285714285714,0.6363636363636364,-0.06493506493506496,0.0,0.18181818181818182,-0.18181818181818182,2.857142857142857,3.090909090909091,-0.23376623376623362,2.142857142857143,2.0,0.1428571428571428,2.0,2.0,0.0,7.0,11.0,-4.0,0.5,1.0,-0.5,0.0,0.5,-0.5,0.0,1.0,-1.0,,,,,,,0.0,0.0,0.0,,,,,,,,,,,,,,,,,,,0.0,0.0,0.0
1958-06-28,1958,GER,FRA,0,1,0.6363636363636364,0.5714285714285714,0.06493506493506496,0.18181818181818182,0.0,0.18181818181818182,3.090909090909091,2.857142857142857,0.23376623376623362,2.0,2.142857142857143,-0.1428571428571428,2.0,2.0,0.0,11.0,7.0,4.0,1.0,0.5,0.5,0.5,0.0,0.5,1.0,0.0,1.0,,,,,,,0.0,0.0,0.0,,,,,,,,,,,,,,,,,,,0.0,0.0,0.0
1958-06-29,1958,BRA,SWE,2,1,0.6428571428571429,0.6,0.04285714285714293,0.21428571428571427,0.2,0.014285714285714263,2.9285714285714284,2.1,0.8285714285714283,0.9285714285714286,1.7,-0.7714285714285714,3.0,2.0,1.0,14.0,10.0,4.0,0.3333333333333333,0.5,-0.16666666666666669,0.0,0.0,0.0,0.0,0.0,0.0,,,,,,,0.0,0.0,0.0,,,,,,,,,,,,,,,,,,,0.0,1.0,-1.0
1958-06-29,1958,SWE,BRA,0,1,0.6,0.6428571428571429,-0.04285714285714293,0.2,0.21428571428571427,-0.014285714285714263,2.1,2.9285714285714284,-0.8285714285714283,1.7,0.9285714285714286,0.7714285714285714,2.0,3.0,-1.0,10.0,14.0,-4.0,0.5,0.3333333333333333,0.16666666666666669,0.0,0.0,0.0,0.0,0.0,0.0,,,,,,,0.0,0.0,0.0,,,,,,,,,,,,,,,,,,,1.0,0.0,1.0
1962-05-30,1962,URU,COL,2,0,0.6666666666666666,,,0.1111111111111111,,,3.4444444444444446,,,1.5555555555555556,,,2.0,0.0,2.0,9.0,0.0,9.0,0.5,,,0.0,,,2.0,0.0,2.0,,,,,,,0.0,0.0,0.0,,,,,,,,,,,,,,,,,,,0.0,0.0,0.0
1962-05-30,1962,CHL,SUI,2,0,0.3333333333333333,0.42857142857142855,-0.09523809523809523,0.0,0.14285714285714285,-0.14285714285714285,1.6666666666666667,2.142857142857143,-0.47619047619047605,2.0,2.4285714285714284,-0.4285714285714284,1.0,2.0,-1.0,3.0,7.0,-4.0,0.0,0.0,0.0,0.0,0.0,0.0,0.0,0.0,0.0,,,,,,,0.0,0.0,0.0,,,,,,,,,,,,,,,,,,,1.0,0.0,1.0
1962-05-30,1962,COL,URU,0,0,,0.6666666666666666,,,0.1111111111111111,,,3.4444444444444446,,,1.5555555555555556,,0.0,2.0,-2.0,0.0,9.0,-9.0,,0.5,,,0.0,,0.0,2.0,-2.0,,,,,,,0.0,0.0,0.0,,,,,,,,,,,,,,,,,,,0.0,0.0,0.0
1962-05-30,1962,SUI,CHL,0,0,0.42857142857142855,0.3333333333333333,0.09523809523809523,0.14285714285714285,0.0,0.14285714285714285,2.142857142857143,1.6666666666666667,0.47619047619047605,2.4285714285714284,2.0,0.4285714285714284,2.0,1.0,1.0,7.0,3.0,4.0,0.0,0.0,0.0,0.0,0.0,0.0,0.0,0.0,0.0,,,,,,,0.0,0.0,0.0,,,,,,,,,,,,,,,,,,,0.0,1.0,-1.0
1962-05-30,1962,BRA,MEX,2,0,0.6666666666666666,0.0,0.6666666666666666,0.2,0.125,0.07500000000000001,3.066666666666667,0.625,2.441666666666667,1.0,3.25,-2.25,3.0,3.0,0.0,15.0,8.0,7.0,0.3333333333333333,0.0,0.3333333333333333,0.3333333333333333,0.0,0.3333333333333333,1.0,0.0,1.0,,,,,,,0.0,0.0,0.0,,,,,,,,,,,,,,,,,,,0.0,0.0,0.0
1962-05-30,1962,ARG,BUL,2,0,0.3333333333333333,,,0.0,,,1.6666666666666667,,,3.3333333333333335,,,1.0,0.0,1.0,3.0,0.0,3.0,0.0,,,0.0,,,0.0,0.0,0.0,,,,,,,0.0,0.0,0.0,,,,,,,,,,,,,,,,,,,0.0,0.0,0.0
1962-05-30,1962,BUL,ARG,0,0,,0.3333333333333333,,,0.0,,,1.6666666666666667,,,3.3333333333333335,,0.0,1.0,-1.0,0.0,3.0,-3.0,,0.0,,,0.0,,0.0,0.0,0.0,,,,,,,0.0,0.0,0.0,,,,,,,,,,,,,,,,,,,0.0,0.0,0.0
1962-05-30,1962,MEX,BRA,0,0,0.0,0.6666666666666666,-0.6666666666666666,0.125,0.2,-0.07500000000000001,0.625,3.066666666666667,-2.441666666666667,3.25,1.0,2.25,3.0,3.0,0.0,8.0,15.0,-7.0,0.0,0.3333333333333333,-0.3333333333333333,0.0,0.3333333333333333,-0.3333333333333333,0.0,1.0,-1.0,,,,,,,0.0,0.0,0.0,,,,,,,,,,,,,,,,,,,0.0,0.0,0.0
1962-05-31,1962,GER,ITA,1,0,0.5833333333333334,0.4,0.18333333333333335,0.16666666666666666,0.0,0.16666666666666666,3.0833333333333335,2.0,1.0833333333333335,2.3333333333333335,2.0,0.3333333333333335,2.0,2.0,0.0,12.0,5.0,7.0,1.0,0.0,1.0,0.5,0.0,0.5,1.0,2.0,-1.0,,,,,,,0.0,0.0,0.0,,,,,,,,,,,,,,,,,,,0.0,0.0,0.0
1962-05-31,1962,ITA,GER,1,0,0.4,0.5833333333333334,-0.18333333333333335,0.0,0.16666666666666666,-0.16666666666666666,2.0,3.0833333333333335,-1.0833333333333335,2.0,2.3333333333333335,-0.3333333333333335,2.0,2.0,0.0,5.0,12.0,-7.0,0.0,1.0,-1.0,0.0,0.5,-0.5,2.0,1.0,1.0,,,,,,,0.0,0.0,0.0,,,,,,,,,,,,,,,,,,,0.0,0.0,0.0
1962-05-31,1962,HUN,ENG,2,0,0.5555555555555556,0.2,0.35555555555555557,0.1111111111111111,0.4,-0.2888888888888889,3.7777777777777777,1.4,2.3777777777777778,1.6666666666666667,1.5,0.16666666666666674,2.0,3.0,-1.0,9.0,10.0,-1.0,0.5,0.0,0.5,0.5,0.0,0.5,0.0,0.0,0.0,,,,,,,0.0,0.0,0.0,,,,,,,,,,,,,,,,,,,0.0,0.0,0.0
1962-05-31,1962,ENG,HUN,0,0,0.2,0.5555555555555556,-0.35555555555555557,0.4,0.1111111111111111,0.2888888888888889,1.4,3.7777777777777777,-2.3777777777777778,1.5,1.6666666666666667,-0.16666666666666674,3.0,2.0,1.0,10.0,9.0,1.0,0.0,0.5,-0.5,0.0,0.5,-0.5,0.0,0.0,0.0,,,,,,,0.0,0.0,0.0,,,,,,,,,,,,,,,,,,,0.0,0.0,0.0
1962-05-31,1962,URS,YUG,2,0,0.4,0.4,0.0,0.2,0.3,-0.09999999999999998,1.0,1.6,-0.6000000000000001,1.2,1.3,-0.10000000000000009,1.0,3.0,-2.0,5.0,10.0,-5.0,0.0,0.0,0.0,0.0,0.0,0.0,0.0,0.0,0.0,,,,,,,0.0,0.0,0.0,,,,,,,,,,0.5,0.5,0.0,,,,,,,0.0,0.0,0.0
1962-05-31,1962,YUG,URS,0,0,0.4,0.4,0.0,0.3,0.2,0.09999999999999998,1.6,1.0,0.6000000000000001,1.3,1.2,0.10000000000000009,3.0,1.0,2.0,10.0,5.0,5.0,0.0,0.0,0.0,0.0,0.0,0.0,0.0,0.0,0.0,,,,,,,0.0,0.0,0.0,,,,,,,,,,0.5,0.5,0.0,,,,,,,0.0,0.0,0.0
1962-05-31,1962,CZE,ESP,2,0,0.16666666666666666,0.5,-0.33333333333333337,0.16666666666666666,0.16666666666666666,0.0,1.5,1.6666666666666667,-0.16666666666666674,2.1666666666666665,2.0,0.16666666666666652,2.0,1.0,1.0,6.0,6.0,0.0,0.0,0.0,0.0,0.0,0.0,0.0,0.0,0.0,0.0,,,,,,,0.0,0.0,0.0,,,,,,,,,,,,,,,,,,,0.0,0.0,0.0
1962-05-31,1962,ESP,CZE,0,0,0.5,0.16666666666666666,0.33333333333333337,0.16666666666666666,0.16666666666666666,0.0,1.6666666666666667,1.5,0.16666666666666674,2.0,2.1666666666666665,-0.16666666666666652,1.0,2.0,-1.0,6.0,6.0,0.0,0.0,0.0,0.0,0.0,0.0,0.0,0.0,0.0,0.0,,,,,,,0.0,0.0,0.0,,,,,,,,,,,,,,,,,,,0.0,0.0,0.0
1962-06-02,1962,CHL,ITA,2,0,0.5,0.3333333333333333,0.16666666666666669,0.0,0.16666666666666666,-0.16666666666666666,2.0,1.6666666666666667,0.33333333333333326,1.75,1.6666666666666667,0.08333333333333326,2.0,3.0,-1.0,4.0,6.0,-2.0,0.0,0.0,0.0,0.0,0.0,0.0,0.0,2.0,-2.0,,,,,,,0.0,0.0,0.0,,,,,,,,,,,,,,,,,,,1.0,0.0,1.0
1962-06-02,1962,ITA,CHL,0,0,0.3333333333333333,0.5,-0.16666666666666669,0.16666666666666666,0.0,0.16666666666666666,1.6666666666666667,2.0,-0.33333333333333326,1.6666666666666667,1.75,-0.08333333333333326,3.0,2.0,1.0,6.0,4.0,2.0,0.0,0.0,0.0,0.0,0.0,0.0,2.0,0.0,2.0,,,,,,,0.0,0.0,0.0,,,,,,,,,,,,,,,,,,,0.0,1.0,-1.0
1962-06-02,1962,BRA,CZE,1,0,0.6875,0.2857142857142857,0.4017857142857143,0.1875,0.14285714285714285,0.04464285714285715,3.0,1.4285714285714286,1.5714285714285714,0.9375,1.8571428571428572,-0.9196428571428572,4.0,3.0,1.0,16.0,7.0,9.0,0.25,0.0,0.25,0.25,0.0,0.25,1.0,0.0,1.0,,,,,,,0.0,0.0,0.0,,,,,,,,,,,,,,,,,,,0.0,0.0,0.0
1962-06-02,1962,CZE,BRA,1,0,0.2857142857142857,0.6875,-0.4017857142857143,0.14285714285714285,0.1875,-0.04464285714285715,1.4285714285714286,3.0,-1.5714285714285714,1.8571428571428572,0.9375,0.9196428571428572,3.0,4.0,-1.0,7.0,16.0,-9.0,0.0,0.25,-0.25,0.0,0.25,-0.25,0.0,1.0,-1.0,,,,,,,0.0,0.0,0.0,,,,,,,,,,,,,,,,,,,0.0,0.0,0.0
1962-06-02,1962,ENG,ARG,2,0,0.18181818181818182,0.5,-0.3181818181818182,0.36363636363636365,0.0,0.36363636363636365,1.3636363636363635,1.5,-0.13636363636363646,1.5454545454545454,2.5,-0.9545454545454546,4.0,2.0,2.0,11.0,4.0,7.0,0.0,0.0,0.0,0.0,0.0,0.0,0.0,0.0,0.0,,,,,,,0.0,0.0,0.0,,,,,,,,,,,,,,,,,,,0.0,0.0,0.0
1962-06-02,1962,ARG,ENG,0,0,0.5,0.18181818181818182,0.3181818181818182,0.0,0.36363636363636365,-0.36363636363636365,1.5,1.3636363636363635,0.13636363636363646,2.5,1.5454545454545454,0.9545454545454546,2.0,4.0,-2.0,4.0,11.0,-7.0,0.0,0.0,0.0,0.0,0.0,0.0,0.0,0.0,0.0,,,,,,,0.0,0.0,0.0,,,,,,,,,,,,,,,,,,,0.0,0.0,0.0
1962-06-02,1962,YUG,URU,2,0,0.36363636363636365,0.7,-0.3363636363636363,0.2727272727272727,0.1,0.1727272727272727,1.4545454545454546,3.3,-1.8454545454545452,1.3636363636363635,1.5,-0.13636363636363646,4.0,3.0,1.0,11.0,10.0,1.0,0.0,0.3333333333333333,-0.3333333333333333,0.0,0.0,0.0,0.0,2.0,-2.0,,,,,,,0.0,0.0,0.0,,,,,,,,,,0.5,,,,,,,,,0.0,0.0,0.0
1962-06-02,1962,URU,YUG,0,0,0.7,0.36363636363636365,0.3363636363636363,0.1,0.2727272727272727,-0.1727272727272727,3.3,1.4545454545454546,1.8454545454545452,1.5,1.3636363636363635,0.13636363636363646,3.0,4.0,-1.0,10.0,11.0,-1.0,0.3333333333333333,0.0,0.3333333333333333,0.0,0.0,0.0,2.0,0.0,2.0,,,,,,,0.0,0.0,0.0,,,,,,,,,,,0.5,,,,,,,,0.0,0.0,0.0
1962-06-03,1962,GER,SUI,2,0,0.5384615384615384,0.375,0.16346153846153844,0.23076923076923078,0.125,0.10576923076923078,2.8461538461538463,2.0,0.8461538461538463,2.1538461538461537,2.5,-0.34615384615384626,3.0,3.0,0.0,13.0,8.0,5.0,0.6666666666666666,0.0,0.6666666666666666,0.3333333333333333,0.0,0.3333333333333333,1.0,0.0,1.0,,,,,,,0.0,0.0,0.0,,,,,,,,,,,,,,,,,,,0.0,0.0,0.0
1962-06-03,1962,SUI,GER,0,0,0.375,0.5384615384615384,-0.16346153846153844,0.125,0.23076923076923078,-0.10576923076923078,2.0,2.8461538461538463,-0.8461538461538463,2.5,2.1538461538461537,0.34615384615384626,3.0,3.0,0.0,8.0,13.0,-5.0,0.0,0.6666666666666666,-0.6666666666666666,0.0,0.3333333333333333,-0.3333333333333333,0.0,1.0,-1.0,,,,,,,0.0,0.0,0.0,,,,,,,,,,,,,,,,,,,0.0,0.0,0.0
1962-06-03,1962,HUN,BUL,2,0,0.6,0.0,0.6,0.1,0.0,0.1,3.6,0.0,3.6,1.6,1.0,0.6000000000000001,3.0,1.0,2.0,10.0,1.0,9.0,0.3333333333333333,0.0,0.3333333333333333,0.3333333333333333,0.0,0.3333333333333333,0.0,0.0,0.0,,,,,,,0.0,0.0,0.0,,,,,,,,,,,,,,,,,,,0.0,0.0,0.0
1962-06-03,1962,BUL,HUN,0,0,0.0,0.6,-0.6,0.0,0.1,-0.1,0.0,3.6,-3.6,1.0,1.6,-0.6000000000000001,1.0,3.0,-2.0,1.0,10.0,-9.0,0.0,0.3333333333333333,-0.3333333333333333,0.0,0.3333333333333333,-0.3333333333333333,0.0,0.0,0.0,,,,,,,0.0,0.0,0.0,,,,,,,,,,,,,,,,,,,0.0,0.0,0.0
1962-06-03,1962,URS,COL,1,0,0.5,0.0,0.5,0.16666666666666666,0.0,0.16666666666666666,1.1666666666666667,1.0,0.16666666666666674,1.0,2.0,-1.0,2.0,1.0,1.0,6.0,1.0,5.0,0.0,0.0,0.0,0.0,0.0,0.0,0.0,0.0,0.0,,,,,,,0.0,0.0,0.0,,,,,,,,,,0.5,,,,,,,,,0.0,0.0,0.0
1962-06-03,1962,COL,URS,1,0,0.0,0.5,-0.5,0.0,0.16666666666666666,-0.16666666666666666,1.0,1.1666666666666667,-0.16666666666666674,2.0,1.0,1.0,1.0,2.0,-1.0,1.0,6.0,-5.0,0.0,0.0,0.0,0.0,0.0,0.0,0.0,0.0,0.0,,,,,,,0.0,0.0,0.0,,,,,,,,,,,0.5,,,,,,,,0.0,0.0,0.0
1962-06-03,1962,ESP,MEX,2,0,0.42857142857142855,0.0,0.42857142857142855,0.14285714285714285,0.1111111111111111,0.031746031746031744,1.4285714285714286,0.5555555555555556,0.873015873015873,1.8571428571428572,3.111111111111111,-1.253968253968254,2.0,4.0,-2.0,7.0,9.0,-2.0,0.0,0.0,0.0,0.0,0.0,0.0,0.0,0.0,0.0,,,,,,,0.0,0.0,0.0,,,,,,,,,,,,,,,,,,,0.0,0.0,0.0
1962-06-03,1962,MEX,ESP,0,0,0.0,0.42857142857142855,-0.42857142857142855,0.1111111111111111,0.14285714285714285,-0.031746031746031744,0.5555555555555556,1.4285714285714286,-0.873015873015873,3.111111111111111,1.8571428571428572,1.253968253968254,4.0,2.0,2.0,9.0,7.0,2.0,0.0,0.0,0.0,0.0,0.0,0.0,0.0,0.0,0.0,,,,,,,0.0,0.0,0.0,,,,,,,,,,,,,,,,,,,0.0,0.0,0.0
1962-06-06,1962,HUN,ARG,1,0,0.6363636363636364,0.4,0.23636363636363633,0.09090909090909091,0.0,0.09090909090909091,3.8181818181818183,1.4,2.4181818181818184,1.5454545454545454,2.6,-1.0545454545454547,3.0,2.0,1.0,11.0,5.0,6.0,0.3333333333333333,0.0,0.3333333333333333,0.3333333333333333,0.0,0.3333333333333333,0.0,0.0,0.0,,,,,,,0.0,0.0,0.0,,,,,,,,,,,,,,,,,,,0.0,0.0,0.0
1962-06-06,1962,ARG,HUN,1,0,0.4,0.6363636363636364,-0.23636363636363633,0.0,0.09090909090909091,-0.09090909090909091,1.4,3.8181818181818183,-2.4181818181818184,2.6,1.5454545454545454,1.0545454545454547,2.0,3.0,-1.0,5.0,11.0,-6.0,0.0,0.3333333333333333,-0.3333333333333333,0.0,0.3333333333333333,-0.3333333333333333,0.0,0.0,0.0,,,,,,,0.0,0.0,0.0,,,,,,,,,,,,,,,,,,,0.0,0.0,0.0
1962-06-06,1962,BRA,ESP,2,0,0.6470588235294118,0.5,0.1470588235294118,0.23529411764705882,0.125,0.11029411764705882,2.823529411764706,1.375,1.448529411764706,0.8823529411764706,1.625,-0.7426470588235294,4.0,2.0,2.0,17.0,8.0,9.0,0.25,0.0,0.25,0.25,0.0,0.25,1.0,0.0,1.0,,,,,,,0.0,0.0,0.0,,,,,,,,,,,,,,,,,,,0.0,0.0,0.0
1962-06-06,1962,ESP,BRA,0,0,0.5,0.6470588235294118,-0.1470588235294118,0.125,0.23529411764705882,-0.11029411764705882,1.375,2.823529411764706,-1.448529411764706,1.625,0.8823529411764706,0.7426470588235294,2.0,4.0,-2.0,8.0,17.0,-9.0,0.0,0.25,-0.25,0.0,0.25,-0.25,0.0,1.0,-1.0,,,,,,,0.0,0.0,0.0,,,,,,,,,,,,,,,,,,,0.0,0.0,0.0
1962-06-06,1962,URS,URU,2,0,0.42857142857142855,0.6363636363636364,-0.2077922077922078,0.2857142857142857,0.09090909090909091,0.1948051948051948,1.5714285714285714,3.090909090909091,-1.5194805194805194,1.4285714285714286,1.6363636363636365,-0.20779220779220786,2.0,3.0,-1.0,7.0,11.0,-4.0,0.0,0.3333333333333333,-0.3333333333333333,0.0,0.0,0.0,0.0,2.0,-2.0,,,,,,,0.0,0.0,0.0,,,,,,,,,,0.5,,,,,,,,,0.0,0.0,0.0
1962-06-06,1962,GER,CHL,2,0,0.5714285714285714,0.6,-0.02857142857142858,0.21428571428571427,0.0,0.21428571428571427,2.7857142857142856,2.0,0.7857142857142856,2.0714285714285716,1.4,0.6714285714285717,3.0,2.0,1.0,14.0,5.0,9.0,0.6666666666666666,0.0,0.6666666666666666,0.3333333333333333,0.0,0.3333333333333333,1.0,0.0,1.0,,,,,,,0.0,0.0,0.0,,,,,,,,,,,,,,,,,,,0.0,1.0,-1.0
1962-06-06,1962,URU,URS,0,0,0.6363636363636364,0.42857142857142855,0.2077922077922078,0.09090909090909091,0.2857142857142857,-0.1948051948051948,3.090909090909091,1.5714285714285714,1.5194805194805194,1.6363636363636365,1.4285714285714286,0.20779220779220786,3.0,2.0,1.0,11.0,7.0,4.0,0.3333333333333333,0.0,0.3333333333333333,0.0,0.0,0.0,2.0,0.0,2.0,,,,,,,0.0,0.0,0.0,,,,,,,,,,,0.5,,,,,,,,0.0,0.0,0.0
1962-06-06,1962,CHL,GER,0,0,0.6,0.5714285714285714,0.02857142857142858,0.0,0.21428571428571427,-0.21428571428571427,2.0,2.7857142857142856,-0.7857142857142856,1.4,2.0714285714285716,-0.6714285714285717,2.0,3.0,-1.0,5.0,14.0,-9.0,0.0,0.6666666666666666,-0.6666666666666666,0.0,0.3333333333333333,-0.3333333333333333,0.0,1.0,-1.0,,,,,,,0.0,0.0,0.0,,,,,,,,,,,,,,,,,,,1.0,0.0,1.0
1962-06-07,1962,YUG,COL,2,0,0.4166666666666667,0.0,0.4166666666666667,0.25,0.5,-0.25,1.5833333333333333,2.5,-0.9166666666666667,1.3333333333333333,3.0,-1.6666666666666667,4.0,1.0,3.0,12.0,2.0,10.0,0.0,0.0,0.0,0.0,0.0,0.0,0.0,0.0,0.0,,,,,,,0.0,0.0,0.0,,,,,,,,,,0.5,,,,,,,,,0.0,0.0,0.0
1962-06-07,1962,COL,YUG,0,0,0.0,0.4166666666666667,-0.4166666666666667,0.5,0.25,0.25,2.5,1.5833333333333333,0.9166666666666667,3.0,1.3333333333333333,1.6666666666666667,1.0,4.0,-3.0,2.0,12.0,-10.0,0.0,0.0,0.0,0.0,0.0,0.0,0.0,0.0,0.0,,,,,,,0.0,0.0,0.0,,,,,,,,,,,0.5,,,,,,,,0.0,0.0,0.0
1962-06-07,1962,ITA,SUI,2,0,0.2857142857142857,0.3333333333333333,-0.047619047619047616,0.14285714285714285,0.1111111111111111,0.031746031746031744,1.4285714285714286,1.8888888888888888,-0.46031746031746024,1.7142857142857142,2.4444444444444446,-0.7301587301587305,3.0,3.0,0.0,7.0,9.0,-2.0,0.0,0.0,0.0,0.0,0.0,0.0,2.0,0.0,2.0,,,,,,,0.0,0.0,0.0,,,,,,,,,,,,,,,,,,,0.0,0.0,0.0
1962-06-07,1962,SUI,ITA,0,0,0.3333333333333333,0.2857142857142857,0.047619047619047616,0.1111111111111111,0.14285714285714285,-0.031746031746031744,1.8888888888888888,1.4285714285714286,0.46031746031746024,2.4444444444444446,1.7142857142857142,0.7301587301587305,3.0,3.0,0.0,9.0,7.0,2.0,0.0,0.0,0.0,0.0,0.0,0.0,0.0,2.0,-2.0,,,,,,,0.0,0.0,0.0,,,,,,,,,,,,,,,,,,,0.0,0.0,0.0
1962-06-07,1962,MEX,CZE,2,0,0.0,0.25,-0.25,0.1,0.25,-0.15,0.5,1.25,-0.75,2.9,1.625,1.275,4.0,3.0,1.0,10.0,8.0,2.0,0.0,0.0,0.0,0.0,0.0,0.0,0.0,0.0,0.0,,,,,,,0.0,0.0,0.0,,,,,,,,,,,,,,,,,,,0.0,0.0,0.0
1962-06-07,1962,CZE,MEX,0,0,0.25,0.0,0.25,0.25,0.1,0.15,1.25,0.5,0.75,1.625,2.9,-1.275,3.0,4.0,-1.0,8.0,10.0,-2.0,0.0,0.0,0.0,0.0,0.0,0.0,0.0,0.0,0.0,,,,,,,0.0,0.0,0.0,,,,,,,,,,,,,,,,,,,0.0,0.0,0.0
1962-06-07,1962,ENG,BUL,1,0,0.25,0.0,0.25,0.3333333333333333,0.0,0.3333333333333333,1.5,0.5,1.0,1.5,3.5,-2.0,4.0,1.0,3.0,12.0,2.0,10.0,0.0,0.0,0.0,0.0,0.0,0.0,0.0,0.0,0.0,,,,,,,0.0,0.0,0.0,,,,,,,,,,,,,,,,,,,0.0,0.0,0.0
1962-06-07,1962,BUL,ENG,1,0,0.0,0.25,-0.25,0.0,0.3333333333333333,-0.3333333333333333,0.5,1.5,-1.0,3.5,1.5,2.0,1.0,4.0,-3.0,2.0,12.0,-10.0,0.0,0.0,0.0,0.0,0.0,0.0,0.0,0.0,0.0,,,,,,,0.0,0.0,0.0,,,,,,,,,,,,,,,,,,,0.0,0.0,0.0
1962-06-10,1962,CHL,URS,2,1,0.5,0.5,0.0,0.0,0.25,-0.25,1.6666666666666667,1.625,0.04166666666666674,1.5,1.375,0.125,2.0,2.0,0.0,6.0,8.0,-2.0,0.0,0.0,0.0,0.0,0.0,0.0,0.0,0.0,0.0,,,,,,,0.0,0.0,0.0,,,,,,,,,,,0.5,,,,,,,,1.0,0.0,1.0
1962-06-10,1962,URS,CHL,0,1,0.5,0.5,0.0,0.25,0.0,0.25,1.625,1.6666666666666667,-0.04166666666666674,1.375,1.5,-0.125,2.0,2.0,0.0,8.0,6.0,2.0,0.0,0.0,0.0,0.0,0.0,0.0,0.0,0.0,0.0,,,,,,,0.0,0.0,0.0,,,,,,,,,,0.5,,,,,,,,,0.0,1.0,-1.0
1962-06-10,1962,BRA,ENG,2,1,0.6666666666666666,0.23076923076923078,0.43589743589743585,0.2222222222222222,0.38461538461538464,-0.16239316239316243,2.7777777777777777,1.3846153846153846,1.393162393162393,0.8888888888888888,1.3846153846153846,-0.49572649572649574,4.0,4.0,0.0,18.0,13.0,5.0,0.25,0.0,0.25,0.25,0.0,0.25,1.0,0.0,1.0,,,,,,,0.0,0.0,0.0,,,,,,,,,,,,,,,,,,,0.0,0.0,0.0
1962-06-10,1962,ENG,BRA,0,1,0.23076923076923078,0.6666666666666666,-0.43589743589743585,0.38461538461538464,0.2222222222222222,0.16239316239316243,1.3846153846153846,2.7777777777777777,-1.393162393162393,1.3846153846153846,0.8888888888888888,0.49572649572649574,4.0,4.0,0.0,13.0,18.0,-5.0,0.0,0.25,-0.25,0.0,0.25,-0.25,0.0,1.0,-1.0,,,,,,,0.0,0.0,0.0,,,,,,,,,,,,,,,,,,,0.0,0.0,0.0
1962-06-10,1962,YUG,GER,2,1,0.46153846153846156,0.6,-0.1384615384615384,0.23076923076923078,0.2,0.03076923076923077,1.8461538461538463,2.7333333333333334,-0.8871794871794871,1.2307692307692308,1.9333333333333333,-0.7025641025641025,4.0,3.0,1.0,13.0,15.0,-2.0,0.0,0.6666666666666666,-0.6666666666666666,0.0,0.3333333333333333,-0.3333333333333333,0.0,1.0,-1.0,,,,,,,0.0,0.0,0.0,,,,,,,,,,0.5,,,,,,,,,0.0,0.0,0.0
1962-06-10,1962,CZE,HUN,2,1,0.2222222222222222,0.5833333333333334,-0.36111111111111116,0.2222222222222222,0.16666666666666666,0.05555555555555555,1.2222222222222223,3.5,-2.2777777777777777,1.7777777777777777,1.4166666666666667,0.36111111111111094,3.0,3.0,0.0,9.0,12.0,-3.0,0.0,0.3333333333333333,-0.3333333333333333,0.0,0.3333333333333333,-0.3333333333333333,0.0,0.0,0.0,,,,,,,0.0,0.0,0.0,,,,,,,,,,,,,,,,,,,0.0,0.0,0.0
1962-06-10,1962,GER,YUG,0,1,0.6,0.46153846153846156,0.1384615384615384,0.2,0.23076923076923078,-0.03076923076923077,2.7333333333333334,1.8461538461538463,0.8871794871794871,1.9333333333333333,1.2307692307692308,0.7025641025641025,3.0,4.0,-1.0,15.0,13.0,2.0,0.6666666666666666,0.0,0.6666666666666666,0.3333333333333333,0.0,0.3333333333333333,1.0,0.0,1.0,,,,,,,0.0,0.0,0.0,,,,,,,,,,,0.5,,,,,,,,0.0,0.0,0.0
1962-06-10,1962,HUN,CZE,0,1,0.5833333333333334,0.2222222222222222,0.36111111111111116,0.16666666666666666,0.2222222222222222,-0.05555555555555555,3.5,1.2222222222222223,2.2777777777777777,1.4166666666666667,1.7777777777777777,-0.36111111111111094,3.0,3.0,0.0,12.0,9.0,3.0,0.3333333333333333,0.0,0.3333333333333333,0.3333333333333333,0.0,0.3333333333333333,0.0,0.0,0.0,,,,,,,0.0,0.0,0.0,,,,,,,,,,,,,,,,,,,0.0,0.0,0.0
1962-06-13,1962,BRA,CHL,2,1,0.6842105263157895,0.5714285714285714,0.1127819548872181,0.21052631578947367,0.0,0.21052631578947367,2.789473684210526,1.7142857142857142,1.075187969924812,0.8947368421052632,1.4285714285714286,-0.5338345864661654,4.0,2.0,2.0,19.0,7.0,12.0,0.25,0.0,0.25,0.25,0.0,0.25,1.0,0.0,1.0,,,,,,,0.0,0.0,0.0,,,,,,,,,,,,,,,,,,,0.0,1.0,-1.0
1962-06-13,1962,CZE,YUG,2,1,0.3,0.5,-0.2,0.2,0.21428571428571427,-0.014285714285714263,1.2,1.7857142857142858,-0.5857142857142859,1.6,1.1428571428571428,0.4571428571428573,3.0,4.0,-1.0,10.0,14.0,-4.0,0.0,0.0,0.0,0.0,0.0,0.0,0.0,0.0,0.0,,,,,,,0.0,0.0,0.0,,,,,,,,,,,0.5,,,,,,,,0.0,0.0,0.0
1962-06-13,1962,YUG,CZE,0,1,0.5,0.3,0.2,0.21428571428571427,0.2,0.014285714285714263,1.7857142857142858,1.2,0.5857142857142859,1.1428571428571428,1.6,-0.4571428571428573,4.0,3.0,1.0,14.0,10.0,4.0,0.0,0.0,0.0,0.0,0.0,0.0,0.0,0.0,0.0,,,,,,,0.0,0.0,0.0,,,,,,,,,,0.5,,,,,,,,,0.0,0.0,0.0
1962-06-13,1962,CHL,BRA,0,1,0.5714285714285714,0.6842105263157895,-0.1127819548872181,0.0,0.21052631578947367,-0.21052631578947367,1.7142857142857142,2.789473684210526,-1.075187969924812,1.4285714285714286,0.8947368421052632,0.5338345864661654,2.0,4.0,-2.0,7.0,19.0,-12.0,0.0,0.25,-0.25,0.0,0.25,-0.25,0.0,1.0,-1.0,,,,,,,0.0,0.0,0.0,,,,,,,,,,,,,,,,,,,1.0,0.0,1.0
1962-06-16,1962,CHL,YUG,2,1,0.5,0.4666666666666667,0.033333333333333326,0.0,0.2,-0.2,1.75,1.7333333333333334,0.016666666666666607,1.75,1.2666666666666666,0.4833333333333334,2.0,4.0,-2.0,8.0,15.0,-7.0,0.5,0.25,0.25,0.0,0.0,0.0,0.0,0.0,0.0,,,,,,,0.0,0.0,0.0,,,,,,,,,,,0.5,,,,,,,,1.0,0.0,1.0
1962-06-16,1962,YUG,CHL,0,1,0.4666666666666667,0.5,-0.033333333333333326,0.2,0.0,0.2,1.7333333333333334,1.75,-0.016666666666666607,1.2666666666666666,1.75,-0.4833333333333334,4.0,2.0,2.0,15.0,8.0,7.0,0.25,0.5,-0.25,0.0,0.0,0.0,0.0,0.0,0.0,,,,,,,0.0,0.0,0.0,,,,,,,,,,0.5,,,,,,,,,0.0,1.0,-1.0
1962-06-17,1962,BRA,CZE,2,1,0.7,0.36363636363636365,0.3363636363636363,0.2,0.18181818181818182,0.018181818181818188,2.85,1.3636363636363635,1.4863636363636366,0.95,1.5454545454545454,-0.5954545454545455,4.0,3.0,1.0,20.0,11.0,9.0,0.5,0.3333333333333333,0.16666666666666669,0.25,0.0,0.25,1.0,0.0,1.0,,,,,,,0.0,0.0,0.0,,,,,,,,,,,,,,,,,,,0.0,0.0,0.0
1962-06-17,1962,CZE,BRA,0,1,0.36363636363636365,0.7,-0.3363636363636363,0.18181818181818182,0.2,-0.018181818181818188,1.3636363636363635,2.85,-1.4863636363636366,1.5454545454545454,0.95,0.5954545454545455,3.0,4.0,-1.0,11.0,20.0,-9.0,0.3333333333333333,0.5,-0.16666666666666669,0.0,0.25,-0.25,0.0,1.0,-1.0,,,,,,,0.0,0.0,0.0,,,,,,,,,,,,,,,,,,,0.0,0.0,0.0
1966-07-11,1966,ENG,URU,1,0,0.21428571428571427,0.5833333333333334,-0.36904761904761907,0.35714285714285715,0.08333333333333333,0.27380952380952384,1.3571428571428572,2.9166666666666665,-1.5595238095238093,1.5,1.6666666666666667,-0.16666666666666674,4.0,3.0,1.0,14.0,12.0,2.0,0.0,0.3333333333333333,-0.3333333333333333,0.0,0.0,0.0,0.0,2.0,-2.0,,,,,,,0.0,0.0,0.0,,,,,,,,,,,,,,,,,,,1.0,0.0,1.0
1966-07-11,1966,URU,ENG,1,0,0.5833333333333334,0.21428571428571427,0.36904761904761907,0.08333333333333333,0.35714285714285715,-0.27380952380952384,2.9166666666666665,1.3571428571428572,1.5595238095238093,1.6666666666666667,1.5,0.16666666666666674,3.0,4.0,-1.0,12.0,14.0,-2.0,0.3333333333333333,0.0,0.3333333333333333,0.0,0.0,0.0,2.0,0.0,2.0,,,,,,,0.0,0.0,0.0,,,,,,,,,,,,,,,,,,,0.0,1.0,-1.0
1966-07-12,1966,URS,PRK,2,0,0.4444444444444444,,,0.2222222222222222,,,1.5555555555555556,,,1.4444444444444444,,,2.0,0.0,2.0,9.0,0.0,9.0,0.0,,,0.0,,,0.0,0.0,0.0,,,,,,,0.0,0.0,0.0,,,,,,,,,,0.5,,,,,,,,,0.0,0.0,0.0
1966-07-12,1966,PRK,URS,0,0,,0.4444444444444444,,,0.2222222222222222,,,1.5555555555555556,,,1.4444444444444444,,0.0,2.0,-2.0,0.0,9.0,-9.0,,0.0,,,0.0,,0.0,0.0,0.0,,,,,,,0.0,0.0,0.0,,,,,,,,,,,0.5,,,,,,,,0.0,0.0,0.0
1966-07-12,1966,GER,SUI,2,0,0.5625,0.3,0.2625,0.1875,0.1,0.0875,2.5625,1.7,0.8625,1.875,2.5,-0.625,3.0,3.0,0.0,16.0,10.0,6.0,0.6666666666666666,0.0,0.6666666666666666,0.3333333333333333,0.0,0.3333333333333333,1.0,0.0,1.0,,,,,,,0.0,0.0,0.0,,,,,,,,,,,,,,,,,,,0.0,0.0,0.0
1966-07-12,1966,SUI,GER,0,0,0.3,0.5625,-0.2625,0.1,0.1875,-0.0875,1.7,2.5625,-0.8625,2.5,1.875,0.625,3.0,3.0,0.0,10.0,16.0,-6.0,0.0,0.6666666666666666,-0.6666666666666666,0.0,0.3333333333333333,-0.3333333333333333,0.0,1.0,-1.0,,,,,,,0.0,0.0,0.0,,,,,,,,,,,,,,,,,,,0.0,0.0,0.0
1966-07-12,1966,BRA,BUL,2,0,0.7142857142857143,0.0,0.7142857142857143,0.19047619047619047,0.3333333333333333,-0.14285714285714285,2.857142857142857,0.3333333333333333,2.5238095238095237,0.9523809523809523,2.3333333333333335,-1.3809523809523812,4.0,1.0,3.0,21.0,3.0,18.0,0.5,0.0,0.5,0.5,0.0,0.5,2.0,0.0,2.0,,,,,,,0.0,0.0,0.0,,,,,,,,,,,,,,,,,,,0.0,0.0,0.0
1966-07-12,1966,BUL,BRA,0,0,0.0,0.7142857142857143,-0.7142857142857143,0.3333333333333333,0.19047619047619047,0.14285714285714285,0.3333333333333333,2.857142857142857,-2.5238095238095237,2.3333333333333335,0.9523809523809523,1.3809523809523812,1.0,4.0,-3.0,3.0,21.0,-18.0,0.0,0.5,-0.5,0.0,0.5,-0.5,0.0,2.0,-2.0,,,,,,,0.0,0.0,0.0,,,,,,,,,,,,,,,,,,,0.0,0.0,0.0
1966-07-13,1966,ARG,ESP,2,0,0.3333333333333333,0.4444444444444444,-0.1111111111111111,0.16666666666666666,0.1111111111111111,0.05555555555555555,1.1666666666666667,1.3333333333333333,-0.16666666666666652,2.1666666666666665,1.6666666666666667,0.4999999999999998,2.0,2.0,0.0,6.0,9.0,-3.0,0.0,0.0,0.0,0.0,0.0,0.0,0.0,0.0,0.0,,,,,,,0.0,0.0,0.0,,,,,,,,,,,0.5,,,,,,,,0.0,0.0,0.0
1966-07-13,1966,ESP,ARG,0,0,0.4444444444444444,0.3333333333333333,0.1111111111111111,0.1111111111111111,0.16666666666666666,-0.05555555555555555,1.3333333333333333,1.1666666666666667,0.16666666666666652,1.6666666666666667,2.1666666666666665,-0.4999999999999998,2.0,2.0,0.0,9.0,6.0,3.0,0.0,0.0,0.0,0.0,0.0,0.0,0.0,0.0,0.0,,,,,,,0.0,0.0,0.0,,,,,,,,,,0.5,,,,,,,,,0.0,0.0,0.0
1966-07-13,1966,FRA,MEX,1,0,0.625,0.09090909090909091,0.5340909090909091,0.0,0.09090909090909091,-0.09090909090909091,3.25,0.7272727272727273,2.5227272727272725,2.25,2.727272727272727,-0.47727272727272707,2.0,4.0,-2.0,8.0,11.0,-3.0,0.5,0.0,0.5,0.0,0.0,0.0,0.0,0.0,0.0,,,,,,,0.0,0.0,0.0,,,,,,,,,,0.0,,,,,,,,,0.0,0.0,0.0
1966-07-13,1966,MEX,FRA,1,0,0.09090909090909091,0.625,-0.5340909090909091,0.09090909090909091,0.0,0.09090909090909091,0.7272727272727273,3.25,-2.5227272727272725,2.727272727272727,2.25,0.47727272727272707,4.0,2.0,2.0,11.0,8.0,3.0,0.0,0.5,-0.5,0.0,0.0,0.0,0.0,0.0,0.0,,,,,,,0.0,0.0,0.0,,,,,,,,,,,0.0,,,,,,,,0.0,0.0,0.0
1966-07-13,1966,ITA,CHL,2,0,0.375,0.5555555555555556,-0.18055555555555558,0.125,0.0,0.125,1.625,1.6666666666666667,-0.04166666666666674,1.5,1.5555555555555556,-0.05555555555555558,3.0,2.0,1.0,8.0,9.0,-1.0,0.0,0.5,-0.5,0.0,0.0,0.0,2.0,0.0,2.0,,,,,,,0.0,0.0,0.0,,,,,,,,,,,,,,,,,,,0.0,0.0,0.0
1966-07-13,1966,POR,HUN,2,0,,0.5384615384615384,,,0.15384615384615385,,,3.230769230769231,,,1.3846153846153846,,0.0,3.0,-3.0,0.0,13.0,-13.0,,0.3333333333333333,,,0.3333333333333333,,0.0,0.0,0.0,,,,,,,0.0,0.0,0.0,,,,,,,,,,,0.0,,,,,,,,0.0,0.0,0.0
1966-07-13,1966,HUN,POR,0,0,0.5384615384615384,,,0.15384615384615385,,,3.230769230769231,,,1.3846153846153846,,,3.0,0.0,3.0,13.0,0.0,13.0,0.3333333333333333,,,0.3333333333333333,,,0.0,0.0,0.0,,,,,,,0.0,0.0,0.0,,,,,,,,,,0.0,,,,,,,,,0.0,0.0,0.0
1966-07-13,1966,CHL,ITA,0,0,0.5555555555555556,0.375,0.18055555555555558,0.0,0.125,-0.125,1.6666666666666667,1.625,0.04166666666666674,1.5555555555555556,1.5,0.05555555555555558,2.0,3.0,-1.0,9.0,8.0,1.0,0.5,0.0,0.5,0.0,0.0,0.0,0.0,2.0,-2.0,,,,,,,0.0,0.0,0.0,,,,,,,,,,,,,,,,,,,0.0,0.0,0.0
1966-07-15,1966,PRK,CHL,1,0,0.0,0.5,-0.5,0.0,0.0,0.0,0.0,1.5,-1.5,3.0,1.6,1.4,1.0,3.0,-2.0,1.0,10.0,-9.0,0.0,0.3333333333333333,-0.3333333333333333,0.0,0.0,0.0,0.0,0.0,0.0,,,,,,,0.0,0.0,0.0,,,,,,,,,,,,,,,,,,,0.0,0.0,0.0
1966-07-15,1966,CHL,PRK,1,0,0.5,0.0,0.5,0.0,0.0,0.0,1.5,0.0,1.5,1.6,3.0,-1.4,3.0,1.0,2.0,10.0,1.0,9.0,0.3333333333333333,0.0,0.3333333333333333,0.0,0.0,0.0,0.0,0.0,0.0,,,,,,,0.0,0.0,0.0,,,,,,,,,,,,,,,,,,,0.0,0.0,0.0
1966-07-15,1966,HUN,BRA,2,0,0.5,0.7272727272727273,-0.2272727272727273,0.14285714285714285,0.18181818181818182,-0.038961038961038974,3.0714285714285716,2.8181818181818183,0.2532467532467533,1.5,0.9090909090909091,0.5909090909090909,4.0,5.0,-1.0,14.0,22.0,-8.0,0.25,0.4,-0.15000000000000002,0.25,0.4,-0.15000000000000002,0.0,2.0,-2.0,,,,,,,0.0,0.0,0.0,,,,,,,,,,0.0,,,,,,,,,0.0,0.0,0.0
1966-07-15,1966,BRA,HUN,0,0,0.7272727272727273,0.5,0.2272727272727273,0.18181818181818182,0.14285714285714285,0.038961038961038974,2.8181818181818183,3.0714285714285716,-0.2532467532467533,0.9090909090909091,1.5,-0.5909090909090909,5.0,4.0,1.0,22.0,14.0,8.0,0.4,0.25,0.15000000000000002,0.4,0.25,0.15000000000000002,2.0,0.0,2.0,,,,,,,0.0,0.0,0.0,,,,,,,,,,,0.0,,,,,,,,0.0,0.0,0.0
1966-07-15,1966,URU,FRA,2,0,0.5384615384615384,0.5555555555555556,-0.017094017094017144,0.15384615384615385,0.1111111111111111,0.04273504273504275,2.6923076923076925,3.0,-0.3076923076923075,1.5384615384615385,2.111111111111111,-0.5726495726495726,4.0,3.0,1.0,13.0,9.0,4.0,0.25,0.3333333333333333,-0.08333333333333331,0.0,0.0,0.0,2.0,0.0,2.0,,,,,,,0.0,0.0,0.0,,,,,,,,,,,0.0,,,,,,,,0.0,0.0,0.0
1966-07-15,1966,FRA,URU,0,0,0.5555555555555556,0.5384615384615384,0.017094017094017144,0.1111111111111111,0.15384615384615385,-0.04273504273504275,3.0,2.6923076923076925,0.3076923076923075,2.111111111111111,1.5384615384615385,0.5726495726495726,3.0,4.0,-1.0,9.0,13.0,-4.0,0.3333333333333333,0.25,0.08333333333333331,0.0,0.0,0.0,0.0,2.0,-2.0,,,,,,,0.0,0.0,0.0,,,,,,,,,,0.0,,,,,,,,,0.0,0.0,0.0
1966-07-15,1966,ESP,SUI,2,0,0.4,0.2727272727272727,0.12727272727272732,0.1,0.09090909090909091,0.009090909090909094,1.3,1.5454545454545454,-0.24545454545454537,1.7,2.727272727272727,-1.0272727272727271,3.0,4.0,-1.0,10.0,11.0,-1.0,0.0,0.0,0.0,0.0,0.0,0.0,0.0,0.0,0.0,,,,,,,0.0,0.0,0.0,,,,,,,,,,0.5,,,,,,,,,0.0,0.0,0.0
1966-07-15,1966,SUI,ESP,0,0,0.2727272727272727,0.4,-0.12727272727272732,0.09090909090909091,0.1,-0.009090909090909094,1.5454545454545454,1.3,0.24545454545454537,2.727272727272727,1.7,1.0272727272727271,4.0,3.0,1.0,11.0,10.0,1.0,0.0,0.0,0.0,0.0,0.0,0.0,0.0,0.0,0.0,,,,,,,0.0,0.0,0.0,,,,,,,,,,,0.5,,,,,,,,0.0,0.0,0.0
1966-07-16,1966,ENG,MEX,2,0,0.2,0.08333333333333333,0.11666666666666668,0.4,0.16666666666666666,0.23333333333333336,1.2666666666666666,0.75,0.5166666666666666,1.4,2.5833333333333335,-1.1833333333333336,5.0,5.0,0.0,15.0,12.0,3.0,0.0,0.0,0.0,0.0,0.0,0.0,0.0,0.0,0.0,,,,,,,0.0,0.0,0.0,,,,,,,,,,,,,,,,,,,1.0,0.0,1.0
1966-07-16,1966,POR,BUL,2,0,1.0,0.0,1.0,0.0,0.25,-0.25,3.0,0.25,2.75,1.0,2.25,-1.25,1.0,2.0,-1.0,1.0,4.0,-3.0,0.0,0.0,0.0,0.0,0.0,0.0,0.0,0.0,0.0,,,,,,,0.0,0.0,0.0,,,,,,,,,,,,,,,,,,,0.0,0.0,0.0
1966-07-16,1966,BUL,POR,0,0,0.0,1.0,-1.0,0.25,0.0,0.25,0.25,3.0,-2.75,2.25,1.0,1.25,2.0,1.0,1.0,4.0,1.0,3.0,0.0,0.0,0.0,0.0,0.0,0.0,0.0,0.0,0.0,,,,,,,0.0,0.0,0.0,,,,,,,,,,,,,,,,,,,0.0,0.0,0.0
1966-07-16,1966,MEX,ENG,0,0,0.08333333333333333,0.2,-0.11666666666666668,0.16666666666666666,0.4,-0.23333333333333336,0.75,1.2666666666666666,-0.5166666666666666,2.5833333333333335,1.4,1.1833333333333336,5.0,5.0,0.0,12.0,15.0,-3.0,0.0,0.0,0.0,0.0,0.0,0.0,0.0,0.0,0.0,,,,,,,0.0,0.0,0.0,,,,,,,,,,,,,,,,,,,0.0,1.0,-1.0
1966-07-16,1966,URS,ITA,2,0,0.5,0.4444444444444444,0.05555555555555558,0.2,0.1111111111111111,0.0888888888888889,1.7,1.6666666666666667,0.033333333333333215,1.3,1.3333333333333333,-0.033333333333333215,3.0,4.0,-1.0,10.0,9.0,1.0,0.0,0.0,0.0,0.0,0.0,0.0,0.0,2.0,-2.0,,,,,,,0.0,0.0,0.0,,,,,,,,,,0.5,,,,,,,,,0.0,0.0,0.0
1966-07-16,1966,GER,ARG,1,0,0.5882352941176471,0.42857142857142855,0.15966386554621853,0.17647058823529413,0.14285714285714285,0.03361344537815128,2.7058823529411766,1.2857142857142858,1.4201680672268908,1.7647058823529411,2.0,-0.23529411764705888,4.0,3.0,1.0,17.0,7.0,10.0,0.5,0.0,0.5,0.25,0.0,0.25,1.0,0.0,1.0,,,,,,,0.0,0.0,0.0,,,,,,,,,,,,,,,,,,,0.0,0.0,0.0
1966-07-16,1966,ITA,URS,0,0,0.4444444444444444,0.5,-0.05555555555555558,0.1111111111111111,0.2,-0.0888888888888889,1.6666666666666667,1.7,-0.033333333333333215,1.3333333333333333,1.3,0.033333333333333215,4.0,3.0,1.0,9.0,10.0,-1.0,0.0,0.0,0.0,0.0,0.0,0.0,2.0,0.0,2.0,,,,,,,0.0,0.0,0.0,,,,,,,,,,,0.5,,,,,,,,0.0,0.0,0.0
1966-07-16,1966,ARG,GER,1,0,0.42857142857142855,0.5882352941176471,-0.15966386554621853,0.14285714285714285,0.17647058823529413,-0.03361344537815128,1.2857142857142858,2.7058823529411766,-1.4201680672268908,2.0,1.7647058823529411,0.23529411764705888,3.0,4.0,-1.0,7.0,17.0,-10.0,0.0,0.5,-0.5,0.0,0.25,-0.25,0.0,1.0,-1.0,,,,,,,0.0,0.0,0.0,,,,,,,,,,,,,,,,,,,0.0,0.0,0.0
1966-07-19,1966,PRK,ITA,2,0,0.0,0.4,-0.4,0.5,0.1,0.4,0.5,1.5,-1.0,2.0,1.3,0.7,1.0,4.0,-3.0,2.0,10.0,-8.0,0.0,0.0,0.0,0.0,0.0,0.0,0.0,2.0,-2.0,,,,,,,0.0,0.0,0.0,,,,,,,,,,,,,,,,,,,0.0,0.0,0.0
1966-07-19,1966,URU,MEX,1,0,0.5714285714285714,0.07692307692307693,0.49450549450549447,0.14285714285714285,0.15384615384615385,-0.010989010989011005,2.642857142857143,0.6923076923076923,1.9505494505494505,1.5,2.5384615384615383,-1.0384615384615383,4.0,5.0,-1.0,14.0,13.0,1.0,0.25,0.0,0.25,0.0,0.0,0.0,2.0,0.0,2.0,,,,,,,0.0,0.0,0.0,,,,,,,,,,,,,,,,,,,0.0,0.0,0.0
1966-07-19,1966,MEX,URU,1,0,0.07692307692307693,0.5714285714285714,-0.49450549450549447,0.15384615384615385,0.14285714285714285,0.010989010989011005,0.6923076923076923,2.642857142857143,-1.9505494505494505,2.5384615384615383,1.5,1.0384615384615383,5.0,4.0,1.0,13.0,14.0,-1.0,0.0,0.25,-0.25,0.0,0.0,0.0,0.0,2.0,-2.0,,,,,,,0.0,0.0,0.0,,,,,,,,,,,,,,,,,,,0.0,0.0,0.0
1966-07-19,1966,ITA,PRK,0,0,0.4,0.0,0.4,0.1,0.5,-0.4,1.5,0.5,1.0,1.3,2.0,-0.7,4.0,1.0,3.0,10.0,2.0,8.0,0.0,0.0,0.0,0.0,0.0,0.0,2.0,0.0,2.0,,,,,,,0.0,0.0,0.0,,,,,,,,,,,,,,,,,,,0.0,0.0,0.0
1966-07-19,1966,ARG,SUI,2,0,0.375,0.25,0.125,0.25,0.08333333333333333,0.16666666666666669,1.125,1.5,-0.375,1.75,2.6666666666666665,-0.9166666666666665,3.0,4.0,-1.0,8.0,12.0,-4.0,0.0,0.0,0.0,0.0,0.0,0.0,0.0,0.0,0.0,,,,,,,0.0,0.0,0.0,,,,,,,,,,,,,,,,,,,0.0,0.0,0.0
1966-07-19,1966,POR,BRA,2,0,1.0,0.6956521739130435,0.30434782608695654,0.0,0.17391304347826086,-0.17391304347826086,3.0,2.739130434782609,0.26086956521739113,0.5,1.0,-0.5,1.0,5.0,-4.0,2.0,23.0,-21.0,0.0,0.4,-0.4,0.0,0.4,-0.4,0.0,2.0,-2.0,,,,,,,0.0,0.0,0.0,,,,,,,,,,,,,,,,,,,0.0,0.0,0.0
1966-07-19,1966,BRA,POR,0,0,0.6956521739130435,1.0,-0.30434782608695654,0.17391304347826086,0.0,0.17391304347826086,2.739130434782609,3.0,-0.26086956521739113,1.0,0.5,0.5,5.0,1.0,4.0,23.0,2.0,21.0,0.4,0.0,0.4,0.4,0.0,0.4,2.0,0.0,2.0,,,,,,,0.0,0.0,0.0,,,,,,,,,,,,,,,,,,,0.0,0.0,0.0
1966-07-19,1966,SUI,ARG,0,0,0.25,0.375,-0.125,0.08333333333333333,0.25,-0.16666666666666669,1.5,1.125,0.375,2.6666666666666665,1.75,0.9166666666666665,4.0,3.0,1.0,12.0,8.0,4.0,0.0,0.0,0.0,0.0,0.0,0.0,0.0,0.0,0.0,,,,,,,0.0,0.0,0.0,,,,,,,,,,,,,,,,,,,0.0,0.0,0.0
1966-07-20,1966,URS,CHL,2,0,0.5454545454545454,0.45454545454545453,0.09090909090909088,0.18181818181818182,0.09090909090909091,0.09090909090909091,1.6363636363636365,1.4545454545454546,0.18181818181818188,1.1818181818181819,1.5454545454545454,-0.36363636363636354,3.0,3.0,0.0,11.0,11.0,0.0,0.0,0.3333333333333333,-0.3333333333333333,0.0,0.0,0.0,0.0,0.0,0.0,,,,,,,0.0,0.0,0.0,,,,,,,,,,0.5,,,,,,,,,0.0,0.0,0.0
1966-07-20,1966,CHL,URS,0,0,0.45454545454545453,0.5454545454545454,-0.09090909090909088,0.09090909090909091,0.18181818181818182,-0.09090909090909091,1.4545454545454546,1.6363636363636365,-0.18181818181818188,1.5454545454545454,1.1818181818181819,0.36363636363636354,3.0,3.0,0.0,11.0,11.0,0.0,0.3333333333333333,0.0,0.3333333333333333,0.0,0.0,0.0,0.0,0.0,0.0,,,,,,,0.0,0.0,0.0,,,,,,,,,,,0.5,,,,,,,,0.0,0.0,0.0
1966-07-20,1966,GER,ESP,2,0,0.5555555555555556,0.45454545454545453,0.10101010101010105,0.2222222222222222,0.09090909090909091,0.1313131313131313,2.5555555555555554,1.3636363636363635,1.1919191919191918,1.6666666666666667,1.6363636363636365,0.030303030303030276,4.0,3.0,1.0,18.0,11.0,7.0,0.5,0.0,0.5,0.25,0.0,0.25,1.0,0.0,1.0,,,,,,,0.0,0.0,0.0,,,,,,,,,,,0.5,,,,,,,,0.0,0.0,0.0
1966-07-20,1966,ESP,GER,0,0,0.45454545454545453,0.5555555555555556,-0.10101010101010105,0.09090909090909091,0.2222222222222222,-0.1313131313131313,1.3636363636363635,2.5555555555555554,-1.1919191919191918,1.6363636363636365,1.6666666666666667,-0.030303030303030276,3.0,4.0,-1.0,11.0,18.0,-7.0,0.0,0.5,-0.5,0.0,0.25,-0.25,0.0,1.0,-1.0,,,,,,,0.0,0.0,0.0,,,,,,,,,,0.5,,,,,,,,,0.0,0.0,0.0
1966-07-20,1966,HUN,BUL,2,0,0.5333333333333333,0.0,0.5333333333333333,0.13333333333333333,0.2,-0.06666666666666668,3.066666666666667,0.2,2.8666666666666667,1.4666666666666666,2.4,-0.9333333333333333,4.0,2.0,2.0,15.0,5.0,10.0,0.25,0.0,0.25,0.25,0.0,0.25,0.0,0.0,0.0,,,,,,,0.0,0.0,0.0,,,,,,,,,,0.0,,,,,,,,,0.0,0.0,0.0
1966-07-20,1966,BUL,HUN,0,0,0.0,0.5333333333333333,-0.5333333333333333,0.2,0.13333333333333333,0.06666666666666668,0.2,3.066666666666667,-2.8666666666666667,2.4,1.4666666666666666,0.9333333333333333,2.0,4.0,-2.0,5.0,15.0,-10.0,0.0,0.25,-0.25,0.0,0.25,-0.25,0.0,0.0,0.0,,,,,,,0.0,0.0,0.0,,,,,,,,,,,0.0,,,,,,,,0.0,0.0,0.0
1966-07-20,1966,ENG,FRA,2,0,0.25,0.5,-0.25,0.375,0.1,0.275,1.3125,2.8,-1.4874999999999998,1.3125,2.1,-0.7875000000000001,5.0,3.0,2.0,16.0,10.0,6.0,0.0,0.3333333333333333,-0.3333333333333333,0.0,0.0,0.0,0.0,0.0,0.0,,,,,,,0.0,0.0,0.0,,,,,,,,,,,0.0,,,,,,,,1.0,0.0,1.0
1966-07-20,1966,FRA,ENG,0,0,0.5,0.25,0.25,0.1,0.375,-0.275,2.8,1.3125,1.4874999999999998,2.1,1.3125,0.7875000000000001,3.0,5.0,-2.0,10.0,16.0,-6.0,0.3333333333333333,0.0,0.3333333333333333,0.0,0.0,0.0,0.0,0.0,0.0,,,,,,,0.0,0.0,0.0,,,,,,,,,,0.0,,,,,,,,,0.0,1.0,-1.0
1966-07-23,1966,POR,PRK,2,1,1.0,0.3333333333333333,0.6666666666666667,0.0,0.3333333333333333,-0.3333333333333333,3.0,0.6666666666666666,2.3333333333333335,0.6666666666666666,1.3333333333333333,-0.6666666666666666,1.0,1.0,0.0,3.0,3.0,0.0,0.0,0.0,0.0,0.0,0.0,0.0,0.0,0.0,0.0,,,,,,,0.0,0.0,0.0,,,,,,,,,,,,,,,,,,,0.0,0.0,0.0
1966-07-23,1966,PRK,POR,0,1,0.3333333333333333,1.0,-0.6666666666666667,0.3333333333333333,0.0,0.3333333333333333,0.6666666666666666,3.0,-2.3333333333333335,1.3333333333333333,0.6666666666666666,0.6666666666666666,1.0,1.0,0.0,3.0,3.0,0.0,0.0,0.0,0.0,0.0,0.0,0.0,0.0,0.0,0.0,,,,,,,0.0,0.0,0.0,,,,,,,,,,,,,,,,,,,0.0,0.0,0.0
1966-07-23,1966,ENG,ARG,2,1,0.29411764705882354,0.4444444444444444,-0.15032679738562088,0.35294117647058826,0.2222222222222222,0.13071895424836605,1.3529411764705883,1.2222222222222223,0.130718954248366,1.2352941176470589,1.5555555555555556,-0.3202614379084967,5.0,3.0,2.0,17.0,9.0,8.0,0.0,0.0,0.0,0.0,0.0,0.0,0.0,0.0,0.0,,,,,,,0.0,0.0,0.0,,,,,,,,,,,,,,,,,,,1.0,0.0,1.0
1966-07-23,1966,ARG,ENG,0,1,0.4444444444444444,0.29411764705882354,0.15032679738562088,0.2222222222222222,0.35294117647058826,-0.13071895424836605,1.2222222222222223,1.3529411764705883,-0.130718954248366,1.5555555555555556,1.2352941176470589,0.3202614379084967,3.0,5.0,-2.0,9.0,17.0,-8.0,0.0,0.0,0.0,0.0,0.0,0.0,0.0,0.0,0.0,,,,,,,0.0,0.0,0.0,,,,,,,,,,,,,,,,,,,0.0,1.0,-1.0
1966-07-23,1966,URS,HUN,2,1,0.5833333333333334,0.5625,0.02083333333333337,0.16666666666666666,0.125,0.04166666666666666,1.6666666666666667,3.0625,-1.3958333333333333,1.1666666666666667,1.4375,-0.27083333333333326,3.0,4.0,-1.0,12.0,16.0,-4.0,0.0,0.25,-0.25,0.0,0.25,-0.25,0.0,0.0,0.0,,,,,,,0.0,0.0,0.0,,,,,,,,,,0.5,0.0,0.5,,,,,,,0.0,0.0,0.0
1966-07-23,1966,GER,URU,2,1,0.5789473684210527,0.5333333333333333,0.04561403508771933,0.21052631578947367,0.2,0.010526315789473661,2.526315789473684,2.466666666666667,0.059649122807017285,1.631578947368421,1.4,0.2315789473684211,4.0,4.0,0.0,19.0,15.0,4.0,0.5,0.25,0.25,0.25,0.0,0.25,1.0,2.0,-1.0,,,,,,,0.0,0.0,0.0,,,,,,,,,,,,,,,,,,,0.0,0.0,0.0
1966-07-23,1966,URU,GER,0,1,0.5333333333333333,0.5789473684210527,-0.04561403508771933,0.2,0.21052631578947367,-0.010526315789473661,2.466666666666667,2.526315789473684,-0.059649122807017285,1.4,1.631578947368421,-0.2315789473684211,4.0,4.0,0.0,15.0,19.0,-4.0,0.25,0.5,-0.25,0.0,0.25,-0.25,2.0,1.0,1.0,,,,,,,0.0,0.0,0.0,,,,,,,,,,,,,,,,,,,0.0,0.0,0.0
1966-07-23,1966,HUN,URS,0,1,0.5625,0.5833333333333334,-0.02083333333333337,0.125,0.16666666666666666,-0.04166666666666666,3.0625,1.6666666666666667,1.3958333333333333,1.4375,1.1666666666666667,0.27083333333333326,4.0,3.0,1.0,16.0,12.0,4.0,0.25,0.0,0.25,0.25,0.0,0.25,0.0,0.0,0.0,,,,,,,0.0,0.0,0.0,,,,,,,,,,0.0,0.5,-0.5,,,,,,,0.0,0.0,0.0
1966-07-25,1966,GER,URS,2,1,0.6,0.6153846153846154,-0.015384615384615441,0.2,0.15384615384615385,0.046153846153846156,2.6,1.6923076923076923,0.9076923076923078,1.55,1.1538461538461537,0.3961538461538463,4.0,3.0,1.0,20.0,13.0,7.0,0.5,0.0,0.5,0.25,0.0,0.25,1.0,0.0,1.0,,,,,,,0.0,0.0,0.0,,,,,,,,,,,0.5,,,,,,,,0.0,0.0,0.0
1966-07-25,1966,URS,GER,0,1,0.6153846153846154,0.6,0.015384615384615441,0.15384615384615385,0.2,-0.046153846153846156,1.6923076923076923,2.6,-0.9076923076923078,1.1538461538461537,1.55,-0.3961538461538463,3.0,4.0,-1.0,13.0,20.0,-7.0,0.0,0.5,-0.5,0.0,0.25,-0.25,0.0,1.0,-1.0,,,,,,,0.0,0.0,0.0,,,,,,,,,,0.5,,,,,,,,,0.0,0.0,0.0
1966-07-26,1966,ENG,POR,2,1,0.3333333333333333,1.0,-0.6666666666666667,0.3333333333333333,0.0,0.3333333333333333,1.3333333333333333,3.5,-2.166666666666667,1.1666666666666667,1.25,-0.08333333333333326,5.0,1.0,4.0,18.0,4.0,14.0,0.0,0.0,0.0,0.0,0.0,0.0,0.0,0.0,0.0,,,,,,,0.0,0.0,0.0,,,,,,,,,,,,,,,,,,,1.0,0.0,1.0
1966-07-26,1966,POR,ENG,0,1,1.0,0.3333333333333333,0.6666666666666667,0.0,0.3333333333333333,-0.3333333333333333,3.5,1.3333333333333333,2.166666666666667,1.25,1.1666666666666667,0.08333333333333326,1.0,5.0,-4.0,4.0,18.0,-14.0,0.0,0.0,0.0,0.0,0.0,0.0,0.0,0.0,0.0,,,,,,,0.0,0.0,0.0,,,,,,,,,,,,,,,,,,,0.0,1.0,-1.0
1966-07-28,1966,POR,URS,2,1,0.8,0.5714285714285714,0.22857142857142865,0.0,0.14285714285714285,-0.14285714285714285,3.0,1.6428571428571428,1.3571428571428572,1.4,1.2142857142857142,0.18571428571428572,1.0,3.0,-2.0,5.0,14.0,-9.0,1.0,0.3333333333333333,0.6666666666666667,0.0,0.0,0.0,0.0,0.0,0.0,,,,,,,0.0,0.0,0.0,,,,,,,,,,,0.5,,,,,,,,0.0,0.0,0.0
1966-07-28,1966,URS,POR,0,1,0.5714285714285714,0.8,-0.22857142857142865,0.14285714285714285,0.0,0.14285714285714285,1.6428571428571428,3.0,-1.3571428571428572,1.2142857142857142,1.4,-0.18571428571428572,3.0,1.0,2.0,14.0,5.0,9.0,0.3333333333333333,1.0,-0.6666666666666667,0.0,0.0,0.0,0.0,0.0,0.0,,,,,,,0.0,0.0,0.0,,,,,,,,,,0.5,,,,,,,,,0.0,0.0,0.0
1966-07-30,1966,ENG,GER,2,1,0.3684210526315789,0.6190476190476191,-0.25062656641604014,0.3157894736842105,0.19047619047619047,0.12531328320802004,1.368421052631579,2.5714285714285716,-1.2030075187969926,1.1578947368421053,1.5238095238095237,-0.3659147869674184,5.0,4.0,1.0,19.0,21.0,-2.0,0.2,0.75,-0.55,0.0,0.25,-0.25,0.0,1.0,-1.0,,,,,,,0.0,0.0,0.0,,,,,,,,,,,,,,,,,,,1.0,0.0,1.0
1966-07-30,1966,GER,ENG,0,1,0.6190476190476191,0.3684210526315789,0.25062656641604014,0.19047619047619047,0.3157894736842105,-0.12531328320802004,2.5714285714285716,1.368421052631579,1.2030075187969926,1.5238095238095237,1.1578947368421053,0.3659147869674184,4.0,5.0,-1.0,21.0,19.0,2.0,0.75,0.2,0.55,0.25,0.0,0.25,1.0,0.0,1.0,,,,,,,0.0,0.0,0.0,,,,,,,,,,,,,,,,,,,0.0,1.0,-1.0
1970-05-31,1970,MEX,URS,1,0,0.07142857142857142,0.5333333333333333,-0.46190476190476193,0.21428571428571427,0.13333333333333333,0.08095238095238094,0.6428571428571429,1.6,-0.9571428571428572,2.357142857142857,1.2666666666666666,1.0904761904761906,5.0,3.0,2.0,14.0,15.0,-1.0,0.0,0.3333333333333333,-0.3333333333333333,0.0,0.0,0.0,0.0,0.0,0.0,,,,,,,0.0,0.0,0.0,,,,,,,,,,,0.3333333333333333,,,,,,,,1.0,0.0,1.0
1970-05-31,1970,URS,MEX,1,0,0.5333333333333333,0.07142857142857142,0.46190476190476193,0.13333333333333333,0.21428571428571427,-0.08095238095238094,1.6,0.6428571428571429,0.9571428571428572,1.2666666666666666,2.357142857142857,-1.0904761904761906,3.0,5.0,-2.0,15.0,14.0,1.0,0.3333333333333333,0.0,0.3333333333333333,0.0,0.0,0.0,0.0,0.0,0.0,,,,,,,0.0,0.0,0.0,,,,,,,,,,0.3333333333333333,,,,,,,,,0.0,1.0,-1.0
1970-06-02,1970,ENG,ROU,2,0,0.4,,,0.3,,,1.5,,,1.2,,,5.0,0.0,5.0,20.0,0.0,20.0,0.2,,,0.2,,,1.0,0.0,1.0,,,,,,,0.0,0.0,0.0,,,,,,,,,,0.5,,,,,,,,,0.0,0.0,0.0
1970-06-02,1970,URU,ISR,2,0,0.5,,,0.1875,,,2.3125,,,1.5625,,,4.0,0.0,4.0,16.0,0.0,16.0,0.25,,,0.0,,,2.0,0.0,2.0,,,,,,,0.0,0.0,0.0,,,,,,,,,,,,,,,,,,,0.0,0.0,0.0
1970-06-02,1970,ISR,URU,0,0,,0.5,,,0.1875,,,2.3125,,,1.5625,,0.0,4.0,-4.0,0.0,16.0,-16.0,,0.25,,,0.0,,0.0,2.0,-2.0,,,,,,,0.0,0.0,0.0,,,,,,,,,,,,,,,,,,,0.0,0.0,0.0
1970-06-02,1970,PER,BUL,2,0,,0.0,,,0.16666666666666666,,,0.3333333333333333,,,2.5,,0.0,2.0,-2.0,0.0,6.0,-6.0,,0.0,,,0.0,,0.0,0.0,0.0,,,,,,,0.0,0.0,0.0,,,,,,,,,,,,,,,,,,,0.0,0.0,0.0
1970-06-02,1970,BUL,PER,0,0,0.0,,,0.16666666666666666,,,0.3333333333333333,,,2.5,,,2.0,0.0,2.0,6.0,0.0,6.0,0.0,,,0.0,,,0.0,0.0,0.0,,,,,,,0.0,0.0,0.0,,,,,,,,,,,,,,,,,,,0.0,0.0,0.0
1970-06-02,1970,ROU,ENG,0,0,,0.4,,,0.3,,,1.5,,,1.2,,0.0,5.0,-5.0,0.0,20.0,-20.0,,0.2,,,0.2,,0.0,1.0,-1.0,,,,,,,0.0,0.0,0.0,,,,,,,,,,,0.5,,,,,,,,0.0,0.0,0.0
1970-06-03,1970,BEL,SLV,2,0,0.0,,,0.5,,,2.5,,,4.0,,,1.0,0.0,1.0,2.0,0.0,2.0,0.0,,,0.0,,,0.0,0.0,0.0,,,,,,,0.0,0.0,0.0,,,,,,,,,,,,,,,,,,,0.0,0.0,0.0
1970-06-03,1970,SLV,BEL,0,0,,0.0,,,0.5,,,2.5,,,4.0,,0.0,1.0,-1.0,0.0,2.0,-2.0,,0.0,,,0.0,,0.0,0.0,0.0,,,,,,,0.0,0.0,0.0,,,,,,,,,,,,,,,,,,,0.0,0.0,0.0
1970-06-03,1970,BRA,CZE,2,0,0.6666666666666666,0.3333333333333333,0.3333333333333333,0.16666666666666666,0.16666666666666666,0.0,2.6666666666666665,1.3333333333333333,1.3333333333333333,1.0833333333333333,1.6666666666666667,-0.5833333333333335,5.0,3.0,2.0,24.0,12.0,12.0,0.4,0.3333333333333333,0.06666666666666671,0.4,0.3333333333333333,0.06666666666666671,2.0,0.0,2.0,,,,,,,0.0,0.0,0.0,,,,,,,,,,,,,,,,,,,0.0,0.0,0.0
1970-06-03,1970,CZE,BRA,0,0,0.3333333333333333,0.6666666666666666,-0.3333333333333333,0.16666666666666666,0.16666666666666666,0.0,1.3333333333333333,2.6666666666666665,-1.3333333333333333,1.6666666666666667,1.0833333333333333,0.5833333333333335,3.0,5.0,-2.0,12.0,24.0,-12.0,0.3333333333333333,0.4,-0.06666666666666671,0.3333333333333333,0.4,-0.06666666666666671,0.0,2.0,-2.0,,,,,,,0.0,0.0,0.0,,,,,,,,,,,,,,,,,,,0.0,0.0,0.0
1970-06-03,1970,ITA,SWE,2,0,0.36363636363636365,0.5454545454545454,-0.18181818181818177,0.09090909090909091,0.18181818181818182,-0.09090909090909091,1.3636363636363635,2.090909090909091,-0.7272727272727273,1.2727272727272727,2.0,-0.7272727272727273,4.0,2.0,2.0,11.0,11.0,0.0,0.0,0.5,-0.5,0.0,0.5,-0.5,2.0,0.0,2.0,,,,,,,0.0,0.0,0.0,,,,,,,,,,0.3333333333333333,,,,,,,,,0.0,0.0,0.0
1970-06-03,1970,GER,MAR,2,0,0.5909090909090909,,,0.18181818181818182,,,2.5454545454545454,,,1.6363636363636365,,,4.0,0.0,4.0,22.0,0.0,22.0,0.75,,,0.5,,,1.0,0.0,1.0,,,,,,,0.0,0.0,0.0,,,,,,,,,,,,,,,,,,,0.0,0.0,0.0
1970-06-03,1970,MAR,GER,0,0,,0.5909090909090909,,,0.18181818181818182,,,2.5454545454545454,,,1.6363636363636365,,0.0,4.0,-4.0,0.0,22.0,-22.0,,0.75,,,0.5,,0.0,1.0,-1.0,,,,,,,0.0,0.0,0.0,,,,,,,,,,,,,,,,,,,0.0,0.0,0.0
1970-06-03,1970,SWE,ITA,0,0,0.5454545454545454,0.36363636363636365,0.18181818181818177,0.18181818181818182,0.09090909090909091,0.09090909090909091,2.090909090909091,1.3636363636363635,0.7272727272727273,2.0,1.2727272727272727,0.7272727272727273,2.0,4.0,-2.0,11.0,11.0,0.0,0.5,0.0,0.5,0.5,0.0,0.5,0.0,2.0,-2.0,,,,,,,0.0,0.0,0.0,,,,,,,,,,,0.3333333333333333,,,,,,,,0.0,0.0,0.0
1970-06-06,1970,PER,MAR,2,0,1.0,0.0,1.0,0.0,0.0,0.0,3.0,1.0,2.0,2.0,2.0,0.0,1.0,1.0,0.0,1.0,1.0,0.0,0.0,0.0,0.0,0.0,0.0,0.0,0.0,0.0,0.0,,,,,,,0.0,0.0,0.0,,,,,,,,,,,,,,,,,,,0.0,0.0,0.0
1970-06-06,1970,MAR,PER,0,0,0.0,1.0,-1.0,0.0,0.0,0.0,1.0,3.0,-2.0,2.0,2.0,0.0,1.0,1.0,0.0,1.0,1.0,0.0,0.0,0.0,0.0,0.0,0.0,0.0,0.0,0.0,0.0,,,,,,,0.0,0.0,0.0,,,,,,,,,,,,,,,,,,,0.0,0.0,0.0
1970-06-06,1970,URS,BEL,2,0,0.5,0.3333333333333333,0.16666666666666669,0.1875,0.3333333333333333,-0.14583333333333331,1.5,2.6666666666666665,-1.1666666666666665,1.1875,2.6666666666666665,-1.4791666666666665,4.0,2.0,2.0,16.0,3.0,13.0,0.25,0.0,0.25,0.0,0.0,0.0,0.0,0.0,0.0,,,,,,,0.0,0.0,0.0,,,,,,,,,,0.3333333333333333,,,,,,,,,0.0,0.0,0.0
1970-06-06,1970,BEL,URS,0,0,0.3333333333333333,0.5,-0.16666666666666669,0.3333333333333333,0.1875,0.14583333333333331,2.6666666666666665,1.5,1.1666666666666665,2.6666666666666665,1.1875,1.4791666666666665,2.0,4.0,-2.0,3.0,16.0,-13.0,0.0,0.25,-0.25,0.0,0.0,0.0,0.0,0.0,0.0,,,,,,,0.0,0.0,0.0,,,,,,,,,,,0.3333333333333333,,,,,,,,0.0,0.0,0.0
1970-06-06,1970,URU,ITA,1,0,0.5294117647058824,0.4166666666666667,0.11274509803921567,0.17647058823529413,0.08333333333333333,0.0931372549019608,2.2941176470588234,1.3333333333333333,0.9607843137254901,1.4705882352941178,1.1666666666666667,0.303921568627451,5.0,5.0,0.0,17.0,12.0,5.0,0.2,0.0,0.2,0.0,0.0,0.0,2.0,2.0,0.0,,,,,,,0.0,0.0,0.0,,,,,,,,,,,0.3333333333333333,,,,,,,,0.0,0.0,0.0
1970-06-06,1970,ITA,URU,1,0,0.4166666666666667,0.5294117647058824,-0.11274509803921567,0.08333333333333333,0.17647058823529413,-0.0931372549019608,1.3333333333333333,2.2941176470588234,-0.9607843137254901,1.1666666666666667,1.4705882352941178,-0.303921568627451,5.0,5.0,0.0,12.0,17.0,-5.0,0.0,0.2,-0.2,0.0,0.0,0.0,2.0,2.0,0.0,,,,,,,0.0,0.0,0.0,,,,,,,,,,0.3333333333333333,,,,,,,,,0.0,0.0,0.0
1970-06-06,1970,ROU,CZE,2,0,0.0,0.3076923076923077,-0.3076923076923077,0.0,0.15384615384615385,-0.15384615384615385,0.0,1.3076923076923077,-1.3076923076923077,1.0,1.8461538461538463,-0.8461538461538463,1.0,4.0,-3.0,1.0,13.0,-12.0,0.0,0.25,-0.25,0.0,0.25,-0.25,0.0,0.0,0.0,,,,,,,0.0,0.0,0.0,,,,,,,,,,,,,,,,,,,0.0,0.0,0.0
1970-06-06,1970,CZE,ROU,0,0,0.3076923076923077,0.0,0.3076923076923077,0.15384615384615385,0.0,0.15384615384615385,1.3076923076923077,0.0,1.3076923076923077,1.8461538461538463,1.0,0.8461538461538463,4.0,1.0,3.0,13.0,1.0,12.0,0.25,0.0,0.25,0.25,0.0,0.25,0.0,0.0,0.0,,,,,,,0.0,0.0,0.0,,,,,,,,,,,,,,,,,,,0.0,0.0,0.0
1970-06-07,1970,BRA,ENG,2,0,0.68,0.42857142857142855,0.2514285714285715,0.16,0.2857142857142857,-0.1257142857142857,2.72,1.4761904761904763,1.243809523809524,1.08,1.1428571428571428,-0.06285714285714272,6.0,6.0,0.0,25.0,21.0,4.0,0.3333333333333333,0.16666666666666666,0.16666666666666666,0.3333333333333333,0.16666666666666666,0.16666666666666666,2.0,1.0,1.0,,,,,,,0.0,0.0,0.0,,,,,,,,,,,0.5,,,,,,,,0.0,0.0,0.0
1970-06-07,1970,ENG,BRA,0,0,0.42857142857142855,0.68,-0.2514285714285715,0.2857142857142857,0.16,0.1257142857142857,1.4761904761904763,2.72,-1.243809523809524,1.1428571428571428,1.08,0.06285714285714272,6.0,6.0,0.0,21.0,25.0,-4.0,0.16666666666666666,0.3333333333333333,-0.16666666666666666,0.16666666666666666,0.3333333333333333,-0.16666666666666666,1.0,2.0,-1.0,,,,,,,0.0,0.0,0.0,,,,,,,,,,0.5,,,,,,,,,0.0,0.0,0.0
1970-06-07,1970,GER,BUL,2,0,0.6086956521739131,0.0,0.6086956521739131,0.17391304347826086,0.14285714285714285,0.031055900621118016,2.5217391304347827,0.5714285714285714,1.9503105590062113,1.608695652173913,2.5714285714285716,-0.9627329192546585,5.0,3.0,2.0,23.0,7.0,16.0,0.6,0.0,0.6,0.4,0.0,0.4,1.0,0.0,1.0,,,,,,,0.0,0.0,0.0,,,,,,,,,,,,,,,,,,,0.0,0.0,0.0
1970-06-07,1970,BUL,GER,0,0,0.0,0.6086956521739131,-0.6086956521739131,0.14285714285714285,0.17391304347826086,-0.031055900621118016,0.5714285714285714,2.5217391304347827,-1.9503105590062113,2.5714285714285716,1.608695652173913,0.9627329192546585,3.0,5.0,-2.0,7.0,23.0,-16.0,0.0,0.6,-0.6,0.0,0.4,-0.4,0.0,1.0,-1.0,,,,,,,0.0,0.0,0.0,,,,,,,,,,,,,,,,,,,0.0,0.0,0.0
1970-06-07,1970,MEX,SLV,2,0,0.06666666666666667,0.0,0.06666666666666667,0.26666666666666666,0.0,0.26666666666666666,0.6,0.0,0.6,2.2,3.0,-0.7999999999999998,6.0,1.0,5.0,15.0,1.0,14.0,0.0,0.0,0.0,0.0,0.0,0.0,0.0,0.0,0.0,,,,,,,0.0,0.0,0.0,,,,,,,,,,,,,,,,,,,1.0,0.0,1.0
1970-06-07,1970,SWE,ISR,1,0,0.5,0.0,0.5,0.16666666666666666,0.0,0.16666666666666666,1.9166666666666667,0.0,1.9166666666666667,1.9166666666666667,2.0,-0.08333333333333326,3.0,1.0,2.0,12.0,1.0,11.0,0.3333333333333333,0.0,0.3333333333333333,0.3333333333333333,0.0,0.3333333333333333,0.0,0.0,0.0,,,,,,,0.0,0.0,0.0,,,,,,,,,,,,,,,,,,,0.0,0.0,0.0
1970-06-07,1970,SLV,MEX,0,0,0.0,0.06666666666666667,-0.06666666666666667,0.0,0.26666666666666666,-0.26666666666666666,0.0,0.6,-0.6,3.0,2.2,0.7999999999999998,1.0,6.0,-5.0,1.0,15.0,-14.0,0.0,0.0,0.0,0.0,0.0,0.0,0.0,0.0,0.0,,,,,,,0.0,0.0,0.0,,,,,,,,,,,,,,,,,,,0.0,1.0,-1.0
1970-06-07,1970,ISR,SWE,1,0,0.0,0.5,-0.5,0.0,0.16666666666666666,-0.16666666666666666,0.0,1.9166666666666667,-1.9166666666666667,2.0,1.9166666666666667,0.08333333333333326,1.0,3.0,-2.0,1.0,12.0,-11.0,0.0,0.3333333333333333,-0.3333333333333333,0.0,0.3333333333333333,-0.3333333333333333,0.0,0.0,0.0,,,,,,,0.0,0.0,0.0,,,,,,,,,,,,,,,,,,,0.0,0.0,0.0
1970-06-10,1970,GER,PER,2,0,0.625,1.0,-0.375,0.16666666666666666,0.0,0.16666666666666666,2.625,3.0,-0.375,1.625,1.0,0.625,5.0,1.0,4.0,24.0,2.0,22.0,0.6,0.0,0.6,0.4,0.0,0.4,1.0,0.0,1.0,,,,,,,0.0,0.0,0.0,,,,,,,,,,,,,,,,,,,0.0,0.0,0.0
1970-06-10,1970,URS,SLV,2,0,0.5294117647058824,0.0,0.5294117647058824,0.17647058823529413,0.0,0.17647058823529413,1.6470588235294117,0.0,1.6470588235294117,1.1764705882352942,3.5,-2.3235294117647056,4.0,1.0,3.0,17.0,2.0,15.0,0.25,0.0,0.25,0.0,0.0,0.0,0.0,0.0,0.0,,,,,,,0.0,0.0,0.0,,,,,,,,,,0.3333333333333333,,,,,,,,,0.0,0.0,0.0
1970-06-10,1970,SLV,URS,0,0,0.0,0.5294117647058824,-0.5294117647058824,0.0,0.17647058823529413,-0.17647058823529413,0.0,1.6470588235294117,-1.6470588235294117,3.5,1.1764705882352942,2.3235294117647056,1.0,4.0,-3.0,2.0,17.0,-15.0,0.0,0.25,-0.25,0.0,0.0,0.0,0.0,0.0,0.0,,,,,,,0.0,0.0,0.0,,,,,,,,,,,0.3333333333333333,,,,,,,,0.0,0.0,0.0
1970-06-10,1970,SWE,URU,2,0,0.46153846153846156,0.5,-0.038461538461538436,0.23076923076923078,0.2222222222222222,0.008547008547008572,1.8461538461538463,2.1666666666666665,-0.32051282051282026,1.8461538461538463,1.3888888888888888,0.4572649572649574,3.0,5.0,-2.0,13.0,18.0,-5.0,0.3333333333333333,0.2,0.1333333333333333,0.3333333333333333,0.0,0.3333333333333333,0.0,2.0,-2.0,,,,,,,0.0,0.0,0.0,,,,,,,,,,,,,,,,,,,0.0,0.0,0.0
1970-06-10,1970,URU,SWE,0,0,0.5,0.46153846153846156,0.038461538461538436,0.2222222222222222,0.23076923076923078,-0.008547008547008572,2.1666666666666665,1.8461538461538463,0.32051282051282026,1.3888888888888888,1.8461538461538463,-0.4572649572649574,5.0,3.0,2.0,18.0,13.0,5.0,0.2,0.3333333333333333,-0.1333333333333333,0.0,0.3333333333333333,-0.3333333333333333,2.0,0.0,2.0,,,,,,,0.0,0.0,0.0,,,,,,,,,,,,,,,,,,,0.0,0.0,0.0
1970-06-10,1970,BRA,ROU,2,0,0.6923076923076923,0.5,0.1923076923076923,0.15384615384615385,0.0,0.15384615384615385,2.6538461538461537,1.0,1.6538461538461537,1.0384615384615385,1.0,0.03846153846153855,6.0,1.0,5.0,26.0,2.0,24.0,0.3333333333333333,0.0,0.3333333333333333,0.3333333333333333,0.0,0.3333333333333333,2.0,0.0,2.0,,,,,,,0.0,0.0,0.0,,,,,,,,,,,,,,,,,,,0.0,0.0,0.0
1970-06-10,1970,ROU,BRA,0,0,0.5,0.6923076923076923,-0.1923076923076923,0.0,0.15384615384615385,-0.15384615384615385,1.0,2.6538461538461537,-1.6538461538461537,1.0,1.0384615384615385,-0.03846153846153855,1.0,6.0,-5.0,2.0,26.0,-24.0,0.0,0.3333333333333333,-0.3333333333333333,0.0,0.3333333333333333,-0.3333333333333333,0.0,2.0,-2.0,,,,,,,0.0,0.0,0.0,,,,,,,,,,,,,,,,,,,0.0,0.0,0.0
1970-06-10,1970,PER,GER,0,0,1.0,0.625,0.375,0.0,0.16666666666666666,-0.16666666666666666,3.0,2.625,0.375,1.0,1.625,-0.625,1.0,5.0,-4.0,2.0,24.0,-22.0,0.0,0.6,-0.6,0.0,0.4,-0.4,0.0,1.0,-1.0,,,,,,,0.0,0.0,0.0,,,,,,,,,,,,,,,,,,,0.0,0.0,0.0
1970-06-11,1970,ITA,ISR,1,0,0.38461538461538464,0.0,0.38461538461538464,0.15384615384615385,0.5,-0.34615384615384615,1.2307692307692308,0.5,0.7307692307692308,1.0769230769230769,1.5,-0.42307692307692313,5.0,1.0,4.0,13.0,2.0,11.0,0.0,0.0,0.0,0.0,0.0,0.0,2.0,0.0,2.0,,,,,,,0.0,0.0,0.0,,,,,,,,,,0.3333333333333333,,,,,,,,,0.0,0.0,0.0
1970-06-11,1970,MEX,BEL,2,0,0.125,0.25,-0.125,0.25,0.25,0.0,0.8125,2.25,-1.4375,2.0625,3.0,-0.9375,6.0,2.0,4.0,16.0,4.0,12.0,0.0,0.0,0.0,0.0,0.0,0.0,0.0,0.0,0.0,,,,,,,0.0,0.0,0.0,,,,,,,,,,,,,,,,,,,1.0,0.0,1.0
1970-06-11,1970,ISR,ITA,1,0,0.0,0.38461538461538464,-0.38461538461538464,0.5,0.15384615384615385,0.34615384615384615,0.5,1.2307692307692308,-0.7307692307692308,1.5,1.0769230769230769,0.42307692307692313,1.0,5.0,-4.0,2.0,13.0,-11.0,0.0,0.0,0.0,0.0,0.0,0.0,0.0,2.0,-2.0,,,,,,,0.0,0.0,0.0,,,,,,,,,,,0.3333333333333333,,,,,,,,0.0,0.0,0.0
1970-06-11,1970,BEL,MEX,0,0,0.25,0.125,0.125,0.25,0.25,0.0,2.25,0.8125,1.4375,3.0,2.0625,0.9375,2.0,6.0,-4.0,4.0,16.0,-12.0,0.0,0.0,0.0,0.0,0.0,0.0,0.0,0.0,0.0,,,,,,,0.0,0.0,0.0,,,,,,,,,,,,,,,,,,,0.0,1.0,-1.0
1970-06-11,1970,BUL,MAR,1,0,0.0,0.0,0.0,0.125,0.0,0.125,0.75,0.5,0.25,2.875,2.5,0.375,3.0,1.0,2.0,8.0,2.0,6.0,0.0,0.0,0.0,0.0,0.0,0.0,0.0,0.0,0.0,,,,,,,0.0,0.0,0.0,,,,,,,,,,,,,,,,,,,0.0,0.0,0.0
1970-06-11,1970,ENG,CZE,2,0,0.4090909090909091,0.2857142857142857,0.12337662337662342,0.2727272727272727,0.14285714285714285,0.12987012987012986,1.4090909090909092,1.2857142857142858,0.12337662337662336,1.1363636363636365,1.8571428571428572,-0.7207792207792207,6.0,4.0,2.0,22.0,14.0,8.0,0.16666666666666666,0.25,-0.08333333333333334,0.16666666666666666,0.25,-0.08333333333333334,1.0,0.0,1.0,,,,,,,0.0,0.0,0.0,,,,,,,,,,0.5,,,,,,,,,0.0,0.0,0.0
1970-06-11,1970,MAR,BUL,1,0,0.0,0.0,0.0,0.0,0.125,-0.125,0.5,0.75,-0.25,2.5,2.875,-0.375,1.0,3.0,-2.0,2.0,8.0,-6.0,0.0,0.0,0.0,0.0,0.0,0.0,0.0,0.0,0.0,,,,,,,0.0,0.0,0.0,,,,,,,,,,,,,,,,,,,0.0,0.0,0.0
1970-06-11,1970,CZE,ENG,0,0,0.2857142857142857,0.4090909090909091,-0.12337662337662342,0.14285714285714285,0.2727272727272727,-0.12987012987012986,1.2857142857142858,1.4090909090909092,-0.12337662337662336,1.8571428571428572,1.1363636363636365,0.7207792207792207,4.0,6.0,-2.0,14.0,22.0,-8.0,0.25,0.16666666666666666,0.08333333333333334,0.25,0.16666666666666666,0.08333333333333334,0.0,1.0,-1.0,,,,,,,0.0,0.0,0.0,,,,,,,,,,,0.5,,,,,,,,0.0,0.0,0.0
1970-06-14,1970,ITA,MEX,2,1,0.35714285714285715,0.17647058823529413,0.18067226890756302,0.21428571428571427,0.23529411764705882,-0.021008403361344546,1.1428571428571428,0.8235294117647058,0.31932773109243695,1.0,1.9411764705882353,-0.9411764705882353,5.0,6.0,-1.0,14.0,17.0,-3.0,0.0,0.0,0.0,0.0,0.0,0.0,2.0,0.0,2.0,,,,,,,0.0,0.0,0.0,,,,,,,,,,0.3333333333333333,,,,,,,,,0.0,1.0,-1.0
1970-06-14,1970,URU,URS,2,1,0.47368421052631576,0.5555555555555556,-0.08187134502923982,0.21052631578947367,0.16666666666666666,0.043859649122807015,2.0526315789473686,1.6666666666666667,0.38596491228070184,1.368421052631579,1.1111111111111112,0.2573099415204678,5.0,4.0,1.0,19.0,18.0,1.0,0.2,0.25,-0.04999999999999999,0.0,0.0,0.0,2.0,0.0,2.0,,,,,,,0.0,0.0,0.0,,,,,,,,,,,0.3333333333333333,,,,,,,,0.0,0.0,0.0
1970-06-14,1970,URS,URU,0,1,0.5555555555555556,0.47368421052631576,0.08187134502923982,0.16666666666666666,0.21052631578947367,-0.043859649122807015,1.6666666666666667,2.0526315789473686,-0.38596491228070184,1.1111111111111112,1.368421052631579,-0.2573099415204678,4.0,5.0,-1.0,18.0,19.0,-1.0,0.25,0.2,0.04999999999999999,0.0,0.0,0.0,0.0,2.0,-2.0,,,,,,,0.0,0.0,0.0,,,,,,,,,,0.3333333333333333,,,,,,,,,0.0,0.0,0.0
1970-06-14,1970,MEX,ITA,0,1,0.17647058823529413,0.35714285714285715,-0.18067226890756302,0.23529411764705882,0.21428571428571427,0.021008403361344546,0.8235294117647058,1.1428571428571428,-0.31932773109243695,1.9411764705882353,1.0,0.9411764705882353,6.0,5.0,1.0,17.0,14.0,3.0,0.0,0.0,0.0,0.0,0.0,0.0,0.0,2.0,-2.0,,,,,,,0.0,0.0,0.0,,,,,,,,,,,0.3333333333333333,,,,,,,,1.0,0.0,1.0
1970-06-14,1970,GER,ENG,2,1,0.64,0.43478260869565216,0.20521739130434785,0.16,0.2608695652173913,-0.1008695652173913,2.64,1.391304347826087,1.2486956521739132,1.6,1.0869565217391304,0.5130434782608697,5.0,6.0,-1.0,25.0,23.0,2.0,0.6,0.16666666666666666,0.43333333333333335,0.4,0.16666666666666666,0.23333333333333336,1.0,1.0,0.0,,,,,,,0.0,0.0,0.0,,,,,,,,,,,0.5,,,,,,,,0.0,0.0,0.0
1970-06-14,1970,BRA,PER,2,1,0.7037037037037037,0.6666666666666666,0.03703703703703709,0.14814814814814814,0.0,0.14814814814814814,2.6666666666666665,2.3333333333333335,0.33333333333333304,1.0740740740740742,1.6666666666666667,-0.5925925925925926,6.0,1.0,5.0,27.0,3.0,24.0,0.3333333333333333,0.0,0.3333333333333333,0.3333333333333333,0.0,0.3333333333333333,2.0,0.0,2.0,,,,,,,0.0,0.0,0.0,,,,,,,,,,,,,,,,,,,0.0,0.0,0.0
1970-06-14,1970,PER,BRA,0,1,0.6666666666666666,0.7037037037037037,-0.03703703703703709,0.0,0.14814814814814814,-0.14814814814814814,2.3333333333333335,2.6666666666666665,-0.33333333333333304,1.6666666666666667,1.0740740740740742,0.5925925925925926,1.0,6.0,-5.0,3.0,27.0,-24.0,0.0,0.3333333333333333,-0.3333333333333333,0.0,0.3333333333333333,-0.3333333333333333,0.0,2.0,-2.0,,,,,,,0.0,0.0,0.0,,,,,,,,,,,,,,,,,,,0.0,0.0,0.0
1970-06-14,1970,ENG,GER,0,1,0.43478260869565216,0.64,-0.20521739130434785,0.2608695652173913,0.16,0.1008695652173913,1.391304347826087,2.64,-1.2486956521739132,1.0869565217391304,1.6,-0.5130434782608697,6.0,5.0,1.0,23.0,25.0,-2.0,0.16666666666666666,0.6,-0.43333333333333335,0.16666666666666666,0.4,-0.23333333333333336,1.0,1.0,0.0,,,,,,,0.0,0.0,0.0,,,,,,,,,,0.5,,,,,,,,,0.0,0.0,0.0
1970-06-17,1970,ITA,GER,2,1,0.4,0.6538461538461539,-0.25384615384615383,0.2,0.15384615384615385,0.046153846153846156,1.3333333333333333,2.6538461538461537,-1.3205128205128205,1.0,1.6153846153846154,-0.6153846153846154,5.0,5.0,0.0,15.0,26.0,-11.0,0.0,0.6,-0.6,0.0,0.4,-0.4,2.0,1.0,1.0,,,,,,,0.0,0.0,0.0,,,,,,,,,,0.3333333333333333,,,,,,,,,0.0,0.0,0.0
1970-06-17,1970,GER,ITA,0,1,0.6538461538461539,0.4,0.25384615384615383,0.15384615384615385,0.2,-0.046153846153846156,2.6538461538461537,1.3333333333333333,1.3205128205128205,1.6153846153846154,1.0,0.6153846153846154,5.0,5.0,0.0,26.0,15.0,11.0,0.6,0.0,0.6,0.4,0.0,0.4,1.0,2.0,-1.0,,,,,,,0.0,0.0,0.0,,,,,,,,,,,0.3333333333333333,,,,,,,,0.0,0.0,0.0
1970-06-17,1970,BRA,URU,2,1,0.7142857142857143,0.5,0.2142857142857143,0.14285714285714285,0.2,-0.05714285714285716,2.7142857142857144,2.0,0.7142857142857144,1.1071428571428572,1.3,-0.19285714285714284,6.0,5.0,1.0,28.0,20.0,8.0,0.3333333333333333,0.2,0.1333333333333333,0.3333333333333333,0.0,0.3333333333333333,2.0,2.0,0.0,,,,,,,0.0,0.0,0.0,,,,,,,,,,,,,,,,,,,0.0,0.0,0.0
1970-06-17,1970,URU,BRA,0,1,0.5,0.7142857142857143,-0.2142857142857143,0.2,0.14285714285714285,0.05714285714285716,2.0,2.7142857142857144,-0.7142857142857144,1.3,1.1071428571428572,0.19285714285714284,5.0,6.0,-1.0,20.0,28.0,-8.0,0.2,0.3333333333333333,-0.1333333333333333,0.0,0.3333333333333333,-0.3333333333333333,2.0,2.0,0.0,,,,,,,0.0,0.0,0.0,,,,,,,,,,,,,,,,,,,0.0,0.0,0.0
1970-06-20,1970,GER,URU,2,1,0.6296296296296297,0.47619047619047616,0.1534391534391535,0.14814814814814814,0.19047619047619047,-0.042328042328042326,2.6666666666666665,1.9523809523809523,0.7142857142857142,1.7037037037037037,1.380952380952381,0.3227513227513228,5.0,5.0,0.0,27.0,21.0,6.0,0.8,0.4,0.4,0.4,0.0,0.4,1.0,2.0,-1.0,,,,,,,0.0,0.0,0.0,,,,,,,,,,,,,,,,,,,0.0,0.0,0.0
1970-06-20,1970,URU,GER,0,1,0.47619047619047616,0.6296296296296297,-0.1534391534391535,0.19047619047619047,0.14814814814814814,0.042328042328042326,1.9523809523809523,2.6666666666666665,-0.7142857142857142,1.380952380952381,1.7037037037037037,-0.3227513227513228,5.0,5.0,0.0,21.0,27.0,-6.0,0.4,0.8,-0.4,0.0,0.4,-0.4,2.0,1.0,1.0,,,,,,,0.0,0.0,0.0,,,,,,,,,,,,,,,,,,,0.0,0.0,0.0
1970-06-21,1970,BRA,ITA,2,1,0.7241379310344828,0.4375,0.28663793103448276,0.13793103448275862,0.1875,-0.04956896551724138,2.7241379310344827,1.5,1.2241379310344827,1.103448275862069,1.125,-0.02155172413793105,6.0,5.0,1.0,29.0,16.0,13.0,0.5,0.2,0.3,0.3333333333333333,0.0,0.3333333333333333,2.0,2.0,0.0,,,,,,,0.0,0.0,0.0,,,,,,,,,,,0.3333333333333333,,,,,,,,0.0,0.0,0.0
1970-06-21,1970,ITA,BRA,0,1,0.4375,0.7241379310344828,-0.28663793103448276,0.1875,0.13793103448275862,0.04956896551724138,1.5,2.7241379310344827,-1.2241379310344827,1.125,1.103448275862069,0.02155172413793105,5.0,6.0,-1.0,16.0,29.0,-13.0,0.2,0.5,-0.3,0.0,0.3333333333333333,-0.3333333333333333,2.0,2.0,0.0,,,,,,,0.0,0.0,0.0,,,,,,,,,,0.3333333333333333,,,,,,,,,0.0,0.0,0.0
1974-06-13,1974,BRA,YUG,1,0,0.7333333333333333,0.4375,0.2958333333333333,0.13333333333333333,0.1875,-0.05416666666666667,2.7666666666666666,1.625,1.1416666666666666,1.1,1.25,-0.1499999999999999,6.0,4.0,2.0,30.0,16.0,14.0,0.5,0.25,0.25,0.5,0.0,0.5,3.0,0.0,3.0,,,,,,,0.0,0.0,0.0,,,,,,,,,,,0.4,,,,,,,,0.0,0.0,0.0
1974-06-13,1974,YUG,BRA,1,0,0.4375,0.7333333333333333,-0.2958333333333333,0.1875,0.13333333333333333,0.05416666666666667,1.625,2.7666666666666666,-1.1416666666666666,1.25,1.1,0.1499999999999999,4.0,6.0,-2.0,16.0,30.0,-14.0,0.25,0.5,-0.25,0.0,0.5,-0.5,0.0,3.0,-3.0,,,,,,,0.0,0.0,0.0,,,,,,,,,,0.4,,,,,,,,,0.0,0.0,0.0
1974-06-14,1974,GER,CHL,2,0,0.6428571428571429,0.4166666666666667,0.22619047619047622,0.14285714285714285,0.08333333333333333,0.05952380952380952,2.607142857142857,1.4166666666666667,1.1904761904761905,1.6428571428571428,1.5833333333333333,0.059523809523809534,5.0,3.0,2.0,28.0,12.0,16.0,0.8,0.3333333333333333,0.46666666666666673,0.4,0.0,0.4,1.0,0.0,1.0,,,,,,,0.0,0.0,0.0,,,,,,,,,,,,,,,,,,,1.0,0.0,1.0
1974-06-14,1974,GER_DR,AUS,2,0,,,,,,,,,,,,,0.0,0.0,0.0,0.0,0.0,0.0,,,,,,,0.0,0.0,0.0,,,,,,,0.0,0.0,0.0,,,,,,,,,,,,,,,,,,,0.0,0.0,0.0
1974-06-14,1974,CHL,GER,0,0,0.4166666666666667,0.6428571428571429,-0.22619047619047622,0.08333333333333333,0.14285714285714285,-0.05952380952380952,1.4166666666666667,2.607142857142857,-1.1904761904761905,1.5833333333333333,1.6428571428571428,-0.059523809523809534,3.0,5.0,-2.0,12.0,28.0,-16.0,0.3333333333333333,0.8,-0.46666666666666673,0.0,0.4,-0.4,0.0,1.0,-1.0,,,,,,,0.0,0.0,0.0,,,,,,,,,,,,,,,,,,,0.0,1.0,-1.0
1974-06-14,1974,COD,SCO,0,0,,0.0,,,0.2,,,0.8,,,2.8,,0.0,2.0,-2.0,0.0,5.0,-5.0,,0.0,,,0.0,,0.0,0.0,0.0,,,,,,,0.0,0.0,0.0,,,,,,,,,,,,,,,,0.35714285714285715,,,0.0,0.0,0.0
1974-06-14,1974,SCO,COD,2,0,0.0,,,0.2,,,0.8,,,2.8,,,2.0,0.0,2.0,5.0,0.0,5.0,0.0,,,0.0,,,0.0,0.0,0.0,,,,,,,0.0,0.0,0.0,,,,,,,,,,,,,,,,,0.35714285714285715,,0.0,0.0,0.0
1974-06-14,1974,AUS,GER_DR,0,0,,,,,,,,,,,,,0.0,0.0,0.0,0.0,0.0,0.0,,,,,,,0.0,0.0,0.0,,,,,,,0.0,0.0,0.0,,,,,,,,,,,,,,,,,,,0.0,0.0,0.0
1974-06-15,1974,POL,ARG,2,0,,0.4,,,0.2,,,1.1,,,1.5,,0.0,3.0,-3.0,0.0,10.0,-10.0,,0.0,,,0.0,,0.0,0.0,0.0,,,,,,,0.0,0.0,0.0,,,,,,,,,,,,,,,,,,,0.0,0.0,0.0
1974-06-15,1974,ARG,POL,0,0,0.4,,,0.2,,,1.1,,,1.5,,,3.0,0.0,3.0,10.0,0.0,10.0,0.0,,,0.0,,,0.0,0.0,0.0,,,,,,,0.0,0.0,0.0,,,,,,,,,,,,,,,,,,,0.0,0.0,0.0
1974-06-15,1974,ITA,HAI,2,0,0.4117647058823529,,,0.17647058823529413,,,1.4705882352941178,,,1.2941176470588236,,,5.0,0.0,5.0,17.0,0.0,17.0,0.2,,,0.2,,,2.0,0.0,2.0,,,,,,,0.0,0.0,0.0,,,,,,,,,,0.3333333333333333,,,,,,,,,0.0,0.0,0.0
1974-06-15,1974,HAI,ITA,0,0,,0.4117647058823529,,,0.17647058823529413,,,1.4705882352941178,,,1.2941176470588236,,0.0,5.0,-5.0,0.0,17.0,-17.0,,0.2,,,0.2,,0.0,2.0,-2.0,,,,,,,0.0,0.0,0.0,,,,,,,,,,,0.3333333333333333,,,,,,,,0.0,0.0,0.0
1974-06-15,1974,SWE,BUL,1,0,0.5,0.0,0.5,0.21428571428571427,0.2222222222222222,-0.007936507936507936,1.7857142857142858,0.7777777777777778,1.007936507936508,1.7142857142857142,2.6666666666666665,-0.9523809523809523,3.0,3.0,0.0,14.0,9.0,5.0,0.3333333333333333,0.0,0.3333333333333333,0.3333333333333333,0.0,0.3333333333333333,0.0,0.0,0.0,,,,,,,0.0,0.0,0.0,,,,,,,,,,,,,,,,,,,0.0,0.0,0.0
1974-06-15,1974,BUL,SWE,1,0,0.0,0.5,-0.5,0.2222222222222222,0.21428571428571427,0.007936507936507936,0.7777777777777778,1.7857142857142858,-1.007936507936508,2.6666666666666665,1.7142857142857142,0.9523809523809523,3.0,3.0,0.0,9.0,14.0,-5.0,0.0,0.3333333333333333,-0.3333333333333333,0.0,0.3333333333333333,-0.3333333333333333,0.0,0.0,0.0,,,,,,,0.0,0.0,0.0,,,,,,,,,,,,,,,,,,,0.0,0.0,0.0
1974-06-15,1974,URU,NED,0,0,0.45454545454545453,,,0.18181818181818182,,,1.8636363636363635,,,1.3636363636363635,,,5.0,0.0,5.0,22.0,0.0,22.0,0.4,,,0.0,,,2.0,0.0,2.0,,,,,,,0.0,0.0,0.0,,,,,,,,,,,,,,,,,,,0.0,0.0,0.0
1974-06-15,1974,NED,URU,2,0,,0.45454545454545453,,,0.18181818181818182,,,1.8636363636363635,,,1.3636363636363635,,0.0,5.0,-5.0,0.0,22.0,-22.0,,0.4,,,0.0,,0.0,2.0,-2.0,,,,,,,0.0,0.0,0.0,,,,,,,,,,,,,,,,,,,0.0,0.0,0.0
1974-06-18,1974,SCO,BRA,1,0,0.16666666666666666,0.7096774193548387,-0.5430107526881721,0.16666666666666666,0.16129032258064516,0.005376344086021501,1.0,2.6774193548387095,-1.6774193548387095,2.3333333333333335,1.064516129032258,1.2688172043010755,3.0,7.0,-4.0,6.0,31.0,-25.0,0.0,0.42857142857142855,-0.42857142857142855,0.0,0.42857142857142855,-0.42857142857142855,0.0,3.0,-3.0,,,,,,,0.0,0.0,0.0,,,,,,,,,,,,,,,,,,,0.0,0.0,0.0
1974-06-18,1974,BRA,SCO,1,0,0.7096774193548387,0.16666666666666666,0.5430107526881721,0.16129032258064516,0.16666666666666666,-0.005376344086021501,2.6774193548387095,1.0,1.6774193548387095,1.064516129032258,2.3333333333333335,-1.2688172043010755,7.0,3.0,4.0,31.0,6.0,25.0,0.42857142857142855,0.0,0.42857142857142855,0.42857142857142855,0.0,0.42857142857142855,3.0,0.0,3.0,,,,,,,0.0,0.0,0.0,,,,,,,,,,,,,,,,,,,0.0,0.0,0.0
1974-06-18,1974,YUG,COD,2,0,0.4117647058823529,0.0,0.4117647058823529,0.23529411764705882,0.0,0.23529411764705882,1.5294117647058822,0.0,1.5294117647058822,1.1764705882352942,2.0,-0.8235294117647058,5.0,1.0,4.0,17.0,1.0,16.0,0.2,0.0,0.2,0.0,0.0,0.0,0.0,0.0,0.0,,,,,,,0.0,0.0,0.0,,,,,,,,,,0.4,,,,,,,0.35714285714285715,,0.0,0.0,0.0
1974-06-18,1974,COD,YUG,0,0,0.0,0.4117647058823529,-0.4117647058823529,0.0,0.23529411764705882,-0.23529411764705882,0.0,1.5294117647058822,-1.5294117647058822,2.0,1.1764705882352942,0.8235294117647058,1.0,5.0,-4.0,1.0,17.0,-16.0,0.0,0.2,-0.2,0.0,0.0,0.0,0.0,0.0,0.0,,,,,,,0.0,0.0,0.0,,,,,,,,,,,0.4,,,,,0.35714285714285715,,,0.0,0.0,0.0
1974-06-18,1974,CHL,GER_DR,1,0,0.38461538461538464,1.0,-0.6153846153846154,0.07692307692307693,0.0,0.07692307692307693,1.3076923076923077,2.0,-0.6923076923076923,1.5384615384615385,0.0,1.5384615384615385,4.0,1.0,3.0,13.0,1.0,12.0,0.25,0.0,0.25,0.0,0.0,0.0,0.0,0.0,0.0,,,,,,,0.0,0.0,0.0,,,,,,,,,,,,,,,,,,,0.0,0.0,0.0
1974-06-18,1974,AUS,GER,0,0,0.0,0.6551724137931034,-0.6551724137931034,0.0,0.13793103448275862,-0.13793103448275862,0.0,2.5517241379310347,-2.5517241379310347,2.0,1.5862068965517242,0.4137931034482758,1.0,6.0,-5.0,1.0,29.0,-28.0,0.0,0.6666666666666666,-0.6666666666666666,0.0,0.3333333333333333,-0.3333333333333333,0.0,1.0,-1.0,,,,,,,0.0,0.0,0.0,,,,,,,,,,,,,,,,,,,0.0,1.0,-1.0
1974-06-18,1974,GER,AUS,2,0,0.6551724137931034,0.0,0.6551724137931034,0.13793103448275862,0.0,0.13793103448275862,2.5517241379310347,0.0,2.5517241379310347,1.5862068965517242,2.0,-0.4137931034482758,6.0,1.0,5.0,29.0,1.0,28.0,0.6666666666666666,0.0,0.6666666666666666,0.3333333333333333,0.0,0.3333333333333333,1.0,0.0,1.0,,,,,,,0.0,0.0,0.0,,,,,,,,,,,,,,,,,,,1.0,0.0,1.0
1974-06-18,1974,GER_DR,CHL,1,0,1.0,0.38461538461538464,0.6153846153846154,0.0,0.07692307692307693,-0.07692307692307693,2.0,1.3076923076923077,0.6923076923076923,0.0,1.5384615384615385,-1.5384615384615385,1.0,4.0,-3.0,1.0,13.0,-12.0,0.0,0.25,-0.25,0.0,0.0,0.0,0.0,0.0,0.0,,,,,,,0.0,0.0,0.0,,,,,,,,,,,,,,,,,,,0.0,0.0,0.0
1974-06-19,1974,ARG,ITA,1,0,0.36363636363636365,0.4444444444444444,-0.08080808080808077,0.18181818181818182,0.16666666666666666,0.015151515151515166,1.1818181818181819,1.5555555555555556,-0.3737373737373737,1.6363636363636365,1.2777777777777777,0.3585858585858588,4.0,6.0,-2.0,11.0,18.0,-7.0,0.0,0.16666666666666666,-0.16666666666666666,0.0,0.16666666666666666,-0.16666666666666666,0.0,2.0,-2.0,,,,,,,0.0,0.0,0.0,,,,,,,,,,,0.3333333333333333,,,,,,,,0.0,0.0,0.0
1974-06-19,1974,ITA,ARG,1,0,0.4444444444444444,0.36363636363636365,0.08080808080808077,0.16666666666666666,0.18181818181818182,-0.015151515151515166,1.5555555555555556,1.1818181818181819,0.3737373737373737,1.2777777777777777,1.6363636363636365,-0.3585858585858588,6.0,4.0,2.0,18.0,11.0,7.0,0.16666666666666666,0.0,0.16666666666666666,0.16666666666666666,0.0,0.16666666666666666,2.0,0.0,2.0,,,,,,,0.0,0.0,0.0,,,,,,,,,,0.3333333333333333,,,,,,,,,0.0,0.0,0.0
1974-06-19,1974,NED,SWE,1,0,1.0,0.4666666666666667,0.5333333333333333,0.0,0.26666666666666666,-0.26666666666666666,2.0,1.6666666666666667,0.33333333333333326,0.0,1.6,-1.6,1.0,4.0,-3.0,1.0,15.0,-14.0,0.0,0.25,-0.25,0.0,0.25,-0.25,0.0,0.0,0.0,,,,,,,0.0,0.0,0.0,,,,,,,,,,,,,,,,,,,0.0,0.0,0.0
1974-06-19,1974,SWE,NED,1,0,0.4666666666666667,1.0,-0.5333333333333333,0.26666666666666666,0.0,0.26666666666666666,1.6666666666666667,2.0,-0.33333333333333326,1.6,0.0,1.6,4.0,1.0,3.0,15.0,1.0,14.0,0.25,0.0,0.25,0.25,0.0,0.25,0.0,0.0,0.0,,,,,,,0.0,0.0,0.0,,,,,,,,,,,,,,,,,,,0.0,0.0,0.0
1974-06-19,1974,BUL,URU,1,0,0.0,0.43478260869565216,-0.43478260869565216,0.3,0.17391304347826086,0.12608695652173912,0.7,1.7826086956521738,-1.0826086956521739,2.4,1.391304347826087,1.008695652173913,4.0,6.0,-2.0,10.0,23.0,-13.0,0.0,0.3333333333333333,-0.3333333333333333,0.0,0.0,0.0,0.0,2.0,-2.0,,,,,,,0.0,0.0,0.0,,,,,,,,,,,,,,,,,,,0.0,0.0,0.0
1974-06-19,1974,URU,BUL,1,0,0.43478260869565216,0.0,0.43478260869565216,0.17391304347826086,0.3,-0.12608695652173912,1.7826086956521738,0.7,1.0826086956521739,1.391304347826087,2.4,-1.008695652173913,6.0,4.0,2.0,23.0,10.0,13.0,0.3333333333333333,0.0,0.3333333333333333,0.0,0.0,0.0,2.0,0.0,2.0,,,,,,,0.0,0.0,0.0,,,,,,,,,,,,,,,,,,,0.0,0.0,0.0
1974-06-19,1974,HAI,POL,0,0,0.0,1.0,-1.0,0.0,0.0,0.0,1.0,3.0,-2.0,3.0,2.0,1.0,1.0,1.0,0.0,1.0,1.0,0.0,0.0,0.0,0.0,0.0,0.0,0.0,0.0,0.0,0.0,,,,,,,0.0,0.0,0.0,,,,,,,,,,,,,,,,,,,0.0,0.0,0.0
1974-06-19,1974,POL,HAI,2,0,1.0,0.0,1.0,0.0,0.0,0.0,3.0,1.0,2.0,2.0,3.0,-1.0,1.0,1.0,0.0,1.0,1.0,0.0,0.0,0.0,0.0,0.0,0.0,0.0,0.0,0.0,0.0,,,,,,,0.0,0.0,0.0,,,,,,,,,,,,,,,,,,,0.0,0.0,0.0
1974-06-22,1974,SCO,YUG,1,0,0.14285714285714285,0.4444444444444444,-0.30158730158730157,0.2857142857142857,0.2222222222222222,0.06349206349206349,0.8571428571428571,1.9444444444444444,-1.0873015873015874,2.0,1.1111111111111112,0.8888888888888888,3.0,5.0,-2.0,7.0,18.0,-11.0,0.0,0.2,-0.2,0.0,0.0,0.0,0.0,0.0,0.0,,,,,,,0.0,0.0,0.0,,,,,,,,,,,0.4,,,,,,,,0.0,0.0,0.0
1974-06-22,1974,YUG,SCO,1,0,0.4444444444444444,0.14285714285714285,0.30158730158730157,0.2222222222222222,0.2857142857142857,-0.06349206349206349,1.9444444444444444,0.8571428571428571,1.0873015873015874,1.1111111111111112,2.0,-0.8888888888888888,5.0,3.0,2.0,18.0,7.0,11.0,0.2,0.0,0.2,0.0,0.0,0.0,0.0,0.0,0.0,,,,,,,0.0,0.0,0.0,,,,,,,,,,0.4,,,,,,,,,0.0,0.0,0.0
1974-06-22,1974,AUS,CHL,1,0,0.0,0.35714285714285715,-0.35714285714285715,0.0,0.14285714285714285,-0.14285714285714285,0.0,1.2857142857142858,-1.2857142857142858,2.5,1.5,1.0,1.0,4.0,-3.0,2.0,14.0,-12.0,0.0,0.25,-0.25,0.0,0.0,0.0,0.0,0.0,0.0,,,,,,,0.0,0.0,0.0,,,,,,,,,,,,,,,,,,,0.0,0.0,0.0
1974-06-22,1974,CHL,AUS,1,0,0.35714285714285715,0.0,0.35714285714285715,0.14285714285714285,0.0,0.14285714285714285,1.2857142857142858,0.0,1.2857142857142858,1.5,2.5,-1.0,4.0,1.0,3.0,14.0,2.0,12.0,0.25,0.0,0.25,0.0,0.0,0.0,0.0,0.0,0.0,,,,,,,0.0,0.0,0.0,,,,,,,,,,,,,,,,,,,0.0,0.0,0.0
1974-06-22,1974,COD,BRA,0,0,0.0,0.6875,-0.6875,0.0,0.1875,-0.1875,0.0,2.59375,-2.59375,5.5,1.03125,4.46875,1.0,7.0,-6.0,2.0,32.0,-30.0,0.0,0.42857142857142855,-0.42857142857142855,0.0,0.42857142857142855,-0.42857142857142855,0.0,3.0,-3.0,,,,,,,0.0,0.0,0.0,,,,,,,,,,,,,,,,0.35714285714285715,,,0.0,0.0,0.0
1974-06-22,1974,GER_DR,GER,2,0,0.5,0.6666666666666666,-0.16666666666666663,0.5,0.13333333333333333,0.3666666666666667,1.5,2.566666666666667,-1.0666666666666669,0.5,1.5333333333333334,-1.0333333333333334,1.0,6.0,-5.0,2.0,30.0,-28.0,0.0,0.6666666666666666,-0.6666666666666666,0.0,0.3333333333333333,-0.3333333333333333,0.0,1.0,-1.0,,,,,,,0.0,0.0,0.0,,,,,,,,,,,,,,,,,,,0.0,1.0,-1.0
1974-06-22,1974,GER,GER_DR,0,0,0.6666666666666666,0.5,0.16666666666666663,0.13333333333333333,0.5,-0.3666666666666667,2.566666666666667,1.5,1.0666666666666669,1.5333333333333334,0.5,1.0333333333333334,6.0,1.0,5.0,30.0,2.0,28.0,0.6666666666666666,0.0,0.6666666666666666,0.3333333333333333,0.0,0.3333333333333333,1.0,0.0,1.0,,,,,,,0.0,0.0,0.0,,,,,,,,,,,,,,,,,,,1.0,0.0,1.0
1974-06-22,1974,BRA,COD,2,0,0.6875,0.0,0.6875,0.1875,0.0,0.1875,2.59375,0.0,2.59375,1.03125,5.5,-4.46875,7.0,1.0,6.0,32.0,2.0,30.0,0.42857142857142855,0.0,0.42857142857142855,0.42857142857142855,0.0,0.42857142857142855,3.0,0.0,3.0,,,,,,,0.0,0.0,0.0,,,,,,,,,,,,,,,,,0.35714285714285715,,0.0,0.0,0.0
1974-06-23,1974,BUL,NED,0,0,0.0,0.5,-0.5,0.36363636363636365,0.5,-0.13636363636363635,0.7272727272727273,1.0,-0.2727272727272727,2.272727272727273,0.0,2.272727272727273,4.0,1.0,3.0,11.0,2.0,9.0,0.0,0.0,0.0,0.0,0.0,0.0,0.0,0.0,0.0,,,,,,,0.0,0.0,0.0,,,,,,,,,,,,,,,,,,,0.0,0.0,0.0
1974-06-23,1974,NED,BUL,2,0,0.5,0.0,0.5,0.5,0.36363636363636365,0.13636363636363635,1.0,0.7272727272727273,0.2727272727272727,0.0,2.272727272727273,-2.272727272727273,1.0,4.0,-3.0,2.0,11.0,-9.0,0.0,0.0,0.0,0.0,0.0,0.0,0.0,0.0,0.0,,,,,,,0.0,0.0,0.0,,,,,,,,,,,,,,,,,,,0.0,0.0,0.0
1974-06-23,1974,SWE,URU,2,0,0.4375,0.4166666666666667,0.020833333333333315,0.3125,0.20833333333333334,0.10416666666666666,1.5625,1.75,-0.1875,1.5,1.375,0.125,4.0,6.0,-2.0,16.0,24.0,-8.0,0.25,0.3333333333333333,-0.08333333333333331,0.25,0.0,0.25,0.0,2.0,-2.0,,,,,,,0.0,0.0,0.0,,,,,,,,,,,,,,,,,,,0.0,0.0,0.0
1974-06-23,1974,URU,SWE,0,0,0.4166666666666667,0.4375,-0.020833333333333315,0.20833333333333334,0.3125,-0.10416666666666666,1.75,1.5625,0.1875,1.375,1.5,-0.125,6.0,4.0,2.0,24.0,16.0,8.0,0.3333333333333333,0.25,0.08333333333333331,0.0,0.25,-0.25,2.0,0.0,2.0,,,,,,,0.0,0.0,0.0,,,,,,,,,,,,,,,,,,,0.0,0.0,0.0
1974-06-23,1974,ARG,HAI,2,0,0.3333333333333333,0.0,0.3333333333333333,0.25,0.0,0.25,1.1666666666666667,0.5,0.6666666666666667,1.5833333333333333,5.0,-3.416666666666667,4.0,1.0,3.0,12.0,2.0,10.0,0.0,0.0,0.0,0.0,0.0,0.0,0.0,0.0,0.0,,,,,,,0.0,0.0,0.0,,,,,,,,,,,,,,,,,,,0.0,0.0,0.0
1974-06-23,1974,HAI,ARG,0,0,0.0,0.3333333333333333,-0.3333333333333333,0.0,0.25,-0.25,0.5,1.1666666666666667,-0.6666666666666667,5.0,1.5833333333333333,3.416666666666667,1.0,4.0,-3.0,2.0,12.0,-10.0,0.0,0.0,0.0,0.0,0.0,0.0,0.0,0.0,0.0,,,,,,,0.0,0.0,0.0,,,,,,,,,,,,,,,,,,,0.0,0.0,0.0
1974-06-23,1974,POL,ITA,2,0,1.0,0.42105263157894735,0.5789473684210527,0.0,0.21052631578947367,-0.21052631578947367,5.0,1.5263157894736843,3.473684210526316,1.0,1.263157894736842,-0.26315789473684204,1.0,6.0,-5.0,2.0,19.0,-17.0,0.0,0.16666666666666666,-0.16666666666666666,0.0,0.16666666666666666,-0.16666666666666666,0.0,2.0,-2.0,,,,,,,0.0,0.0,0.0,,,,,,,,,,,0.3333333333333333,,,,,,,,0.0,0.0,0.0
1974-06-23,1974,ITA,POL,0,0,0.42105263157894735,1.0,-0.5789473684210527,0.21052631578947367,0.0,0.21052631578947367,1.5263157894736843,5.0,-3.473684210526316,1.263157894736842,1.0,0.26315789473684204,6.0,1.0,5.0,19.0,2.0,17.0,0.16666666666666666,0.0,0.16666666666666666,0.16666666666666666,0.0,0.16666666666666666,2.0,0.0,2.0,,,,,,,0.0,0.0,0.0,,,,,,,,,,0.3333333333333333,,,,,,,,,0.0,0.0,0.0
1974-06-26,1974,YUG,GER,0,0,0.42105263157894735,0.6451612903225806,-0.22410865874363328,0.2631578947368421,0.12903225806451613,0.13412563667232597,1.894736842105263,2.4838709677419355,-0.5891341256366724,1.105263157894737,1.5161290322580645,-0.41086587436332755,5.0,6.0,-1.0,19.0,31.0,-12.0,0.2,0.6666666666666666,-0.4666666666666666,0.0,0.3333333333333333,-0.3333333333333333,0.0,1.0,-1.0,,,,,,,0.0,0.0,0.0,,,,,,,,,,0.4,,,,,,,,,0.0,1.0,-1.0
1974-06-26,1974,GER,YUG,2,0,0.6451612903225806,0.42105263157894735,0.22410865874363328,0.12903225806451613,0.2631578947368421,-0.13412563667232597,2.4838709677419355,1.894736842105263,0.5891341256366724,1.5161290322580645,1.105263157894737,0.41086587436332755,6.0,5.0,1.0,31.0,19.0,12.0,0.6666666666666666,0.2,0.4666666666666666,0.3333333333333333,0.0,0.3333333333333333,1.0,0.0,1.0,,,,,,,0.0,0.0,0.0,,,,,,,,,,,0.4,,,,,,,,1.0,0.0,1.0
1974-06-26,1974,BRA,GER_DR,2,0,0.696969696969697,0.6666666666666666,0.030303030303030387,0.18181818181818182,0.3333333333333333,-0.1515151515151515,2.606060606060606,1.3333333333333333,1.2727272727272727,1.0,0.3333333333333333,0.6666666666666667,7.0,1.0,6.0,33.0,3.0,30.0,0.42857142857142855,0.0,0.42857142857142855,0.42857142857142855,0.0,0.42857142857142855,3.0,0.0,3.0,,,,,,,0.0,0.0,0.0,,,,,,,,,,,,,,,,,,,0.0,0.0,0.0
1974-06-26,1974,GER_DR,BRA,0,0,0.6666666666666666,0.696969696969697,-0.030303030303030387,0.3333333333333333,0.18181818181818182,0.1515151515151515,1.3333333333333333,2.606060606060606,-1.2727272727272727,0.3333333333333333,1.0,-0.6666666666666667,1.0,7.0,-6.0,3.0,33.0,-30.0,0.0,0.42857142857142855,-0.42857142857142855,0.0,0.42857142857142855,-0.42857142857142855,0.0,3.0,-3.0,,,,,,,0.0,0.0,0.0,,,,,,,,,,,,,,,,,,,0.0,0.0,0.0
1974-06-26,1974,SWE,POL,0,0,0.47058823529411764,1.0,-0.5294117647058824,0.29411764705882354,0.0,0.29411764705882354,1.6470588235294117,4.0,-2.3529411764705883,1.411764705882353,1.0,0.41176470588235303,4.0,1.0,3.0,17.0,3.0,14.0,0.25,0.0,0.25,0.25,0.0,0.25,0.0,0.0,0.0,,,,,,,0.0,0.0,0.0,,,,,,,,,,,,,,,,,,,0.0,0.0,0.0
1974-06-26,1974,POL,SWE,2,0,1.0,0.47058823529411764,0.5294117647058824,0.0,0.29411764705882354,-0.29411764705882354,4.0,1.6470588235294117,2.3529411764705883,1.0,1.411764705882353,-0.41176470588235303,1.0,4.0,-3.0,3.0,17.0,-14.0,0.0,0.25,-0.25,0.0,0.25,-0.25,0.0,0.0,0.0,,,,,,,0.0,0.0,0.0,,,,,,,,,,,,,,,,,,,0.0,0.0,0.0
1974-06-26,1974,NED,ARG,2,0,0.6666666666666666,0.38461538461538464,0.282051282051282,0.3333333333333333,0.23076923076923078,0.10256410256410253,2.0,1.3846153846153846,0.6153846153846154,0.3333333333333333,1.5384615384615385,-1.2051282051282053,1.0,4.0,-3.0,3.0,13.0,-10.0,0.0,0.0,0.0,0.0,0.0,0.0,0.0,0.0,0.0,,,,,,,0.0,0.0,0.0,,,,,,,,,,,,,,,,,,,0.0,0.0,0.0
1974-06-26,1974,ARG,NED,0,0,0.38461538461538464,0.6666666666666666,-0.282051282051282,0.23076923076923078,0.3333333333333333,-0.10256410256410253,1.3846153846153846,2.0,-0.6153846153846154,1.5384615384615385,0.3333333333333333,1.2051282051282053,4.0,1.0,3.0,13.0,3.0,10.0,0.0,0.0,0.0,0.0,0.0,0.0,0.0,0.0,0.0,,,,,,,0.0,0.0,0.0,,,,,,,,,,,,,,,,,,,0.0,0.0,0.0
1974-06-30,1974,GER,SWE,2,0,0.65625,0.4444444444444444,0.21180555555555558,0.125,0.2777777777777778,-0.1527777777777778,2.46875,1.5555555555555556,0.9131944444444444,1.46875,1.3888888888888888,0.07986111111111116,6.0,4.0,2.0,32.0,18.0,14.0,0.6666666666666666,0.25,0.41666666666666663,0.3333333333333333,0.25,0.08333333333333331,1.0,0.0,1.0,,,,,,,0.0,0.0,0.0,,,,,,,,,,,,,,,,,,,1.0,0.0,1.0
1974-06-30,1974,SWE,GER,0,0,0.4444444444444444,0.65625,-0.21180555555555558,0.2777777777777778,0.125,0.1527777777777778,1.5555555555555556,2.46875,-0.9131944444444444,1.3888888888888888,1.46875,-0.07986111111111116,4.0,6.0,-2.0,18.0,32.0,-14.0,0.25,0.6666666666666666,-0.41666666666666663,0.25,0.3333333333333333,-0.08333333333333331,0.0,1.0,-1.0,,,,,,,0.0,0.0,0.0,,,,,,,,,,,,,,,,,,,0.0,1.0,-1.0
1974-06-30,1974,GER_DR,NED,0,0,0.5,0.75,-0.25,0.25,0.25,0.0,1.0,2.5,-1.5,0.5,0.25,0.25,1.0,1.0,0.0,4.0,4.0,0.0,0.0,0.0,0.0,0.0,0.0,0.0,0.0,0.0,0.0,,,,,,,0.0,0.0,0.0,,,,,,,,,,,,,,,,,,,0.0,0.0,0.0
1974-06-30,1974,NED,GER_DR,2,0,0.75,0.5,0.25,0.25,0.25,0.0,2.5,1.0,1.5,0.25,0.5,-0.25,1.0,1.0,0.0,4.0,4.0,0.0,0.0,0.0,0.0,0.0,0.0,0.0,0.0,0.0,0.0,,,,,,,0.0,0.0,0.0,,,,,,,,,,,,,,,,,,,0.0,0.0,0.0
1974-06-30,1974,ARG,BRA,0,0,0.35714285714285715,0.7058823529411765,-0.34873949579831937,0.21428571428571427,0.17647058823529413,0.037815126050420145,1.2857142857142858,2.5588235294117645,-1.2731092436974787,1.7142857142857142,0.9705882352941176,0.7436974789915966,4.0,7.0,-3.0,14.0,34.0,-20.0,0.0,0.42857142857142855,-0.42857142857142855,0.0,0.42857142857142855,-0.42857142857142855,0.0,3.0,-3.0,,,,,,,0.0,0.0,0.0,,,,,,,,,,,,,,,,,,,0.0,0.0,0.0
1974-06-30,1974,BRA,ARG,2,0,0.7058823529411765,0.35714285714285715,0.34873949579831937,0.17647058823529413,0.21428571428571427,-0.037815126050420145,2.5588235294117645,1.2857142857142858,1.2731092436974787,0.9705882352941176,1.7142857142857142,-0.7436974789915966,7.0,4.0,3.0,34.0,14.0,20.0,0.42857142857142855,0.0,0.42857142857142855,0.42857142857142855,0.0,0.42857142857142855,3.0,0.0,3.0,,,,,,,0.0,0.0,0.0,,,,,,,,,,,,,,,,,,,0.0,0.0,0.0
1974-06-30,1974,POL,YUG,2,0,1.0,0.4,0.6,0.0,0.25,-0.25,3.25,1.8,1.45,0.75,1.15,-0.3999999999999999,1.0,5.0,-4.0,4.0,20.0,-16.0,0.0,0.2,-0.2,0.0,0.0,0.0,0.0,0.0,0.0,,,,,,,0.0,0.0,0.0,,,,,,,,,,,0.4,,,,,,,,0.0,0.0,0.0
1974-06-30,1974,YUG,POL,0,0,0.4,1.0,-0.6,0.25,0.0,0.25,1.8,3.25,-1.45,1.15,0.75,0.3999999999999999,5.0,1.0,4.0,20.0,4.0,16.0,0.2,0.0,0.2,0.0,0.0,0.0,0.0,0.0,0.0,,,,,,,0.0,0.0,0.0,,,,,,,,,,0.4,,,,,,,,,0.0,0.0,0.0
1974-07-03,1974,ARG,GER_DR,1,0,0.3333333333333333,0.4,-0.06666666666666671,0.2,0.2,0.0,1.2666666666666666,0.8,0.46666666666666656,1.7333333333333334,0.8,0.9333333333333333,4.0,1.0,3.0,15.0,5.0,10.0,0.0,0.0,0.0,0.0,0.0,0.0,0.0,0.0,0.0,,,,,,,0.0,0.0,0.0,,,,,,,,,,,,,,,,,,,0.0,0.0,0.0
1974-07-03,1974,GER_DR,ARG,1,0,0.4,0.3333333333333333,0.06666666666666671,0.2,0.2,0.0,0.8,1.2666666666666666,-0.46666666666666656,0.8,1.7333333333333334,-0.9333333333333333,1.0,4.0,-3.0,5.0,15.0,-10.0,0.0,0.0,0.0,0.0,0.0,0.0,0.0,0.0,0.0,,,,,,,0.0,0.0,0.0,,,,,,,,,,,,,,,,,,,0.0,0.0,0.0
1974-07-03,1974,SWE,YUG,2,0,0.42105263157894735,0.38095238095238093,0.040100250626566414,0.2631578947368421,0.23809523809523808,0.02506265664160401,1.5789473684210527,1.7619047619047619,-0.1829573934837092,1.5263157894736843,1.1904761904761905,0.3358395989974938,4.0,5.0,-1.0,19.0,21.0,-2.0,0.25,0.2,0.04999999999999999,0.25,0.0,0.25,0.0,0.0,0.0,,,,,,,0.0,0.0,0.0,,,,,,,,,,,0.4,,,,,,,,0.0,0.0,0.0
1974-07-03,1974,YUG,SWE,0,0,0.38095238095238093,0.42105263157894735,-0.040100250626566414,0.23809523809523808,0.2631578947368421,-0.02506265664160401,1.7619047619047619,1.5789473684210527,0.1829573934837092,1.1904761904761905,1.5263157894736843,-0.3358395989974938,5.0,4.0,1.0,21.0,19.0,2.0,0.2,0.25,-0.04999999999999999,0.0,0.25,-0.25,0.0,0.0,0.0,,,,,,,0.0,0.0,0.0,,,,,,,,,,0.4,,,,,,,,,0.0,0.0,0.0
1974-07-03,1974,NED,BRA,2,0,0.8,0.7142857142857143,0.08571428571428574,0.2,0.17142857142857143,0.02857142857142858,2.4,2.5428571428571427,-0.1428571428571428,0.2,0.9714285714285714,-0.7714285714285714,1.0,7.0,-6.0,5.0,35.0,-30.0,0.0,0.42857142857142855,-0.42857142857142855,0.0,0.42857142857142855,-0.42857142857142855,0.0,3.0,-3.0,,,,,,,0.0,0.0,0.0,,,,,,,,,,,,,,,,,,,0.0,0.0,0.0
1974-07-03,1974,POL,GER,0,0,1.0,0.6666666666666666,0.33333333333333337,0.0,0.12121212121212122,-0.12121212121212122,3.0,2.515151515151515,0.48484848484848486,0.8,1.4848484848484849,-0.6848484848484848,1.0,6.0,-5.0,5.0,33.0,-28.0,0.0,0.6666666666666666,-0.6666666666666666,0.0,0.3333333333333333,-0.3333333333333333,0.0,1.0,-1.0,,,,,,,0.0,0.0,0.0,,,,,,,,,,,,,,,,,,,0.0,1.0,-1.0
1974-07-03,1974,BRA,NED,0,0,0.7142857142857143,0.8,-0.08571428571428574,0.17142857142857143,0.2,-0.02857142857142858,2.5428571428571427,2.4,0.1428571428571428,0.9714285714285714,0.2,0.7714285714285714,7.0,1.0,6.0,35.0,5.0,30.0,0.42857142857142855,0.0,0.42857142857142855,0.42857142857142855,0.0,0.42857142857142855,3.0,0.0,3.0,,,,,,,0.0,0.0,0.0,,,,,,,,,,,,,,,,,,,0.0,0.0,0.0
1974-07-03,1974,GER,POL,2,0,0.6666666666666666,1.0,-0.33333333333333337,0.12121212121212122,0.0,0.12121212121212122,2.515151515151515,3.0,-0.48484848484848486,1.4848484848484849,0.8,0.6848484848484848,6.0,1.0,5.0,33.0,5.0,28.0,0.6666666666666666,0.0,0.6666666666666666,0.3333333333333333,0.0,0.3333333333333333,1.0,0.0,1.0,,,,,,,0.0,0.0,0.0,,,,,,,,,,,,,,,,,,,1.0,0.0,1.0
1974-07-06,1974,BRA,POL,0,1,0.6944444444444444,0.8333333333333334,-0.13888888888888895,0.16666666666666666,0.0,0.16666666666666666,2.4722222222222223,2.5,-0.02777777777777768,1.0,0.8333333333333334,0.16666666666666663,7.0,1.0,6.0,36.0,6.0,30.0,0.42857142857142855,0.0,0.42857142857142855,0.42857142857142855,0.0,0.42857142857142855,3.0,0.0,3.0,,,,,,,0.0,0.0,0.0,,,,,,,,,,,,,,,,,,,0.0,0.0,0.0
1974-07-06,1974,POL,BRA,2,1,0.8333333333333334,0.6944444444444444,0.13888888888888895,0.0,0.16666666666666666,-0.16666666666666666,2.5,2.4722222222222223,0.02777777777777768,0.8333333333333334,1.0,-0.16666666666666663,1.0,7.0,-6.0,6.0,36.0,-30.0,0.0,0.42857142857142855,-0.42857142857142855,0.0,0.42857142857142855,-0.42857142857142855,0.0,3.0,-3.0,,,,,,,0.0,0.0,0.0,,,,,,,,,,,,,,,,,,,0.0,0.0,0.0
1974-07-07,1974,NED,GER,0,1,0.8333333333333334,0.6764705882352942,0.1568627450980392,0.16666666666666666,0.11764705882352941,0.04901960784313725,2.3333333333333335,2.4705882352941178,-0.13725490196078427,0.16666666666666666,1.4411764705882353,-1.2745098039215685,1.0,6.0,-5.0,6.0,34.0,-28.0,0.0,0.6666666666666666,-0.6666666666666666,0.0,0.3333333333333333,-0.3333333333333333,0.0,1.0,-1.0,,,,,,,0.0,0.0,0.0,,,,,,,,,,,,,,,,,,,0.0,1.0,-1.0
1974-07-07,1974,GER,NED,2,1,0.6764705882352942,0.8333333333333334,-0.1568627450980392,0.11764705882352941,0.16666666666666666,-0.04901960784313725,2.4705882352941178,2.3333333333333335,0.13725490196078427,1.4411764705882353,0.16666666666666666,1.2745098039215685,6.0,1.0,5.0,34.0,6.0,28.0,0.6666666666666666,0.0,0.6666666666666666,0.3333333333333333,0.0,0.3333333333333333,1.0,0.0,1.0,,,,,,,0.0,0.0,0.0,,,,,,,,,,,,,,,,,,,1.0,0.0,1.0
1978-06-01,1978,GER,POL,1,0,0.6857142857142857,0.8571428571428571,-0.17142857142857137,0.11428571428571428,0.0,0.11428571428571428,2.4571428571428573,2.2857142857142856,0.1714285714285717,1.4285714285714286,0.7142857142857143,0.7142857142857143,6.0,1.0,5.0,35.0,7.0,28.0,0.8333333333333334,1.0,-0.16666666666666663,0.5,0.0,0.5,2.0,0.0,2.0,,,,,,,0.0,0.0,0.0,,,,,,,,,,,,,,,,,,,0.0,0.0,0.0
1978-06-01,1978,POL,GER,1,0,0.8571428571428571,0.6857142857142857,0.17142857142857137,0.0,0.11428571428571428,-0.11428571428571428,2.2857142857142856,2.4571428571428573,-0.1714285714285717,0.7142857142857143,1.4285714285714286,-0.7142857142857143,1.0,6.0,-5.0,7.0,35.0,-28.0,1.0,0.8333333333333334,0.16666666666666663,0.0,0.5,-0.5,0.0,2.0,-2.0,,,,,,,0.0,0.0,0.0,,,,,,,,,,,,,,,,,,,0.0,0.0,0.0
1978-06-02,1978,ITA,FRA,2,0,0.4,0.45454545454545453,-0.05454545454545451,0.2,0.09090909090909091,0.1090909090909091,1.5,2.5454545454545454,-1.0454545454545454,1.3,2.090909090909091,-0.7909090909090908,6.0,3.0,3.0,20.0,11.0,9.0,0.16666666666666666,0.3333333333333333,-0.16666666666666666,0.16666666666666666,0.0,0.16666666666666666,2.0,0.0,2.0,,,,,,,0.0,0.0,0.0,,,,,,,,,,0.3333333333333333,0.0,0.3333333333333333,,,,,,,0.0,0.0,0.0
1978-06-02,1978,FRA,ITA,0,0,0.45454545454545453,0.4,0.05454545454545451,0.09090909090909091,0.2,-0.1090909090909091,2.5454545454545454,1.5,1.0454545454545454,2.090909090909091,1.3,0.7909090909090908,3.0,6.0,-3.0,11.0,20.0,-9.0,0.3333333333333333,0.16666666666666666,0.16666666666666666,0.0,0.16666666666666666,-0.16666666666666666,0.0,2.0,-2.0,,,,,,,0.0,0.0,0.0,,,,,,,,,,0.0,0.3333333333333333,-0.3333333333333333,,,,,,,0.0,0.0,0.0
1978-06-02,1978,TUN,MEX,2,0,,0.16666666666666666,,,0.2222222222222222,,,0.8333333333333334,,,2.0555555555555554,,0.0,6.0,-6.0,0.0,18.0,-18.0,,0.0,,,0.0,,0.0,0.0,0.0,,,,,,,0.0,0.0,0.0,,,,,,,,,,,,,,,,0.4,,,0.0,0.0,0.0
1978-06-02,1978,ARG,HUN,2,0,0.3125,0.5294117647058824,-0.21691176470588236,0.25,0.11764705882352941,0.1323529411764706,1.25,2.9411764705882355,-1.6911764705882355,1.6875,1.4705882352941178,0.21691176470588225,4.0,4.0,0.0,16.0,17.0,-1.0,0.0,0.25,-0.25,0.0,0.25,-0.25,0.0,0.0,0.0,,,,,,,0.0,0.0,0.0,,,,,,,,,,,0.0,,,,,,,,1.0,0.0,1.0
1978-06-02,1978,HUN,ARG,0,0,0.5294117647058824,0.3125,0.21691176470588236,0.11764705882352941,0.25,-0.1323529411764706,2.9411764705882355,1.25,1.6911764705882355,1.4705882352941178,1.6875,-0.21691176470588225,4.0,4.0,0.0,17.0,16.0,1.0,0.25,0.0,0.25,0.25,0.0,0.25,0.0,0.0,0.0,,,,,,,0.0,0.0,0.0,,,,,,,,,,0.0,,,,,,,,,0.0,1.0,-1.0
1978-06-02,1978,MEX,TUN,0,0,0.16666666666666666,,,0.2222222222222222,,,0.8333333333333334,,,2.0555555555555554,,,6.0,0.0,6.0,18.0,0.0,18.0,0.0,,,0.0,,,0.0,0.0,0.0,,,,,,,0.0,0.0,0.0,,,,,,,,,,,,,,,,,0.4,,0.0,0.0,0.0
1978-06-03,1978,NED,IRN,2,0,0.7142857142857143,,,0.14285714285714285,,,2.142857142857143,,,0.42857142857142855,,,1.0,0.0,1.0,7.0,0.0,7.0,1.0,,,1.0,,,0.0,0.0,0.0,,,,,,,0.0,0.0,0.0,,,,,,,,,,0.0,,,,,,,,,0.0,0.0,0.0
1978-06-03,1978,IRN,NED,0,0,,0.7142857142857143,,,0.14285714285714285,,,2.142857142857143,,,0.42857142857142855,,0.0,1.0,-1.0,0.0,7.0,-7.0,,1.0,,,1.0,,0.0,0.0,0.0,,,,,,,0.0,0.0,0.0,,,,,,,,,,,0.0,,,,,,,,0.0,0.0,0.0
1978-06-03,1978,PER,SCO,2,0,0.5,0.125,0.375,0.0,0.375,-0.375,2.25,0.875,1.375,2.25,1.875,0.375,1.0,3.0,-2.0,4.0,8.0,-4.0,0.0,0.0,0.0,0.0,0.0,0.0,0.0,0.0,0.0,,,,,,,0.0,0.0,0.0,,,,,,,,,,,,,,,,,,,0.0,0.0,0.0
1978-06-03,1978,SCO,PER,0,0,0.125,0.5,-0.375,0.375,0.0,0.375,0.875,2.25,-1.375,1.875,2.25,-0.375,3.0,1.0,2.0,8.0,4.0,4.0,0.0,0.0,0.0,0.0,0.0,0.0,0.0,0.0,0.0,,,,,,,0.0,0.0,0.0,,,,,,,,,,,,,,,,,,,0.0,0.0,0.0
1978-06-03,1978,AUT,ESP,2,0,0.5,0.4166666666666667,0.08333333333333331,0.125,0.08333333333333333,0.04166666666666667,2.375,1.3333333333333333,1.0416666666666667,2.375,1.6666666666666667,0.7083333333333333,2.0,3.0,-1.0,8.0,12.0,-4.0,0.5,0.0,0.5,0.0,0.0,0.0,0.0,0.0,0.0,,,,,,,0.0,0.0,0.0,,,,,,,,,,,0.5,,,,,,,,0.0,0.0,0.0
1978-06-03,1978,ESP,AUT,0,0,0.4166666666666667,0.5,-0.08333333333333331,0.08333333333333333,0.125,-0.04166666666666667,1.3333333333333333,2.375,-1.0416666666666667,1.6666666666666667,2.375,-0.7083333333333333,3.0,2.0,1.0,12.0,8.0,4.0,0.0,0.5,-0.5,0.0,0.0,0.0,0.0,0.0,0.0,,,,,,,0.0,0.0,0.0,,,,,,,,,,0.5,,,,,,,,,0.0,0.0,0.0
1978-06-03,1978,SWE,BRA,1,0,0.45,0.6756756756756757,-0.22567567567567565,0.25,0.16216216216216217,0.08783783783783783,1.6,2.4054054054054053,-0.8054054054054052,1.5,1.0,0.5,4.0,7.0,-3.0,20.0,37.0,-17.0,0.25,0.5714285714285714,-0.3214285714285714,0.25,0.42857142857142855,-0.17857142857142855,0.0,3.0,-3.0,,,,,,,0.0,0.0,0.0,,,,,,,,,,,,,,,,,,,0.0,0.0,0.0
1978-06-03,1978,BRA,SWE,1,0,0.6756756756756757,0.45,0.22567567567567565,0.16216216216216217,0.25,-0.08783783783783783,2.4054054054054053,1.6,0.8054054054054052,1.0,1.5,-0.5,7.0,4.0,3.0,37.0,20.0,17.0,0.5714285714285714,0.25,0.3214285714285714,0.42857142857142855,0.25,0.17857142857142855,3.0,0.0,3.0,,,,,,,0.0,0.0,0.0,,,,,,,,,,,,,,,,,,,0.0,0.0,0.0
1978-06-06,1978,ARG,FRA,2,0,0.35294117647058826,0.4166666666666667,-0.06372549019607843,0.23529411764705882,0.08333333333333333,0.1519607843137255,1.2941176470588236,2.4166666666666665,-1.122549019607843,1.6470588235294117,2.0833333333333335,-0.4362745098039218,5.0,4.0,1.0,17.0,12.0,5.0,0.0,0.25,-0.25,0.0,0.0,0.0,0.0,0.0,0.0,,,,,,,0.0,0.0,0.0,,,,,,,,,,,0.0,,,,,,,,1.0,0.0,1.0
1978-06-06,1978,FRA,ARG,0,0,0.4166666666666667,0.35294117647058826,0.06372549019607843,0.08333333333333333,0.23529411764705882,-0.1519607843137255,2.4166666666666665,1.2941176470588236,1.122549019607843,2.0833333333333335,1.6470588235294117,0.4362745098039218,4.0,5.0,-1.0,12.0,17.0,-5.0,0.25,0.0,0.25,0.0,0.0,0.0,0.0,0.0,0.0,,,,,,,0.0,0.0,0.0,,,,,,,,,,0.0,,,,,,,,,0.0,1.0,-1.0
1978-06-06,1978,POL,TUN,2,0,0.75,1.0,-0.25,0.125,0.0,0.125,2.0,3.0,-1.0,0.625,1.0,-0.375,2.0,1.0,1.0,8.0,1.0,7.0,0.5,0.0,0.5,0.0,0.0,0.0,0.0,0.0,0.0,,,,,,,0.0,0.0,0.0,,,,,,,,,,,,,,,,,0.4,,0.0,0.0,0.0
1978-06-06,1978,TUN,POL,0,0,1.0,0.75,0.25,0.0,0.125,-0.125,3.0,2.0,1.0,1.0,0.625,0.375,1.0,2.0,-1.0,1.0,8.0,-7.0,0.0,0.5,-0.5,0.0,0.0,0.0,0.0,0.0,0.0,,,,,,,0.0,0.0,0.0,,,,,,,,,,,,,,,,0.4,,,0.0,0.0,0.0
1978-06-06,1978,ITA,HUN,2,0,0.42857142857142855,0.5,-0.07142857142857145,0.19047619047619047,0.1111111111111111,0.07936507936507936,1.5238095238095237,2.8333333333333335,-1.3095238095238098,1.2857142857142858,1.5,-0.2142857142857142,7.0,5.0,2.0,21.0,18.0,3.0,0.14285714285714285,0.2,-0.05714285714285716,0.14285714285714285,0.2,-0.05714285714285716,2.0,0.0,2.0,,,,,,,0.0,0.0,0.0,,,,,,,,,,0.3333333333333333,0.0,0.3333333333333333,,,,,,,0.0,0.0,0.0
1978-06-06,1978,HUN,ITA,0,0,0.5,0.42857142857142855,0.07142857142857145,0.1111111111111111,0.19047619047619047,-0.07936507936507936,2.8333333333333335,1.5238095238095237,1.3095238095238098,1.5,1.2857142857142858,0.2142857142857142,5.0,7.0,-2.0,18.0,21.0,-3.0,0.2,0.14285714285714285,0.05714285714285716,0.2,0.14285714285714285,0.05714285714285716,0.0,2.0,-2.0,,,,,,,0.0,0.0,0.0,,,,,,,,,,0.0,0.3333333333333333,-0.3333333333333333,,,,,,,0.0,0.0,0.0
1978-06-06,1978,GER,MEX,2,0,0.6666666666666666,0.15789473684210525,0.5087719298245614,0.1388888888888889,0.21052631578947367,-0.07163742690058478,2.388888888888889,0.8421052631578947,1.5467836257309941,1.3888888888888888,2.1052631578947367,-0.7163742690058479,7.0,7.0,0.0,36.0,19.0,17.0,0.7142857142857143,0.0,0.7142857142857143,0.42857142857142855,0.0,0.42857142857142855,2.0,0.0,2.0,,,,,,,0.0,0.0,0.0,,,,,,,,,,,,,,,,,,,0.0,0.0,0.0
1978-06-06,1978,MEX,GER,0,0,0.15789473684210525,0.6666666666666666,-0.5087719298245614,0.21052631578947367,0.1388888888888889,0.07163742690058478,0.8421052631578947,2.388888888888889,-1.5467836257309941,2.1052631578947367,1.3888888888888888,0.7163742690058479,7.0,7.0,0.0,19.0,36.0,-17.0,0.0,0.7142857142857143,-0.7142857142857143,0.0,0.42857142857142855,-0.42857142857142855,0.0,2.0,-2.0,,,,,,,0.0,0.0,0.0,,,,,,,,,,,,,,,,,,,0.0,0.0,0.0
1978-06-07,1978,BRA,ESP,1,0,0.6578947368421053,0.38461538461538464,0.2732793522267207,0.18421052631578946,0.07692307692307693,0.10728744939271254,2.3684210526315788,1.3076923076923077,1.060728744939271,1.0,1.6923076923076923,-0.6923076923076923,8.0,4.0,4.0,38.0,13.0,25.0,0.5,0.0,0.5,0.375,0.0,0.375,3.0,0.0,3.0,,,,,,,0.0,0.0,0.0,,,,,,,,,,,0.5,,,,,,,,0.0,0.0,0.0
1978-06-07,1978,NED,PER,1,0,0.75,0.6,0.15000000000000002,0.125,0.0,0.125,2.25,2.4,-0.1499999999999999,0.375,2.0,-1.625,2.0,2.0,0.0,8.0,5.0,3.0,0.5,0.0,0.5,0.5,0.0,0.5,0.0,0.0,0.0,,,,,,,0.0,0.0,0.0,,,,,,,,,,0.0,,,,,,,,,0.0,0.0,0.0
1978-06-07,1978,PER,NED,1,0,0.6,0.75,-0.15000000000000002,0.0,0.125,-0.125,2.4,2.25,0.1499999999999999,2.0,0.375,1.625,2.0,2.0,0.0,5.0,8.0,-3.0,0.0,0.5,-0.5,0.0,0.5,-0.5,0.0,0.0,0.0,,,,,,,0.0,0.0,0.0,,,,,,,,,,,0.0,,,,,,,,0.0,0.0,0.0
1978-06-07,1978,ESP,BRA,1,0,0.38461538461538464,0.6578947368421053,-0.2732793522267207,0.07692307692307693,0.18421052631578946,-0.10728744939271254,1.3076923076923077,2.3684210526315788,-1.060728744939271,1.6923076923076923,1.0,0.6923076923076923,4.0,8.0,-4.0,13.0,38.0,-25.0,0.0,0.5,-0.5,0.0,0.375,-0.375,0.0,3.0,-3.0,,,,,,,0.0,0.0,0.0,,,,,,,,,,0.5,,,,,,,,,0.0,0.0,0.0
1978-06-07,1978,SCO,IRN,1,0,0.1111111111111111,0.0,0.1111111111111111,0.3333333333333333,0.0,0.3333333333333333,0.8888888888888888,0.0,0.8888888888888888,2.0,3.0,-1.0,4.0,1.0,3.0,9.0,1.0,8.0,0.0,0.0,0.0,0.0,0.0,0.0,0.0,0.0,0.0,,,,,,,0.0,0.0,0.0,,,,,,,,,,,,,,,,,,,0.0,0.0,0.0
1978-06-07,1978,AUT,SWE,2,0,0.5555555555555556,0.42857142857142855,0.12698412698412703,0.1111111111111111,0.2857142857142857,-0.1746031746031746,2.3333333333333335,1.5714285714285714,0.7619047619047621,2.2222222222222223,1.4761904761904763,0.746031746031746,3.0,5.0,-2.0,9.0,21.0,-12.0,0.3333333333333333,0.2,0.1333333333333333,0.0,0.2,-0.2,0.0,0.0,0.0,,,,,,,0.0,0.0,0.0,,,,,,,,,,,,,,,,,,,0.0,0.0,0.0
1978-06-07,1978,SWE,AUT,0,0,0.42857142857142855,0.5555555555555556,-0.12698412698412703,0.2857142857142857,0.1111111111111111,0.1746031746031746,1.5714285714285714,2.3333333333333335,-0.7619047619047621,1.4761904761904763,2.2222222222222223,-0.746031746031746,5.0,3.0,2.0,21.0,9.0,12.0,0.2,0.3333333333333333,-0.1333333333333333,0.2,0.0,0.2,0.0,0.0,0.0,,,,,,,0.0,0.0,0.0,,,,,,,,,,,,,,,,,,,0.0,0.0,0.0
1978-06-07,1978,IRN,SCO,1,0,0.0,0.1111111111111111,-0.1111111111111111,0.0,0.3333333333333333,-0.3333333333333333,0.0,0.8888888888888888,-0.8888888888888888,3.0,2.0,1.0,1.0,4.0,-3.0,1.0,9.0,-8.0,0.0,0.0,0.0,0.0,0.0,0.0,0.0,0.0,0.0,,,,,,,0.0,0.0,0.0,,,,,,,,,,,,,,,,,,,0.0,0.0,0.0
1978-06-10,1978,GER,TUN,1,0,0.6756756756756757,0.5,0.17567567567567566,0.13513513513513514,0.0,0.13513513513513514,2.4864864864864864,1.5,0.9864864864864864,1.3513513513513513,1.0,0.3513513513513513,7.0,1.0,6.0,37.0,2.0,35.0,0.7142857142857143,0.0,0.7142857142857143,0.42857142857142855,0.0,0.42857142857142855,2.0,0.0,2.0,,,,,,,0.0,0.0,0.0,,,,,,,,,,,,,,,,,0.4,,0.0,0.0,0.0
1978-06-10,1978,TUN,GER,1,0,0.5,0.6756756756756757,-0.17567567567567566,0.0,0.13513513513513514,-0.13513513513513514,1.5,2.4864864864864864,-0.9864864864864864,1.0,1.3513513513513513,-0.3513513513513513,1.0,7.0,-6.0,2.0,37.0,-35.0,0.0,0.7142857142857143,-0.7142857142857143,0.0,0.42857142857142855,-0.42857142857142855,0.0,2.0,-2.0,,,,,,,0.0,0.0,0.0,,,,,,,,,,,,,,,,0.4,,,0.0,0.0,0.0
1978-06-10,1978,FRA,HUN,2,0,0.38461538461538464,0.47368421052631576,-0.08906882591093113,0.07692307692307693,0.10526315789473684,-0.02834008097165991,2.3076923076923075,2.736842105263158,-0.4291497975708505,2.076923076923077,1.5789473684210527,0.49797570850202444,4.0,5.0,-1.0,13.0,19.0,-6.0,0.25,0.2,0.04999999999999999,0.0,0.2,-0.2,0.0,0.0,0.0,,,,,,,0.0,0.0,0.0,,,,,,,,,,0.0,0.0,0.0,,,,,,,0.0,0.0,0.0
1978-06-10,1978,HUN,FRA,0,0,0.47368421052631576,0.38461538461538464,0.08906882591093113,0.10526315789473684,0.07692307692307693,0.02834008097165991,2.736842105263158,2.3076923076923075,0.4291497975708505,1.5789473684210527,2.076923076923077,-0.49797570850202444,5.0,4.0,1.0,19.0,13.0,6.0,0.2,0.25,-0.04999999999999999,0.2,0.0,0.2,0.0,0.0,0.0,,,,,,,0.0,0.0,0.0,,,,,,,,,,0.0,0.0,0.0,,,,,,,0.0,0.0,0.0
1978-06-10,1978,ITA,ARG,2,0,0.45454545454545453,0.3888888888888889,0.06565656565656564,0.18181818181818182,0.2222222222222222,-0.04040404040404039,1.5909090909090908,1.3333333333333333,0.25757575757575757,1.2727272727272727,1.6111111111111112,-0.33838383838383845,7.0,5.0,2.0,22.0,18.0,4.0,0.14285714285714285,0.0,0.14285714285714285,0.14285714285714285,0.0,0.14285714285714285,2.0,0.0,2.0,,,,,,,0.0,0.0,0.0,,,,,,,,,,0.3333333333333333,,,,,,,,,0.0,1.0,-1.0
1978-06-10,1978,ARG,ITA,0,0,0.3888888888888889,0.45454545454545453,-0.06565656565656564,0.2222222222222222,0.18181818181818182,0.04040404040404039,1.3333333333333333,1.5909090909090908,-0.25757575757575757,1.6111111111111112,1.2727272727272727,0.33838383838383845,5.0,7.0,-2.0,18.0,22.0,-4.0,0.0,0.14285714285714285,-0.14285714285714285,0.0,0.14285714285714285,-0.14285714285714285,0.0,2.0,-2.0,,,,,,,0.0,0.0,0.0,,,,,,,,,,,0.3333333333333333,,,,,,,,1.0,0.0,1.0
1978-06-10,1978,POL,MEX,2,0,0.7777777777777778,0.15,0.6277777777777778,0.1111111111111111,0.2,-0.0888888888888889,1.8888888888888888,0.8,1.0888888888888888,0.5555555555555556,2.3,-1.7444444444444442,2.0,7.0,-5.0,9.0,20.0,-11.0,0.5,0.0,0.5,0.0,0.0,0.0,0.0,0.0,0.0,,,,,,,0.0,0.0,0.0,,,,,,,,,,,,,,,,,,,0.0,0.0,0.0
1978-06-10,1978,MEX,POL,0,0,0.15,0.7777777777777778,-0.6277777777777778,0.2,0.1111111111111111,0.0888888888888889,0.8,1.8888888888888888,-1.0888888888888888,2.3,0.5555555555555556,1.7444444444444442,7.0,2.0,5.0,20.0,9.0,11.0,0.0,0.5,-0.5,0.0,0.0,0.0,0.0,0.0,0.0,,,,,,,0.0,0.0,0.0,,,,,,,,,,,,,,,,,,,0.0,0.0,0.0
1978-06-11,1978,ESP,SWE,2,0,0.35714285714285715,0.4090909090909091,-0.051948051948051965,0.14285714285714285,0.2727272727272727,-0.12987012987012986,1.2142857142857142,1.5,-0.2857142857142858,1.5714285714285714,1.4545454545454546,0.11688311688311681,4.0,5.0,-1.0,14.0,22.0,-8.0,0.0,0.2,-0.2,0.0,0.2,-0.2,0.0,0.0,0.0,,,,,,,0.0,0.0,0.0,,,,,,,,,,0.5,,,,,,,,,0.0,0.0,0.0
1978-06-11,1978,BRA,AUT,2,0,0.6410256410256411,0.6,0.0410256410256411,0.20512820512820512,0.1,0.10512820512820512,2.3076923076923075,2.2,0.10769230769230731,0.9743589743589743,2.0,-1.0256410256410255,8.0,3.0,5.0,39.0,10.0,29.0,0.5,0.3333333333333333,0.16666666666666669,0.375,0.0,0.375,3.0,0.0,3.0,,,,,,,0.0,0.0,0.0,,,,,,,,,,,,,,,,,,,0.0,0.0,0.0
1978-06-11,1978,SWE,ESP,0,0,0.4090909090909091,0.35714285714285715,0.051948051948051965,0.2727272727272727,0.14285714285714285,0.12987012987012986,1.5,1.2142857142857142,0.2857142857142858,1.4545454545454546,1.5714285714285714,-0.11688311688311681,5.0,4.0,1.0,22.0,14.0,8.0,0.2,0.0,0.2,0.2,0.0,0.2,0.0,0.0,0.0,,,,,,,0.0,0.0,0.0,,,,,,,,,,,0.5,,,,,,,,0.0,0.0,0.0
1978-06-11,1978,AUT,BRA,0,0,0.6,0.6410256410256411,-0.0410256410256411,0.1,0.20512820512820512,-0.10512820512820512,2.2,2.3076923076923075,-0.10769230769230731,2.0,0.9743589743589743,1.0256410256410255,3.0,8.0,-5.0,10.0,39.0,-29.0,0.3333333333333333,0.5,-0.16666666666666669,0.0,0.375,-0.375,0.0,3.0,-3.0,,,,,,,0.0,0.0,0.0,,,,,,,,,,,,,,,,,,,0.0,0.0,0.0
1978-06-11,1978,PER,IRN,2,0,0.5,0.0,0.5,0.16666666666666666,0.5,-0.33333333333333337,2.0,0.5,1.5,1.6666666666666667,2.0,-0.33333333333333326,2.0,1.0,1.0,6.0,2.0,4.0,0.0,0.0,0.0,0.0,0.0,0.0,0.0,0.0,0.0,,,,,,,0.0,0.0,0.0,,,,,,,,,,,,,,,,,,,0.0,0.0,0.0
1978-06-11,1978,SCO,NED,2,0,0.1,0.6666666666666666,-0.5666666666666667,0.4,0.2222222222222222,0.1777777777777778,0.9,2.0,-1.1,1.9,0.3333333333333333,1.5666666666666667,4.0,2.0,2.0,10.0,9.0,1.0,0.0,0.5,-0.5,0.0,0.5,-0.5,0.0,0.0,0.0,,,,,,,0.0,0.0,0.0,,,,,,,,,,,0.0,,,,,,,,0.0,0.0,0.0
1978-06-11,1978,NED,SCO,0,0,0.6666666666666666,0.1,0.5666666666666667,0.2222222222222222,0.4,-0.1777777777777778,2.0,0.9,1.1,0.3333333333333333,1.9,-1.5666666666666667,2.0,4.0,-2.0,9.0,10.0,-1.0,0.5,0.0,0.5,0.5,0.0,0.5,0.0,0.0,0.0,,,,,,,0.0,0.0,0.0,,,,,,,,,,0.0,,,,,,,,,0.0,0.0,0.0
1978-06-11,1978,IRN,PER,0,0,0.0,0.5,-0.5,0.5,0.16666666666666666,0.33333333333333337,0.5,2.0,-1.5,2.0,1.6666666666666667,0.33333333333333326,1.0,2.0,-1.0,2.0,6.0,-4.0,0.0,0.0,0.0,0.0,0.0,0.0,0.0,0.0,0.0,,,,,,,0.0,0.0,0.0,,,,,,,,,,,,,,,,,,,0.0,0.0,0.0
1978-06-14,1978,ARG,POL,2,0,0.3684210526315789,0.8,-0.4315789473684211,0.21052631578947367,0.1,0.11052631578947367,1.263157894736842,2.0,-0.736842105263158,1.5789473684210527,0.6,0.9789473684210527,5.0,2.0,3.0,19.0,10.0,9.0,0.0,0.5,-0.5,0.0,0.0,0.0,0.0,0.0,0.0,,,,,,,0.0,0.0,0.0,,,,,,,,,,,,,,,,,,,1.0,0.0,1.0
1978-06-14,1978,POL,ARG,0,0,0.8,0.3684210526315789,0.4315789473684211,0.1,0.21052631578947367,-0.11052631578947367,2.0,1.263157894736842,0.736842105263158,0.6,1.5789473684210527,-0.9789473684210527,2.0,5.0,-3.0,10.0,19.0,-9.0,0.5,0.0,0.5,0.0,0.0,0.0,0.0,0.0,0.0,,,,,,,0.0,0.0,0.0,,,,,,,,,,,,,,,,,,,0.0,1.0,-1.0
1978-06-14,1978,BRA,PER,2,0,0.65,0.5714285714285714,0.07857142857142863,0.2,0.14285714285714285,0.05714285714285716,2.275,2.2857142857142856,-0.010714285714285676,0.95,1.5714285714285714,-0.6214285714285714,8.0,2.0,6.0,40.0,7.0,33.0,0.5,0.0,0.5,0.375,0.0,0.375,3.0,0.0,3.0,,,,,,,0.0,0.0,0.0,,,,,,,,,,,,,,,,,,,0.0,0.0,0.0
1978-06-14,1978,PER,BRA,0,0,0.5714285714285714,0.65,-0.07857142857142863,0.14285714285714285,0.2,-0.05714285714285716,2.2857142857142856,2.275,0.010714285714285676,1.5714285714285714,0.95,0.6214285714285714,2.0,8.0,-6.0,7.0,40.0,-33.0,0.0,0.5,-0.5,0.0,0.375,-0.375,0.0,3.0,-3.0,,,,,,,0.0,0.0,0.0,,,,,,,,,,,,,,,,,,,0.0,0.0,0.0
1978-06-14,1978,GER,ITA,1,0,0.6578947368421053,0.4782608695652174,0.1796338672768879,0.15789473684210525,0.17391304347826086,-0.01601830663615561,2.4210526315789473,1.565217391304348,0.8558352402745995,1.3157894736842106,1.2173913043478262,0.09839816933638446,7.0,7.0,0.0,38.0,23.0,15.0,0.7142857142857143,0.14285714285714285,0.5714285714285714,0.42857142857142855,0.14285714285714285,0.2857142857142857,2.0,2.0,0.0,,,,,,,0.0,0.0,0.0,,,,,,,,,,,0.3333333333333333,,,,,,,,0.0,0.0,0.0
1978-06-14,1978,ITA,GER,1,0,0.4782608695652174,0.6578947368421053,-0.1796338672768879,0.17391304347826086,0.15789473684210525,0.01601830663615561,1.565217391304348,2.4210526315789473,-0.8558352402745995,1.2173913043478262,1.3157894736842106,-0.09839816933638446,7.0,7.0,0.0,23.0,38.0,-15.0,0.14285714285714285,0.7142857142857143,-0.5714285714285714,0.14285714285714285,0.42857142857142855,-0.2857142857142857,2.0,2.0,0.0,,,,,,,0.0,0.0,0.0,,,,,,,,,,0.3333333333333333,,,,,,,,,0.0,0.0,0.0
1978-06-14,1978,NED,AUT,2,0,0.6,0.5454545454545454,0.054545454545454564,0.2,0.09090909090909091,0.1090909090909091,2.0,2.0,0.0,0.6,1.9090909090909092,-1.309090909090909,2.0,3.0,-1.0,10.0,11.0,-1.0,0.5,0.3333333333333333,0.16666666666666669,0.5,0.0,0.5,0.0,0.0,0.0,,,,,,,0.0,0.0,0.0,,,,,,,,,,0.0,,,,,,,,,0.0,0.0,0.0
1978-06-14,1978,AUT,NED,0,0,0.5454545454545454,0.6,-0.054545454545454564,0.09090909090909091,0.2,-0.1090909090909091,2.0,2.0,0.0,1.9090909090909092,0.6,1.309090909090909,3.0,2.0,1.0,11.0,10.0,1.0,0.3333333333333333,0.5,-0.16666666666666669,0.0,0.5,-0.5,0.0,0.0,0.0,,,,,,,0.0,0.0,0.0,,,,,,,,,,,0.0,,,,,,,,0.0,0.0,0.0
1978-06-18,1978,ARG,BRA,1,0,0.4,0.6585365853658537,-0.25853658536585367,0.2,0.1951219512195122,0.004878048780487809,1.3,2.292682926829268,-0.9926829268292681,1.5,0.926829268292683,0.573170731707317,5.0,8.0,-3.0,20.0,41.0,-21.0,0.0,0.5,-0.5,0.0,0.375,-0.375,0.0,3.0,-3.0,,,,,,,0.0,0.0,0.0,,,,,,,,,,,,,,,,,,,1.0,0.0,1.0
1978-06-18,1978,BRA,ARG,1,0,0.6585365853658537,0.4,0.25853658536585367,0.1951219512195122,0.2,-0.004878048780487809,2.292682926829268,1.3,0.9926829268292681,0.926829268292683,1.5,-0.573170731707317,8.0,5.0,3.0,41.0,20.0,21.0,0.5,0.0,0.5,0.375,0.0,0.375,3.0,0.0,3.0,,,,,,,0.0,0.0,0.0,,,,,,,,,,,,,,,,,,,0.0,1.0,-1.0
1978-06-18,1978,GER,NED,1,0,0.6410256410256411,0.6363636363636364,0.004662004662004726,0.1794871794871795,0.18181818181818182,-0.0023310023310023353,2.358974358974359,2.272727272727273,0.0862470862470861,1.2820512820512822,0.6363636363636364,0.6456876456876458,7.0,2.0,5.0,39.0,11.0,28.0,0.7142857142857143,0.5,0.2142857142857143,0.42857142857142855,0.5,-0.07142857142857145,2.0,0.0,2.0,,,,,,,0.0,0.0,0.0,,,,,,,,,,,0.0,,,,,,,,0.0,0.0,0.0
1978-06-18,1978,NED,GER,1,0,0.6363636363636364,0.6410256410256411,-0.004662004662004726,0.18181818181818182,0.1794871794871795,0.0023310023310023353,2.272727272727273,2.358974358974359,-0.0862470862470861,0.6363636363636364,1.2820512820512822,-0.6456876456876458,2.0,7.0,-5.0,11.0,39.0,-28.0,0.5,0.7142857142857143,-0.2142857142857143,0.5,0.42857142857142855,0.07142857142857145,0.0,2.0,-2.0,,,,,,,0.0,0.0,0.0,,,,,,,,,,0.0,,,,,,,,,0.0,0.0,0.0
1978-06-18,1978,ITA,AUT,2,0,0.4583333333333333,0.5,-0.041666666666666685,0.20833333333333334,0.08333333333333333,0.125,1.5,1.9166666666666667,-0.41666666666666674,1.1666666666666667,2.1666666666666665,-0.9999999999999998,7.0,3.0,4.0,24.0,12.0,12.0,0.14285714285714285,0.3333333333333333,-0.19047619047619047,0.14285714285714285,0.0,0.14285714285714285,2.0,0.0,2.0,,,,,,,0.0,0.0,0.0,,,,,,,,,,0.3333333333333333,,,,,,,,,0.0,0.0,0.0
1978-06-18,1978,POL,PER,2,0,0.7272727272727273,0.5,0.2272727272727273,0.09090909090909091,0.125,-0.03409090909090909,1.8181818181818181,2.0,-0.18181818181818188,0.7272727272727273,1.75,-1.0227272727272727,2.0,2.0,0.0,11.0,8.0,3.0,0.5,0.0,0.5,0.0,0.0,0.0,0.0,0.0,0.0,,,,,,,0.0,0.0,0.0,,,,,,,,,,,,,,,,,,,0.0,0.0,0.0
1978-06-18,1978,PER,POL,0,0,0.5,0.7272727272727273,-0.2272727272727273,0.125,0.09090909090909091,0.03409090909090909,2.0,1.8181818181818181,0.18181818181818188,1.75,0.7272727272727273,1.0227272727272727,2.0,2.0,0.0,8.0,11.0,-3.0,0.0,0.5,-0.5,0.0,0.0,0.0,0.0,0.0,0.0,,,,,,,0.0,0.0,0.0,,,,,,,,,,,,,,,,,,,0.0,0.0,0.0
1978-06-18,1978,AUT,ITA,0,0,0.5,0.4583333333333333,0.041666666666666685,0.08333333333333333,0.20833333333333334,-0.125,1.9166666666666667,1.5,0.41666666666666674,2.1666666666666665,1.1666666666666667,0.9999999999999998,3.0,7.0,-4.0,12.0,24.0,-12.0,0.3333333333333333,0.14285714285714285,0.19047619047619047,0.0,0.14285714285714285,-0.14285714285714285,0.0,2.0,-2.0,,,,,,,0.0,0.0,0.0,,,,,,,,,,,0.3333333333333333,,,,,,,,0.0,0.0,0.0
1978-06-21,1978,ARG,PER,2,0,0.38095238095238093,0.4444444444444444,-0.06349206349206349,0.23809523809523808,0.1111111111111111,0.12698412698412698,1.2380952380952381,1.7777777777777777,-0.5396825396825395,1.4285714285714286,1.6666666666666667,-0.23809523809523814,5.0,2.0,3.0,21.0,9.0,12.0,0.0,0.0,0.0,0.0,0.0,0.0,0.0,0.0,0.0,,,,,,,0.0,0.0,0.0,,,,,,,,,,,,,,,,,,,1.0,0.0,1.0
1978-06-21,1978,PER,ARG,0,0,0.4444444444444444,0.38095238095238093,0.06349206349206349,0.1111111111111111,0.23809523809523808,-0.12698412698412698,1.7777777777777777,1.2380952380952381,0.5396825396825395,1.6666666666666667,1.4285714285714286,0.23809523809523814,2.0,5.0,-3.0,9.0,21.0,-12.0,0.0,0.0,0.0,0.0,0.0,0.0,0.0,0.0,0.0,,,,,,,0.0,0.0,0.0,,,,,,,,,,,,,,,,,,,0.0,1.0,-1.0
1978-06-21,1978,BRA,POL,2,0,0.6428571428571429,0.75,-0.1071428571428571,0.21428571428571427,0.08333333333333333,0.13095238095238093,2.238095238095238,1.75,0.48809523809523814,0.9047619047619048,0.6666666666666666,0.23809523809523814,8.0,2.0,6.0,42.0,12.0,30.0,0.5,0.5,0.0,0.375,0.0,0.375,3.0,0.0,3.0,,,,,,,0.0,0.0,0.0,,,,,,,,,,,,,,,,,,,0.0,0.0,0.0
1978-06-21,1978,POL,BRA,0,0,0.75,0.6428571428571429,0.1071428571428571,0.08333333333333333,0.21428571428571427,-0.13095238095238093,1.75,2.238095238095238,-0.48809523809523814,0.6666666666666666,0.9047619047619048,-0.23809523809523814,2.0,8.0,-6.0,12.0,42.0,-30.0,0.5,0.5,0.0,0.0,0.375,-0.375,0.0,3.0,-3.0,,,,,,,0.0,0.0,0.0,,,,,,,,,,,,,,,,,,,0.0,0.0,0.0
1978-06-21,1978,AUT,GER,2,0,0.46153846153846156,0.625,-0.16346153846153844,0.07692307692307693,0.2,-0.12307692307692308,1.7692307692307692,2.35,-0.5807692307692309,2.076923076923077,1.3,0.776923076923077,3.0,7.0,-4.0,13.0,40.0,-27.0,0.3333333333333333,0.7142857142857143,-0.380952380952381,0.0,0.42857142857142855,-0.42857142857142855,0.0,2.0,-2.0,,,,,,,0.0,0.0,0.0,,,,,,,,,,,,,,,,,,,0.0,0.0,0.0
1978-06-21,1978,GER,AUT,0,0,0.625,0.46153846153846156,0.16346153846153844,0.2,0.07692307692307693,0.12307692307692308,2.35,1.7692307692307692,0.5807692307692309,1.3,2.076923076923077,-0.776923076923077,7.0,3.0,4.0,40.0,13.0,27.0,0.7142857142857143,0.3333333333333333,0.380952380952381,0.42857142857142855,0.0,0.42857142857142855,2.0,0.0,2.0,,,,,,,0.0,0.0,0.0,,,,,,,,,,,,,,,,,,,0.0,0.0,0.0
1978-06-21,1978,NED,ITA,2,0,0.5833333333333334,0.48,0.10333333333333339,0.25,0.2,0.04999999999999999,2.25,1.48,0.77,0.75,1.12,-0.3700000000000001,2.0,7.0,-5.0,12.0,25.0,-13.0,0.5,0.14285714285714285,0.35714285714285715,0.5,0.14285714285714285,0.35714285714285715,0.0,2.0,-2.0,,,,,,,0.0,0.0,0.0,,,,,,,,,,0.0,0.3333333333333333,-0.3333333333333333,,,,,,,0.0,0.0,0.0
1978-06-21,1978,ITA,NED,0,0,0.48,0.5833333333333334,-0.10333333333333339,0.2,0.25,-0.04999999999999999,1.48,2.25,-0.77,1.12,0.75,0.3700000000000001,7.0,2.0,5.0,25.0,12.0,13.0,0.14285714285714285,0.5,-0.35714285714285715,0.14285714285714285,0.5,-0.35714285714285715,2.0,0.0,2.0,,,,,,,0.0,0.0,0.0,,,,,,,,,,0.3333333333333333,0.0,0.3333333333333333,,,,,,,0.0,0.0,0.0
1978-06-24,1978,BRA,ITA,2,1,0.6511627906976745,0.46153846153846156,0.1896243291592129,0.20930232558139536,0.19230769230769232,0.01699463327370304,2.255813953488372,1.4615384615384615,0.7942754919499107,0.9069767441860465,1.1538461538461537,-0.2468694096601073,8.0,7.0,1.0,43.0,26.0,17.0,0.5,0.14285714285714285,0.35714285714285715,0.375,0.14285714285714285,0.23214285714285715,3.0,2.0,1.0,,,,,,,0.0,0.0,0.0,,,,,,,,,,,0.3333333333333333,,,,,,,,0.0,0.0,0.0
1978-06-24,1978,ITA,BRA,0,1,0.46153846153846156,0.6511627906976745,-0.1896243291592129,0.19230769230769232,0.20930232558139536,-0.01699463327370304,1.4615384615384615,2.255813953488372,-0.7942754919499107,1.1538461538461537,0.9069767441860465,0.2468694096601073,7.0,8.0,-1.0,26.0,43.0,-17.0,0.14285714285714285,0.5,-0.35714285714285715,0.14285714285714285,0.375,-0.23214285714285715,2.0,3.0,-1.0,,,,,,,0.0,0.0,0.0,,,,,,,,,,0.3333333333333333,,,,,,,,,0.0,0.0,0.0
1978-06-25,1978,ARG,NED,2,1,0.4090909090909091,0.6153846153846154,-0.2062937062937063,0.22727272727272727,0.23076923076923078,-0.003496503496503517,1.4545454545454546,2.230769230769231,-0.7762237762237763,1.3636363636363635,0.7692307692307693,0.5944055944055943,5.0,2.0,3.0,22.0,13.0,9.0,0.0,0.5,-0.5,0.0,0.5,-0.5,0.0,0.0,0.0,,,,,,,0.0,0.0,0.0,,,,,,,,,,,0.0,,,,,,,,1.0,0.0,1.0
1978-06-25,1978,NED,ARG,0,1,0.6153846153846154,0.4090909090909091,0.2062937062937063,0.23076923076923078,0.22727272727272727,0.003496503496503517,2.230769230769231,1.4545454545454546,0.7762237762237763,0.7692307692307693,1.3636363636363635,-0.5944055944055943,2.0,5.0,-3.0,13.0,22.0,-9.0,0.5,0.0,0.5,0.5,0.0,0.5,0.0,0.0,0.0,,,,,,,0.0,0.0,0.0,,,,,,,,,,0.0,,,,,,,,,0.0,1.0,-1.0
1982-06-13,1982,ARG,BEL,0,0,0.43478260869565216,0.2,0.23478260869565215,0.21739130434782608,0.2,0.01739130434782607,1.5217391304347827,1.8,-0.27826086956521734,1.3478260869565217,2.6,-1.2521739130434784,5.0,2.0,3.0,23.0,5.0,18.0,0.2,0.0,0.2,0.2,0.0,0.2,1.0,0.0,1.0,,,,,,,0.0,0.0,0.0,,,,,,,,,,,0.3333333333333333,,,,,,,,0.0,0.0,0.0
1982-06-13,1982,BEL,ARG,2,0,0.2,0.43478260869565216,-0.23478260869565215,0.2,0.21739130434782608,-0.01739130434782607,1.8,1.5217391304347827,0.27826086956521734,2.6,1.3478260869565217,1.2521739130434784,2.0,5.0,-3.0,5.0,23.0,-18.0,0.0,0.2,-0.2,0.0,0.2,-0.2,0.0,1.0,-1.0,,,,,,,0.0,0.0,0.0,,,,,,,,,,0.3333333333333333,,,,,,,,,0.0,0.0,0.0
1982-06-14,1982,ITA,POL,1,0,0.4444444444444444,0.6923076923076923,-0.24786324786324787,0.18518518518518517,0.07692307692307693,0.10826210826210825,1.4444444444444444,1.6923076923076923,-0.24786324786324787,1.1851851851851851,0.8461538461538461,0.339031339031339,7.0,2.0,5.0,27.0,13.0,14.0,0.2857142857142857,0.5,-0.2142857142857143,0.14285714285714285,0.0,0.14285714285714285,2.0,0.0,2.0,,,,,,,0.0,0.0,0.0,,,,,,,,,,0.2857142857142857,,,,,,,,,0.0,0.0,0.0
1982-06-14,1982,POL,ITA,1,0,0.6923076923076923,0.4444444444444444,0.24786324786324787,0.07692307692307693,0.18518518518518517,-0.10826210826210825,1.6923076923076923,1.4444444444444444,0.24786324786324787,0.8461538461538461,1.1851851851851851,-0.339031339031339,2.0,7.0,-5.0,13.0,27.0,-14.0,0.5,0.2857142857142857,0.2142857142857143,0.0,0.14285714285714285,-0.14285714285714285,0.0,2.0,-2.0,,,,,,,0.0,0.0,0.0,,,,,,,,,,,0.2857142857142857,,,,,,,,0.0,0.0,0.0
1982-06-14,1982,BRA,URS,2,0,0.6590909090909091,0.5263157894736842,0.13277511961722488,0.20454545454545456,0.15789473684210525,0.046650717703349304,2.25,1.5789473684210527,0.6710526315789473,0.9090909090909091,1.105263157894737,-0.1961722488038279,8.0,4.0,4.0,44.0,19.0,25.0,0.625,0.25,0.375,0.375,0.0,0.375,3.0,0.0,3.0,,,,,,,0.0,0.0,0.0,,,,,,,,,,,0.375,,,,,,,,0.0,0.0,0.0
1982-06-14,1982,URS,BRA,0,0,0.5263157894736842,0.6590909090909091,-0.13277511961722488,0.15789473684210525,0.20454545454545456,-0.046650717703349304,1.5789473684210527,2.25,-0.6710526315789473,1.105263157894737,0.9090909090909091,0.1961722488038279,4.0,8.0,-4.0,19.0,44.0,-25.0,0.25,0.625,-0.375,0.0,0.375,-0.375,0.0,3.0,-3.0,,,,,,,0.0,0.0,0.0,,,,,,,,,,0.375,,,,,,,,,0.0,0.0,0.0
1982-06-15,1982,PER,CMR,1,0,0.4,,,0.1,,,1.6,,,2.1,,,2.0,0.0,2.0,10.0,0.0,10.0,0.0,,,0.0,,,0.0,0.0,0.0,,,,,,,0.0,0.0,0.0,,,,,,,,,,,,,,,,,0.45454545454545453,,0.0,0.0,0.0
1982-06-15,1982,CMR,PER,1,0,,0.4,,,0.1,,,1.6,,,2.1,,0.0,2.0,-2.0,0.0,10.0,-10.0,,0.0,,,0.0,,0.0,0.0,0.0,,,,,,,0.0,0.0,0.0,,,,,,,,,,,,,,,,0.45454545454545453,,,0.0,0.0,0.0
1982-06-15,1982,SCO,NZL,2,0,0.18181818181818182,,,0.36363636363636365,,,1.0909090909090908,,,1.9090909090909092,,,4.0,0.0,4.0,11.0,0.0,11.0,0.0,,,0.0,,,0.0,0.0,0.0,,,,,,,0.0,0.0,0.0,,,,,,,,,,,,,,,,,,,0.0,0.0,0.0
1982-06-15,1982,NZL,SCO,0,0,,0.18181818181818182,,,0.36363636363636365,,,1.0909090909090908,,,1.9090909090909092,,0.0,4.0,-4.0,0.0,11.0,-11.0,,0.0,,,0.0,,0.0,0.0,0.0,,,,,,,0.0,0.0,0.0,,,,,,,,,,,,,,,,,,,0.0,0.0,0.0
1982-06-15,1982,HUN,SLV,2,0,0.45,0.0,0.45,0.1,0.0,0.1,2.65,0.0,2.65,1.65,3.0,-1.35,5.0,1.0,4.0,20.0,3.0,17.0,0.2,0.0,0.2,0.2,0.0,0.2,0.0,0.0,0.0,,,,,,,0.0,0.0,0.0,,,,,,,,,,0.0,,,,,,,,,0.0,0.0,0.0
1982-06-15,1982,SLV,HUN,0,0,0.0,0.45,-0.45,0.0,0.1,-0.1,0.0,2.65,-2.65,3.0,1.65,1.35,1.0,5.0,-4.0,3.0,20.0,-17.0,0.0,0.2,-0.2,0.0,0.2,-0.2,0.0,0.0,0.0,,,,,,,0.0,0.0,0.0,,,,,,,,,,,0.0,,,,,,,,0.0,0.0,0.0
1982-06-16,1982,ENG,FRA,2,0,0.4166666666666667,0.42857142857142855,-0.011904761904761862,0.25,0.07142857142857142,0.17857142857142858,1.4166666666666667,2.357142857142857,-0.9404761904761905,1.1666666666666667,2.0,-0.8333333333333333,6.0,4.0,2.0,24.0,14.0,10.0,0.16666666666666666,0.25,-0.08333333333333334,0.16666666666666666,0.0,0.16666666666666666,1.0,0.0,1.0,,,,,,,0.0,0.0,0.0,,,,,,,,,,0.4,0.0,0.4,,,,,,,0.0,0.0,0.0
1982-06-16,1982,FRA,ENG,0,0,0.42857142857142855,0.4166666666666667,0.011904761904761862,0.07142857142857142,0.25,-0.17857142857142858,2.357142857142857,1.4166666666666667,0.9404761904761905,2.0,1.1666666666666667,0.8333333333333333,4.0,6.0,-2.0,14.0,24.0,-10.0,0.25,0.16666666666666666,0.08333333333333334,0.0,0.16666666666666666,-0.16666666666666666,0.0,1.0,-1.0,,,,,,,0.0,0.0,0.0,,,,,,,,,,0.0,0.4,-0.4,,,,,,,0.0,0.0,0.0
1982-06-16,1982,GER,ALG,0,0,0.6097560975609756,,,0.1951219512195122,,,2.341463414634146,,,1.3414634146341464,,,7.0,0.0,7.0,41.0,0.0,41.0,0.7142857142857143,,,0.42857142857142855,,,2.0,0.0,2.0,,,,,,,0.0,0.0,0.0,,,,,,,,,,,,,,,,,0.4,,0.0,0.0,0.0
1982-06-16,1982,ESP,HON,1,0,0.4,,,0.13333333333333333,,,1.2,,,1.4666666666666666,,,4.0,0.0,4.0,15.0,0.0,15.0,0.0,,,0.0,,,0.0,0.0,0.0,,,,,,,0.0,0.0,0.0,,,,,,,,,,0.2,,,,,,,,,1.0,0.0,1.0
1982-06-16,1982,HON,ESP,1,0,,0.4,,,0.13333333333333333,,,1.2,,,1.4666666666666666,,0.0,4.0,-4.0,0.0,15.0,-15.0,,0.0,,,0.0,,0.0,0.0,0.0,,,,,,,0.0,0.0,0.0,,,,,,,,,,,0.2,,,,,,,,0.0,1.0,-1.0
1982-06-16,1982,ALG,GER,2,0,,0.6097560975609756,,,0.1951219512195122,,,2.341463414634146,,,1.3414634146341464,,0.0,7.0,-7.0,0.0,41.0,-41.0,,0.7142857142857143,,,0.42857142857142855,,0.0,2.0,-2.0,,,,,,,0.0,0.0,0.0,,,,,,,,,,,,,,,,0.4,,,0.0,0.0,0.0
1982-06-17,1982,YUG,NIR,1,0,0.36363636363636365,0.4,-0.036363636363636376,0.22727272727272727,0.2,0.027272727272727254,1.7272727272727273,1.2,0.5272727272727273,1.2272727272727273,2.0,-0.7727272727272727,5.0,1.0,4.0,22.0,5.0,17.0,0.2,0.0,0.2,0.0,0.0,0.0,0.0,0.0,0.0,,,,,,,0.0,0.0,0.0,,,,,,,,,,0.2857142857142857,,,,,,,,,0.0,0.0,0.0
1982-06-17,1982,NIR,YUG,1,0,0.4,0.36363636363636365,0.036363636363636376,0.2,0.22727272727272727,-0.027272727272727254,1.2,1.7272727272727273,-0.5272727272727273,2.0,1.2272727272727273,0.7727272727272727,1.0,5.0,-4.0,5.0,22.0,-17.0,0.0,0.2,-0.2,0.0,0.0,0.0,0.0,0.0,0.0,,,,,,,0.0,0.0,0.0,,,,,,,,,,,0.2857142857142857,,,,,,,,0.0,0.0,0.0
1982-06-17,1982,CZE,KUW,1,0,0.26666666666666666,,,0.13333333333333333,,,1.2,,,1.8,,,4.0,0.0,4.0,15.0,0.0,15.0,0.25,,,0.25,,,0.0,0.0,0.0,,,,,,,0.0,0.0,0.0,,,,,,,,,,,,,,,,,,,0.0,0.0,0.0
1982-06-17,1982,KUW,CZE,1,0,,0.26666666666666666,,,0.13333333333333333,,,1.2,,,1.8,,0.0,4.0,-4.0,0.0,15.0,-15.0,,0.25,,,0.25,,0.0,0.0,0.0,,,,,,,0.0,0.0,0.0,,,,,,,,,,,,,,,,,,,0.0,0.0,0.0
1982-06-17,1982,CHL,AUT,0,0,0.3333333333333333,0.5,-0.16666666666666669,0.2,0.07142857142857142,0.1285714285714286,1.2,1.8571428571428572,-0.6571428571428573,1.4,2.0714285714285716,-0.6714285714285717,4.0,3.0,1.0,15.0,14.0,1.0,0.25,0.3333333333333333,-0.08333333333333331,0.0,0.0,0.0,0.0,0.0,0.0,,,,,,,0.0,0.0,0.0,,,,,,,,,,,,,,,,,,,0.0,0.0,0.0
1982-06-17,1982,AUT,CHL,2,0,0.5,0.3333333333333333,0.16666666666666669,0.07142857142857142,0.2,-0.1285714285714286,1.8571428571428572,1.2,0.6571428571428573,2.0714285714285716,1.4,0.6714285714285717,3.0,4.0,-1.0,14.0,15.0,-1.0,0.3333333333333333,0.25,0.08333333333333331,0.0,0.0,0.0,0.0,0.0,0.0,,,,,,,0.0,0.0,0.0,,,,,,,,,,,,,,,,,,,0.0,0.0,0.0
1982-06-18,1982,ITA,PER,1,0,0.42857142857142855,0.36363636363636365,0.0649350649350649,0.21428571428571427,0.18181818181818182,0.03246753246753245,1.3928571428571428,1.4545454545454546,-0.06168831168831179,1.1428571428571428,1.9090909090909092,-0.7662337662337664,8.0,3.0,5.0,28.0,11.0,17.0,0.25,0.0,0.25,0.125,0.0,0.125,2.0,0.0,2.0,,,,,,,0.0,0.0,0.0,,,,,,,,,,0.2857142857142857,,,,,,,,,0.0,0.0,0.0
1982-06-18,1982,PER,ITA,1,0,0.36363636363636365,0.42857142857142855,-0.0649350649350649,0.18181818181818182,0.21428571428571427,-0.03246753246753245,1.4545454545454546,1.3928571428571428,0.06168831168831179,1.9090909090909092,1.1428571428571428,0.7662337662337664,3.0,8.0,-5.0,11.0,28.0,-17.0,0.0,0.25,-0.25,0.0,0.125,-0.125,0.0,2.0,-2.0,,,,,,,0.0,0.0,0.0,,,,,,,,,,,0.2857142857142857,,,,,,,,0.0,0.0,0.0
1982-06-18,1982,BRA,SCO,2,0,0.6666666666666666,0.25,0.41666666666666663,0.2,0.3333333333333333,-0.1333333333333333,2.2444444444444445,1.4166666666666667,0.8277777777777777,0.9111111111111111,1.9166666666666667,-1.0055555555555555,9.0,5.0,4.0,45.0,12.0,33.0,0.5555555555555556,0.0,0.5555555555555556,0.3333333333333333,0.0,0.3333333333333333,3.0,0.0,3.0,,,,,,,0.0,0.0,0.0,,,,,,,,,,,,,,,,,,,0.0,0.0,0.0
1982-06-18,1982,SCO,BRA,0,0,0.25,0.6666666666666666,-0.41666666666666663,0.3333333333333333,0.2,0.1333333333333333,1.4166666666666667,2.2444444444444445,-0.8277777777777777,1.9166666666666667,0.9111111111111111,1.0055555555555555,5.0,9.0,-4.0,12.0,45.0,-33.0,0.0,0.5555555555555556,-0.5555555555555556,0.0,0.3333333333333333,-0.3333333333333333,0.0,3.0,-3.0,,,,,,,0.0,0.0,0.0,,,,,,,,,,,,,,,,,,,0.0,0.0,0.0
1982-06-18,1982,ARG,HUN,2,0,0.4166666666666667,0.47619047619047616,-0.05952380952380948,0.20833333333333334,0.09523809523809523,0.11309523809523811,1.4583333333333333,3.0,-1.5416666666666667,1.3333333333333333,1.619047619047619,-0.2857142857142858,6.0,6.0,0.0,24.0,21.0,3.0,0.16666666666666666,0.16666666666666666,0.0,0.16666666666666666,0.16666666666666666,0.0,1.0,0.0,1.0,,,,,,,0.0,0.0,0.0,,,,,,,,,,,0.0,,,,,,,,0.0,0.0,0.0
1982-06-18,1982,HUN,ARG,0,0,0.47619047619047616,0.4166666666666667,0.05952380952380948,0.09523809523809523,0.20833333333333334,-0.11309523809523811,3.0,1.4583333333333333,1.5416666666666667,1.619047619047619,1.3333333333333333,0.2857142857142858,6.0,6.0,0.0,21.0,24.0,-3.0,0.16666666666666666,0.16666666666666666,0.0,0.16666666666666666,0.16666666666666666,0.0,0.0,1.0,-1.0,,,,,,,0.0,0.0,0.0,,,,,,,,,,0.0,,,,,,,,,0.0,0.0,0.0
1982-06-19,1982,POL,CMR,1,0,0.6428571428571429,0.0,0.6428571428571429,0.14285714285714285,1.0,-0.8571428571428572,1.5714285714285714,0.0,1.5714285714285714,0.7857142857142857,0.0,0.7857142857142857,3.0,1.0,2.0,14.0,1.0,13.0,0.3333333333333333,0.0,0.3333333333333333,0.0,0.0,0.0,0.0,0.0,0.0,,,,,,,0.0,0.0,0.0,,,,,,,,,,,,,,,,,0.45454545454545453,,0.0,0.0,0.0
1982-06-19,1982,CMR,POL,1,0,0.0,0.6428571428571429,-0.6428571428571429,1.0,0.14285714285714285,0.8571428571428572,0.0,1.5714285714285714,-1.5714285714285714,0.0,0.7857142857142857,-0.7857142857142857,1.0,3.0,-2.0,1.0,14.0,-13.0,0.0,0.3333333333333333,-0.3333333333333333,0.0,0.0,0.0,0.0,0.0,0.0,,,,,,,0.0,0.0,0.0,,,,,,,,,,,,,,,,0.45454545454545453,,,0.0,0.0,0.0
1982-06-19,1982,URS,NZL,2,0,0.5,0.0,0.5,0.15,0.0,0.15,1.55,2.0,-0.44999999999999996,1.15,5.0,-3.85,5.0,1.0,4.0,20.0,1.0,19.0,0.2,0.0,0.2,0.0,0.0,0.0,0.0,0.0,0.0,,,,,,,0.0,0.0,0.0,,,,,,,,,,0.375,,,,,,,,,0.0,0.0,0.0
1982-06-19,1982,NZL,URS,0,0,0.0,0.5,-0.5,0.0,0.15,-0.15,2.0,1.55,0.44999999999999996,5.0,1.15,3.85,1.0,5.0,-4.0,1.0,20.0,-19.0,0.0,0.2,-0.2,0.0,0.0,0.0,0.0,0.0,0.0,,,,,,,0.0,0.0,0.0,,,,,,,,,,,0.375,,,,,,,,0.0,0.0,0.0
1982-06-19,1982,BEL,SLV,2,0,0.3333333333333333,0.0,0.3333333333333333,0.16666666666666666,0.0,0.16666666666666666,1.6666666666666667,0.25,1.4166666666666667,2.1666666666666665,4.75,-2.5833333333333335,3.0,2.0,1.0,6.0,4.0,2.0,0.0,0.0,0.0,0.0,0.0,0.0,0.0,0.0,0.0,,,,,,,0.0,0.0,0.0,,,,,,,,,,0.3333333333333333,,,,,,,,,0.0,0.0,0.0
1982-06-19,1982,SLV,BEL,0,0,0.0,0.3333333333333333,-0.3333333333333333,0.0,0.16666666666666666,-0.16666666666666666,0.25,1.6666666666666667,-1.4166666666666667,4.75,2.1666666666666665,2.5833333333333335,2.0,3.0,-1.0,4.0,6.0,-2.0,0.0,0.0,0.0,0.0,0.0,0.0,0.0,0.0,0.0,,,,,,,0.0,0.0,0.0,,,,,,,,,,,0.3333333333333333,,,,,,,,0.0,0.0,0.0
1982-06-20,1982,GER,CHL,2,0,0.5952380952380952,0.3125,0.28273809523809523,0.19047619047619047,0.1875,0.0029761904761904656,2.3095238095238093,1.125,1.1845238095238093,1.3571428571428572,1.375,-0.017857142857142794,8.0,5.0,3.0,42.0,16.0,26.0,0.625,0.2,0.425,0.375,0.0,0.375,2.0,0.0,2.0,,,,,,,0.0,0.0,0.0,,,,,,,,,,,,,,,,,,,0.0,0.0,0.0
1982-06-20,1982,ENG,CZE,2,0,0.44,0.25,0.19,0.24,0.1875,0.05249999999999999,1.48,1.1875,0.2925,1.16,1.75,-0.5900000000000001,7.0,5.0,2.0,25.0,16.0,9.0,0.14285714285714285,0.2,-0.05714285714285716,0.14285714285714285,0.2,-0.05714285714285716,1.0,0.0,1.0,,,,,,,0.0,0.0,0.0,,,,,,,,,,0.4,,,,,,,,,0.0,0.0,0.0
1982-06-20,1982,CHL,GER,0,0,0.3125,0.5952380952380952,-0.28273809523809523,0.1875,0.19047619047619047,-0.0029761904761904656,1.125,2.3095238095238093,-1.1845238095238093,1.375,1.3571428571428572,0.017857142857142794,5.0,8.0,-3.0,16.0,42.0,-26.0,0.2,0.625,-0.425,0.0,0.375,-0.375,0.0,2.0,-2.0,,,,,,,0.0,0.0,0.0,,,,,,,,,,,,,,,,,,,0.0,0.0,0.0
1982-06-20,1982,ESP,YUG,2,0,0.375,0.34782608695652173,0.02717391304347827,0.1875,0.2608695652173913,-0.0733695652173913,1.1875,1.6521739130434783,-0.46467391304347827,1.4375,1.173913043478261,0.263586956521739,5.0,6.0,-1.0,16.0,23.0,-7.0,0.0,0.16666666666666666,-0.16666666666666666,0.0,0.0,0.0,0.0,0.0,0.0,,,,,,,0.0,0.0,0.0,,,,,,,,,,0.2,0.2857142857142857,-0.08571428571428569,,,,,,,1.0,0.0,1.0
1982-06-20,1982,YUG,ESP,0,0,0.34782608695652173,0.375,-0.02717391304347827,0.2608695652173913,0.1875,0.0733695652173913,1.6521739130434783,1.1875,0.46467391304347827,1.173913043478261,1.4375,-0.263586956521739,6.0,5.0,1.0,23.0,16.0,7.0,0.16666666666666666,0.0,0.16666666666666666,0.0,0.0,0.0,0.0,0.0,0.0,,,,,,,0.0,0.0,0.0,,,,,,,,,,0.2857142857142857,0.2,0.08571428571428569,,,,,,,0.0,1.0,-1.0
1982-06-20,1982,CZE,ENG,0,0,0.25,0.44,-0.19,0.1875,0.24,-0.05249999999999999,1.1875,1.48,-0.2925,1.75,1.16,0.5900000000000001,5.0,7.0,-2.0,16.0,25.0,-9.0,0.2,0.14285714285714285,0.05714285714285716,0.2,0.14285714285714285,0.05714285714285716,0.0,1.0,-1.0,,,,,,,0.0,0.0,0.0,,,,,,,,,,,0.4,,,,,,,,0.0,0.0,0.0
1982-06-21,1982,HON,NIR,1,0,0.0,0.3333333333333333,-0.3333333333333333,1.0,0.3333333333333333,0.6666666666666667,1.0,1.0,0.0,1.0,1.6666666666666667,-0.6666666666666667,1.0,2.0,-1.0,1.0,6.0,-5.0,0.0,0.0,0.0,0.0,0.0,0.0,0.0,0.0,0.0,,,,,,,0.0,0.0,0.0,,,,,,,,,,,,,,,,,,,0.0,0.0,0.0
1982-06-21,1982,NIR,HON,1,0,0.3333333333333333,0.0,0.3333333333333333,0.3333333333333333,1.0,-0.6666666666666667,1.0,1.0,0.0,1.6666666666666667,1.0,0.6666666666666667,2.0,1.0,1.0,6.0,1.0,5.0,0.0,0.0,0.0,0.0,0.0,0.0,0.0,0.0,0.0,,,,,,,0.0,0.0,0.0,,,,,,,,,,,,,,,,,,,0.0,0.0,0.0
1982-06-21,1982,FRA,KUW,2,0,0.4,0.0,0.4,0.06666666666666667,1.0,-0.9333333333333333,2.2666666666666666,1.0,1.2666666666666666,2.066666666666667,1.0,1.0666666666666669,5.0,1.0,4.0,15.0,1.0,14.0,0.2,0.0,0.2,0.0,0.0,0.0,0.0,0.0,0.0,,,,,,,0.0,0.0,0.0,,,,,,,,,,0.0,,,,,,,,,0.0,0.0,0.0
1982-06-21,1982,KUW,FRA,0,0,0.0,0.4,-0.4,1.0,0.06666666666666667,0.9333333333333333,1.0,2.2666666666666666,-1.2666666666666666,1.0,2.066666666666667,-1.0666666666666669,1.0,5.0,-4.0,1.0,15.0,-14.0,0.0,0.2,-0.2,0.0,0.0,0.0,0.0,0.0,0.0,,,,,,,0.0,0.0,0.0,,,,,,,,,,,0.0,,,,,,,,0.0,0.0,0.0
1982-06-21,1982,ALG,AUT,0,0,1.0,0.5333333333333333,0.4666666666666667,0.0,0.06666666666666667,-0.06666666666666667,2.0,1.8,0.19999999999999996,1.0,1.9333333333333333,-0.9333333333333333,1.0,4.0,-3.0,1.0,15.0,-14.0,0.0,0.25,-0.25,0.0,0.0,0.0,0.0,0.0,0.0,,,,,,,0.0,0.0,0.0,,,,,,,,,,,,,,,,0.4,,,0.0,0.0,0.0
1982-06-21,1982,AUT,ALG,2,0,0.5333333333333333,1.0,-0.4666666666666667,0.06666666666666667,0.0,0.06666666666666667,1.8,2.0,-0.19999999999999996,1.9333333333333333,1.0,0.9333333333333333,4.0,1.0,3.0,15.0,1.0,14.0,0.25,0.0,0.25,0.0,0.0,0.0,0.0,0.0,0.0,,,,,,,0.0,0.0,0.0,,,,,,,,,,,,,,,,,0.4,,0.0,0.0,0.0
1982-06-22,1982,POL,PER,2,0,0.6,0.3333333333333333,0.26666666666666666,0.2,0.25,-0.04999999999999999,1.4666666666666666,1.4166666666666667,0.04999999999999982,0.7333333333333333,1.8333333333333333,-1.1,3.0,3.0,0.0,15.0,12.0,3.0,0.3333333333333333,0.0,0.3333333333333333,0.0,0.0,0.0,0.0,0.0,0.0,,,,,,,0.0,0.0,0.0,,,,,,,,,,,,,,,,,,,0.0,0.0,0.0
1982-06-22,1982,URS,SCO,1,0,0.5238095238095238,0.23076923076923078,0.29304029304029305,0.14285714285714285,0.3076923076923077,-0.16483516483516486,1.619047619047619,1.3846153846153846,0.2344322344322345,1.0952380952380953,2.076923076923077,-0.9816849816849818,5.0,5.0,0.0,21.0,13.0,8.0,0.2,0.0,0.2,0.0,0.0,0.0,0.0,0.0,0.0,,,,,,,0.0,0.0,0.0,,,,,,,,,,0.375,,,,,,,,,0.0,0.0,0.0
1982-06-22,1982,SCO,URS,1,0,0.23076923076923078,0.5238095238095238,-0.29304029304029305,0.3076923076923077,0.14285714285714285,0.16483516483516486,1.3846153846153846,1.619047619047619,-0.2344322344322345,2.076923076923077,1.0952380952380953,0.9816849816849818,5.0,5.0,0.0,13.0,21.0,-8.0,0.0,0.2,-0.2,0.0,0.0,0.0,0.0,0.0,0.0,,,,,,,0.0,0.0,0.0,,,,,,,,,,,0.375,,,,,,,,0.0,0.0,0.0
1982-06-22,1982,BEL,HUN,1,0,0.42857142857142855,0.45454545454545453,-0.025974025974025983,0.14285714285714285,0.09090909090909091,0.05194805194805194,1.5714285714285714,2.909090909090909,-1.3376623376623378,1.8571428571428572,1.7272727272727273,0.1298701298701299,3.0,6.0,-3.0,7.0,22.0,-15.0,0.0,0.16666666666666666,-0.16666666666666666,0.0,0.16666666666666666,-0.16666666666666666,0.0,0.0,0.0,,,,,,,0.0,0.0,0.0,,,,,,,,,,0.3333333333333333,0.0,0.3333333333333333,,,,,,,0.0,0.0,0.0
1982-06-22,1982,HUN,BEL,1,0,0.45454545454545453,0.42857142857142855,0.025974025974025983,0.09090909090909091,0.14285714285714285,-0.05194805194805194,2.909090909090909,1.5714285714285714,1.3376623376623378,1.7272727272727273,1.8571428571428572,-0.1298701298701299,6.0,3.0,3.0,22.0,7.0,15.0,0.16666666666666666,0.0,0.16666666666666666,0.16666666666666666,0.0,0.16666666666666666,0.0,0.0,0.0,,,,,,,0.0,0.0,0.0,,,,,,,,,,0.0,0.3333333333333333,-0.3333333333333333,,,,,,,0.0,0.0,0.0
1982-06-22,1982,PER,POL,0,0,0.3333333333333333,0.6,-0.26666666666666666,0.25,0.2,0.04999999999999999,1.4166666666666667,1.4666666666666666,-0.04999999999999982,1.8333333333333333,0.7333333333333333,1.1,3.0,3.0,0.0,12.0,15.0,-3.0,0.0,0.3333333333333333,-0.3333333333333333,0.0,0.0,0.0,0.0,0.0,0.0,,,,,,,0.0,0.0,0.0,,,,,,,,,,,,,,,,,,,0.0,0.0,0.0
1982-06-23,1982,BRA,NZL,2,0,0.6739130434782609,0.0,0.6739130434782609,0.1956521739130435,0.0,0.1956521739130435,2.282608695652174,1.0,1.2826086956521738,0.9130434782608695,4.0,-3.0869565217391304,9.0,1.0,8.0,46.0,2.0,44.0,0.5555555555555556,0.0,0.5555555555555556,0.3333333333333333,0.0,0.3333333333333333,3.0,0.0,3.0,,,,,,,0.0,0.0,0.0,,,,,,,,,,,,,,,,,,,0.0,0.0,0.0
1982-06-23,1982,ARG,SLV,2,0,0.44,0.0,0.44,0.2,0.0,0.2,1.56,0.2,1.36,1.32,4.0,-2.6799999999999997,6.0,2.0,4.0,25.0,5.0,20.0,0.16666666666666666,0.0,0.16666666666666666,0.16666666666666666,0.0,0.16666666666666666,1.0,0.0,1.0,,,,,,,0.0,0.0,0.0,,,,,,,,,,,,,,,,,,,0.0,0.0,0.0
1982-06-23,1982,NZL,BRA,0,0,0.0,0.6739130434782609,-0.6739130434782609,0.0,0.1956521739130435,-0.1956521739130435,1.0,2.282608695652174,-1.2826086956521738,4.0,0.9130434782608695,3.0869565217391304,1.0,9.0,-8.0,2.0,46.0,-44.0,0.0,0.5555555555555556,-0.5555555555555556,0.0,0.3333333333333333,-0.3333333333333333,0.0,3.0,-3.0,,,,,,,0.0,0.0,0.0,,,,,,,,,,,,,,,,,,,0.0,0.0,0.0
1982-06-23,1982,ITA,CMR,1,0,0.41379310344827586,0.0,0.41379310344827586,0.2413793103448276,1.0,-0.7586206896551724,1.3793103448275863,0.0,1.3793103448275863,1.1379310344827587,0.0,1.1379310344827587,8.0,1.0,7.0,29.0,2.0,27.0,0.25,0.0,0.25,0.125,0.0,0.125,2.0,0.0,2.0,,,,,,,0.0,0.0,0.0,,,,,,,,,,0.2857142857142857,,,,,,,0.45454545454545453,,0.0,0.0,0.0
1982-06-23,1982,CMR,ITA,1,0,0.0,0.41379310344827586,-0.41379310344827586,1.0,0.2413793103448276,0.7586206896551724,0.0,1.3793103448275863,-1.3793103448275863,0.0,1.1379310344827587,-1.1379310344827587,1.0,8.0,-7.0,2.0,29.0,-27.0,0.0,0.25,-0.25,0.0,0.125,-0.125,0.0,2.0,-2.0,,,,,,,0.0,0.0,0.0,,,,,,,,,,,0.2857142857142857,,,,,0.45454545454545453,,,0.0,0.0,0.0
1982-06-23,1982,SLV,ARG,0,0,0.0,0.44,-0.44,0.0,0.2,-0.2,0.2,1.56,-1.36,4.0,1.32,2.6799999999999997,2.0,6.0,-4.0,5.0,25.0,-20.0,0.0,0.16666666666666666,-0.16666666666666666,0.0,0.16666666666666666,-0.16666666666666666,0.0,1.0,-1.0,,,,,,,0.0,0.0,0.0,,,,,,,,,,,,,,,,,,,0.0,0.0,0.0
1982-06-24,1982,FRA,CZE,1,0,0.4375,0.23529411764705882,0.20220588235294118,0.0625,0.17647058823529413,-0.11397058823529413,2.375,1.1176470588235294,1.2573529411764706,2.0,1.7647058823529411,0.23529411764705888,5.0,5.0,0.0,16.0,17.0,-1.0,0.2,0.2,0.0,0.0,0.2,-0.2,0.0,0.0,0.0,,,,,,,0.0,0.0,0.0,,,,,,,,,,0.0,,,,,,,,,0.0,0.0,0.0
1982-06-24,1982,CZE,FRA,1,0,0.23529411764705882,0.4375,-0.20220588235294118,0.17647058823529413,0.0625,0.11397058823529413,1.1176470588235294,2.375,-1.2573529411764706,1.7647058823529411,2.0,-0.23529411764705888,5.0,5.0,0.0,17.0,16.0,1.0,0.2,0.2,0.0,0.2,0.0,0.2,0.0,0.0,0.0,,,,,,,0.0,0.0,0.0,,,,,,,,,,,0.0,,,,,,,,0.0,0.0,0.0
1982-06-24,1982,ALG,CHL,2,0,0.5,0.29411764705882354,0.20588235294117646,0.0,0.17647058823529413,-0.17647058823529413,1.0,1.1176470588235294,-0.11764705882352944,1.5,1.5294117647058822,-0.02941176470588225,1.0,5.0,-4.0,2.0,17.0,-15.0,0.0,0.2,-0.2,0.0,0.0,0.0,0.0,0.0,0.0,,,,,,,0.0,0.0,0.0,,,,,,,,,,,,,,,,0.4,,,0.0,0.0,0.0
1982-06-24,1982,CHL,ALG,0,0,0.29411764705882354,0.5,-0.20588235294117646,0.17647058823529413,0.0,0.17647058823529413,1.1176470588235294,1.0,0.11764705882352944,1.5294117647058822,1.5,0.02941176470588225,5.0,1.0,4.0,17.0,2.0,15.0,0.2,0.0,0.2,0.0,0.0,0.0,0.0,0.0,0.0,,,,,,,0.0,0.0,0.0,,,,,,,,,,,,,,,,,0.4,,0.0,0.0,0.0
1982-06-24,1982,HON,YUG,0,0,0.0,0.3333333333333333,-0.3333333333333333,1.0,0.25,0.75,1.0,1.625,-0.625,1.0,1.2083333333333333,-0.20833333333333326,1.0,6.0,-5.0,2.0,24.0,-22.0,0.0,0.16666666666666666,-0.16666666666666666,0.0,0.0,0.0,0.0,0.0,0.0,,,,,,,0.0,0.0,0.0,,,,,,,,,,,0.2857142857142857,,,,,,,,0.0,0.0,0.0
1982-06-24,1982,YUG,HON,2,0,0.3333333333333333,0.0,0.3333333333333333,0.25,1.0,-0.75,1.625,1.0,0.625,1.2083333333333333,1.0,0.20833333333333326,6.0,1.0,5.0,24.0,2.0,22.0,0.16666666666666666,0.0,0.16666666666666666,0.0,0.0,0.0,0.0,0.0,0.0,,,,,,,0.0,0.0,0.0,,,,,,,,,,0.2857142857142857,,,,,,,,,0.0,0.0,0.0
1982-06-25,1982,ENG,KUW,2,0,0.46153846153846156,0.0,0.46153846153846156,0.23076923076923078,0.5,-0.2692307692307692,1.5,1.0,0.5,1.1153846153846154,2.5,-1.3846153846153846,7.0,1.0,6.0,26.0,2.0,24.0,0.14285714285714285,0.0,0.14285714285714285,0.14285714285714285,0.0,0.14285714285714285,1.0,0.0,1.0,,,,,,,0.0,0.0,0.0,,,,,,,,,,0.4,,,,,,,,,0.0,0.0,0.0
1982-06-25,1982,GER,AUT,2,0,0.6046511627906976,0.5625,0.04215116279069764,0.18604651162790697,0.0625,0.12354651162790697,2.3488372093023258,1.8125,0.5363372093023258,1.3488372093023255,1.8125,-0.46366279069767447,8.0,4.0,4.0,43.0,16.0,27.0,0.625,0.25,0.375,0.375,0.0,0.375,2.0,0.0,2.0,,,,,,,0.0,0.0,0.0,,,,,,,,,,,,,,,,,,,0.0,0.0,0.0
1982-06-25,1982,KUW,ENG,0,0,0.0,0.46153846153846156,-0.46153846153846156,0.5,0.23076923076923078,0.2692307692307692,1.0,1.5,-0.5,2.5,1.1153846153846154,1.3846153846153846,1.0,7.0,-6.0,2.0,26.0,-24.0,0.0,0.14285714285714285,-0.14285714285714285,0.0,0.14285714285714285,-0.14285714285714285,0.0,1.0,-1.0,,,,,,,0.0,0.0,0.0,,,,,,,,,,,0.4,,,,,,,,0.0,0.0,0.0
1982-06-25,1982,NIR,ESP,2,0,0.2857142857142857,0.4117647058823529,-0.12605042016806722,0.42857142857142855,0.17647058823529413,0.25210084033613445,1.0,1.2352941176470589,-0.23529411764705888,1.5714285714285714,1.411764705882353,0.15966386554621836,2.0,5.0,-3.0,7.0,17.0,-10.0,0.0,0.0,0.0,0.0,0.0,0.0,0.0,0.0,0.0,,,,,,,0.0,0.0,0.0,,,,,,,,,,,0.2,,,,,,,,0.0,1.0,-1.0
1982-06-25,1982,ESP,NIR,0,0,0.4117647058823529,0.2857142857142857,0.12605042016806722,0.17647058823529413,0.42857142857142855,-0.25210084033613445,1.2352941176470589,1.0,0.23529411764705888,1.411764705882353,1.5714285714285714,-0.15966386554621836,5.0,2.0,3.0,17.0,7.0,10.0,0.0,0.0,0.0,0.0,0.0,0.0,0.0,0.0,0.0,,,,,,,0.0,0.0,0.0,,,,,,,,,,0.2,,,,,,,,,1.0,0.0,1.0
1982-06-25,1982,AUT,GER,0,0,0.5625,0.6046511627906976,-0.04215116279069764,0.0625,0.18604651162790697,-0.12354651162790697,1.8125,2.3488372093023258,-0.5363372093023258,1.8125,1.3488372093023255,0.46366279069767447,4.0,8.0,-4.0,16.0,43.0,-27.0,0.25,0.625,-0.375,0.0,0.375,-0.375,0.0,2.0,-2.0,,,,,,,0.0,0.0,0.0,,,,,,,,,,,,,,,,,,,0.0,0.0,0.0
1982-06-28,1982,POL,BEL,2,0,0.625,0.375,0.25,0.1875,0.25,-0.0625,1.6875,1.5,0.1875,0.75,1.75,-1.0,3.0,3.0,0.0,16.0,8.0,8.0,0.3333333333333333,0.0,0.3333333333333333,0.0,0.0,0.0,0.0,0.0,0.0,,,,,,,0.0,0.0,0.0,,,,,,,,,,,0.3333333333333333,,,,,,,,0.0,0.0,0.0
1982-06-28,1982,BEL,POL,0,0,0.375,0.625,-0.25,0.25,0.1875,0.0625,1.5,1.6875,-0.1875,1.75,0.75,1.0,3.0,3.0,0.0,8.0,16.0,-8.0,0.0,0.3333333333333333,-0.3333333333333333,0.0,0.0,0.0,0.0,0.0,0.0,,,,,,,0.0,0.0,0.0,,,,,,,,,,0.3333333333333333,,,,,,,,,0.0,0.0,0.0
1982-06-28,1982,AUT,FRA,0,0,0.5294117647058824,0.4117647058823529,0.11764705882352944,0.058823529411764705,0.11764705882352941,-0.058823529411764705,1.7058823529411764,2.2941176470588234,-0.588235294117647,1.7647058823529411,1.9411764705882353,-0.17647058823529416,4.0,5.0,-1.0,17.0,17.0,0.0,0.25,0.2,0.04999999999999999,0.0,0.0,0.0,0.0,0.0,0.0,,,,,,,0.0,0.0,0.0,,,,,,,,,,,0.0,,,,,,,,0.0,0.0,0.0
1982-06-28,1982,FRA,AUT,2,0,0.4117647058823529,0.5294117647058824,-0.11764705882352944,0.11764705882352941,0.058823529411764705,0.058823529411764705,2.2941176470588234,1.7058823529411764,0.588235294117647,1.9411764705882353,1.7647058823529411,0.17647058823529416,5.0,4.0,1.0,17.0,17.0,0.0,0.2,0.25,-0.04999999999999999,0.0,0.0,0.0,0.0,0.0,0.0,,,,,,,0.0,0.0,0.0,,,,,,,,,,0.0,,,,,,,,,0.0,0.0,0.0
1982-06-29,1982,ITA,ARG,2,0,0.4,0.46153846153846156,-0.06153846153846154,0.26666666666666666,0.19230769230769232,0.07435897435897434,1.3666666666666667,1.5769230769230769,-0.21025641025641018,1.1333333333333333,1.2692307692307692,-0.13589743589743586,8.0,6.0,2.0,30.0,26.0,4.0,0.25,0.16666666666666666,0.08333333333333334,0.125,0.16666666666666666,-0.04166666666666666,2.0,1.0,1.0,,,,,,,0.0,0.0,0.0,,,,,,,,,,0.2857142857142857,,,,,,,,,0.0,0.0,0.0
1982-06-29,1982,ARG,ITA,0,0,0.46153846153846156,0.4,0.06153846153846154,0.19230769230769232,0.26666666666666666,-0.07435897435897434,1.5769230769230769,1.3666666666666667,0.21025641025641018,1.2692307692307692,1.1333333333333333,0.13589743589743586,6.0,8.0,-2.0,26.0,30.0,-4.0,0.16666666666666666,0.25,-0.08333333333333334,0.16666666666666666,0.125,0.04166666666666666,1.0,2.0,-1.0,,,,,,,0.0,0.0,0.0,,,,,,,,,,,0.2857142857142857,,,,,,,,0.0,0.0,0.0
1982-06-29,1982,GER,ENG,1,0,0.6136363636363636,0.48148148148148145,0.1321548821548822,0.18181818181818182,0.2222222222222222,-0.04040404040404039,2.3181818181818183,1.4814814814814814,0.8367003367003369,1.3181818181818181,1.0740740740740742,0.24410774410774394,8.0,7.0,1.0,44.0,27.0,17.0,0.625,0.14285714285714285,0.48214285714285715,0.375,0.14285714285714285,0.23214285714285715,2.0,1.0,1.0,,,,,,,0.0,0.0,0.0,,,,,,,,,,,0.4,,,,,,,,0.0,0.0,0.0
1982-06-29,1982,ENG,GER,1,0,0.48148148148148145,0.6136363636363636,-0.1321548821548822,0.2222222222222222,0.18181818181818182,0.04040404040404039,1.4814814814814814,2.3181818181818183,-0.8367003367003369,1.0740740740740742,1.3181818181818181,-0.24410774410774394,7.0,8.0,-1.0,27.0,44.0,-17.0,0.14285714285714285,0.625,-0.48214285714285715,0.14285714285714285,0.375,-0.23214285714285715,1.0,2.0,-1.0,,,,,,,0.0,0.0,0.0,,,,,,,,,,0.4,,,,,,,,,0.0,0.0,0.0
1982-07-01,1982,BEL,URS,0,0,0.3333333333333333,0.5,-0.16666666666666669,0.2222222222222222,0.18181818181818182,0.04040404040404039,1.3333333333333333,1.6363636363636365,-0.3030303030303032,1.8888888888888888,1.1363636363636365,0.7525252525252524,3.0,5.0,-2.0,9.0,22.0,-13.0,0.0,0.2,-0.2,0.0,0.0,0.0,0.0,0.0,0.0,,,,,,,0.0,0.0,0.0,,,,,,,,,,0.3333333333333333,0.375,-0.041666666666666685,,,,,,,0.0,0.0,0.0
1982-07-01,1982,URS,BEL,2,0,0.5,0.3333333333333333,0.16666666666666669,0.18181818181818182,0.2222222222222222,-0.04040404040404039,1.6363636363636365,1.3333333333333333,0.3030303030303032,1.1363636363636365,1.8888888888888888,-0.7525252525252524,5.0,3.0,2.0,22.0,9.0,13.0,0.2,0.0,0.2,0.0,0.0,0.0,0.0,0.0,0.0,,,,,,,0.0,0.0,0.0,,,,,,,,,,0.375,0.3333333333333333,0.041666666666666685,,,,,,,0.0,0.0,0.0
1982-07-01,1982,AUT,NIR,1,0,0.5,0.375,0.125,0.05555555555555555,0.375,-0.3194444444444444,1.6111111111111112,1.0,0.6111111111111112,1.7222222222222223,1.375,0.3472222222222223,4.0,2.0,2.0,18.0,8.0,10.0,0.25,0.0,0.25,0.0,0.0,0.0,0.0,0.0,0.0,,,,,,,0.0,0.0,0.0,,,,,,,,,,,,,,,,,,,0.0,0.0,0.0
1982-07-01,1982,NIR,AUT,1,0,0.375,0.5,-0.125,0.375,0.05555555555555555,0.3194444444444444,1.0,1.6111111111111112,-0.6111111111111112,1.375,1.7222222222222223,-0.3472222222222223,2.0,4.0,-2.0,8.0,18.0,-10.0,0.0,0.25,-0.25,0.0,0.0,0.0,0.0,0.0,0.0,,,,,,,0.0,0.0,0.0,,,,,,,,,,,,,,,,,,,0.0,0.0,0.0
1982-07-02,1982,ARG,BRA,0,0,0.4444444444444444,0.6808510638297872,-0.2364066193853428,0.18518518518518517,0.19148936170212766,-0.0063041765169424835,1.5555555555555556,2.3191489361702127,-0.7635933806146571,1.2962962962962963,0.8936170212765957,0.4026792750197006,6.0,9.0,-3.0,27.0,47.0,-20.0,0.16666666666666666,0.5555555555555556,-0.38888888888888895,0.16666666666666666,0.3333333333333333,-0.16666666666666666,1.0,3.0,-2.0,,,,,,,0.0,0.0,0.0,,,,,,,,,,,,,,,,,,,0.0,0.0,0.0
1982-07-02,1982,BRA,ARG,2,0,0.6808510638297872,0.4444444444444444,0.2364066193853428,0.19148936170212766,0.18518518518518517,0.0063041765169424835,2.3191489361702127,1.5555555555555556,0.7635933806146571,0.8936170212765957,1.2962962962962963,-0.4026792750197006,9.0,6.0,3.0,47.0,27.0,20.0,0.5555555555555556,0.16666666666666666,0.38888888888888895,0.3333333333333333,0.16666666666666666,0.16666666666666666,3.0,1.0,2.0,,,,,,,0.0,0.0,0.0,,,,,,,,,,,,,,,,,,,0.0,0.0,0.0
1982-07-02,1982,GER,ESP,2,0,0.6,0.3888888888888889,0.21111111111111108,0.2,0.16666666666666666,0.033333333333333354,2.2666666666666666,1.1666666666666667,1.0999999999999999,1.288888888888889,1.3888888888888888,-0.09999999999999987,8.0,5.0,3.0,45.0,18.0,27.0,0.625,0.0,0.625,0.375,0.0,0.375,2.0,0.0,2.0,,,,,,,0.0,0.0,0.0,,,,,,,,,,,0.2,,,,,,,,0.0,1.0,-1.0
1982-07-02,1982,ESP,GER,0,0,0.3888888888888889,0.6,-0.21111111111111108,0.16666666666666666,0.2,-0.033333333333333354,1.1666666666666667,2.2666666666666666,-1.0999999999999999,1.3888888888888888,1.288888888888889,0.09999999999999987,5.0,8.0,-3.0,18.0,45.0,-27.0,0.0,0.625,-0.625,0.0,0.375,-0.375,0.0,2.0,-2.0,,,,,,,0.0,0.0,0.0,,,,,,,,,,0.2,,,,,,,,,1.0,0.0,1.0
1982-07-04,1982,FRA,NIR,2,0,0.4444444444444444,0.3333333333333333,0.1111111111111111,0.1111111111111111,0.4444444444444444,-0.3333333333333333,2.2222222222222223,1.1111111111111112,1.1111111111111112,1.8333333333333333,1.4444444444444444,0.38888888888888884,5.0,2.0,3.0,18.0,9.0,9.0,0.2,0.0,0.2,0.0,0.0,0.0,0.0,0.0,0.0,,,,,,,0.0,0.0,0.0,,,,,,,,,,0.0,,,,,,,,,0.0,0.0,0.0
1982-07-04,1982,NIR,FRA,0,0,0.3333333333333333,0.4444444444444444,-0.1111111111111111,0.4444444444444444,0.1111111111111111,0.3333333333333333,1.1111111111111112,2.2222222222222223,-1.1111111111111112,1.4444444444444444,1.8333333333333333,-0.38888888888888884,2.0,5.0,-3.0,9.0,18.0,-9.0,0.0,0.2,-0.2,0.0,0.0,0.0,0.0,0.0,0.0,,,,,,,0.0,0.0,0.0,,,,,,,,,,,0.0,,,,,,,,0.0,0.0,0.0
1982-07-04,1982,POL,URS,1,0,0.6470588235294118,0.5217391304347826,0.1253196930946292,0.17647058823529413,0.17391304347826086,0.0025575447570332643,1.7647058823529411,1.608695652173913,0.15601023017902804,0.7058823529411765,1.0869565217391304,-0.38107416879795386,3.0,5.0,-2.0,17.0,23.0,-6.0,0.3333333333333333,0.2,0.1333333333333333,0.0,0.0,0.0,0.0,0.0,0.0,,,,,,,0.0,0.0,0.0,,,,,,,,,,,0.375,,,,,,,,0.0,0.0,0.0
1982-07-04,1982,URS,POL,1,0,0.5217391304347826,0.6470588235294118,-0.1253196930946292,0.17391304347826086,0.17647058823529413,-0.0025575447570332643,1.608695652173913,1.7647058823529411,-0.15601023017902804,1.0869565217391304,0.7058823529411765,0.38107416879795386,5.0,3.0,2.0,23.0,17.0,6.0,0.2,0.3333333333333333,-0.1333333333333333,0.0,0.0,0.0,0.0,0.0,0.0,,,,,,,0.0,0.0,0.0,,,,,,,,,,0.375,,,,,,,,,0.0,0.0,0.0
1982-07-05,1982,ESP,ENG,1,0,0.3684210526315789,0.4642857142857143,-0.09586466165413537,0.15789473684210525,0.25,-0.09210526315789475,1.1578947368421053,1.4285714285714286,-0.2706766917293233,1.4210526315789473,1.0357142857142858,0.38533834586466154,5.0,7.0,-2.0,19.0,28.0,-9.0,0.0,0.14285714285714285,-0.14285714285714285,0.0,0.14285714285714285,-0.14285714285714285,0.0,1.0,-1.0,,,,,,,0.0,0.0,0.0,,,,,,,,,,0.2,0.4,-0.2,,,,,,,1.0,0.0,1.0
1982-07-05,1982,ENG,ESP,1,0,0.4642857142857143,0.3684210526315789,0.09586466165413537,0.25,0.15789473684210525,0.09210526315789475,1.4285714285714286,1.1578947368421053,0.2706766917293233,1.0357142857142858,1.4210526315789473,-0.38533834586466154,7.0,5.0,2.0,28.0,19.0,9.0,0.14285714285714285,0.0,0.14285714285714285,0.14285714285714285,0.0,0.14285714285714285,1.0,0.0,1.0,,,,,,,0.0,0.0,0.0,,,,,,,,,,0.4,0.2,0.2,,,,,,,0.0,1.0,-1.0
1982-07-05,1982,ITA,BRA,2,0,0.41935483870967744,0.6875,-0.26814516129032256,0.25806451612903225,0.1875,0.07056451612903225,1.3870967741935485,2.3333333333333335,-0.946236559139785,1.1290322580645162,0.8958333333333334,0.23319892473118287,8.0,9.0,-1.0,31.0,48.0,-17.0,0.25,0.5555555555555556,-0.3055555555555556,0.125,0.3333333333333333,-0.20833333333333331,2.0,3.0,-1.0,,,,,,,0.0,0.0,0.0,,,,,,,,,,0.2857142857142857,,,,,,,,,0.0,0.0,0.0
1982-07-05,1982,BRA,ITA,0,0,0.6875,0.41935483870967744,0.26814516129032256,0.1875,0.25806451612903225,-0.07056451612903225,2.3333333333333335,1.3870967741935485,0.946236559139785,0.8958333333333334,1.1290322580645162,-0.23319892473118287,9.0,8.0,1.0,48.0,31.0,17.0,0.5555555555555556,0.25,0.3055555555555556,0.3333333333333333,0.125,0.20833333333333331,3.0,2.0,1.0,,,,,,,0.0,0.0,0.0,,,,,,,,,,,0.2857142857142857,,,,,,,,0.0,0.0,0.0
1982-07-08,1982,POL,ITA,0,1,0.6111111111111112,0.4375,0.17361111111111116,0.2222222222222222,0.25,-0.02777777777777779,1.6666666666666667,1.4375,0.22916666666666674,0.6666666666666666,1.15625,-0.48958333333333337,3.0,8.0,-5.0,18.0,32.0,-14.0,0.3333333333333333,0.25,0.08333333333333331,0.0,0.125,-0.125,0.0,2.0,-2.0,,,,,,,0.0,0.0,0.0,,,,,,,,,,,0.2857142857142857,,,,,,,,0.0,0.0,0.0
1982-07-08,1982,ITA,POL,2,1,0.4375,0.6111111111111112,-0.17361111111111116,0.25,0.2222222222222222,0.02777777777777779,1.4375,1.6666666666666667,-0.22916666666666674,1.15625,0.6666666666666666,0.48958333333333337,8.0,3.0,5.0,32.0,18.0,14.0,0.25,0.3333333333333333,-0.08333333333333331,0.125,0.0,0.125,2.0,0.0,2.0,,,,,,,0.0,0.0,0.0,,,,,,,,,,0.2857142857142857,,,,,,,,,0.0,0.0,0.0
1982-07-08,1982,GER,FRA,1,1,0.6086956521739131,0.47368421052631576,0.13501144164759732,0.1956521739130435,0.10526315789473684,0.09038901601830665,2.260869565217391,2.3157894736842106,-0.05491990846681949,1.2826086956521738,1.7894736842105263,-0.5068649885583525,8.0,5.0,3.0,46.0,19.0,27.0,0.625,0.2,0.425,0.375,0.0,0.375,2.0,0.0,2.0,,,,,,,0.0,0.0,0.0,,,,,,,,,,,0.0,,,,,,,,0.0,0.0,0.0
1982-07-08,1982,FRA,GER,1,1,0.47368421052631576,0.6086956521739131,-0.13501144164759732,0.10526315789473684,0.1956521739130435,-0.09038901601830665,2.3157894736842106,2.260869565217391,0.05491990846681949,1.7894736842105263,1.2826086956521738,0.5068649885583525,5.0,8.0,-3.0,19.0,46.0,-27.0,0.2,0.625,-0.425,0.0,0.375,-0.375,0.0,2.0,-2.0,,,,,,,0.0,0.0,0.0,,,,,,,,,,0.0,,,,,,,,,0.0,0.0,0.0
1982-07-10,1982,POL,FRA,2,1,0.5789473684210527,0.45,0.12894736842105264,0.21052631578947367,0.15,0.06052631578947368,1.5789473684210527,2.35,-0.7710526315789474,0.7368421052631579,1.85,-1.1131578947368421,3.0,5.0,-2.0,19.0,20.0,-1.0,0.6666666666666666,0.4,0.2666666666666666,0.0,0.0,0.0,0.0,0.0,0.0,,,,,,,0.0,0.0,0.0,,,,,,,,,,,0.0,,,,,,,,0.0,0.0,0.0
1982-07-10,1982,FRA,POL,0,1,0.45,0.5789473684210527,-0.12894736842105264,0.15,0.21052631578947367,-0.06052631578947368,2.35,1.5789473684210527,0.7710526315789474,1.85,0.7368421052631579,1.1131578947368421,5.0,3.0,2.0,20.0,19.0,1.0,0.4,0.6666666666666666,-0.2666666666666666,0.0,0.0,0.0,0.0,0.0,0.0,,,,,,,0.0,0.0,0.0,,,,,,,,,,0.0,,,,,,,,,0.0,0.0,0.0
1982-07-11,1982,ITA,GER,2,1,0.45454545454545453,0.5957446808510638,-0.14119922630560927,0.24242424242424243,0.2127659574468085,0.02965828497743392,1.4545454545454546,2.276595744680851,-0.8220502901353965,1.121212121212121,1.3191489361702127,-0.19793681495809157,8.0,8.0,0.0,33.0,47.0,-14.0,0.375,0.75,-0.375,0.125,0.375,-0.25,2.0,2.0,0.0,,,,,,,0.0,0.0,0.0,,,,,,,,,,0.2857142857142857,,,,,,,,,0.0,0.0,0.0
1982-07-11,1982,GER,ITA,0,1,0.5957446808510638,0.45454545454545453,0.14119922630560927,0.2127659574468085,0.24242424242424243,-0.02965828497743392,2.276595744680851,1.4545454545454546,0.8220502901353965,1.3191489361702127,1.121212121212121,0.19793681495809157,8.0,8.0,0.0,47.0,33.0,14.0,0.75,0.375,0.375,0.375,0.125,0.25,2.0,2.0,0.0,,,,,,,0.0,0.0,0.0,,,,,,,,,,,0.2857142857142857,,,,,,,,0.0,0.0,0.0
1986-05-31,1986,BUL,ITA,1,0,0.0,0.47058823529411764,-0.47058823529411764,0.3333333333333333,0.23529411764705882,0.0980392156862745,0.75,1.5,-0.75,2.4166666666666665,1.1176470588235294,1.299019607843137,4.0,8.0,-4.0,12.0,34.0,-22.0,0.0,0.375,-0.375,0.0,0.25,-0.25,0.0,3.0,-3.0,,,,,,,0.0,0.0,0.0,,,,,,,,,,,0.2857142857142857,,,,,,,,0.0,0.0,0.0
1986-05-31,1986,ITA,BUL,1,0,0.47058823529411764,0.0,0.47058823529411764,0.23529411764705882,0.3333333333333333,-0.0980392156862745,1.5,0.75,0.75,1.1176470588235294,2.4166666666666665,-1.299019607843137,8.0,4.0,4.0,34.0,12.0,22.0,0.375,0.0,0.375,0.25,0.0,0.25,3.0,0.0,3.0,,,,,,,0.0,0.0,0.0,,,,,,,,,,0.2857142857142857,,,,,,,,,0.0,0.0,0.0
1986-06-01,1986,CAN,FRA,0,0,,0.42857142857142855,,,0.14285714285714285,,,2.3333333333333335,,,1.9047619047619047,,0.0,5.0,-5.0,0.0,21.0,-21.0,,0.4,,,0.0,,0.0,0.0,0.0,,,,,,,0.0,0.0,0.0,,,,,,,,,,,0.5714285714285714,,,,,,,,0.0,0.0,0.0
1986-06-01,1986,ESP,BRA,0,0,0.35,0.673469387755102,-0.32346938775510203,0.2,0.1836734693877551,0.0163265306122449,1.1,2.326530612244898,-1.2265306122448978,1.35,0.9387755102040817,0.4112244897959184,5.0,9.0,-4.0,20.0,49.0,-29.0,0.0,0.5555555555555556,-0.5555555555555556,0.0,0.3333333333333333,-0.3333333333333333,0.0,3.0,-3.0,,,,,,,0.0,0.0,0.0,,,,,,,,,,0.2,,,,,,,,,0.0,0.0,0.0
1986-06-01,1986,BRA,ESP,2,0,0.673469387755102,0.35,0.32346938775510203,0.1836734693877551,0.2,-0.0163265306122449,2.326530612244898,1.1,1.2265306122448978,0.9387755102040817,1.35,-0.4112244897959184,9.0,5.0,4.0,49.0,20.0,29.0,0.5555555555555556,0.0,0.5555555555555556,0.3333333333333333,0.0,0.3333333333333333,3.0,0.0,3.0,,,,,,,0.0,0.0,0.0,,,,,,,,,,,0.2,,,,,,,,0.0,0.0,0.0
1986-06-01,1986,FRA,CAN,2,0,0.42857142857142855,,,0.14285714285714285,,,2.3333333333333335,,,1.9047619047619047,,,5.0,0.0,5.0,21.0,0.0,21.0,0.4,,,0.0,,,0.0,0.0,0.0,,,,,,,0.0,0.0,0.0,,,,,,,,,,0.5714285714285714,,,,,,,,,0.0,0.0,0.0
1986-06-02,1986,ARG,KOR,2,0,0.42857142857142855,0.0,0.42857142857142855,0.17857142857142858,0.0,0.17857142857142858,1.5357142857142858,0.0,1.5357142857142858,1.3571428571428572,8.0,-6.642857142857142,6.0,1.0,5.0,28.0,2.0,26.0,0.16666666666666666,0.0,0.16666666666666666,0.16666666666666666,0.0,0.16666666666666666,1.0,0.0,1.0,,,,,,,0.0,0.0,0.0,,,,,,,,,,,,,,,,,,,0.0,0.0,0.0
1986-06-02,1986,MAR,POL,1,0,0.0,0.6,-0.6,0.3333333333333333,0.2,0.1333333333333333,0.6666666666666666,1.65,-0.9833333333333333,2.0,0.8,1.2,1.0,3.0,-2.0,3.0,20.0,-17.0,0.0,0.6666666666666666,-0.6666666666666666,0.0,0.0,0.0,0.0,0.0,0.0,,,,,,,0.0,0.0,0.0,,,,,,,,,,,,,,,,0.36363636363636365,,,0.0,0.0,0.0
1986-06-02,1986,KOR,ARG,0,0,0.0,0.42857142857142855,-0.42857142857142855,0.0,0.17857142857142858,-0.17857142857142858,0.0,1.5357142857142858,-1.5357142857142858,8.0,1.3571428571428572,6.642857142857142,1.0,6.0,-5.0,2.0,28.0,-26.0,0.0,0.16666666666666666,-0.16666666666666666,0.0,0.16666666666666666,-0.16666666666666666,0.0,1.0,-1.0,,,,,,,0.0,0.0,0.0,,,,,,,,,,,,,,,,,,,0.0,0.0,0.0
1986-06-02,1986,URS,HUN,2,0,0.5,0.43478260869565216,0.06521739130434784,0.20833333333333334,0.13043478260869565,0.0778985507246377,1.5416666666666667,2.8260869565217392,-1.2844202898550725,1.0416666666666667,1.6956521739130435,-0.6539855072463767,5.0,6.0,-1.0,24.0,23.0,1.0,0.2,0.16666666666666666,0.033333333333333354,0.0,0.16666666666666666,-0.16666666666666666,0.0,0.0,0.0,,,,,,,0.0,0.0,0.0,,,,,,,,,,0.375,0.0,0.375,,,,,,,0.0,0.0,0.0
1986-06-02,1986,POL,MAR,1,0,0.6,0.0,0.6,0.2,0.3333333333333333,-0.1333333333333333,1.65,0.6666666666666666,0.9833333333333333,0.8,2.0,-1.2,3.0,1.0,2.0,20.0,3.0,17.0,0.6666666666666666,0.0,0.6666666666666666,0.0,0.0,0.0,0.0,0.0,0.0,,,,,,,0.0,0.0,0.0,,,,,,,,,,,,,,,,,0.36363636363636365,,0.0,0.0,0.0
1986-06-02,1986,HUN,URS,0,0,0.43478260869565216,0.5,-0.06521739130434784,0.13043478260869565,0.20833333333333334,-0.0778985507246377,2.8260869565217392,1.5416666666666667,1.2844202898550725,1.6956521739130435,1.0416666666666667,0.6539855072463767,6.0,5.0,1.0,23.0,24.0,-1.0,0.16666666666666666,0.2,-0.033333333333333354,0.16666666666666666,0.0,0.16666666666666666,0.0,0.0,0.0,,,,,,,0.0,0.0,0.0,,,,,,,,,,0.0,0.375,-0.375,,,,,,,0.0,0.0,0.0
1986-06-03,1986,POR,ENG,2,0,0.8333333333333334,0.4482758620689655,0.38505747126436785,0.0,0.27586206896551724,-0.27586206896551724,2.8333333333333335,1.3793103448275863,1.4540229885057472,1.3333333333333333,1.0,0.33333333333333326,1.0,7.0,-6.0,6.0,29.0,-23.0,1.0,0.14285714285714285,0.8571428571428572,0.0,0.14285714285714285,-0.14285714285714285,0.0,1.0,-1.0,,,,,,,0.0,0.0,0.0,,,,,,,,,,0.25,0.4,-0.15000000000000002,,,,,,,0.0,0.0,0.0
1986-06-03,1986,ENG,POR,0,0,0.4482758620689655,0.8333333333333334,-0.38505747126436785,0.27586206896551724,0.0,0.27586206896551724,1.3793103448275863,2.8333333333333335,-1.4540229885057472,1.0,1.3333333333333333,-0.33333333333333326,7.0,1.0,6.0,29.0,6.0,23.0,0.14285714285714285,1.0,-0.8571428571428572,0.14285714285714285,0.0,0.14285714285714285,1.0,0.0,1.0,,,,,,,0.0,0.0,0.0,,,,,,,,,,0.4,0.25,0.15000000000000002,,,,,,,0.0,0.0,0.0
1986-06-03,1986,ALG,NIR,1,0,0.6666666666666666,0.3,0.36666666666666664,0.0,0.4,-0.4,1.6666666666666667,1.1,0.5666666666666667,1.6666666666666667,1.7,-0.033333333333333215,1.0,2.0,-1.0,3.0,10.0,-7.0,0.0,0.0,0.0,0.0,0.0,0.0,0.0,0.0,0.0,,,,,,,0.0,0.0,0.0,,,,,,,,,,,,,,,,0.3888888888888889,,,0.0,0.0,0.0
1986-06-03,1986,NIR,ALG,1,0,0.3,0.6666666666666666,-0.36666666666666664,0.4,0.0,0.4,1.1,1.6666666666666667,-0.5666666666666667,1.7,1.6666666666666667,0.033333333333333215,2.0,1.0,1.0,10.0,3.0,7.0,0.0,0.0,0.0,0.0,0.0,0.0,0.0,0.0,0.0,,,,,,,0.0,0.0,0.0,,,,,,,,,,,,,,,,,0.3888888888888889,,0.0,0.0,0.0
1986-06-03,1986,BEL,MEX,0,0,0.3,0.14285714285714285,0.15714285714285714,0.2,0.19047619047619047,0.009523809523809545,1.2,0.8095238095238095,0.3904761904761904,1.8,2.3333333333333335,-0.5333333333333334,3.0,7.0,-4.0,10.0,21.0,-11.0,0.0,0.0,0.0,0.0,0.0,0.0,0.0,0.0,0.0,,,,,,,0.0,0.0,0.0,,,,,,,,,,0.3333333333333333,,,,,,,,,0.0,1.0,-1.0
1986-06-03,1986,MEX,BEL,2,0,0.14285714285714285,0.3,-0.15714285714285714,0.19047619047619047,0.2,-0.009523809523809545,0.8095238095238095,1.2,-0.3904761904761904,2.3333333333333335,1.8,0.5333333333333334,7.0,3.0,4.0,21.0,10.0,11.0,0.0,0.0,0.0,0.0,0.0,0.0,0.0,0.0,0.0,,,,,,,0.0,0.0,0.0,,,,,,,,,,,0.3333333333333333,,,,,,,,1.0,0.0,1.0
1986-06-04,1986,PAR,IRQ,2,0,0.2,,,0.4,,,2.2,,,3.2,,,2.0,0.0,2.0,5.0,0.0,5.0,0.0,,,0.0,,,0.0,0.0,0.0,,,,,,,0.0,0.0,0.0,,,,,,,,,,,,,,,,,,,0.0,0.0,0.0
1986-06-04,1986,SCO,DEN,0,0,0.21428571428571427,,,0.35714285714285715,,,1.4285714285714286,,,2.0714285714285716,,,5.0,0.0,5.0,14.0,0.0,14.0,0.0,,,0.0,,,0.0,0.0,0.0,,,,,,,0.0,0.0,0.0,,,,,,,,,,,0.3333333333333333,,,,,,,,0.0,0.0,0.0
1986-06-04,1986,DEN,SCO,2,0,,0.21428571428571427,,,0.35714285714285715,,,1.4285714285714286,,,2.0714285714285716,,0.0,5.0,-5.0,0.0,14.0,-14.0,,0.0,,,0.0,,0.0,0.0,0.0,,,,,,,0.0,0.0,0.0,,,,,,,,,,0.3333333333333333,,,,,,,,,0.0,0.0,0.0
1986-06-04,1986,URU,GER,1,0,0.4,0.5833333333333334,-0.18333333333333335,0.2,0.20833333333333334,-0.008333333333333331,1.68,2.25,-0.5700000000000001,1.44,1.3541666666666667,0.0858333333333332,6.0,8.0,-2.0,25.0,48.0,-23.0,0.3333333333333333,0.75,-0.4166666666666667,0.0,0.5,-0.5,2.0,2.0,0.0,,,,,,,0.0,0.0,0.0,,,,,,,,,,,,,,,,,,,0.0,0.0,0.0
1986-06-04,1986,GER,URU,1,0,0.5833333333333334,0.4,0.18333333333333335,0.20833333333333334,0.2,0.008333333333333331,2.25,1.68,0.5700000000000001,1.3541666666666667,1.44,-0.0858333333333332,8.0,6.0,2.0,48.0,25.0,23.0,0.75,0.3333333333333333,0.4166666666666667,0.5,0.0,0.5,2.0,2.0,0.0,,,,,,,0.0,0.0,0.0,,,,,,,,,,,,,,,,,,,0.0,0.0,0.0
1986-06-04,1986,IRQ,PAR,0,0,,0.2,,,0.4,,,2.2,,,3.2,,0.0,2.0,-2.0,0.0,5.0,-5.0,,0.0,,,0.0,,0.0,0.0,0.0,,,,,,,0.0,0.0,0.0,,,,,,,,,,,,,,,,,,,0.0,0.0,0.0
1986-06-05,1986,ITA,ARG,1,0,0.45714285714285713,0.4482758620689655,0.008866995073891604,0.2571428571428571,0.1724137931034483,0.08472906403940883,1.4857142857142858,1.5862068965517242,-0.10049261083743843,1.1142857142857143,1.3448275862068966,-0.23054187192118225,9.0,7.0,2.0,35.0,29.0,6.0,0.3333333333333333,0.14285714285714285,0.19047619047619047,0.2222222222222222,0.14285714285714285,0.07936507936507936,3.0,1.0,2.0,,,,,,,0.0,0.0,0.0,,,,,,,,,,0.2857142857142857,,,,,,,,,0.0,0.0,0.0
1986-06-05,1986,ARG,ITA,1,0,0.4482758620689655,0.45714285714285713,-0.008866995073891604,0.1724137931034483,0.2571428571428571,-0.08472906403940883,1.5862068965517242,1.4857142857142858,0.10049261083743843,1.3448275862068966,1.1142857142857143,0.23054187192118225,7.0,9.0,-2.0,29.0,35.0,-6.0,0.14285714285714285,0.3333333333333333,-0.19047619047619047,0.14285714285714285,0.2222222222222222,-0.07936507936507936,1.0,3.0,-2.0,,,,,,,0.0,0.0,0.0,,,,,,,,,,,0.2857142857142857,,,,,,,,0.0,0.0,0.0
1986-06-05,1986,FRA,URS,1,0,0.45454545454545453,0.52,-0.06545454545454549,0.13636363636363635,0.2,-0.06363636363636366,2.272727272727273,1.72,0.552727272727273,1.8181818181818181,1.0,0.8181818181818181,6.0,6.0,0.0,22.0,25.0,-3.0,0.3333333333333333,0.16666666666666666,0.16666666666666666,0.0,0.0,0.0,0.0,0.0,0.0,,,,,,,0.0,0.0,0.0,,,,,,,,,,0.5714285714285714,0.375,0.1964285714285714,,,,,,,0.0,0.0,0.0
1986-06-05,1986,KOR,BUL,1,0,0.0,0.0,0.0,0.0,0.38461538461538464,-0.38461538461538464,0.3333333333333333,0.7692307692307693,-0.43589743589743596,6.333333333333333,2.3076923076923075,4.0256410256410255,2.0,5.0,-3.0,3.0,13.0,-10.0,0.0,0.0,0.0,0.0,0.0,0.0,0.0,0.0,0.0,,,,,,,0.0,0.0,0.0,,,,,,,,,,,,,,,,,,,0.0,0.0,0.0
1986-06-05,1986,BUL,KOR,1,0,0.0,0.0,0.0,0.38461538461538464,0.0,0.38461538461538464,0.7692307692307693,0.3333333333333333,0.43589743589743596,2.3076923076923075,6.333333333333333,-4.0256410256410255,5.0,2.0,3.0,13.0,3.0,10.0,0.0,0.0,0.0,0.0,0.0,0.0,0.0,0.0,0.0,,,,,,,0.0,0.0,0.0,,,,,,,,,,,,,,,,,,,0.0,0.0,0.0
1986-06-05,1986,URS,FRA,1,0,0.52,0.45454545454545453,0.06545454545454549,0.2,0.13636363636363635,0.06363636363636366,1.72,2.272727272727273,-0.552727272727273,1.0,1.8181818181818181,-0.8181818181818181,6.0,6.0,0.0,25.0,22.0,3.0,0.16666666666666666,0.3333333333333333,-0.16666666666666666,0.0,0.0,0.0,0.0,0.0,0.0,,,,,,,0.0,0.0,0.0,,,,,,,,,,0.375,0.5714285714285714,-0.1964285714285714,,,,,,,0.0,0.0,0.0
1986-06-06,1986,ENG,MAR,1,0,0.43333333333333335,0.0,0.43333333333333335,0.26666666666666666,0.5,-0.23333333333333334,1.3333333333333333,0.5,0.8333333333333333,1.0,1.5,-0.5,8.0,2.0,6.0,30.0,4.0,26.0,0.125,0.0,0.125,0.125,0.0,0.125,1.0,0.0,1.0,,,,,,,0.0,0.0,0.0,,,,,,,,,,0.4,,,,,,,0.36363636363636365,,0.0,0.0,0.0
1986-06-06,1986,MAR,ENG,1,0,0.0,0.43333333333333335,-0.43333333333333335,0.5,0.26666666666666666,0.23333333333333334,0.5,1.3333333333333333,-0.8333333333333333,1.5,1.0,0.5,2.0,8.0,-6.0,4.0,30.0,-26.0,0.0,0.125,-0.125,0.0,0.125,-0.125,0.0,1.0,-1.0,,,,,,,0.0,0.0,0.0,,,,,,,,,,,0.4,,,,,0.36363636363636365,,,0.0,0.0,0.0
1986-06-06,1986,HUN,CAN,2,0,0.4166666666666667,0.0,0.4166666666666667,0.125,0.0,0.125,2.7083333333333335,0.0,2.7083333333333335,1.875,1.0,0.875,7.0,1.0,6.0,24.0,1.0,23.0,0.14285714285714285,0.0,0.14285714285714285,0.14285714285714285,0.0,0.14285714285714285,0.0,0.0,0.0,,,,,,,0.0,0.0,0.0,,,,,,,,,,0.0,,,,,,,,,0.0,0.0,0.0
1986-06-06,1986,CAN,HUN,0,0,0.0,0.4166666666666667,-0.4166666666666667,0.0,0.125,-0.125,0.0,2.7083333333333335,-2.7083333333333335,1.0,1.875,-0.875,1.0,7.0,-6.0,1.0,24.0,-23.0,0.0,0.14285714285714285,-0.14285714285714285,0.0,0.14285714285714285,-0.14285714285714285,0.0,0.0,0.0,,,,,,,0.0,0.0,0.0,,,,,,,,,,,0.0,,,,,,,,0.0,0.0,0.0
1986-06-06,1986,BRA,ALG,2,0,0.68,0.5,0.18000000000000005,0.18,0.25,-0.07,2.3,1.5,0.7999999999999998,0.92,1.5,-0.58,10.0,2.0,8.0,50.0,4.0,46.0,0.5,0.0,0.5,0.3,0.0,0.3,3.0,0.0,3.0,,,,,,,0.0,0.0,0.0,,,,,,,,,,,,,,,,,0.3888888888888889,,0.0,0.0,0.0
1986-06-06,1986,ALG,BRA,0,0,0.5,0.68,-0.18000000000000005,0.25,0.18,0.07,1.5,2.3,-0.7999999999999998,1.5,0.92,0.58,2.0,10.0,-8.0,4.0,50.0,-46.0,0.0,0.5,-0.5,0.0,0.3,-0.3,0.0,3.0,-3.0,,,,,,,0.0,0.0,0.0,,,,,,,,,,,,,,,,0.3888888888888889,,,0.0,0.0,0.0
1986-06-07,1986,POL,POR,2,0,0.5714285714285714,0.8571428571428571,-0.2857142857142857,0.23809523809523808,0.0,0.23809523809523808,1.5714285714285714,2.5714285714285716,-1.0000000000000002,0.7619047619047619,1.1428571428571428,-0.38095238095238093,4.0,2.0,2.0,21.0,7.0,14.0,0.5,0.5,0.0,0.0,0.0,0.0,0.0,0.0,0.0,,,,,,,0.0,0.0,0.0,,,,,,,,,,,0.25,,,,,,,,0.0,0.0,0.0
1986-06-07,1986,POR,POL,0,0,0.8571428571428571,0.5714285714285714,0.2857142857142857,0.0,0.23809523809523808,-0.23809523809523808,2.5714285714285716,1.5714285714285714,1.0000000000000002,1.1428571428571428,0.7619047619047619,0.38095238095238093,2.0,4.0,-2.0,7.0,21.0,-14.0,0.5,0.5,0.0,0.0,0.0,0.0,0.0,0.0,0.0,,,,,,,0.0,0.0,0.0,,,,,,,,,,0.25,,,,,,,,,0.0,0.0,0.0
1986-06-07,1986,NIR,ESP,0,0,0.2727272727272727,0.3333333333333333,-0.06060606060606061,0.45454545454545453,0.19047619047619047,0.26406926406926406,1.0909090909090908,1.0476190476190477,0.043290043290043156,1.6363636363636365,1.3333333333333333,0.3030303030303032,3.0,6.0,-3.0,11.0,21.0,-10.0,0.0,0.0,0.0,0.0,0.0,0.0,0.0,0.0,0.0,,,,,,,0.0,0.0,0.0,,,,,,,,,,,0.2,,,,,,,,0.0,0.0,0.0
1986-06-07,1986,MEX,PAR,1,0,0.18181818181818182,0.3333333333333333,-0.1515151515151515,0.18181818181818182,0.3333333333333333,-0.1515151515151515,0.8636363636363636,2.0,-1.1363636363636362,2.272727272727273,2.6666666666666665,-0.3939393939393936,8.0,3.0,5.0,22.0,6.0,16.0,0.0,0.0,0.0,0.0,0.0,0.0,0.0,0.0,0.0,,,,,,,0.0,0.0,0.0,,,,,,,,,,,,,,,,,,,1.0,0.0,1.0
1986-06-07,1986,PAR,MEX,1,0,0.3333333333333333,0.18181818181818182,0.1515151515151515,0.3333333333333333,0.18181818181818182,0.1515151515151515,2.0,0.8636363636363636,1.1363636363636362,2.6666666666666665,2.272727272727273,0.3939393939393936,3.0,8.0,-5.0,6.0,22.0,-16.0,0.0,0.0,0.0,0.0,0.0,0.0,0.0,0.0,0.0,,,,,,,0.0,0.0,0.0,,,,,,,,,,,,,,,,,,,0.0,1.0,-1.0
1986-06-07,1986,ESP,NIR,2,0,0.3333333333333333,0.2727272727272727,0.06060606060606061,0.19047619047619047,0.45454545454545453,-0.26406926406926406,1.0476190476190477,1.0909090909090908,-0.043290043290043156,1.3333333333333333,1.6363636363636365,-0.3030303030303032,6.0,3.0,3.0,21.0,11.0,10.0,0.0,0.0,0.0,0.0,0.0,0.0,0.0,0.0,0.0,,,,,,,0.0,0.0,0.0,,,,,,,,,,0.2,,,,,,,,,0.0,0.0,0.0
1986-06-08,1986,DEN,URU,2,0,1.0,0.38461538461538464,0.6153846153846154,0.0,0.23076923076923078,-0.23076923076923078,1.0,1.6538461538461537,-0.6538461538461537,0.0,1.4230769230769231,-1.4230769230769231,1.0,7.0,-6.0,1.0,26.0,-25.0,0.0,0.2857142857142857,-0.2857142857142857,0.0,0.0,0.0,0.0,2.0,-2.0,,,,,,,0.0,0.0,0.0,,,,,,,,,,0.3333333333333333,,,,,,,,,0.0,0.0,0.0
1986-06-08,1986,URU,DEN,0,0,0.38461538461538464,1.0,-0.6153846153846154,0.23076923076923078,0.0,0.23076923076923078,1.6538461538461537,1.0,0.6538461538461537,1.4230769230769231,0.0,1.4230769230769231,7.0,1.0,6.0,26.0,1.0,25.0,0.2857142857142857,0.0,0.2857142857142857,0.0,0.0,0.0,2.0,0.0,2.0,,,,,,,0.0,0.0,0.0,,,,,,,,,,,0.3333333333333333,,,,,,,,0.0,0.0,0.0
1986-06-08,1986,IRQ,BEL,0,0,0.0,0.2727272727272727,-0.2727272727272727,0.0,0.18181818181818182,-0.18181818181818182,0.0,1.1818181818181819,-1.1818181818181819,1.0,1.8181818181818181,-0.8181818181818181,1.0,4.0,-3.0,1.0,11.0,-10.0,0.0,0.0,0.0,0.0,0.0,0.0,0.0,0.0,0.0,,,,,,,0.0,0.0,0.0,,,,,,,,,,,0.3333333333333333,,,,,,,,0.0,0.0,0.0
1986-06-08,1986,BEL,IRQ,2,0,0.2727272727272727,0.0,0.2727272727272727,0.18181818181818182,0.0,0.18181818181818182,1.1818181818181819,0.0,1.1818181818181819,1.8181818181818181,1.0,0.8181818181818181,4.0,1.0,3.0,11.0,1.0,10.0,0.0,0.0,0.0,0.0,0.0,0.0,0.0,0.0,0.0,,,,,,,0.0,0.0,0.0,,,,,,,,,,0.3333333333333333,,,,,,,,,0.0,0.0,0.0
1986-06-08,1986,GER,SCO,2,0,0.5714285714285714,0.2,0.3714285714285714,0.22448979591836735,0.3333333333333333,-0.10884353741496597,2.2244897959183674,1.3333333333333333,0.8911564625850341,1.346938775510204,2.0,-0.653061224489796,9.0,6.0,3.0,49.0,15.0,34.0,0.6666666666666666,0.0,0.6666666666666666,0.4444444444444444,0.0,0.4444444444444444,2.0,0.0,2.0,,,,,,,0.0,0.0,0.0,,,,,,,,,,,,,,,,,,,0.0,0.0,0.0
1986-06-08,1986,SCO,GER,0,0,0.2,0.5714285714285714,-0.3714285714285714,0.3333333333333333,0.22448979591836735,0.10884353741496597,1.3333333333333333,2.2244897959183674,-0.8911564625850341,2.0,1.346938775510204,0.653061224489796,6.0,9.0,-3.0,15.0,49.0,-34.0,0.0,0.6666666666666666,-0.6666666666666666,0.0,0.4444444444444444,-0.4444444444444444,0.0,2.0,-2.0,,,,,,,0.0,0.0,0.0,,,,,,,,,,,,,,,,,,,0.0,0.0,0.0
1986-06-09,1986,HUN,FRA,0,0,0.44,0.43478260869565216,0.00521739130434784,0.12,0.17391304347826086,-0.05391304347826087,2.68,2.217391304347826,0.462608695652174,1.8,1.7826086956521738,0.01739130434782621,7.0,6.0,1.0,25.0,23.0,2.0,0.14285714285714285,0.3333333333333333,-0.19047619047619047,0.14285714285714285,0.0,0.14285714285714285,0.0,0.0,0.0,,,,,,,0.0,0.0,0.0,,,,,,,,,,0.0,0.5714285714285714,-0.5714285714285714,,,,,,,0.0,0.0,0.0
1986-06-09,1986,FRA,HUN,2,0,0.43478260869565216,0.44,-0.00521739130434784,0.17391304347826086,0.12,0.05391304347826087,2.217391304347826,2.68,-0.462608695652174,1.7826086956521738,1.8,-0.01739130434782621,6.0,7.0,-1.0,23.0,25.0,-2.0,0.3333333333333333,0.14285714285714285,0.19047619047619047,0.0,0.14285714285714285,-0.14285714285714285,0.0,0.0,0.0,,,,,,,0.0,0.0,0.0,,,,,,,,,,0.5714285714285714,0.0,0.5714285714285714,,,,,,,0.0,0.0,0.0
1986-06-09,1986,URS,CAN,2,0,0.5,0.0,0.5,0.23076923076923078,0.0,0.23076923076923078,1.6923076923076923,0.0,1.6923076923076923,1.0,1.5,-0.5,6.0,1.0,5.0,26.0,2.0,24.0,0.16666666666666666,0.0,0.16666666666666666,0.0,0.0,0.0,0.0,0.0,0.0,,,,,,,0.0,0.0,0.0,,,,,,,,,,0.375,,,,,,,,,0.0,0.0,0.0
1986-06-09,1986,CAN,URS,0,0,0.0,0.5,-0.5,0.0,0.23076923076923078,-0.23076923076923078,0.0,1.6923076923076923,-1.6923076923076923,1.5,1.0,0.5,1.0,6.0,-5.0,2.0,26.0,-24.0,0.0,0.16666666666666666,-0.16666666666666666,0.0,0.0,0.0,0.0,0.0,0.0,,,,,,,0.0,0.0,0.0,,,,,,,,,,,0.375,,,,,,,,0.0,0.0,0.0
1986-06-10,1986,ARG,BUL,2,0,0.43333333333333335,0.0,0.43333333333333335,0.2,0.42857142857142855,-0.22857142857142854,1.5666666666666667,0.7857142857142857,0.780952380952381,1.3333333333333333,2.2142857142857144,-0.8809523809523812,7.0,5.0,2.0,30.0,14.0,16.0,0.14285714285714285,0.0,0.14285714285714285,0.14285714285714285,0.0,0.14285714285714285,1.0,0.0,1.0,,,,,,,0.0,0.0,0.0,,,,,,,,,,,,,,,,,,,0.0,0.0,0.0
1986-06-10,1986,BUL,ARG,0,0,0.0,0.43333333333333335,-0.43333333333333335,0.42857142857142855,0.2,0.22857142857142854,0.7857142857142857,1.5666666666666667,-0.780952380952381,2.2142857142857144,1.3333333333333333,0.8809523809523812,5.0,7.0,-2.0,14.0,30.0,-16.0,0.0,0.14285714285714285,-0.14285714285714285,0.0,0.14285714285714285,-0.14285714285714285,0.0,1.0,-1.0,,,,,,,0.0,0.0,0.0,,,,,,,,,,,,,,,,,,,0.0,0.0,0.0
1986-06-10,1986,KOR,ITA,0,0,0.0,0.4444444444444444,-0.4444444444444444,0.25,0.2777777777777778,-0.02777777777777779,0.5,1.4722222222222223,-0.9722222222222223,5.0,1.1111111111111112,3.888888888888889,2.0,9.0,-7.0,4.0,36.0,-32.0,0.0,0.3333333333333333,-0.3333333333333333,0.0,0.2222222222222222,-0.2222222222222222,0.0,3.0,-3.0,,,,,,,0.0,0.0,0.0,,,,,,,,,,,0.2857142857142857,,,,,,,,0.0,0.0,0.0
1986-06-10,1986,ITA,KOR,2,0,0.4444444444444444,0.0,0.4444444444444444,0.2777777777777778,0.25,0.02777777777777779,1.4722222222222223,0.5,0.9722222222222223,1.1111111111111112,5.0,-3.888888888888889,9.0,2.0,7.0,36.0,4.0,32.0,0.3333333333333333,0.0,0.3333333333333333,0.2222222222222222,0.0,0.2222222222222222,3.0,0.0,3.0,,,,,,,0.0,0.0,0.0,,,,,,,,,,0.2857142857142857,,,,,,,,,0.0,0.0,0.0
1986-06-11,1986,POR,MAR,0,0,0.75,0.0,0.75,0.0,0.6,-0.6,2.25,0.4,1.85,1.125,1.2,-0.07499999999999996,2.0,2.0,0.0,8.0,5.0,3.0,0.5,0.0,0.5,0.0,0.0,0.0,0.0,0.0,0.0,,,,,,,0.0,0.0,0.0,,,,,,,,,,0.25,,,,,,,0.36363636363636365,,0.0,0.0,0.0
1986-06-11,1986,MAR,POR,2,0,0.0,0.75,-0.75,0.6,0.0,0.6,0.4,2.25,-1.85,1.2,1.125,0.07499999999999996,2.0,2.0,0.0,5.0,8.0,-3.0,0.0,0.5,-0.5,0.0,0.0,0.0,0.0,0.0,0.0,,,,,,,0.0,0.0,0.0,,,,,,,,,,,0.25,,,,,0.36363636363636365,,,0.0,0.0,0.0
1986-06-11,1986,ENG,POL,2,0,0.41935483870967744,0.5909090909090909,-0.1715542521994135,0.2903225806451613,0.22727272727272727,0.06304985337243404,1.2903225806451613,1.5454545454545454,-0.25513196480938416,0.967741935483871,0.7272727272727273,0.2404692082111437,8.0,4.0,4.0,31.0,22.0,9.0,0.125,0.5,-0.375,0.125,0.0,0.125,1.0,0.0,1.0,,,,,,,0.0,0.0,0.0,,,,,,,,,,0.4,,,,,,,,,0.0,0.0,0.0
1986-06-11,1986,POL,ENG,0,0,0.5909090909090909,0.41935483870967744,0.1715542521994135,0.22727272727272727,0.2903225806451613,-0.06304985337243404,1.5454545454545454,1.2903225806451613,0.25513196480938416,0.7272727272727273,0.967741935483871,-0.2404692082111437,4.0,8.0,-4.0,22.0,31.0,-9.0,0.5,0.125,0.375,0.0,0.125,-0.125,0.0,1.0,-1.0,,,,,,,0.0,0.0,0.0,,,,,,,,,,,0.4,,,,,,,,0.0,0.0,0.0
1986-06-11,1986,IRQ,MEX,0,0,0.0,0.17391304347826086,-0.17391304347826086,0.0,0.21739130434782608,-0.21739130434782608,0.5,0.8695652173913043,-0.3695652173913043,1.5,2.217391304347826,-0.7173913043478262,1.0,8.0,-7.0,2.0,23.0,-21.0,0.0,0.0,0.0,0.0,0.0,0.0,0.0,0.0,0.0,,,,,,,0.0,0.0,0.0,,,,,,,,,,,,,,,,,,,0.0,1.0,-1.0
1986-06-11,1986,MEX,IRQ,2,0,0.17391304347826086,0.0,0.17391304347826086,0.21739130434782608,0.0,0.21739130434782608,0.8695652173913043,0.5,0.3695652173913043,2.217391304347826,1.5,0.7173913043478262,8.0,1.0,7.0,23.0,2.0,21.0,0.0,0.0,0.0,0.0,0.0,0.0,0.0,0.0,0.0,,,,,,,0.0,0.0,0.0,,,,,,,,,,,,,,,,,,,1.0,0.0,1.0
1986-06-11,1986,PAR,BEL,1,0,0.2857142857142857,0.3333333333333333,-0.047619047619047616,0.42857142857142855,0.16666666666666666,0.26190476190476186,1.8571428571428572,1.25,0.6071428571428572,2.4285714285714284,1.75,0.6785714285714284,3.0,4.0,-1.0,7.0,12.0,-5.0,0.0,0.0,0.0,0.0,0.0,0.0,0.0,0.0,0.0,,,,,,,0.0,0.0,0.0,,,,,,,,,,,0.3333333333333333,,,,,,,,0.0,0.0,0.0
1986-06-11,1986,BEL,PAR,1,0,0.3333333333333333,0.2857142857142857,0.047619047619047616,0.16666666666666666,0.42857142857142855,-0.26190476190476186,1.25,1.8571428571428572,-0.6071428571428572,1.75,2.4285714285714284,-0.6785714285714284,4.0,3.0,1.0,12.0,7.0,5.0,0.0,0.0,0.0,0.0,0.0,0.0,0.0,0.0,0.0,,,,,,,0.0,0.0,0.0,,,,,,,,,,0.3333333333333333,,,,,,,,,0.0,0.0,0.0
1986-06-12,1986,NIR,BRA,0,0,0.25,0.6862745098039216,-0.4362745098039216,0.4166666666666667,0.17647058823529413,0.24019607843137256,1.0833333333333333,2.2745098039215685,-1.1911764705882353,1.6666666666666667,0.9019607843137255,0.7647058823529412,3.0,10.0,-7.0,12.0,51.0,-39.0,0.0,0.5,-0.5,0.0,0.3,-0.3,0.0,3.0,-3.0,,,,,,,0.0,0.0,0.0,,,,,,,,,,,,,,,,,,,0.0,0.0,0.0
1986-06-12,1986,BRA,NIR,2,0,0.6862745098039216,0.25,0.4362745098039216,0.17647058823529413,0.4166666666666667,-0.24019607843137256,2.2745098039215685,1.0833333333333333,1.1911764705882353,0.9019607843137255,1.6666666666666667,-0.7647058823529412,10.0,3.0,7.0,51.0,12.0,39.0,0.5,0.0,0.5,0.3,0.0,0.3,3.0,0.0,3.0,,,,,,,0.0,0.0,0.0,,,,,,,,,,,,,,,,,,,0.0,0.0,0.0
1986-06-12,1986,ALG,ESP,0,0,0.4,0.36363636363636365,0.036363636363636376,0.2,0.18181818181818182,0.018181818181818188,1.2,1.0909090909090908,0.10909090909090913,1.4,1.3181818181818181,0.08181818181818179,2.0,6.0,-4.0,5.0,22.0,-17.0,0.0,0.0,0.0,0.0,0.0,0.0,0.0,0.0,0.0,,,,,,,0.0,0.0,0.0,,,,,,,,,,,0.2,,,,,0.3888888888888889,,,0.0,0.0,0.0
1986-06-12,1986,ESP,ALG,2,0,0.36363636363636365,0.4,-0.036363636363636376,0.18181818181818182,0.2,-0.018181818181818188,1.0909090909090908,1.2,-0.10909090909090913,1.3181818181818181,1.4,-0.08181818181818179,6.0,2.0,4.0,22.0,5.0,17.0,0.0,0.0,0.0,0.0,0.0,0.0,0.0,0.0,0.0,,,,,,,0.0,0.0,0.0,,,,,,,,,,0.2,,,,,,,0.3888888888888889,,0.0,0.0,0.0
1986-06-13,1986,SCO,URU,1,0,0.1875,0.37037037037037035,-0.18287037037037035,0.3125,0.2222222222222222,0.09027777777777779,1.3125,1.6296296296296295,-0.31712962962962954,2.0,1.5925925925925926,0.40740740740740744,6.0,7.0,-1.0,16.0,27.0,-11.0,0.0,0.2857142857142857,-0.2857142857142857,0.0,0.0,0.0,0.0,2.0,-2.0,,,,,,,0.0,0.0,0.0,,,,,,,,,,,,,,,,,,,0.0,0.0,0.0
1986-06-13,1986,URU,SCO,1,0,0.37037037037037035,0.1875,0.18287037037037035,0.2222222222222222,0.3125,-0.09027777777777779,1.6296296296296295,1.3125,0.31712962962962954,1.5925925925925926,2.0,-0.40740740740740744,7.0,6.0,1.0,27.0,16.0,11.0,0.2857142857142857,0.0,0.2857142857142857,0.0,0.0,0.0,2.0,0.0,2.0,,,,,,,0.0,0.0,0.0,,,,,,,,,,,,,,,,,,,0.0,0.0,0.0
1986-06-13,1986,DEN,GER,2,0,1.0,0.58,0.42000000000000004,0.0,0.22,-0.22,3.5,2.22,1.2799999999999998,0.5,1.34,-0.8400000000000001,1.0,9.0,-8.0,2.0,50.0,-48.0,0.0,0.6666666666666666,-0.6666666666666666,0.0,0.4444444444444444,-0.4444444444444444,0.0,2.0,-2.0,,,,,,,0.0,0.0,0.0,,,,,,,,,,0.3333333333333333,,,,,,,,,0.0,0.0,0.0
1986-06-13,1986,GER,DEN,0,0,0.58,1.0,-0.42000000000000004,0.22,0.0,0.22,2.22,3.5,-1.2799999999999998,1.34,0.5,0.8400000000000001,9.0,1.0,8.0,50.0,2.0,48.0,0.6666666666666666,0.0,0.6666666666666666,0.4444444444444444,0.0,0.4444444444444444,2.0,0.0,2.0,,,,,,,0.0,0.0,0.0,,,,,,,,,,,0.3333333333333333,,,,,,,,0.0,0.0,0.0
1986-06-15,1986,URS,BEL,0,1,0.5185185185185185,0.3076923076923077,0.21082621082621078,0.2222222222222222,0.23076923076923078,-0.008547008547008572,1.7037037037037037,1.3076923076923077,0.396011396011396,0.9629629629629629,1.7692307692307692,-0.8062678062678063,6.0,4.0,2.0,27.0,13.0,14.0,0.16666666666666666,0.0,0.16666666666666666,0.0,0.0,0.0,0.0,0.0,0.0,,,,,,,0.0,0.0,0.0,,,,,,,,,,0.375,0.3333333333333333,0.041666666666666685,,,,,,,0.0,0.0,0.0
1986-06-15,1986,BEL,URS,2,1,0.3076923076923077,0.5185185185185185,-0.21082621082621078,0.23076923076923078,0.2222222222222222,0.008547008547008572,1.3076923076923077,1.7037037037037037,-0.396011396011396,1.7692307692307692,0.9629629629629629,0.8062678062678063,4.0,6.0,-2.0,13.0,27.0,-14.0,0.0,0.16666666666666666,-0.16666666666666666,0.0,0.0,0.0,0.0,0.0,0.0,,,,,,,0.0,0.0,0.0,,,,,,,,,,0.3333333333333333,0.375,-0.041666666666666685,,,,,,,0.0,0.0,0.0
1986-06-15,1986,MEX,BUL,2,1,0.20833333333333334,0.0,0.20833333333333334,0.20833333333333334,0.4,-0.19166666666666668,0.875,0.7333333333333333,0.14166666666666672,2.125,2.2,-0.07500000000000018,8.0,5.0,3.0,24.0,15.0,9.0,0.0,0.0,0.0,0.0,0.0,0.0,0.0,0.0,0.0,,,,,,,0.0,0.0,0.0,,,,,,,,,,,,,,,,,,,1.0,0.0,1.0
1986-06-15,1986,BUL,MEX,0,1,0.0,0.20833333333333334,-0.20833333333333334,0.4,0.20833333333333334,0.19166666666666668,0.7333333333333333,0.875,-0.14166666666666672,2.2,2.125,0.07500000000000018,5.0,8.0,-3.0,15.0,24.0,-9.0,0.0,0.0,0.0,0.0,0.0,0.0,0.0,0.0,0.0,,,,,,,0.0,0.0,0.0,,,,,,,,,,,,,,,,,,,0.0,1.0,-1.0
1986-06-16,1986,ARG,URU,2,1,0.45161290322580644,0.35714285714285715,0.09447004608294929,0.1935483870967742,0.25,-0.05645161290322581,1.5806451612903225,1.5714285714285714,0.009216589861751112,1.2903225806451613,1.5357142857142858,-0.24539170506912455,7.0,7.0,0.0,31.0,28.0,3.0,0.14285714285714285,0.2857142857142857,-0.14285714285714285,0.14285714285714285,0.0,0.14285714285714285,1.0,2.0,-1.0,,,,,,,0.0,0.0,0.0,,,,,,,,,,,,,,,,,,,0.0,0.0,0.0
1986-06-16,1986,URU,ARG,0,1,0.35714285714285715,0.45161290322580644,-0.09447004608294929,0.25,0.1935483870967742,0.05645161290322581,1.5714285714285714,1.5806451612903225,-0.009216589861751112,1.5357142857142858,1.2903225806451613,0.24539170506912455,7.0,7.0,0.0,28.0,31.0,-3.0,0.2857142857142857,0.14285714285714285,0.14285714285714285,0.0,0.14285714285714285,-0.14285714285714285,2.0,1.0,1.0,,,,,,,0.0,0.0,0.0,,,,,,,,,,,,,,,,,,,0.0,0.0,0.0
1986-06-16,1986,BRA,POL,2,1,0.6923076923076923,0.5652173913043478,0.1270903010033445,0.17307692307692307,0.21739130434782608,-0.04431438127090301,2.2884615384615383,1.4782608695652173,0.810200668896321,0.8846153846153846,0.8260869565217391,0.058528428093645446,10.0,4.0,6.0,52.0,23.0,29.0,0.5,0.5,0.0,0.3,0.0,0.3,3.0,0.0,3.0,,,,,,,0.0,0.0,0.0,,,,,,,,,,,,,,,,,,,0.0,0.0,0.0
1986-06-16,1986,POL,BRA,0,1,0.5652173913043478,0.6923076923076923,-0.1270903010033445,0.21739130434782608,0.17307692307692307,0.04431438127090301,1.4782608695652173,2.2884615384615383,-0.810200668896321,0.8260869565217391,0.8846153846153846,-0.058528428093645446,4.0,10.0,-6.0,23.0,52.0,-29.0,0.5,0.5,0.0,0.0,0.3,-0.3,0.0,3.0,-3.0,,,,,,,0.0,0.0,0.0,,,,,,,,,,,,,,,,,,,0.0,0.0,0.0
1986-06-17,1986,ITA,FRA,0,1,0.4594594594594595,0.4583333333333333,0.0011261261261261701,0.2702702702702703,0.16666666666666666,0.10360360360360363,1.5135135135135136,2.25,-0.7364864864864864,1.135135135135135,1.7083333333333333,-0.5731981981981982,9.0,6.0,3.0,37.0,24.0,13.0,0.3333333333333333,0.3333333333333333,0.0,0.2222222222222222,0.0,0.2222222222222222,3.0,0.0,3.0,,,,,,,0.0,0.0,0.0,,,,,,,,,,0.2857142857142857,0.5714285714285714,-0.2857142857142857,,,,,,,0.0,0.0,0.0
1986-06-17,1986,FRA,ITA,2,1,0.4583333333333333,0.4594594594594595,-0.0011261261261261701,0.16666666666666666,0.2702702702702703,-0.10360360360360363,2.25,1.5135135135135136,0.7364864864864864,1.7083333333333333,1.135135135135135,0.5731981981981982,6.0,9.0,-3.0,24.0,37.0,-13.0,0.3333333333333333,0.3333333333333333,0.0,0.0,0.2222222222222222,-0.2222222222222222,0.0,3.0,-3.0,,,,,,,0.0,0.0,0.0,,,,,,,,,,0.5714285714285714,0.2857142857142857,0.2857142857142857,,,,,,,0.0,0.0,0.0
1986-06-17,1986,MAR,GER,0,1,0.16666666666666666,0.5686274509803921,-0.4019607843137255,0.5,0.21568627450980393,0.28431372549019607,0.8333333333333334,2.176470588235294,-1.3431372549019605,1.1666666666666667,1.3529411764705883,-0.18627450980392157,2.0,9.0,-7.0,6.0,51.0,-45.0,0.0,0.6666666666666666,-0.6666666666666666,0.0,0.4444444444444444,-0.4444444444444444,0.0,2.0,-2.0,,,,,,,0.0,0.0,0.0,,,,,,,,,,,,,,,,0.36363636363636365,,,0.0,0.0,0.0
1986-06-17,1986,GER,MAR,2,1,0.5686274509803921,0.16666666666666666,0.4019607843137255,0.21568627450980393,0.5,-0.28431372549019607,2.176470588235294,0.8333333333333334,1.3431372549019605,1.3529411764705883,1.1666666666666667,0.18627450980392157,9.0,2.0,7.0,51.0,6.0,45.0,0.6666666666666666,0.0,0.6666666666666666,0.4444444444444444,0.0,0.4444444444444444,2.0,0.0,2.0,,,,,,,0.0,0.0,0.0,,,,,,,,,,,,,,,,,0.36363636363636365,,0.0,0.0,0.0
1986-06-18,1986,DEN,ESP,0,1,1.0,0.391304347826087,0.6086956521739131,0.0,0.17391304347826086,-0.17391304347826086,3.0,1.173913043478261,1.826086956521739,0.3333333333333333,1.2608695652173914,-0.9275362318840581,1.0,6.0,-5.0,3.0,23.0,-20.0,0.0,0.0,0.0,0.0,0.0,0.0,0.0,0.0,0.0,,,,,,,0.0,0.0,0.0,,,,,,,,,,0.3333333333333333,0.2,0.1333333333333333,,,,,,,0.0,0.0,0.0
1986-06-18,1986,ESP,DEN,2,1,0.391304347826087,1.0,-0.6086956521739131,0.17391304347826086,0.0,0.17391304347826086,1.173913043478261,3.0,-1.826086956521739,1.2608695652173914,0.3333333333333333,0.9275362318840581,6.0,1.0,5.0,23.0,3.0,20.0,0.0,0.0,0.0,0.0,0.0,0.0,0.0,0.0,0.0,,,,,,,0.0,0.0,0.0,,,,,,,,,,0.2,0.3333333333333333,-0.1333333333333333,,,,,,,0.0,0.0,0.0
1986-06-18,1986,ENG,PAR,2,1,0.4375,0.25,0.1875,0.28125,0.5,-0.21875,1.34375,1.875,-0.53125,0.9375,2.375,-1.4375,8.0,3.0,5.0,32.0,8.0,24.0,0.125,0.0,0.125,0.125,0.0,0.125,1.0,0.0,1.0,,,,,,,0.0,0.0,0.0,,,,,,,,,,0.4,,,,,,,,,0.0,0.0,0.0
1986-06-18,1986,PAR,ENG,0,1,0.25,0.4375,-0.1875,0.5,0.28125,0.21875,1.875,1.34375,0.53125,2.375,0.9375,1.4375,3.0,8.0,-5.0,8.0,32.0,-24.0,0.0,0.125,-0.125,0.0,0.125,-0.125,0.0,1.0,-1.0,,,,,,,0.0,0.0,0.0,,,,,,,,,,,0.4,,,,,,,,0.0,0.0,0.0
1986-06-21,1986,GER,MEX,1,1,0.5769230769230769,0.24,0.3369230769230769,0.21153846153846154,0.2,0.011538461538461525,2.1538461538461537,0.92,1.2338461538461538,1.3269230769230769,2.04,-0.7130769230769232,9.0,8.0,1.0,52.0,25.0,27.0,0.6666666666666666,0.0,0.6666666666666666,0.4444444444444444,0.0,0.4444444444444444,2.0,0.0,2.0,,,,,,,0.0,0.0,0.0,,,,,,,,,,,,,,,,,,,0.0,1.0,-1.0
1986-06-21,1986,MEX,GER,1,1,0.24,0.5769230769230769,-0.3369230769230769,0.2,0.21153846153846154,-0.011538461538461525,0.92,2.1538461538461537,-1.2338461538461538,2.04,1.3269230769230769,0.7130769230769232,8.0,9.0,-1.0,25.0,52.0,-27.0,0.0,0.6666666666666666,-0.6666666666666666,0.0,0.4444444444444444,-0.4444444444444444,0.0,2.0,-2.0,,,,,,,0.0,0.0,0.0,,,,,,,,,,,,,,,,,,,1.0,0.0,1.0
1986-06-21,1986,BRA,FRA,1,1,0.6981132075471698,0.48,0.21811320754716979,0.16981132075471697,0.16,0.009811320754716968,2.3207547169811322,2.24,0.08075471698113201,0.8679245283018868,1.64,-0.7720754716981131,10.0,6.0,4.0,53.0,25.0,28.0,0.5,0.3333333333333333,0.16666666666666669,0.3,0.0,0.3,3.0,0.0,3.0,,,,,,,0.0,0.0,0.0,,,,,,,,,,,0.5714285714285714,,,,,,,,0.0,0.0,0.0
1986-06-21,1986,FRA,BRA,1,1,0.48,0.6981132075471698,-0.21811320754716979,0.16,0.16981132075471697,-0.009811320754716968,2.24,2.3207547169811322,-0.08075471698113201,1.64,0.8679245283018868,0.7720754716981131,6.0,10.0,-4.0,25.0,53.0,-28.0,0.3333333333333333,0.5,-0.16666666666666669,0.0,0.3,-0.3,0.0,3.0,-3.0,,,,,,,0.0,0.0,0.0,,,,,,,,,,0.5714285714285714,,,,,,,,,0.0,0.0,0.0
1986-06-22,1986,ARG,ENG,2,1,0.46875,0.45454545454545453,0.01420454545454547,0.1875,0.2727272727272727,-0.08522727272727271,1.5625,1.393939393939394,0.16856060606060597,1.25,0.9090909090909091,0.34090909090909094,7.0,8.0,-1.0,32.0,33.0,-1.0,0.14285714285714285,0.125,0.01785714285714285,0.14285714285714285,0.125,0.01785714285714285,1.0,1.0,0.0,,,,,,,0.0,0.0,0.0,,,,,,,,,,,0.4,,,,,,,,0.0,0.0,0.0
1986-06-22,1986,ESP,BEL,1,1,0.4166666666666667,0.35714285714285715,0.059523809523809534,0.16666666666666666,0.21428571428571427,-0.047619047619047616,1.3333333333333333,1.5,-0.16666666666666674,1.25,1.8571428571428572,-0.6071428571428572,6.0,4.0,2.0,24.0,14.0,10.0,0.0,0.0,0.0,0.0,0.0,0.0,0.0,0.0,0.0,,,,,,,0.0,0.0,0.0,,,,,,,,,,0.2,0.3333333333333333,-0.1333333333333333,,,,,,,0.0,0.0,0.0
1986-06-22,1986,BEL,ESP,1,1,0.35714285714285715,0.4166666666666667,-0.059523809523809534,0.21428571428571427,0.16666666666666666,0.047619047619047616,1.5,1.3333333333333333,0.16666666666666674,1.8571428571428572,1.25,0.6071428571428572,4.0,6.0,-2.0,14.0,24.0,-10.0,0.0,0.0,0.0,0.0,0.0,0.0,0.0,0.0,0.0,,,,,,,0.0,0.0,0.0,,,,,,,,,,0.3333333333333333,0.2,0.1333333333333333,,,,,,,0.0,0.0,0.0
1986-06-22,1986,ENG,ARG,0,1,0.45454545454545453,0.46875,-0.01420454545454547,0.2727272727272727,0.1875,0.08522727272727271,1.393939393939394,1.5625,-0.16856060606060597,0.9090909090909091,1.25,-0.34090909090909094,8.0,7.0,1.0,33.0,32.0,1.0,0.125,0.14285714285714285,-0.01785714285714285,0.125,0.14285714285714285,-0.01785714285714285,1.0,1.0,0.0,,,,,,,0.0,0.0,0.0,,,,,,,,,,0.4,,,,,,,,,0.0,0.0,0.0
1986-06-25,1986,FRA,GER,0,1,0.46153846153846156,0.5660377358490566,-0.10449927431059503,0.19230769230769232,0.22641509433962265,-0.03410740203193033,2.1923076923076925,2.1132075471698113,0.07910014513788122,1.6153846153846154,1.3018867924528301,0.3134978229317853,6.0,9.0,-3.0,26.0,53.0,-27.0,0.3333333333333333,0.6666666666666666,-0.3333333333333333,0.0,0.4444444444444444,-0.4444444444444444,0.0,2.0,-2.0,,,,,,,0.0,0.0,0.0,,,,,,,,,,0.5714285714285714,,,,,,,,,0.0,0.0,0.0
1986-06-25,1986,GER,FRA,2,1,0.5660377358490566,0.46153846153846156,0.10449927431059503,0.22641509433962265,0.19230769230769232,0.03410740203193033,2.1132075471698113,2.1923076923076925,-0.07910014513788122,1.3018867924528301,1.6153846153846154,-0.3134978229317853,9.0,6.0,3.0,53.0,26.0,27.0,0.6666666666666666,0.3333333333333333,0.3333333333333333,0.4444444444444444,0.0,0.4444444444444444,2.0,0.0,2.0,,,,,,,0.0,0.0,0.0,,,,,,,,,,,0.5714285714285714,,,,,,,,0.0,0.0,0.0
1986-06-25,1986,ARG,BEL,2,1,0.48484848484848486,0.3333333333333333,0.15151515151515155,0.18181818181818182,0.26666666666666666,-0.08484848484848484,1.5757575757575757,1.4666666666666666,0.10909090909090913,1.2424242424242424,1.8,-0.5575757575757576,7.0,4.0,3.0,33.0,15.0,18.0,0.14285714285714285,0.0,0.14285714285714285,0.14285714285714285,0.0,0.14285714285714285,1.0,0.0,1.0,,,,,,,0.0,0.0,0.0,,,,,,,,,,,0.3333333333333333,,,,,,,,0.0,0.0,0.0
1986-06-25,1986,BEL,ARG,0,1,0.3333333333333333,0.48484848484848486,-0.15151515151515155,0.26666666666666666,0.18181818181818182,0.08484848484848484,1.4666666666666666,1.5757575757575757,-0.10909090909090913,1.8,1.2424242424242424,0.5575757575757576,4.0,7.0,-3.0,15.0,33.0,-18.0,0.0,0.14285714285714285,-0.14285714285714285,0.0,0.14285714285714285,-0.14285714285714285,0.0,1.0,-1.0,,,,,,,0.0,0.0,0.0,,,,,,,,,,0.3333333333333333,,,,,,,,,0.0,0.0,0.0
1986-06-28,1986,FRA,BEL,2,1,0.4444444444444444,0.3125,0.13194444444444442,0.18518518518518517,0.25,-0.06481481481481483,2.111111111111111,1.375,0.7361111111111112,1.6296296296296295,1.8125,-0.18287037037037046,6.0,4.0,2.0,27.0,16.0,11.0,0.5,0.25,0.25,0.0,0.0,0.0,0.0,0.0,0.0,,,,,,,0.0,0.0,0.0,,,,,,,,,,0.5714285714285714,0.3333333333333333,0.23809523809523808,,,,,,,0.0,0.0,0.0
1986-06-28,1986,BEL,FRA,0,1,0.3125,0.4444444444444444,-0.13194444444444442,0.25,0.18518518518518517,0.06481481481481483,1.375,2.111111111111111,-0.7361111111111112,1.8125,1.6296296296296295,0.18287037037037046,4.0,6.0,-2.0,16.0,27.0,-11.0,0.25,0.5,-0.25,0.0,0.0,0.0,0.0,0.0,0.0,,,,,,,0.0,0.0,0.0,,,,,,,,,,0.3333333333333333,0.5714285714285714,-0.23809523809523808,,,,,,,0.0,0.0,0.0
1986-06-29,1986,ARG,GER,2,1,0.5,0.5740740740740741,-0.07407407407407407,0.17647058823529413,0.2222222222222222,-0.04575163398692808,1.588235294117647,2.111111111111111,-0.5228758169934642,1.2058823529411764,1.2777777777777777,-0.07189542483660127,7.0,9.0,-2.0,34.0,54.0,-20.0,0.2857142857142857,0.7777777777777778,-0.4920634920634921,0.14285714285714285,0.4444444444444444,-0.30158730158730157,1.0,2.0,-1.0,,,,,,,0.0,0.0,0.0,,,,,,,,,,,,,,,,,,,0.0,0.0,0.0
1986-06-29,1986,GER,ARG,0,1,0.5740740740740741,0.5,0.07407407407407407,0.2222222222222222,0.17647058823529413,0.04575163398692808,2.111111111111111,1.588235294117647,0.5228758169934642,1.2777777777777777,1.2058823529411764,0.07189542483660127,9.0,7.0,2.0,54.0,34.0,20.0,0.7777777777777778,0.2857142857142857,0.4920634920634921,0.4444444444444444,0.14285714285714285,0.30158730158730157,2.0,1.0,1.0,,,,,,,0.0,0.0,0.0,,,,,,,,,,,,,,,,,,,0.0,0.0,0.0
1990-06-08,1990,ARG,CMR,0,0,0.5142857142857142,0.0,0.5142857142857142,0.17142857142857143,1.0,-0.8285714285714285,1.6285714285714286,0.3333333333333333,1.2952380952380953,1.2285714285714286,0.3333333333333333,0.8952380952380954,7.0,1.0,6.0,35.0,3.0,32.0,0.2857142857142857,0.0,0.2857142857142857,0.2857142857142857,0.0,0.2857142857142857,2.0,0.0,2.0,,,,,,,0.0,0.0,0.0,,,,,,,,,,,,,,,,,0.5172413793103449,,0.0,0.0,0.0
1990-06-08,1990,CMR,ARG,2,0,0.0,0.5142857142857142,-0.5142857142857142,1.0,0.17142857142857143,0.8285714285714285,0.3333333333333333,1.6285714285714286,-1.2952380952380953,0.3333333333333333,1.2285714285714286,-0.8952380952380954,1.0,7.0,-6.0,3.0,35.0,-32.0,0.0,0.2857142857142857,-0.2857142857142857,0.0,0.2857142857142857,-0.2857142857142857,0.0,2.0,-2.0,,,,,,,0.0,0.0,0.0,,,,,,,,,,,,,,,,0.5172413793103449,,,0.0,0.0,0.0
1990-06-09,1990,ARE,COL,0,0,,0.0,,,0.3333333333333333,,,1.6666666666666667,,,3.6666666666666665,,0.0,1.0,-1.0,0.0,3.0,-3.0,,0.0,,,0.0,,0.0,0.0,0.0,,,,,,,0.0,0.0,0.0,,,,,,,,,,,,,,,,,,,0.0,0.0,0.0
1990-06-09,1990,COL,ARE,2,0,0.0,,,0.3333333333333333,,,1.6666666666666667,,,3.6666666666666665,,,1.0,0.0,1.0,3.0,0.0,3.0,0.0,,,0.0,,,0.0,0.0,0.0,,,,,,,0.0,0.0,0.0,,,,,,,,,,,,,,,,,,,0.0,0.0,0.0
1990-06-09,1990,URS,ROU,0,0,0.5,0.3333333333333333,0.16666666666666669,0.21428571428571427,0.0,0.21428571428571427,1.75,1.3333333333333333,0.41666666666666674,1.0714285714285714,1.6666666666666667,-0.5952380952380953,6.0,1.0,5.0,28.0,3.0,25.0,0.16666666666666666,0.0,0.16666666666666666,0.0,0.0,0.0,0.0,0.0,0.0,,,,,,,0.0,0.0,0.0,,,,,,,,,,0.46153846153846156,0.0,0.46153846153846156,,,,,,,0.0,0.0,0.0
1990-06-09,1990,ITA,AUT,2,0,0.4473684210526316,0.47368421052631576,-0.02631578947368418,0.2631578947368421,0.10526315789473684,0.15789473684210525,1.4736842105263157,1.631578947368421,-0.1578947368421053,1.1578947368421053,1.736842105263158,-0.5789473684210527,9.0,4.0,5.0,38.0,19.0,19.0,0.3333333333333333,0.25,0.08333333333333331,0.2222222222222222,0.0,0.2222222222222222,3.0,0.0,3.0,,,,,,,0.0,0.0,0.0,,,,,,,,,,0.36363636363636365,,,,,,,,,1.0,0.0,1.0
1990-06-09,1990,AUT,ITA,0,0,0.47368421052631576,0.4473684210526316,0.02631578947368418,0.10526315789473684,0.2631578947368421,-0.15789473684210525,1.631578947368421,1.4736842105263157,0.1578947368421053,1.736842105263158,1.1578947368421053,0.5789473684210527,4.0,9.0,-5.0,19.0,38.0,-19.0,0.25,0.3333333333333333,-0.08333333333333331,0.0,0.2222222222222222,-0.2222222222222222,0.0,3.0,-3.0,,,,,,,0.0,0.0,0.0,,,,,,,,,,,0.36363636363636365,,,,,,,,0.0,1.0,-1.0
1990-06-09,1990,ROU,URS,2,0,0.3333333333333333,0.5,-0.16666666666666669,0.0,0.21428571428571427,-0.21428571428571427,1.3333333333333333,1.75,-0.41666666666666674,1.6666666666666667,1.0714285714285714,0.5952380952380953,1.0,6.0,-5.0,3.0,28.0,-25.0,0.0,0.16666666666666666,-0.16666666666666666,0.0,0.0,0.0,0.0,0.0,0.0,,,,,,,0.0,0.0,0.0,,,,,,,,,,0.0,0.46153846153846156,-0.46153846153846156,,,,,,,0.0,0.0,0.0
1990-06-10,1990,USA,CZE,0,0,0.3333333333333333,0.2222222222222222,0.1111111111111111,0.0,0.2222222222222222,-0.2222222222222222,1.3333333333333333,1.1111111111111112,0.2222222222222221,2.6666666666666665,1.7222222222222223,0.9444444444444442,1.0,5.0,-4.0,3.0,18.0,-15.0,0.0,0.2,-0.2,0.0,0.2,-0.2,0.0,0.0,0.0,,,,,,,0.0,0.0,0.0,,,,,,,,,,,,,,,,,,,0.0,0.0,0.0
1990-06-10,1990,CZE,USA,2,0,0.2222222222222222,0.3333333333333333,-0.1111111111111111,0.2222222222222222,0.0,0.2222222222222222,1.1111111111111112,1.3333333333333333,-0.2222222222222221,1.7222222222222223,2.6666666666666665,-0.9444444444444442,5.0,1.0,4.0,18.0,3.0,15.0,0.2,0.0,0.2,0.2,0.0,0.2,0.0,0.0,0.0,,,,,,,0.0,0.0,0.0,,,,,,,,,,,,,,,,,,,0.0,0.0,0.0
1990-06-10,1990,GER,YUG,2,0,0.5636363636363636,0.36,0.20363636363636362,0.21818181818181817,0.24,-0.02181818181818182,2.109090909090909,1.6,0.5090909090909088,1.309090909090909,1.16,0.14909090909090916,9.0,6.0,3.0,55.0,25.0,30.0,0.7777777777777778,0.16666666666666666,0.6111111111111112,0.5555555555555556,0.0,0.5555555555555556,2.0,0.0,2.0,,,,,,,0.0,0.0,0.0,,,,,,,,,,,0.2,,,,,,,,0.0,0.0,0.0
1990-06-10,1990,BRA,SWE,2,0,0.6851851851851852,0.391304347826087,0.29388083735909826,0.18518518518518517,0.2608695652173913,-0.07568438003220612,2.2962962962962963,1.434782608695652,0.8615136876006442,0.8703703703703703,1.434782608695652,-0.5644122383252818,10.0,5.0,5.0,54.0,23.0,31.0,0.5,0.2,0.3,0.3,0.2,0.09999999999999998,3.0,0.0,3.0,,,,,,,0.0,0.0,0.0,,,,,,,,,,,,,,,,,,,0.0,0.0,0.0
1990-06-10,1990,SWE,BRA,0,0,0.391304347826087,0.6851851851851852,-0.29388083735909826,0.2608695652173913,0.18518518518518517,0.07568438003220612,1.434782608695652,2.2962962962962963,-0.8615136876006442,1.434782608695652,0.8703703703703703,0.5644122383252818,5.0,10.0,-5.0,23.0,54.0,-31.0,0.2,0.5,-0.3,0.2,0.3,-0.09999999999999998,0.0,3.0,-3.0,,,,,,,0.0,0.0,0.0,,,,,,,,,,,,,,,,,,,0.0,0.0,0.0
1990-06-10,1990,YUG,GER,0,0,0.36,0.5636363636363636,-0.20363636363636362,0.24,0.21818181818181817,0.02181818181818182,1.6,2.109090909090909,-0.5090909090909088,1.16,1.309090909090909,-0.14909090909090916,6.0,9.0,-3.0,25.0,55.0,-30.0,0.16666666666666666,0.7777777777777778,-0.6111111111111112,0.0,0.5555555555555556,-0.5555555555555556,0.0,2.0,-2.0,,,,,,,0.0,0.0,0.0,,,,,,,,,,0.2,,,,,,,,,0.0,0.0,0.0
1990-06-11,1990,CRC,SCO,2,0,,0.17647058823529413,,,0.35294117647058826,,,1.2352941176470589,,,1.8823529411764706,,0.0,6.0,-6.0,0.0,17.0,-17.0,,0.0,,,0.0,,0.0,0.0,0.0,,,,,,,0.0,0.0,0.0,,,,,,,,,,,,,,,,,,,0.0,0.0,0.0
1990-06-11,1990,ENG,IRL,1,0,0.4411764705882353,,,0.2647058823529412,,,1.3823529411764706,,,0.9411764705882353,,,8.0,0.0,8.0,34.0,0.0,34.0,0.125,,,0.125,,,1.0,0.0,1.0,,,,,,,0.0,0.0,0.0,,,,,,,,,,0.25,0.3333333333333333,-0.08333333333333331,,,,,,,0.0,0.0,0.0
1990-06-11,1990,IRL,ENG,1,0,,0.4411764705882353,,,0.2647058823529412,,,1.3823529411764706,,,0.9411764705882353,,0.0,8.0,-8.0,0.0,34.0,-34.0,,0.125,,,0.125,,0.0,1.0,-1.0,,,,,,,0.0,0.0,0.0,,,,,,,,,,0.3333333333333333,0.25,0.08333333333333331,,,,,,,0.0,0.0,0.0
1990-06-11,1990,SCO,CRC,0,0,0.17647058823529413,,,0.35294117647058826,,,1.2352941176470589,,,1.8823529411764706,,,6.0,0.0,6.0,17.0,0.0,17.0,0.0,,,0.0,,,0.0,0.0,0.0,,,,,,,0.0,0.0,0.0,,,,,,,,,,,,,,,,,,,0.0,0.0,0.0
1990-06-12,1990,BEL,KOR,2,0,0.29411764705882354,0.0,0.29411764705882354,0.23529411764705882,0.2,0.03529411764705881,1.411764705882353,0.8,0.611764705882353,1.9411764705882353,4.6,-2.658823529411764,4.0,2.0,2.0,17.0,5.0,12.0,0.25,0.0,0.25,0.0,0.0,0.0,0.0,0.0,0.0,,,,,,,0.0,0.0,0.0,,,,,,,,,,0.3333333333333333,,,,,,,,,0.0,0.0,0.0
1990-06-12,1990,KOR,BEL,0,0,0.0,0.29411764705882354,-0.29411764705882354,0.2,0.23529411764705882,-0.03529411764705881,0.8,1.411764705882353,-0.611764705882353,4.6,1.9411764705882353,2.658823529411764,2.0,4.0,-2.0,5.0,17.0,-12.0,0.0,0.25,-0.25,0.0,0.0,0.0,0.0,0.0,0.0,,,,,,,0.0,0.0,0.0,,,,,,,,,,,0.3333333333333333,,,,,,,,0.0,0.0,0.0
1990-06-12,1990,NED,EGY,1,0,0.5714285714285714,,,0.21428571428571427,,,2.142857142857143,,,0.9285714285714286,,,2.0,0.0,2.0,14.0,0.0,14.0,1.0,,,1.0,,,0.0,0.0,0.0,,,,,,,0.0,0.0,0.0,,,,,,,,,,0.5,,,,,,,0.43243243243243246,,0.0,0.0,0.0
1990-06-12,1990,EGY,NED,1,0,,0.5714285714285714,,,0.21428571428571427,,,2.142857142857143,,,0.9285714285714286,,0.0,2.0,-2.0,0.0,14.0,-14.0,,1.0,,,1.0,,0.0,0.0,0.0,,,,,,,0.0,0.0,0.0,,,,,,,,,,,0.5,,,,,0.43243243243243246,,,0.0,0.0,0.0
1990-06-13,1990,ARG,URS,2,0,0.5,0.4827586206896552,0.017241379310344807,0.16666666666666666,0.20689655172413793,-0.04022988505747127,1.5833333333333333,1.6896551724137931,-0.10632183908045989,1.2222222222222223,1.103448275862069,0.11877394636015337,8.0,7.0,1.0,36.0,29.0,7.0,0.25,0.14285714285714285,0.10714285714285715,0.25,0.0,0.25,2.0,0.0,2.0,,,,,,,0.0,0.0,0.0,,,,,,,,,,,0.46153846153846156,,,,,,,,0.0,0.0,0.0
1990-06-13,1990,URS,ARG,0,0,0.4827586206896552,0.5,-0.017241379310344807,0.20689655172413793,0.16666666666666666,0.04022988505747127,1.6896551724137931,1.5833333333333333,0.10632183908045989,1.103448275862069,1.2222222222222223,-0.11877394636015337,7.0,8.0,-1.0,29.0,36.0,-7.0,0.14285714285714285,0.25,-0.10714285714285715,0.0,0.25,-0.25,0.0,2.0,-2.0,,,,,,,0.0,0.0,0.0,,,,,,,,,,0.46153846153846156,,,,,,,,,0.0,0.0,0.0
1990-06-13,1990,URU,ESP,1,0,0.3448275862068966,0.4,-0.05517241379310345,0.2413793103448276,0.2,0.041379310344827586,1.5172413793103448,1.32,0.1972413793103447,1.5172413793103448,1.24,0.27724137931034476,7.0,6.0,1.0,29.0,25.0,4.0,0.2857142857142857,0.0,0.2857142857142857,0.0,0.0,0.0,2.0,0.0,2.0,,,,,,,0.0,0.0,0.0,,,,,,,,,,,0.23076923076923078,,,,,,,,0.0,0.0,0.0
1990-06-13,1990,ESP,URU,1,0,0.4,0.3448275862068966,0.05517241379310345,0.2,0.2413793103448276,-0.041379310344827586,1.32,1.5172413793103448,-0.1972413793103447,1.24,1.5172413793103448,-0.27724137931034476,6.0,7.0,-1.0,25.0,29.0,-4.0,0.0,0.2857142857142857,-0.2857142857142857,0.0,0.0,0.0,0.0,2.0,-2.0,,,,,,,0.0,0.0,0.0,,,,,,,,,,0.23076923076923078,,,,,,,,,0.0,0.0,0.0
1990-06-14,1990,YUG,COL,2,0,0.34615384615384615,0.25,0.09615384615384615,0.23076923076923078,0.25,-0.019230769230769218,1.5769230769230769,1.75,-0.17307692307692313,1.2692307692307692,2.75,-1.4807692307692308,7.0,2.0,5.0,26.0,4.0,22.0,0.14285714285714285,0.0,0.14285714285714285,0.0,0.0,0.0,0.0,0.0,0.0,,,,,,,0.0,0.0,0.0,,,,,,,,,,0.2,,,,,,,,,0.0,0.0,0.0
1990-06-14,1990,COL,YUG,0,0,0.25,0.34615384615384615,-0.09615384615384615,0.25,0.23076923076923078,0.019230769230769218,1.75,1.5769230769230769,0.17307692307692313,2.75,1.2692307692307692,1.4807692307692308,2.0,7.0,-5.0,4.0,26.0,-22.0,0.0,0.14285714285714285,-0.14285714285714285,0.0,0.0,0.0,0.0,0.0,0.0,,,,,,,0.0,0.0,0.0,,,,,,,,,,,0.2,,,,,,,,0.0,0.0,0.0
1990-06-14,1990,ITA,USA,2,0,0.46153846153846156,0.25,0.21153846153846156,0.2564102564102564,0.0,0.2564102564102564,1.4615384615384615,1.25,0.21153846153846145,1.1282051282051282,3.25,-2.121794871794872,10.0,2.0,8.0,39.0,4.0,35.0,0.3,0.0,0.3,0.2,0.0,0.2,3.0,0.0,3.0,,,,,,,0.0,0.0,0.0,,,,,,,,,,0.36363636363636365,,,,,,,,,1.0,0.0,1.0
1990-06-14,1990,USA,ITA,0,0,0.25,0.46153846153846156,-0.21153846153846156,0.0,0.2564102564102564,-0.2564102564102564,1.25,1.4615384615384615,-0.21153846153846145,3.25,1.1282051282051282,2.121794871794872,2.0,10.0,-8.0,4.0,39.0,-35.0,0.0,0.3,-0.3,0.0,0.2,-0.2,0.0,3.0,-3.0,,,,,,,0.0,0.0,0.0,,,,,,,,,,,0.36363636363636365,,,,,,,,0.0,1.0,-1.0
1990-06-14,1990,CMR,ROU,2,0,0.25,0.5,-0.25,0.75,0.0,0.75,0.5,1.5,-1.0,0.25,1.25,-1.0,2.0,2.0,0.0,4.0,4.0,0.0,0.0,0.0,0.0,0.0,0.0,0.0,0.0,0.0,0.0,,,,,,,0.0,0.0,0.0,,,,,,,,,,,0.0,,,,,0.5172413793103449,,,0.0,0.0,0.0
1990-06-14,1990,ROU,CMR,0,0,0.5,0.25,0.25,0.0,0.75,-0.75,1.5,0.5,1.0,1.25,0.25,1.0,2.0,2.0,0.0,4.0,4.0,0.0,0.0,0.0,0.0,0.0,0.0,0.0,0.0,0.0,0.0,,,,,,,0.0,0.0,0.0,,,,,,,,,,0.0,,,,,,,0.5172413793103449,,0.0,0.0,0.0
1990-06-15,1990,GER,ARE,2,0,0.5714285714285714,0.0,0.5714285714285714,0.21428571428571427,0.0,0.21428571428571427,2.142857142857143,0.0,2.142857142857143,1.3035714285714286,2.0,-0.6964285714285714,10.0,1.0,9.0,56.0,1.0,55.0,0.7,0.0,0.7,0.5,0.0,0.5,2.0,0.0,2.0,,,,,,,0.0,0.0,0.0,,,,,,,,,,,,,,,,,,,0.0,0.0,0.0
1990-06-15,1990,ARE,GER,0,0,0.0,0.5714285714285714,-0.5714285714285714,0.0,0.21428571428571427,-0.21428571428571427,0.0,2.142857142857143,-2.142857142857143,2.0,1.3035714285714286,0.6964285714285714,1.0,10.0,-9.0,1.0,56.0,-55.0,0.0,0.7,-0.7,0.0,0.5,-0.5,0.0,2.0,-2.0,,,,,,,0.0,0.0,0.0,,,,,,,,,,,,,,,,,,,0.0,0.0,0.0
1990-06-15,1990,AUT,CZE,0,0,0.45,0.2631578947368421,0.18684210526315792,0.1,0.21052631578947367,-0.11052631578947367,1.55,1.3157894736842106,0.23421052631578942,1.7,1.6842105263157894,0.015789473684210575,5.0,6.0,-1.0,20.0,19.0,1.0,0.2,0.16666666666666666,0.033333333333333354,0.0,0.16666666666666666,-0.16666666666666666,0.0,0.0,0.0,,,,,,,0.0,0.0,0.0,,,,,,,,,,,,,,,,,,,0.0,0.0,0.0
1990-06-15,1990,CZE,AUT,2,0,0.2631578947368421,0.45,-0.18684210526315792,0.21052631578947367,0.1,0.11052631578947367,1.3157894736842106,1.55,-0.23421052631578942,1.6842105263157894,1.7,-0.015789473684210575,6.0,5.0,1.0,19.0,20.0,-1.0,0.16666666666666666,0.2,-0.033333333333333354,0.16666666666666666,0.0,0.16666666666666666,0.0,0.0,0.0,,,,,,,0.0,0.0,0.0,,,,,,,,,,,,,,,,,,,0.0,0.0,0.0
1990-06-16,1990,BRA,CRC,2,0,0.6909090909090909,1.0,-0.3090909090909091,0.18181818181818182,0.0,0.18181818181818182,2.290909090909091,1.0,1.290909090909091,0.8727272727272727,0.0,0.8727272727272727,11.0,1.0,10.0,55.0,1.0,54.0,0.45454545454545453,0.0,0.45454545454545453,0.2727272727272727,0.0,0.2727272727272727,3.0,0.0,3.0,,,,,,,0.0,0.0,0.0,,,,,,,,,,,,,,,,,,,0.0,0.0,0.0
1990-06-16,1990,CRC,BRA,0,0,1.0,0.6909090909090909,0.3090909090909091,0.0,0.18181818181818182,-0.18181818181818182,1.0,2.290909090909091,-1.290909090909091,0.0,0.8727272727272727,-0.8727272727272727,1.0,11.0,-10.0,1.0,55.0,-54.0,0.0,0.45454545454545453,-0.45454545454545453,0.0,0.2727272727272727,-0.2727272727272727,0.0,3.0,-3.0,,,,,,,0.0,0.0,0.0,,,,,,,,,,,,,,,,,,,0.0,0.0,0.0
1990-06-16,1990,ENG,NED,1,0,0.42857142857142855,0.5333333333333333,-0.10476190476190478,0.2857142857142857,0.26666666666666666,0.019047619047619035,1.3714285714285714,2.066666666666667,-0.6952380952380954,0.9428571428571428,0.9333333333333333,0.00952380952380949,9.0,3.0,6.0,35.0,15.0,20.0,0.1111111111111111,0.6666666666666666,-0.5555555555555556,0.1111111111111111,0.6666666666666666,-0.5555555555555556,1.0,0.0,1.0,,,,,,,0.0,0.0,0.0,,,,,,,,,,0.25,0.5,-0.25,,,,,,,0.0,0.0,0.0
1990-06-16,1990,SWE,SCO,0,0,0.375,0.16666666666666666,0.20833333333333334,0.25,0.3333333333333333,-0.08333333333333331,1.4166666666666667,1.1666666666666667,0.25,1.4583333333333333,1.8333333333333333,-0.375,6.0,7.0,-1.0,24.0,18.0,6.0,0.16666666666666666,0.0,0.16666666666666666,0.16666666666666666,0.0,0.16666666666666666,0.0,0.0,0.0,,,,,,,0.0,0.0,0.0,,,,,,,,,,,,,,,,,,,0.0,0.0,0.0
1990-06-16,1990,NED,ENG,1,0,0.5333333333333333,0.42857142857142855,0.10476190476190478,0.26666666666666666,0.2857142857142857,-0.019047619047619035,2.066666666666667,1.3714285714285714,0.6952380952380954,0.9333333333333333,0.9428571428571428,-0.00952380952380949,3.0,9.0,-6.0,15.0,35.0,-20.0,0.6666666666666666,0.1111111111111111,0.5555555555555556,0.6666666666666666,0.1111111111111111,0.5555555555555556,0.0,1.0,-1.0,,,,,,,0.0,0.0,0.0,,,,,,,,,,0.5,0.25,0.25,,,,,,,0.0,0.0,0.0
1990-06-16,1990,SCO,SWE,2,0,0.16666666666666666,0.375,-0.20833333333333334,0.3333333333333333,0.25,0.08333333333333331,1.1666666666666667,1.4166666666666667,-0.25,1.8333333333333333,1.4583333333333333,0.375,7.0,6.0,1.0,18.0,24.0,-6.0,0.0,0.16666666666666666,-0.16666666666666666,0.0,0.16666666666666666,-0.16666666666666666,0.0,0.0,0.0,,,,,,,0.0,0.0,0.0,,,,,,,,,,,,,,,,,,,0.0,0.0,0.0
1990-06-17,1990,IRL,EGY,1,0,0.0,0.0,0.0,1.0,1.0,0.0,1.0,1.0,0.0,1.0,1.0,0.0,1.0,1.0,0.0,1.0,1.0,0.0,0.0,0.0,0.0,0.0,0.0,0.0,0.0,0.0,0.0,,,,,,,0.0,0.0,0.0,,,,,,,,,,0.3333333333333333,,,,,,,0.43243243243243246,,0.0,0.0,0.0
1990-06-17,1990,KOR,ESP,0,0,0.0,0.38461538461538464,-0.38461538461538464,0.16666666666666666,0.23076923076923078,-0.06410256410256412,0.6666666666666666,1.2692307692307692,-0.6025641025641025,4.166666666666667,1.1923076923076923,2.9743589743589745,3.0,7.0,-4.0,6.0,26.0,-20.0,0.0,0.0,0.0,0.0,0.0,0.0,0.0,0.0,0.0,,,,,,,0.0,0.0,0.0,,,,,,,,,,,0.23076923076923078,,,,,,,,0.0,0.0,0.0
1990-06-17,1990,ESP,KOR,2,0,0.38461538461538464,0.0,0.38461538461538464,0.23076923076923078,0.16666666666666666,0.06410256410256412,1.2692307692307692,0.6666666666666666,0.6025641025641025,1.1923076923076923,4.166666666666667,-2.9743589743589745,7.0,3.0,4.0,26.0,6.0,20.0,0.0,0.0,0.0,0.0,0.0,0.0,0.0,0.0,0.0,,,,,,,0.0,0.0,0.0,,,,,,,,,,0.23076923076923078,,,,,,,,,0.0,0.0,0.0
1990-06-17,1990,BEL,URU,2,0,0.3333333333333333,0.3333333333333333,0.0,0.2222222222222222,0.26666666666666666,-0.04444444444444445,1.4444444444444444,1.4666666666666666,-0.022222222222222143,1.8333333333333333,1.4666666666666666,0.3666666666666667,5.0,8.0,-3.0,18.0,30.0,-12.0,0.2,0.25,-0.04999999999999999,0.0,0.0,0.0,0.0,2.0,-2.0,,,,,,,0.0,0.0,0.0,,,,,,,,,,0.3333333333333333,,,,,,,,,0.0,0.0,0.0
1990-06-17,1990,URU,BEL,0,0,0.3333333333333333,0.3333333333333333,0.0,0.26666666666666666,0.2222222222222222,0.04444444444444445,1.4666666666666666,1.4444444444444444,0.022222222222222143,1.4666666666666666,1.8333333333333333,-0.3666666666666667,8.0,5.0,3.0,30.0,18.0,12.0,0.25,0.2,0.04999999999999999,0.0,0.0,0.0,2.0,0.0,2.0,,,,,,,0.0,0.0,0.0,,,,,,,,,,,0.3333333333333333,,,,,,,,0.0,0.0,0.0
1990-06-17,1990,EGY,IRL,1,0,0.0,0.0,0.0,1.0,1.0,0.0,1.0,1.0,0.0,1.0,1.0,0.0,1.0,1.0,0.0,1.0,1.0,0.0,0.0,0.0,0.0,0.0,0.0,0.0,0.0,0.0,0.0,,,,,,,0.0,0.0,0.0,,,,,,,,,,,0.3333333333333333,,,,,0.43243243243243246,,,0.0,0.0,0.0
1990-06-18,1990,ARG,ROU,1,0,0.5135135135135135,0.4,0.11351351351351346,0.16216216216216217,0.0,0.16216216216216217,1.5945945945945945,1.4,0.1945945945945946,1.1891891891891893,1.4,-0.21081081081081066,8.0,2.0,6.0,37.0,5.0,32.0,0.25,0.0,0.25,0.25,0.0,0.25,2.0,0.0,2.0,,,,,,,0.0,0.0,0.0,,,,,,,,,,,0.0,,,,,,,,0.0,0.0,0.0
1990-06-18,1990,ROU,ARG,1,0,0.4,0.5135135135135135,-0.11351351351351346,0.0,0.16216216216216217,-0.16216216216216217,1.4,1.5945945945945945,-0.1945945945945946,1.4,1.1891891891891893,0.21081081081081066,2.0,8.0,-6.0,5.0,37.0,-32.0,0.0,0.25,-0.25,0.0,0.25,-0.25,0.0,2.0,-2.0,,,,,,,0.0,0.0,0.0,,,,,,,,,,0.0,,,,,,,,,0.0,0.0,0.0
1990-06-18,1990,CMR,URS,0,0,0.4,0.4666666666666667,-0.06666666666666665,0.6,0.2,0.39999999999999997,0.8,1.6333333333333333,-0.8333333333333333,0.4,1.1333333333333333,-0.7333333333333333,2.0,7.0,-5.0,5.0,30.0,-25.0,0.0,0.14285714285714285,-0.14285714285714285,0.0,0.0,0.0,0.0,0.0,0.0,,,,,,,0.0,0.0,0.0,,,,,,,,,,,0.46153846153846156,,,,,0.5172413793103449,,,0.0,0.0,0.0
1990-06-18,1990,URS,CMR,2,0,0.4666666666666667,0.4,0.06666666666666665,0.2,0.6,-0.39999999999999997,1.6333333333333333,0.8,0.8333333333333333,1.1333333333333333,0.4,0.7333333333333333,7.0,2.0,5.0,30.0,5.0,25.0,0.14285714285714285,0.0,0.14285714285714285,0.0,0.0,0.0,0.0,0.0,0.0,,,,,,,0.0,0.0,0.0,,,,,,,,,,0.46153846153846156,,,,,,,0.5172413793103449,,0.0,0.0,0.0
1990-06-19,1990,GER,COL,1,0,0.5789473684210527,0.2,0.37894736842105264,0.21052631578947367,0.2,0.010526315789473661,2.192982456140351,1.4,0.7929824561403511,1.2982456140350878,2.4,-1.1017543859649122,10.0,2.0,8.0,57.0,5.0,52.0,0.7,0.0,0.7,0.5,0.0,0.5,2.0,0.0,2.0,,,,,,,0.0,0.0,0.0,,,,,,,,,,,,,,,,,,,0.0,0.0,0.0
1990-06-19,1990,COL,GER,1,0,0.2,0.5789473684210527,-0.37894736842105264,0.2,0.21052631578947367,-0.010526315789473661,1.4,2.192982456140351,-0.7929824561403511,2.4,1.2982456140350878,1.1017543859649122,2.0,10.0,-8.0,5.0,57.0,-52.0,0.0,0.7,-0.7,0.0,0.5,-0.5,0.0,2.0,-2.0,,,,,,,0.0,0.0,0.0,,,,,,,,,,,,,,,,,,,0.0,0.0,0.0
1990-06-19,1990,YUG,ARE,2,0,0.37037037037037035,0.0,0.37037037037037035,0.2222222222222222,0.0,0.2222222222222222,1.5555555555555556,0.5,1.0555555555555556,1.2222222222222223,3.5,-2.2777777777777777,7.0,1.0,6.0,27.0,2.0,25.0,0.14285714285714285,0.0,0.14285714285714285,0.0,0.0,0.0,0.0,0.0,0.0,,,,,,,0.0,0.0,0.0,,,,,,,,,,0.2,,,,,,,,,0.0,0.0,0.0
1990-06-19,1990,ARE,YUG,0,0,0.0,0.37037037037037035,-0.37037037037037035,0.0,0.2222222222222222,-0.2222222222222222,0.5,1.5555555555555556,-1.0555555555555556,3.5,1.2222222222222223,2.2777777777777777,1.0,7.0,-6.0,2.0,27.0,-25.0,0.0,0.14285714285714285,-0.14285714285714285,0.0,0.0,0.0,0.0,0.0,0.0,,,,,,,0.0,0.0,0.0,,,,,,,,,,,0.2,,,,,,,,0.0,0.0,0.0
1990-06-19,1990,AUT,USA,2,0,0.42857142857142855,0.2,0.22857142857142854,0.09523809523809523,0.0,0.09523809523809523,1.4761904761904763,1.0,0.4761904761904763,1.6666666666666667,2.8,-1.133333333333333,5.0,2.0,3.0,21.0,5.0,16.0,0.2,0.0,0.2,0.0,0.0,0.0,0.0,0.0,0.0,,,,,,,0.0,0.0,0.0,,,,,,,,,,,,,,,,,,,0.0,0.0,0.0
1990-06-19,1990,USA,AUT,0,0,0.2,0.42857142857142855,-0.22857142857142854,0.0,0.09523809523809523,-0.09523809523809523,1.0,1.4761904761904763,-0.4761904761904763,2.8,1.6666666666666667,1.133333333333333,2.0,5.0,-3.0,5.0,21.0,-16.0,0.0,0.2,-0.2,0.0,0.0,0.0,0.0,0.0,0.0,,,,,,,0.0,0.0,0.0,,,,,,,,,,,,,,,,,,,0.0,0.0,0.0
1990-06-19,1990,ITA,CZE,2,0,0.475,0.3,0.175,0.25,0.2,0.04999999999999999,1.45,1.3,0.1499999999999999,1.1,1.6,-0.5,10.0,6.0,4.0,40.0,20.0,20.0,0.3,0.16666666666666666,0.13333333333333333,0.2,0.16666666666666666,0.033333333333333354,3.0,0.0,3.0,,,,,,,0.0,0.0,0.0,,,,,,,,,,0.36363636363636365,,,,,,,,,1.0,0.0,1.0
1990-06-19,1990,CZE,ITA,0,0,0.3,0.475,-0.175,0.2,0.25,-0.04999999999999999,1.3,1.45,-0.1499999999999999,1.6,1.1,0.5,6.0,10.0,-4.0,20.0,40.0,-20.0,0.16666666666666666,0.3,-0.13333333333333333,0.16666666666666666,0.2,-0.033333333333333354,0.0,3.0,-3.0,,,,,,,0.0,0.0,0.0,,,,,,,,,,,0.36363636363636365,,,,,,,,0.0,1.0,-1.0
1990-06-20,1990,SWE,CRC,0,0,0.36,0.5,-0.14,0.24,0.0,0.24,1.4,0.5,0.8999999999999999,1.48,0.5,0.98,6.0,1.0,5.0,25.0,2.0,23.0,0.16666666666666666,0.0,0.16666666666666666,0.16666666666666666,0.0,0.16666666666666666,0.0,0.0,0.0,,,,,,,0.0,0.0,0.0,,,,,,,,,,,,,,,,,,,0.0,0.0,0.0
1990-06-20,1990,CRC,SWE,2,0,0.5,0.36,0.14,0.0,0.24,-0.24,0.5,1.4,-0.8999999999999999,0.5,1.48,-0.98,1.0,6.0,-5.0,2.0,25.0,-23.0,0.0,0.16666666666666666,-0.16666666666666666,0.0,0.16666666666666666,-0.16666666666666666,0.0,0.0,0.0,,,,,,,0.0,0.0,0.0,,,,,,,,,,,,,,,,,,,0.0,0.0,0.0
1990-06-20,1990,BRA,SCO,2,0,0.6964285714285714,0.21052631578947367,0.4859022556390977,0.17857142857142858,0.3157894736842105,-0.13721804511278193,2.267857142857143,1.2105263157894737,1.0573308270676691,0.8571428571428571,1.7894736842105263,-0.9323308270676692,11.0,7.0,4.0,56.0,19.0,37.0,0.45454545454545453,0.0,0.45454545454545453,0.2727272727272727,0.0,0.2727272727272727,3.0,0.0,3.0,,,,,,,0.0,0.0,0.0,,,,,,,,,,,,,,,,,,,0.0,0.0,0.0
1990-06-20,1990,SCO,BRA,0,0,0.21052631578947367,0.6964285714285714,-0.4859022556390977,0.3157894736842105,0.17857142857142858,0.13721804511278193,1.2105263157894737,2.267857142857143,-1.0573308270676691,1.7894736842105263,0.8571428571428571,0.9323308270676692,7.0,11.0,-4.0,19.0,56.0,-37.0,0.0,0.45454545454545453,-0.45454545454545453,0.0,0.2727272727272727,-0.2727272727272727,0.0,3.0,-3.0,,,,,,,0.0,0.0,0.0,,,,,,,,,,,,,,,,,,,0.0,0.0,0.0
1990-06-21,1990,ENG,EGY,2,0,0.4166666666666667,0.0,0.4166666666666667,0.3055555555555556,1.0,-0.6944444444444444,1.3333333333333333,0.5,0.8333333333333333,0.9166666666666666,0.5,0.41666666666666663,9.0,1.0,8.0,36.0,2.0,34.0,0.1111111111111111,0.0,0.1111111111111111,0.1111111111111111,0.0,0.1111111111111111,1.0,0.0,1.0,,,,,,,0.0,0.0,0.0,,,,,,,,,,0.25,,,,,,,0.43243243243243246,,0.0,0.0,0.0
1990-06-21,1990,EGY,ENG,0,0,0.0,0.4166666666666667,-0.4166666666666667,1.0,0.3055555555555556,0.6944444444444444,0.5,1.3333333333333333,-0.8333333333333333,0.5,0.9166666666666666,-0.41666666666666663,1.0,9.0,-8.0,2.0,36.0,-34.0,0.0,0.1111111111111111,-0.1111111111111111,0.0,0.1111111111111111,-0.1111111111111111,0.0,1.0,-1.0,,,,,,,0.0,0.0,0.0,,,,,,,,,,,0.25,,,,,0.43243243243243246,,,0.0,0.0,0.0
1990-06-21,1990,IRL,NED,1,0,0.0,0.5,-0.5,1.0,0.3125,0.6875,0.5,1.9375,-1.4375,0.5,0.875,-0.375,1.0,3.0,-2.0,2.0,16.0,-14.0,0.0,0.6666666666666666,-0.6666666666666666,0.0,0.6666666666666666,-0.6666666666666666,0.0,0.0,0.0,,,,,,,0.0,0.0,0.0,,,,,,,,,,0.3333333333333333,0.5,-0.16666666666666669,,,,,,,0.0,0.0,0.0
1990-06-21,1990,NED,IRL,1,0,0.5,0.0,0.5,0.3125,1.0,-0.6875,1.9375,0.5,1.4375,0.875,0.5,0.375,3.0,1.0,2.0,16.0,2.0,14.0,0.6666666666666666,0.0,0.6666666666666666,0.6666666666666666,0.0,0.6666666666666666,0.0,0.0,0.0,,,,,,,0.0,0.0,0.0,,,,,,,,,,0.5,0.3333333333333333,0.16666666666666669,,,,,,,0.0,0.0,0.0
1990-06-21,1990,KOR,URU,0,0,0.0,0.3225806451612903,-0.3225806451612903,0.14285714285714285,0.25806451612903225,-0.1152073732718894,0.7142857142857143,1.4516129032258065,-0.7373271889400922,4.0,1.5161290322580645,2.4838709677419355,3.0,8.0,-5.0,7.0,31.0,-24.0,0.0,0.25,-0.25,0.0,0.0,0.0,0.0,2.0,-2.0,,,,,,,0.0,0.0,0.0,,,,,,,,,,,,,,,,,,,0.0,0.0,0.0
1990-06-21,1990,URU,KOR,2,0,0.3225806451612903,0.0,0.3225806451612903,0.25806451612903225,0.14285714285714285,0.1152073732718894,1.4516129032258065,0.7142857142857143,0.7373271889400922,1.5161290322580645,4.0,-2.4838709677419355,8.0,3.0,5.0,31.0,7.0,24.0,0.25,0.0,0.25,0.0,0.0,0.0,2.0,0.0,2.0,,,,,,,0.0,0.0,0.0,,,,,,,,,,,,,,,,,,,0.0,0.0,0.0
1990-06-21,1990,BEL,ESP,0,0,0.3684210526315789,0.4074074074074074,-0.03898635477582846,0.21052631578947367,0.2222222222222222,-0.011695906432748537,1.5263157894736843,1.3333333333333333,0.19298245614035103,1.7894736842105263,1.1851851851851851,0.6042884990253412,5.0,7.0,-2.0,19.0,27.0,-8.0,0.2,0.0,0.2,0.0,0.0,0.0,0.0,0.0,0.0,,,,,,,0.0,0.0,0.0,,,,,,,,,,0.3333333333333333,0.23076923076923078,0.10256410256410253,,,,,,,0.0,0.0,0.0
1990-06-21,1990,ESP,BEL,2,0,0.4074074074074074,0.3684210526315789,0.03898635477582846,0.2222222222222222,0.21052631578947367,0.011695906432748537,1.3333333333333333,1.5263157894736843,-0.19298245614035103,1.1851851851851851,1.7894736842105263,-0.6042884990253412,7.0,5.0,2.0,27.0,19.0,8.0,0.0,0.2,-0.2,0.0,0.0,0.0,0.0,0.0,0.0,,,,,,,0.0,0.0,0.0,,,,,,,,,,0.23076923076923078,0.3333333333333333,-0.10256410256410253,,,,,,,0.0,0.0,0.0
1990-06-23,1990,CMR,COL,2,1,0.3333333333333333,0.16666666666666666,0.16666666666666666,0.5,0.3333333333333333,0.16666666666666669,0.6666666666666666,1.3333333333333333,-0.6666666666666666,1.0,2.1666666666666665,-1.1666666666666665,2.0,2.0,0.0,6.0,6.0,0.0,0.0,0.0,0.0,0.0,0.0,0.0,0.0,0.0,0.0,,,,,,,0.0,0.0,0.0,,,,,,,,,,,,,,,,0.5172413793103449,,,0.0,0.0,0.0
1990-06-23,1990,CZE,CRC,2,1,0.2857142857142857,0.6666666666666666,-0.38095238095238093,0.19047619047619047,0.0,0.19047619047619047,1.2380952380952381,1.0,0.23809523809523814,1.619047619047619,0.6666666666666666,0.9523809523809524,6.0,1.0,5.0,21.0,3.0,18.0,0.16666666666666666,0.0,0.16666666666666666,0.16666666666666666,0.0,0.16666666666666666,0.0,0.0,0.0,,,,,,,0.0,0.0,0.0,,,,,,,,,,,,,,,,,,,0.0,0.0,0.0
1990-06-23,1990,CRC,CZE,0,1,0.6666666666666666,0.2857142857142857,0.38095238095238093,0.0,0.19047619047619047,-0.19047619047619047,1.0,1.2380952380952381,-0.23809523809523814,0.6666666666666666,1.619047619047619,-0.9523809523809524,1.0,6.0,-5.0,3.0,21.0,-18.0,0.0,0.16666666666666666,-0.16666666666666666,0.0,0.16666666666666666,-0.16666666666666666,0.0,0.0,0.0,,,,,,,0.0,0.0,0.0,,,,,,,,,,,,,,,,,,,0.0,0.0,0.0
1990-06-23,1990,COL,CMR,0,1,0.16666666666666666,0.3333333333333333,-0.16666666666666666,0.3333333333333333,0.5,-0.16666666666666669,1.3333333333333333,0.6666666666666666,0.6666666666666666,2.1666666666666665,1.0,1.1666666666666665,2.0,2.0,0.0,6.0,6.0,0.0,0.0,0.0,0.0,0.0,0.0,0.0,0.0,0.0,0.0,,,,,,,0.0,0.0,0.0,,,,,,,,,,,,,,,,,0.5172413793103449,,0.0,0.0,0.0
1990-06-24,1990,GER,NED,2,1,0.5689655172413793,0.47058823529411764,0.0983772819472617,0.22413793103448276,0.35294117647058826,-0.1288032454361055,2.1724137931034484,1.8823529411764706,0.29006085192697784,1.293103448275862,0.8823529411764706,0.41075050709939154,10.0,3.0,7.0,58.0,17.0,41.0,0.7,0.6666666666666666,0.033333333333333326,0.5,0.6666666666666666,-0.16666666666666663,2.0,0.0,2.0,,,,,,,0.0,0.0,0.0,,,,,,,,,,,0.5,,,,,,,,0.0,0.0,0.0
1990-06-24,1990,NED,GER,0,1,0.47058823529411764,0.5689655172413793,-0.0983772819472617,0.35294117647058826,0.22413793103448276,0.1288032454361055,1.8823529411764706,2.1724137931034484,-0.29006085192697784,0.8823529411764706,1.293103448275862,-0.41075050709939154,3.0,10.0,-7.0,17.0,58.0,-41.0,0.6666666666666666,0.7,-0.033333333333333326,0.6666666666666666,0.5,0.16666666666666663,0.0,2.0,-2.0,,,,,,,0.0,0.0,0.0,,,,,,,,,,0.5,,,,,,,,,0.0,0.0,0.0
1990-06-24,1990,BRA,ARG,0,1,0.7017543859649122,0.5,0.20175438596491224,0.17543859649122806,0.18421052631578946,-0.008771929824561403,2.245614035087719,1.5789473684210527,0.6666666666666665,0.8421052631578947,1.1842105263157894,-0.3421052631578947,11.0,8.0,3.0,57.0,38.0,19.0,0.45454545454545453,0.25,0.20454545454545453,0.2727272727272727,0.25,0.022727272727272707,3.0,2.0,1.0,,,,,,,0.0,0.0,0.0,,,,,,,,,,,,,,,,,,,0.0,0.0,0.0
1990-06-24,1990,ARG,BRA,2,1,0.5,0.7017543859649122,-0.20175438596491224,0.18421052631578946,0.17543859649122806,0.008771929824561403,1.5789473684210527,2.245614035087719,-0.6666666666666665,1.1842105263157894,0.8421052631578947,0.3421052631578947,8.0,11.0,-3.0,38.0,57.0,-19.0,0.25,0.45454545454545453,-0.20454545454545453,0.25,0.2727272727272727,-0.022727272727272707,2.0,3.0,-1.0,,,,,,,0.0,0.0,0.0,,,,,,,,,,,,,,,,,,,0.0,0.0,0.0
1990-06-25,1990,IRL,ROU,1,1,0.0,0.3333333333333333,-0.3333333333333333,1.0,0.16666666666666666,0.8333333333333334,0.6666666666666666,1.3333333333333333,-0.6666666666666666,0.6666666666666666,1.3333333333333333,-0.6666666666666666,1.0,2.0,-1.0,3.0,6.0,-3.0,0.0,0.0,0.0,0.0,0.0,0.0,0.0,0.0,0.0,,,,,,,0.0,0.0,0.0,,,,,,,,,,0.3333333333333333,0.0,0.3333333333333333,,,,,,,0.0,0.0,0.0
1990-06-25,1990,ROU,IRL,1,1,0.3333333333333333,0.0,0.3333333333333333,0.16666666666666666,1.0,-0.8333333333333334,1.3333333333333333,0.6666666666666666,0.6666666666666666,1.3333333333333333,0.6666666666666666,0.6666666666666666,2.0,1.0,1.0,6.0,3.0,3.0,0.0,0.0,0.0,0.0,0.0,0.0,0.0,0.0,0.0,,,,,,,0.0,0.0,0.0,,,,,,,,,,0.0,0.3333333333333333,-0.3333333333333333,,,,,,,0.0,0.0,0.0
1990-06-25,1990,ITA,URU,2,1,0.4878048780487805,0.34375,0.14405487804878048,0.24390243902439024,0.25,-0.0060975609756097615,1.4634146341463414,1.4375,0.02591463414634143,1.0731707317073171,1.46875,-0.39557926829268286,10.0,8.0,2.0,41.0,32.0,9.0,0.3,0.25,0.04999999999999999,0.2,0.0,0.2,3.0,2.0,1.0,,,,,,,0.0,0.0,0.0,,,,,,,,,,0.36363636363636365,,,,,,,,,1.0,0.0,1.0
1990-06-25,1990,URU,ITA,0,1,0.34375,0.4878048780487805,-0.14405487804878048,0.25,0.24390243902439024,0.0060975609756097615,1.4375,1.4634146341463414,-0.02591463414634143,1.46875,1.0731707317073171,0.39557926829268286,8.0,10.0,-2.0,32.0,41.0,-9.0,0.25,0.3,-0.04999999999999999,0.0,0.2,-0.2,2.0,3.0,-1.0,,,,,,,0.0,0.0,0.0,,,,,,,,,,,0.36363636363636365,,,,,,,,0.0,1.0,-1.0
1990-06-26,1990,ENG,BEL,2,1,0.43243243243243246,0.35,0.08243243243243248,0.2972972972972973,0.2,0.0972972972972973,1.3243243243243243,1.5,-0.17567567567567566,0.8918918918918919,1.8,-0.9081081081081082,9.0,5.0,4.0,37.0,20.0,17.0,0.1111111111111111,0.2,-0.0888888888888889,0.1111111111111111,0.0,0.1111111111111111,1.0,0.0,1.0,,,,,,,0.0,0.0,0.0,,,,,,,,,,0.25,0.3333333333333333,-0.08333333333333331,,,,,,,0.0,0.0,0.0
1990-06-26,1990,BEL,ENG,0,1,0.35,0.43243243243243246,-0.08243243243243248,0.2,0.2972972972972973,-0.0972972972972973,1.5,1.3243243243243243,0.17567567567567566,1.8,0.8918918918918919,0.9081081081081082,5.0,9.0,-4.0,20.0,37.0,-17.0,0.2,0.1111111111111111,0.0888888888888889,0.0,0.1111111111111111,-0.1111111111111111,0.0,1.0,-1.0,,,,,,,0.0,0.0,0.0,,,,,,,,,,0.3333333333333333,0.25,0.08333333333333331,,,,,,,0.0,0.0,0.0
1990-06-26,1990,ESP,YUG,0,1,0.42857142857142855,0.39285714285714285,0.0357142857142857,0.21428571428571427,0.21428571428571427,0.0,1.3571428571428572,1.6428571428571428,-0.2857142857142856,1.1785714285714286,1.2142857142857142,-0.03571428571428559,7.0,7.0,0.0,28.0,28.0,0.0,0.0,0.14285714285714285,-0.14285714285714285,0.0,0.0,0.0,0.0,0.0,0.0,,,,,,,0.0,0.0,0.0,,,,,,,,,,0.23076923076923078,0.2,0.03076923076923077,,,,,,,0.0,0.0,0.0
1990-06-26,1990,YUG,ESP,2,1,0.39285714285714285,0.42857142857142855,-0.0357142857142857,0.21428571428571427,0.21428571428571427,0.0,1.6428571428571428,1.3571428571428572,0.2857142857142856,1.2142857142857142,1.1785714285714286,0.03571428571428559,7.0,7.0,0.0,28.0,28.0,0.0,0.14285714285714285,0.0,0.14285714285714285,0.0,0.0,0.0,0.0,0.0,0.0,,,,,,,0.0,0.0,0.0,,,,,,,,,,0.2,0.23076923076923078,-0.03076923076923077,,,,,,,0.0,0.0,0.0
1990-06-30,1990,ITA,IRL,2,1,0.5,0.0,0.5,0.23809523809523808,1.0,-0.7619047619047619,1.4761904761904763,0.5,0.9761904761904763,1.0476190476190477,0.5,0.5476190476190477,10.0,1.0,9.0,42.0,4.0,38.0,0.3,0.0,0.3,0.2,0.0,0.2,3.0,0.0,3.0,,,,,,,0.0,0.0,0.0,,,,,,,,,,0.36363636363636365,0.3333333333333333,0.03030303030303033,,,,,,,1.0,0.0,1.0
1990-06-30,1990,IRL,ITA,0,1,0.0,0.5,-0.5,1.0,0.23809523809523808,0.7619047619047619,0.5,1.4761904761904763,-0.9761904761904763,0.5,1.0476190476190477,-0.5476190476190477,1.0,10.0,-9.0,4.0,42.0,-38.0,0.0,0.3,-0.3,0.0,0.2,-0.2,0.0,3.0,-3.0,,,,,,,0.0,0.0,0.0,,,,,,,,,,0.3333333333333333,0.36363636363636365,-0.03030303030303033,,,,,,,0.0,1.0,-1.0
1990-06-30,1990,YUG,ARG,1,1,0.41379310344827586,0.5128205128205128,-0.09902740937223692,0.20689655172413793,0.1794871794871795,0.02740937223695844,1.6551724137931034,1.564102564102564,0.09106984969053933,1.206896551724138,1.1538461538461537,0.05305039787798416,7.0,8.0,-1.0,29.0,39.0,-10.0,0.14285714285714285,0.25,-0.10714285714285715,0.0,0.25,-0.25,0.0,2.0,-2.0,,,,,,,0.0,0.0,0.0,,,,,,,,,,0.2,,,,,,,,,0.0,0.0,0.0
1990-06-30,1990,ARG,YUG,1,1,0.5128205128205128,0.41379310344827586,0.09902740937223692,0.1794871794871795,0.20689655172413793,-0.02740937223695844,1.564102564102564,1.6551724137931034,-0.09106984969053933,1.1538461538461537,1.206896551724138,-0.05305039787798416,8.0,7.0,1.0,39.0,29.0,10.0,0.25,0.14285714285714285,0.10714285714285715,0.25,0.0,0.25,2.0,0.0,2.0,,,,,,,0.0,0.0,0.0,,,,,,,,,,,0.2,,,,,,,,0.0,0.0,0.0
1990-07-01,1990,GER,CZE,2,1,0.576271186440678,0.3181818181818182,0.2580893682588598,0.22033898305084745,0.18181818181818182,0.03852080123266563,2.169491525423729,1.3636363636363635,0.8058551617873653,1.2881355932203389,1.5909090909090908,-0.30277349768875195,10.0,6.0,4.0,59.0,22.0,37.0,0.7,0.16666666666666666,0.5333333333333333,0.5,0.16666666666666666,0.33333333333333337,2.0,0.0,2.0,,,,,,,0.0,0.0,0.0,,,,,,,,,,,,,,,,,,,0.0,0.0,0.0
1990-07-01,1990,ENG,CMR,2,1,0.4473684210526316,0.42857142857142855,0.018796992481203034,0.2894736842105263,0.42857142857142855,-0.13909774436090222,1.3157894736842106,0.8571428571428571,0.4586466165413535,0.868421052631579,1.0,-0.13157894736842102,9.0,2.0,7.0,38.0,7.0,31.0,0.1111111111111111,0.0,0.1111111111111111,0.1111111111111111,0.0,0.1111111111111111,1.0,0.0,1.0,,,,,,,0.0,0.0,0.0,,,,,,,,,,0.25,,,,,,,0.5172413793103449,,0.0,0.0,0.0
1990-07-01,1990,CMR,ENG,0,1,0.42857142857142855,0.4473684210526316,-0.018796992481203034,0.42857142857142855,0.2894736842105263,0.13909774436090222,0.8571428571428571,1.3157894736842106,-0.4586466165413535,1.0,0.868421052631579,0.13157894736842102,2.0,9.0,-7.0,7.0,38.0,-31.0,0.0,0.1111111111111111,-0.1111111111111111,0.0,0.1111111111111111,-0.1111111111111111,0.0,1.0,-1.0,,,,,,,0.0,0.0,0.0,,,,,,,,,,,0.25,,,,,0.5172413793103449,,,0.0,0.0,0.0
1990-07-01,1990,CZE,GER,0,1,0.3181818181818182,0.576271186440678,-0.2580893682588598,0.18181818181818182,0.22033898305084745,-0.03852080123266563,1.3636363636363635,2.169491525423729,-0.8058551617873653,1.5909090909090908,1.2881355932203389,0.30277349768875195,6.0,10.0,-4.0,22.0,59.0,-37.0,0.16666666666666666,0.7,-0.5333333333333333,0.16666666666666666,0.5,-0.33333333333333337,0.0,2.0,-2.0,,,,,,,0.0,0.0,0.0,,,,,,,,,,,,,,,,,,,0.0,0.0,0.0
1990-07-03,1990,ITA,ARG,1,1,0.5116279069767442,0.5,0.011627906976744207,0.23255813953488372,0.2,0.03255813953488371,1.4651162790697674,1.525,-0.05988372093023253,1.0232558139534884,1.125,-0.10174418604651159,10.0,8.0,2.0,43.0,40.0,3.0,0.3,0.25,0.04999999999999999,0.2,0.25,-0.04999999999999999,3.0,2.0,1.0,,,,,,,0.0,0.0,0.0,,,,,,,,,,0.36363636363636365,,,,,,,,,1.0,0.0,1.0
1990-07-03,1990,ARG,ITA,1,1,0.5,0.5116279069767442,-0.011627906976744207,0.2,0.23255813953488372,-0.03255813953488371,1.525,1.4651162790697674,0.05988372093023253,1.125,1.0232558139534884,0.10174418604651159,8.0,10.0,-2.0,40.0,43.0,-3.0,0.25,0.3,-0.04999999999999999,0.25,0.2,0.04999999999999999,2.0,3.0,-1.0,,,,,,,0.0,0.0,0.0,,,,,,,,,,,0.36363636363636365,,,,,,,,0.0,1.0,-1.0
1990-07-04,1990,GER,ENG,1,1,0.5833333333333334,0.46153846153846156,0.1217948717948718,0.21666666666666667,0.28205128205128205,-0.06538461538461537,2.15,1.358974358974359,0.7910256410256409,1.2666666666666666,0.8974358974358975,0.36923076923076914,10.0,9.0,1.0,60.0,39.0,21.0,0.7,0.1111111111111111,0.5888888888888888,0.5,0.1111111111111111,0.3888888888888889,2.0,1.0,1.0,,,,,,,0.0,0.0,0.0,,,,,,,,,,,0.25,,,,,,,,0.0,0.0,0.0
1990-07-04,1990,ENG,GER,1,1,0.46153846153846156,0.5833333333333334,-0.1217948717948718,0.28205128205128205,0.21666666666666667,0.06538461538461537,1.358974358974359,2.15,-0.7910256410256409,0.8974358974358975,1.2666666666666666,-0.36923076923076914,9.0,10.0,-1.0,39.0,60.0,-21.0,0.1111111111111111,0.7,-0.5888888888888888,0.1111111111111111,0.5,-0.3888888888888889,1.0,2.0,-1.0,,,,,,,0.0,0.0,0.0,,,,,,,,,,0.25,,,,,,,,,0.0,0.0,0.0
1990-07-07,1990,ITA,ENG,2,1,0.5,0.45,0.04999999999999999,0.25,0.3,-0.04999999999999999,1.4545454545454546,1.35,0.1045454545454545,1.0227272727272727,0.9,0.12272727272727268,10.0,9.0,1.0,44.0,40.0,4.0,0.4,0.2222222222222222,0.1777777777777778,0.2,0.1111111111111111,0.0888888888888889,3.0,1.0,2.0,,,,,,,0.0,0.0,0.0,,,,,,,,,,0.36363636363636365,0.25,0.11363636363636365,,,,,,,1.0,0.0,1.0
1990-07-07,1990,ENG,ITA,0,1,0.45,0.5,-0.04999999999999999,0.3,0.25,0.04999999999999999,1.35,1.4545454545454546,-0.1045454545454545,0.9,1.0227272727272727,-0.12272727272727268,9.0,10.0,-1.0,40.0,44.0,-4.0,0.2222222222222222,0.4,-0.1777777777777778,0.1111111111111111,0.2,-0.0888888888888889,1.0,3.0,-2.0,,,,,,,0.0,0.0,0.0,,,,,,,,,,0.25,0.36363636363636365,-0.11363636363636365,,,,,,,0.0,1.0,-1.0
1990-07-08,1990,GER,ARG,2,1,0.5737704918032787,0.4878048780487805,0.08596561375449818,0.22950819672131148,0.21951219512195122,0.00999600159936026,2.1311475409836067,1.5121951219512195,0.6189524190323872,1.2622950819672132,1.1219512195121952,0.14034386245501795,10.0,8.0,2.0,61.0,41.0,20.0,0.8,0.375,0.42500000000000004,0.5,0.25,0.25,2.0,2.0,0.0,,,,,,,0.0,0.0,0.0,,,,,,,,,,,,,,,,,,,0.0,0.0,0.0
1990-07-08,1990,ARG,GER,0,1,0.4878048780487805,0.5737704918032787,-0.08596561375449818,0.21951219512195122,0.22950819672131148,-0.00999600159936026,1.5121951219512195,2.1311475409836067,-0.6189524190323872,1.1219512195121952,1.2622950819672132,-0.14034386245501795,8.0,10.0,-2.0,41.0,61.0,-20.0,0.375,0.8,-0.42500000000000004,0.25,0.5,-0.25,2.0,2.0,0.0,,,,,,,0.0,0.0,0.0,,,,,,,,,,,,,,,,,,,0.0,0.0,0.0
1994-06-17,1994,ESP,KOR,1,0,0.41379310344827586,0.0,0.41379310344827586,0.20689655172413793,0.125,0.08189655172413793,1.3448275862068966,0.625,0.7198275862068966,1.206896551724138,3.625,-2.418103448275862,7.0,3.0,4.0,29.0,8.0,21.0,0.0,0.0,0.0,0.0,0.0,0.0,0.0,0.0,0.0,2.0,35.0,-33.0,,,,1.0,1.0,0.0,,,,,,,,,,0.23076923076923078,,,,,,,,,0.0,0.0,0.0
1994-06-17,1994,KOR,ESP,1,0,0.0,0.41379310344827586,-0.41379310344827586,0.125,0.20689655172413793,-0.08189655172413793,0.625,1.3448275862068966,-0.7198275862068966,3.625,1.206896551724138,2.418103448275862,3.0,7.0,-4.0,8.0,29.0,-21.0,0.0,0.0,0.0,0.0,0.0,0.0,0.0,0.0,0.0,35.0,2.0,33.0,,,,1.0,1.0,0.0,,,,,,,,,,,0.23076923076923078,,,,,,,,0.0,0.0,0.0
1994-06-17,1994,GER,BOL,2,0,0.5806451612903226,0.0,0.5806451612903226,0.22580645161290322,0.0,0.22580645161290322,2.1129032258064515,0.0,2.1129032258064515,1.2419354838709677,8.0,-6.758064516129032,10.0,1.0,9.0,62.0,1.0,61.0,0.8,0.0,0.8,0.6,0.0,0.6,3.0,0.0,3.0,5.0,44.0,-39.0,,,,1.0,1.0,0.0,,,,,,,,,,0.4,,,,,,,,,0.0,0.0,0.0
1994-06-17,1994,BOL,GER,0,0,0.0,0.5806451612903226,-0.5806451612903226,0.0,0.22580645161290322,-0.22580645161290322,0.0,2.1129032258064515,-2.1129032258064515,8.0,1.2419354838709677,6.758064516129032,1.0,10.0,-9.0,1.0,62.0,-61.0,0.0,0.8,-0.8,0.0,0.6,-0.6,0.0,3.0,-3.0,44.0,5.0,39.0,,,,1.0,1.0,0.0,,,,,,,,,,,0.4,,,,,,,,0.0,0.0,0.0
1994-06-18,1994,USA,SUI,1,0,0.16666666666666666,0.23076923076923078,-0.06410256410256412,0.0,0.07692307692307693,-0.07692307692307693,1.0,1.3846153846153846,-0.3846153846153846,2.6666666666666665,2.6153846153846154,0.0512820512820511,2.0,4.0,-2.0,6.0,13.0,-7.0,0.0,0.0,0.0,0.0,0.0,0.0,0.0,0.0,0.0,23.0,7.0,16.0,,,,1.0,1.0,0.0,,,,,,,,,,,,,,,,,,,1.0,0.0,1.0
1994-06-18,1994,ITA,IRL,0,0,0.5111111111111111,0.0,0.5111111111111111,0.24444444444444444,0.8,-0.5555555555555556,1.4666666666666666,0.4,1.0666666666666664,1.0222222222222221,0.6,0.42222222222222217,10.0,1.0,9.0,45.0,5.0,40.0,0.4,0.0,0.4,0.2,0.0,0.2,3.0,0.0,3.0,4.0,9.0,-5.0,,,,1.0,1.0,0.0,,,,,,,,,,0.36363636363636365,0.3333333333333333,0.03030303030303033,,,,,,,0.0,0.0,0.0
1994-06-18,1994,IRL,ITA,2,0,0.0,0.5111111111111111,-0.5111111111111111,0.8,0.24444444444444444,0.5555555555555556,0.4,1.4666666666666666,-1.0666666666666664,0.6,1.0222222222222221,-0.42222222222222217,1.0,10.0,-9.0,5.0,45.0,-40.0,0.0,0.4,-0.4,0.0,0.2,-0.2,0.0,3.0,-3.0,9.0,4.0,5.0,,,,1.0,1.0,0.0,,,,,,,,,,0.3333333333333333,0.36363636363636365,-0.03030303030303033,,,,,,,0.0,0.0,0.0
1994-06-18,1994,SUI,USA,1,0,0.23076923076923078,0.16666666666666666,0.06410256410256412,0.07692307692307693,0.0,0.07692307692307693,1.3846153846153846,1.0,0.3846153846153846,2.6153846153846154,2.6666666666666665,-0.0512820512820511,4.0,2.0,2.0,13.0,6.0,7.0,0.0,0.0,0.0,0.0,0.0,0.0,0.0,0.0,0.0,7.0,23.0,-16.0,,,,1.0,1.0,0.0,,,,,,,,,,,,,,,,,,,0.0,1.0,-1.0
1994-06-18,1994,COL,ROU,0,0,0.14285714285714285,0.2857142857142857,-0.14285714285714285,0.2857142857142857,0.2857142857142857,0.0,1.2857142857142858,1.1428571428571428,0.14285714285714302,2.142857142857143,1.1428571428571428,1.0,2.0,2.0,0.0,7.0,7.0,0.0,0.0,0.0,0.0,0.0,0.0,0.0,0.0,0.0,0.0,17.0,11.0,6.0,,,,1.0,1.0,0.0,,,,,,,,,,,0.0,,,,,,,,0.0,0.0,0.0
1994-06-18,1994,ROU,COL,2,0,0.2857142857142857,0.14285714285714285,0.14285714285714285,0.2857142857142857,0.2857142857142857,0.0,1.1428571428571428,1.2857142857142858,-0.14285714285714302,1.1428571428571428,2.142857142857143,-1.0,2.0,2.0,0.0,7.0,7.0,0.0,0.0,0.0,0.0,0.0,0.0,0.0,0.0,0.0,0.0,11.0,17.0,-6.0,,,,1.0,1.0,0.0,,,,,,,,,,0.0,,,,,,,,,0.0,0.0,0.0
1994-06-19,1994,CMR,SWE,1,0,0.375,0.34615384615384615,0.028846153846153855,0.375,0.23076923076923078,0.14423076923076922,1.0,1.3846153846153846,-0.3846153846153846,1.25,1.5,-0.25,2.0,6.0,-4.0,8.0,26.0,-18.0,0.0,0.16666666666666666,-0.16666666666666666,0.0,0.16666666666666666,-0.16666666666666666,0.0,0.0,0.0,,3.0,,,,,0.0,1.0,-1.0,,,,,,,,,,,0.5,,,,,0.5,,,0.0,0.0,0.0
1994-06-19,1994,SWE,CMR,1,0,0.34615384615384615,0.375,-0.028846153846153855,0.23076923076923078,0.375,-0.14423076923076922,1.3846153846153846,1.0,0.3846153846153846,1.5,1.25,0.25,6.0,2.0,4.0,26.0,8.0,18.0,0.16666666666666666,0.0,0.16666666666666666,0.16666666666666666,0.0,0.16666666666666666,0.0,0.0,0.0,3.0,,,,,,1.0,0.0,1.0,,,,,,,,,,0.5,,,,,,,0.5,,0.0,0.0,0.0
1994-06-19,1994,NOR,MEX,2,0,,0.23076923076923078,,,0.23076923076923078,,,0.8846153846153846,,,1.9615384615384615,,0.0,8.0,-8.0,0.0,26.0,-26.0,,0.0,,,0.0,,0.0,0.0,0.0,8.0,15.0,-7.0,,,,1.0,1.0,0.0,,,,,,,,,,,,,,,,,,,0.0,0.0,0.0
1994-06-19,1994,MEX,NOR,0,0,0.23076923076923078,,,0.23076923076923078,,,0.8846153846153846,,,1.9615384615384615,,,8.0,0.0,8.0,26.0,0.0,26.0,0.0,,,0.0,,,0.0,0.0,0.0,15.0,8.0,7.0,,,,1.0,1.0,0.0,,,,,,,,,,,,,,,,,,,0.0,0.0,0.0
1994-06-19,1994,BEL,MAR,2,0,0.3333333333333333,0.14285714285714285,0.19047619047619047,0.19047619047619047,0.42857142857142855,-0.23809523809523808,1.4285714285714286,0.7142857142857143,0.7142857142857143,1.7619047619047619,1.1428571428571428,0.6190476190476191,5.0,2.0,3.0,21.0,7.0,14.0,0.2,0.0,0.2,0.0,0.0,0.0,0.0,0.0,0.0,24.0,33.0,-9.0,,,,1.0,1.0,0.0,,,,,,,,,,0.3333333333333333,,,,,,,0.3103448275862069,,0.0,0.0,0.0
1994-06-19,1994,MAR,BEL,0,0,0.14285714285714285,0.3333333333333333,-0.19047619047619047,0.42857142857142855,0.19047619047619047,0.23809523809523808,0.7142857142857143,1.4285714285714286,-0.7142857142857143,1.1428571428571428,1.7619047619047619,-0.6190476190476191,2.0,5.0,-3.0,7.0,21.0,-14.0,0.0,0.2,-0.2,0.0,0.0,0.0,0.0,0.0,0.0,33.0,24.0,9.0,,,,1.0,1.0,0.0,,,,,,,,,,,0.3333333333333333,,,,,0.3103448275862069,,,0.0,0.0,0.0
1994-06-20,1994,BRA,RUS,2,0,0.6896551724137931,,,0.1724137931034483,,,2.206896551724138,,,0.8448275862068966,,,11.0,0.0,11.0,58.0,0.0,58.0,0.45454545454545453,,,0.2727272727272727,,,3.0,0.0,3.0,1.0,,,,,,1.0,0.0,1.0,,,,,,,,,,,,,,,,,,,0.0,0.0,0.0
1994-06-20,1994,RUS,BRA,0,0,,0.6896551724137931,,,0.1724137931034483,,,2.206896551724138,,,0.8448275862068966,,0.0,11.0,-11.0,0.0,58.0,-58.0,,0.45454545454545453,,,0.2727272727272727,,0.0,3.0,-3.0,,1.0,,,,,0.0,1.0,-1.0,,,,,,,,,,,,,,,,,,,0.0,0.0,0.0
1994-06-20,1994,NED,KSA,2,0,0.4444444444444444,,,0.3333333333333333,,,1.8333333333333333,,,0.9444444444444444,,,3.0,0.0,3.0,18.0,0.0,18.0,0.6666666666666666,,,0.6666666666666666,,,0.0,0.0,0.0,6.0,27.0,-21.0,,,,1.0,1.0,0.0,,,,,,,,,,0.5,,,,,,,,,0.0,0.0,0.0
1994-06-20,1994,KSA,NED,0,0,,0.4444444444444444,,,0.3333333333333333,,,1.8333333333333333,,,0.9444444444444444,,0.0,3.0,-3.0,0.0,18.0,-18.0,,0.6666666666666666,,,0.6666666666666666,,0.0,0.0,0.0,27.0,6.0,21.0,,,,1.0,1.0,0.0,,,,,,,,,,,0.5,,,,,,,,0.0,0.0,0.0
1994-06-21,1994,NGA,BUL,2,0,,0.0,,,0.375,,,0.6875,,,2.1875,,0.0,5.0,-5.0,0.0,16.0,-16.0,,0.0,,,0.0,,0.0,0.0,0.0,,,,,,,0.0,0.0,0.0,,,,,,,,,,,,,,,,0.4772727272727273,,,0.0,0.0,0.0
1994-06-21,1994,BUL,NGA,0,0,0.0,,,0.375,,,0.6875,,,2.1875,,,5.0,0.0,5.0,16.0,0.0,16.0,0.0,,,0.0,,,0.0,0.0,0.0,,,,,,,0.0,0.0,0.0,,,,,,,,,,,,,,,,,0.4772727272727273,,0.0,0.0,0.0
1994-06-21,1994,GER,ESP,1,0,0.5873015873015873,0.4,0.1873015873015873,0.2222222222222222,0.23333333333333334,-0.011111111111111127,2.0952380952380953,1.3666666666666667,0.7285714285714286,1.2222222222222223,1.2333333333333334,-0.011111111111111072,11.0,8.0,3.0,63.0,30.0,33.0,0.7272727272727273,0.0,0.7272727272727273,0.5454545454545454,0.0,0.5454545454545454,3.0,0.0,3.0,5.0,2.0,3.0,,,,1.0,1.0,0.0,,,,,,,,,,0.4,0.23076923076923078,0.16923076923076924,,,,,,,0.0,0.0,0.0
1994-06-21,1994,ESP,GER,1,0,0.4,0.5873015873015873,-0.1873015873015873,0.23333333333333334,0.2222222222222222,0.011111111111111127,1.3666666666666667,2.0952380952380953,-0.7285714285714286,1.2333333333333334,1.2222222222222223,0.011111111111111072,8.0,11.0,-3.0,30.0,63.0,-33.0,0.0,0.7272727272727273,-0.7272727272727273,0.0,0.5454545454545454,-0.5454545454545454,0.0,3.0,-3.0,2.0,5.0,-3.0,,,,1.0,1.0,0.0,,,,,,,,,,0.23076923076923078,0.4,-0.16923076923076924,,,,,,,0.0,0.0,0.0
1994-06-21,1994,ARG,GRE,2,0,0.47619047619047616,,,0.21428571428571427,,,1.4761904761904763,,,1.119047619047619,,,8.0,0.0,8.0,42.0,0.0,42.0,0.375,,,0.375,,,2.0,0.0,2.0,10.0,,,,,,1.0,0.0,1.0,,,,,,,,,,,0.0,,,,,,,,0.0,0.0,0.0
1994-06-21,1994,GRE,ARG,0,0,,0.47619047619047616,,,0.21428571428571427,,,1.4761904761904763,,,1.119047619047619,,0.0,8.0,-8.0,0.0,42.0,-42.0,,0.375,,,0.375,,0.0,2.0,-2.0,,10.0,,,,,0.0,1.0,-1.0,,,,,,,,,,0.0,,,,,,,,,0.0,0.0,0.0
1994-06-22,1994,ROU,SUI,0,0,0.375,0.21428571428571427,0.16071428571428573,0.25,0.14285714285714285,0.10714285714285715,1.375,1.3571428571428572,0.017857142857142794,1.125,2.5,-1.375,3.0,5.0,-2.0,8.0,14.0,-6.0,0.0,0.0,0.0,0.0,0.0,0.0,0.0,0.0,0.0,11.0,7.0,4.0,,,,1.0,1.0,0.0,,,,,,,,,,0.0,,,,,,,,,0.0,0.0,0.0
1994-06-22,1994,USA,COL,2,0,0.14285714285714285,0.125,0.01785714285714285,0.14285714285714285,0.25,-0.10714285714285715,1.0,1.25,-0.25,2.4285714285714284,2.25,0.17857142857142838,3.0,3.0,0.0,7.0,8.0,-1.0,0.0,0.0,0.0,0.0,0.0,0.0,0.0,0.0,0.0,23.0,17.0,6.0,,,,1.0,1.0,0.0,,,,,,,0.0,,,,,,,,,,,,1.0,0.0,1.0
1994-06-22,1994,COL,USA,0,0,0.125,0.14285714285714285,-0.01785714285714285,0.25,0.14285714285714285,0.10714285714285715,1.25,1.0,0.25,2.25,2.4285714285714284,-0.17857142857142838,3.0,3.0,0.0,8.0,7.0,1.0,0.0,0.0,0.0,0.0,0.0,0.0,0.0,0.0,0.0,17.0,23.0,-6.0,,,,1.0,1.0,0.0,,,,,,,,0.0,,,,,,,,,,,0.0,1.0,-1.0
1994-06-22,1994,SUI,ROU,2,0,0.21428571428571427,0.375,-0.16071428571428573,0.14285714285714285,0.25,-0.10714285714285715,1.3571428571428572,1.375,-0.017857142857142794,2.5,1.125,1.375,5.0,3.0,2.0,14.0,8.0,6.0,0.0,0.0,0.0,0.0,0.0,0.0,0.0,0.0,0.0,7.0,11.0,-4.0,,,,1.0,1.0,0.0,,,,,,,,,,,0.0,,,,,,,,0.0,0.0,0.0
1994-06-23,1994,ITA,NOR,2,0,0.5,1.0,-0.5,0.2391304347826087,0.0,0.2391304347826087,1.434782608695652,1.0,0.4347826086956521,1.0217391304347827,0.0,1.0217391304347827,11.0,1.0,10.0,46.0,1.0,45.0,0.36363636363636365,0.0,0.36363636363636365,0.18181818181818182,0.0,0.18181818181818182,3.0,0.0,3.0,4.0,8.0,-4.0,,,,1.0,1.0,0.0,,,,,,,0.0,,,0.36363636363636365,,,,,,,,,0.0,0.0,0.0
1994-06-23,1994,NOR,ITA,0,0,1.0,0.5,0.5,0.0,0.2391304347826087,-0.2391304347826087,1.0,1.434782608695652,-0.4347826086956521,0.0,1.0217391304347827,-1.0217391304347827,1.0,11.0,-10.0,1.0,46.0,-45.0,0.0,0.36363636363636365,-0.36363636363636365,0.0,0.18181818181818182,-0.18181818181818182,0.0,3.0,-3.0,8.0,4.0,4.0,,,,1.0,1.0,0.0,,,,,,,,0.0,,,0.36363636363636365,,,,,,,,0.0,0.0,0.0
1994-06-23,1994,KOR,BOL,1,0,0.0,0.0,0.0,0.2222222222222222,0.0,0.2222222222222222,0.7777777777777778,0.0,0.7777777777777778,3.4444444444444446,4.5,-1.0555555555555554,4.0,2.0,2.0,9.0,2.0,7.0,0.0,0.0,0.0,0.0,0.0,0.0,0.0,0.0,0.0,35.0,44.0,-9.0,,,,1.0,1.0,0.0,,,,,,,0.0,0.0,0.0,,,,,,,,,,0.0,0.0,0.0
1994-06-23,1994,BOL,KOR,1,0,0.0,0.0,0.0,0.0,0.2222222222222222,-0.2222222222222222,0.0,0.7777777777777778,-0.7777777777777778,4.5,3.4444444444444446,1.0555555555555554,2.0,4.0,-2.0,2.0,9.0,-7.0,0.0,0.0,0.0,0.0,0.0,0.0,0.0,0.0,0.0,44.0,35.0,9.0,,,,1.0,1.0,0.0,,,,,,,0.0,0.0,0.0,,,,,,,,,,0.0,0.0,0.0
1994-06-24,1994,MEX,IRL,2,0,0.2222222222222222,0.16666666666666666,0.05555555555555555,0.2222222222222222,0.6666666666666666,-0.4444444444444444,0.8518518518518519,0.5,0.35185185185185186,1.9259259259259258,0.5,1.4259259259259258,9.0,2.0,7.0,27.0,6.0,21.0,0.0,0.0,0.0,0.0,0.0,0.0,0.0,0.0,0.0,15.0,9.0,6.0,,,,1.0,1.0,0.0,,,,,,,0.0,1.0,-1.0,,0.3333333333333333,,,,,,,,0.0,0.0,0.0
1994-06-24,1994,IRL,MEX,0,0,0.16666666666666666,0.2222222222222222,-0.05555555555555555,0.6666666666666666,0.2222222222222222,0.4444444444444444,0.5,0.8518518518518519,-0.35185185185185186,0.5,1.9259259259259258,-1.4259259259259258,2.0,9.0,-7.0,6.0,27.0,-21.0,0.0,0.0,0.0,0.0,0.0,0.0,0.0,0.0,0.0,9.0,15.0,-6.0,,,,1.0,1.0,0.0,,,,,,,1.0,0.0,1.0,0.3333333333333333,,,,,,,,,0.0,0.0,0.0
1994-06-24,1994,SWE,RUS,2,0,0.3333333333333333,0.0,0.3333333333333333,0.25925925925925924,0.0,0.25925925925925924,1.4074074074074074,0.0,1.4074074074074074,1.5185185185185186,2.0,-0.4814814814814814,7.0,1.0,6.0,27.0,1.0,26.0,0.14285714285714285,0.0,0.14285714285714285,0.14285714285714285,0.0,0.14285714285714285,0.0,0.0,0.0,3.0,,,,,,1.0,0.0,1.0,,,,,,,,0.0,,0.5,,,,,,,,,0.0,0.0,0.0
1994-06-24,1994,RUS,SWE,0,0,0.0,0.3333333333333333,-0.3333333333333333,0.0,0.25925925925925924,-0.25925925925925924,0.0,1.4074074074074074,-1.4074074074074074,2.0,1.5185185185185186,0.4814814814814814,1.0,7.0,-6.0,1.0,27.0,-26.0,0.0,0.14285714285714285,-0.14285714285714285,0.0,0.14285714285714285,-0.14285714285714285,0.0,0.0,0.0,,3.0,,,,,0.0,1.0,-1.0,,,,,,,0.0,,,,0.5,,,,,,,,0.0,0.0,0.0
1994-06-24,1994,BRA,CMR,2,0,0.6949152542372882,0.3333333333333333,0.36158192090395486,0.1694915254237288,0.4444444444444444,-0.2749529190207156,2.2033898305084745,1.1111111111111112,1.0922787193973633,0.8305084745762712,1.3333333333333333,-0.5028248587570621,12.0,3.0,9.0,59.0,9.0,50.0,0.4166666666666667,0.0,0.4166666666666667,0.25,0.0,0.25,3.0,0.0,3.0,1.0,,,,,,1.0,0.0,1.0,,,,,,,,0.0,,,,,,,,,0.5,,0.0,0.0,0.0
1994-06-24,1994,CMR,BRA,0,0,0.3333333333333333,0.6949152542372882,-0.36158192090395486,0.4444444444444444,0.1694915254237288,0.2749529190207156,1.1111111111111112,2.2033898305084745,-1.0922787193973633,1.3333333333333333,0.8305084745762712,0.5028248587570621,3.0,12.0,-9.0,9.0,59.0,-50.0,0.0,0.4166666666666667,-0.4166666666666667,0.0,0.25,-0.25,0.0,3.0,-3.0,,1.0,,,,,0.0,1.0,-1.0,,,,,,,0.0,,,,,,,,,0.5,,,0.0,0.0,0.0
1994-06-25,1994,ARG,NGA,2,0,0.4883720930232558,1.0,-0.5116279069767442,0.20930232558139536,0.0,0.20930232558139536,1.5348837209302326,3.0,-1.4651162790697674,1.0930232558139534,0.0,1.0930232558139534,9.0,1.0,8.0,43.0,1.0,42.0,0.3333333333333333,0.0,0.3333333333333333,0.3333333333333333,0.0,0.3333333333333333,2.0,0.0,2.0,10.0,,,,,,1.0,0.0,1.0,,,,,,,,,,,,,,,,,0.4772727272727273,,0.0,0.0,0.0
1994-06-25,1994,NGA,ARG,0,0,1.0,0.4883720930232558,0.5116279069767442,0.0,0.20930232558139536,-0.20930232558139536,3.0,1.5348837209302326,1.4651162790697674,0.0,1.0930232558139534,-1.0930232558139534,1.0,9.0,-8.0,1.0,43.0,-42.0,0.0,0.3333333333333333,-0.3333333333333333,0.0,0.3333333333333333,-0.3333333333333333,0.0,2.0,-2.0,,10.0,,,,,0.0,1.0,-1.0,,,,,,,,,,,,,,,,0.4772727272727273,,,0.0,0.0,0.0
1994-06-25,1994,KSA,MAR,2,0,0.0,0.125,-0.125,0.0,0.375,-0.375,1.0,0.625,0.375,2.0,1.125,0.875,1.0,3.0,-2.0,1.0,8.0,-7.0,0.0,0.0,0.0,0.0,0.0,0.0,0.0,0.0,0.0,27.0,33.0,-6.0,,,,1.0,1.0,0.0,,,,,,,0.0,,,,,,,,,,0.3103448275862069,,0.0,0.0,0.0
1994-06-25,1994,MAR,KSA,0,0,0.125,0.0,0.125,0.375,0.0,0.375,0.625,1.0,-0.375,1.125,2.0,-0.875,3.0,1.0,2.0,8.0,1.0,7.0,0.0,0.0,0.0,0.0,0.0,0.0,0.0,0.0,0.0,33.0,27.0,6.0,,,,1.0,1.0,0.0,,,,,,,,0.0,,,,,,,,0.3103448275862069,,,0.0,0.0,0.0
1994-06-25,1994,BEL,NED,2,0,0.36363636363636365,0.47368421052631576,-0.11004784688995212,0.18181818181818182,0.3157894736842105,-0.13397129186602869,1.4090909090909092,1.8421052631578947,-0.4330143540669855,1.6818181818181819,0.9473684210526315,0.7344497607655504,6.0,4.0,2.0,22.0,19.0,3.0,0.16666666666666666,0.5,-0.33333333333333337,0.0,0.5,-0.5,0.0,0.0,0.0,24.0,6.0,18.0,,,,1.0,1.0,0.0,,,,,,,,,,0.3333333333333333,0.5,-0.16666666666666669,,,,,,,0.0,0.0,0.0
1994-06-25,1994,NED,BEL,0,0,0.47368421052631576,0.36363636363636365,0.11004784688995212,0.3157894736842105,0.18181818181818182,0.13397129186602869,1.8421052631578947,1.4090909090909092,0.4330143540669855,0.9473684210526315,1.6818181818181819,-0.7344497607655504,4.0,6.0,-2.0,19.0,22.0,-3.0,0.5,0.16666666666666666,0.33333333333333337,0.5,0.0,0.5,0.0,0.0,0.0,6.0,24.0,-18.0,,,,1.0,1.0,0.0,,,,,,,,,,0.5,0.3333333333333333,0.16666666666666669,,,,,,,0.0,0.0,0.0
1994-06-26,1994,BUL,GRE,2,0,0.0,0.0,0.0,0.35294117647058826,0.0,0.35294117647058826,0.6470588235294118,0.0,0.6470588235294118,2.235294117647059,4.0,-1.7647058823529411,6.0,1.0,5.0,17.0,1.0,16.0,0.0,0.0,0.0,0.0,0.0,0.0,0.0,0.0,0.0,,,,,,,0.0,0.0,0.0,,,,,,,,0.0,,,0.0,,,,,,,,0.0,0.0,0.0
1994-06-26,1994,GRE,BUL,0,0,0.0,0.0,0.0,0.0,0.35294117647058826,-0.35294117647058826,0.0,0.6470588235294118,-0.6470588235294118,4.0,2.235294117647059,1.7647058823529411,1.0,6.0,-5.0,1.0,17.0,-16.0,0.0,0.0,0.0,0.0,0.0,0.0,0.0,0.0,0.0,,,,,,,0.0,0.0,0.0,,,,,,,0.0,,,0.0,,,,,,,,,0.0,0.0,0.0
1994-06-26,1994,USA,ROU,0,0,0.25,0.3333333333333333,-0.08333333333333331,0.125,0.2222222222222222,-0.09722222222222221,1.125,1.3333333333333333,-0.20833333333333326,2.25,1.4444444444444444,0.8055555555555556,3.0,3.0,0.0,8.0,9.0,-1.0,0.0,0.0,0.0,0.0,0.0,0.0,0.0,0.0,0.0,23.0,11.0,12.0,,,,1.0,1.0,0.0,,,,,,,0.0,0.0,0.0,,0.0,,,,,,,,1.0,0.0,1.0
1994-06-26,1994,SUI,COL,0,0,0.26666666666666666,0.1111111111111111,0.15555555555555556,0.13333333333333333,0.2222222222222222,-0.08888888888888888,1.5333333333333334,1.2222222222222223,0.3111111111111111,2.4,2.2222222222222223,0.1777777777777776,5.0,3.0,2.0,15.0,9.0,6.0,0.0,0.0,0.0,0.0,0.0,0.0,0.0,0.0,0.0,7.0,17.0,-10.0,,,,1.0,1.0,0.0,,,,,,,,,,,,,,,,,,,0.0,0.0,0.0
1994-06-26,1994,COL,SUI,2,0,0.1111111111111111,0.26666666666666666,-0.15555555555555556,0.2222222222222222,0.13333333333333333,0.08888888888888888,1.2222222222222223,1.5333333333333334,-0.3111111111111111,2.2222222222222223,2.4,-0.1777777777777776,3.0,5.0,-2.0,9.0,15.0,-6.0,0.0,0.0,0.0,0.0,0.0,0.0,0.0,0.0,0.0,17.0,7.0,10.0,,,,1.0,1.0,0.0,,,,,,,,,,,,,,,,,,,0.0,0.0,0.0
1994-06-26,1994,ROU,USA,2,0,0.3333333333333333,0.25,0.08333333333333331,0.2222222222222222,0.125,0.09722222222222221,1.3333333333333333,1.125,0.20833333333333326,1.4444444444444444,2.25,-0.8055555555555556,3.0,3.0,0.0,9.0,8.0,1.0,0.0,0.0,0.0,0.0,0.0,0.0,0.0,0.0,0.0,11.0,23.0,-12.0,,,,1.0,1.0,0.0,,,,,,,0.0,0.0,0.0,0.0,,,,,,,,,0.0,1.0,-1.0
1994-06-27,1994,BOL,ESP,0,0,0.0,0.3870967741935484,-0.3870967741935484,0.3333333333333333,0.25806451612903225,0.07526881720430106,0.0,1.3548387096774193,-1.3548387096774193,3.0,1.2258064516129032,1.7741935483870968,2.0,8.0,-6.0,3.0,31.0,-28.0,0.0,0.0,0.0,0.0,0.0,0.0,0.0,0.0,0.0,44.0,2.0,42.0,,,,1.0,1.0,0.0,,,,,,,0.0,0.0,0.0,,0.23076923076923078,,,,,,,,0.0,0.0,0.0
1994-06-27,1994,ESP,BOL,2,0,0.3870967741935484,0.0,0.3870967741935484,0.25806451612903225,0.3333333333333333,-0.07526881720430106,1.3548387096774193,0.0,1.3548387096774193,1.2258064516129032,3.0,-1.7741935483870968,8.0,2.0,6.0,31.0,3.0,28.0,0.0,0.0,0.0,0.0,0.0,0.0,0.0,0.0,0.0,2.0,44.0,-42.0,,,,1.0,1.0,0.0,,,,,,,0.0,0.0,0.0,0.23076923076923078,,,,,,,,,0.0,0.0,0.0
1994-06-27,1994,GER,KOR,2,0,0.578125,0.0,0.578125,0.234375,0.3,-0.06562499999999999,2.078125,0.7,1.378125,1.21875,3.1,-1.88125,11.0,4.0,7.0,64.0,10.0,54.0,0.7272727272727273,0.0,0.7272727272727273,0.5454545454545454,0.0,0.5454545454545454,3.0,0.0,3.0,5.0,35.0,-30.0,,,,1.0,1.0,0.0,,,,,,,0.0,0.0,0.0,0.4,,,,,,,,,0.0,0.0,0.0
1994-06-27,1994,KOR,GER,0,0,0.0,0.578125,-0.578125,0.3,0.234375,0.06562499999999999,0.7,2.078125,-1.378125,3.1,1.21875,1.88125,4.0,11.0,-7.0,10.0,64.0,-54.0,0.0,0.7272727272727273,-0.7272727272727273,0.0,0.5454545454545454,-0.5454545454545454,0.0,3.0,-3.0,35.0,5.0,30.0,,,,1.0,1.0,0.0,,,,,,,0.0,0.0,0.0,,0.4,,,,,,,,0.0,0.0,0.0
1994-06-28,1994,IRL,NOR,1,0,0.14285714285714285,0.5,-0.35714285714285715,0.5714285714285714,0.0,0.5714285714285714,0.5714285714285714,0.5,0.0714285714285714,0.7142857142857143,0.5,0.2142857142857143,2.0,1.0,1.0,7.0,2.0,5.0,0.0,0.0,0.0,0.0,0.0,0.0,0.0,0.0,0.0,9.0,8.0,1.0,,,,1.0,1.0,0.0,,,,,,,1.0,0.0,1.0,0.3333333333333333,,,,,,,,,0.0,0.0,0.0
1994-06-28,1994,ITA,MEX,1,0,0.5106382978723404,0.25,0.2606382978723404,0.23404255319148937,0.21428571428571427,0.019756838905775093,1.425531914893617,0.8928571428571429,0.5326747720364741,1.0,1.8928571428571428,-0.8928571428571428,11.0,9.0,2.0,47.0,28.0,19.0,0.36363636363636365,0.0,0.36363636363636365,0.18181818181818182,0.0,0.18181818181818182,3.0,0.0,3.0,4.0,15.0,-11.0,,,,1.0,1.0,0.0,,,,,,,0.5,0.5,0.0,0.36363636363636365,,,,,,,,,0.0,0.0,0.0
1994-06-28,1994,MEX,ITA,1,0,0.25,0.5106382978723404,-0.2606382978723404,0.21428571428571427,0.23404255319148937,-0.019756838905775093,0.8928571428571429,1.425531914893617,-0.5326747720364741,1.8928571428571428,1.0,0.8928571428571428,9.0,11.0,-2.0,28.0,47.0,-19.0,0.0,0.36363636363636365,-0.36363636363636365,0.0,0.18181818181818182,-0.18181818181818182,0.0,3.0,-3.0,15.0,4.0,11.0,,,,1.0,1.0,0.0,,,,,,,0.5,0.5,0.0,,0.36363636363636365,,,,,,,,0.0,0.0,0.0
1994-06-28,1994,NOR,IRL,1,0,0.5,0.14285714285714285,0.35714285714285715,0.0,0.5714285714285714,-0.5714285714285714,0.5,0.5714285714285714,-0.0714285714285714,0.5,0.7142857142857143,-0.2142857142857143,1.0,2.0,-1.0,2.0,7.0,-5.0,0.0,0.0,0.0,0.0,0.0,0.0,0.0,0.0,0.0,8.0,9.0,-1.0,,,,1.0,1.0,0.0,,,,,,,0.0,1.0,-1.0,,0.3333333333333333,,,,,,,,0.0,0.0,0.0
1994-06-28,1994,RUS,CMR,2,0,0.0,0.3,-0.3,0.0,0.4,-0.4,0.5,1.0,-0.5,2.5,1.5,1.0,1.0,3.0,-2.0,2.0,10.0,-8.0,0.0,0.0,0.0,0.0,0.0,0.0,0.0,0.0,0.0,,,,,,,0.0,0.0,0.0,,,,,,,0.0,0.0,0.0,,,,,,,,0.5,,0.0,0.0,0.0
1994-06-28,1994,BRA,SWE,1,0,0.7,0.35714285714285715,0.3428571428571428,0.16666666666666666,0.25,-0.08333333333333334,2.216666666666667,1.4642857142857142,0.7523809523809526,0.8166666666666667,1.5,-0.6833333333333333,12.0,7.0,5.0,60.0,28.0,32.0,0.4166666666666667,0.14285714285714285,0.27380952380952384,0.25,0.14285714285714285,0.10714285714285715,3.0,0.0,3.0,1.0,3.0,-2.0,,,,1.0,1.0,0.0,,,,,,,,,,,0.5,,,,,,,,0.0,0.0,0.0
1994-06-28,1994,SWE,BRA,1,0,0.35714285714285715,0.7,-0.3428571428571428,0.25,0.16666666666666666,0.08333333333333334,1.4642857142857142,2.216666666666667,-0.7523809523809526,1.5,0.8166666666666667,0.6833333333333333,7.0,12.0,-5.0,28.0,60.0,-32.0,0.14285714285714285,0.4166666666666667,-0.27380952380952384,0.14285714285714285,0.25,-0.10714285714285715,0.0,3.0,-3.0,3.0,1.0,2.0,,,,1.0,1.0,0.0,,,,,,,,,,0.5,,,,,,,,,0.0,0.0,0.0
1994-06-28,1994,CMR,RUS,0,0,0.3,0.0,0.3,0.4,0.0,0.4,1.0,0.5,0.5,1.5,2.5,-1.0,3.0,1.0,2.0,10.0,2.0,8.0,0.0,0.0,0.0,0.0,0.0,0.0,0.0,0.0,0.0,,,,,,,0.0,0.0,0.0,,,,,,,0.0,0.0,0.0,,,,,,,0.5,,,0.0,0.0,0.0
1994-06-29,1994,BEL,KSA,0,0,0.391304347826087,0.5,-0.10869565217391303,0.17391304347826086,0.0,0.17391304347826086,1.391304347826087,1.5,-0.10869565217391308,1.608695652173913,1.5,0.10869565217391308,6.0,1.0,5.0,23.0,2.0,21.0,0.16666666666666666,0.0,0.16666666666666666,0.0,0.0,0.0,0.0,0.0,0.0,24.0,27.0,-3.0,,,,1.0,1.0,0.0,,,,,,,1.0,0.0,1.0,0.3333333333333333,,,,,,,,,0.0,0.0,0.0
1994-06-29,1994,KSA,BEL,2,0,0.5,0.391304347826087,0.10869565217391303,0.0,0.17391304347826086,-0.17391304347826086,1.5,1.391304347826087,0.10869565217391308,1.5,1.608695652173913,-0.10869565217391308,1.0,6.0,-5.0,2.0,23.0,-21.0,0.0,0.16666666666666666,-0.16666666666666666,0.0,0.0,0.0,0.0,0.0,0.0,27.0,24.0,3.0,,,,1.0,1.0,0.0,,,,,,,0.0,1.0,-1.0,,0.3333333333333333,,,,,,,,0.0,0.0,0.0
1994-06-29,1994,MAR,NED,0,0,0.1111111111111111,0.45,-0.3388888888888889,0.3333333333333333,0.3,0.033333333333333326,0.6666666666666666,1.75,-1.0833333333333335,1.2222222222222223,0.95,0.27222222222222237,3.0,4.0,-1.0,9.0,20.0,-11.0,0.0,0.5,-0.5,0.0,0.5,-0.5,0.0,0.0,0.0,33.0,6.0,27.0,,,,1.0,1.0,0.0,,,,,,,,,,,0.5,,,,,0.3103448275862069,,,0.0,0.0,0.0
1994-06-29,1994,NED,MAR,2,0,0.45,0.1111111111111111,0.3388888888888889,0.3,0.3333333333333333,-0.033333333333333326,1.75,0.6666666666666666,1.0833333333333335,0.95,1.2222222222222223,-0.27222222222222237,4.0,3.0,1.0,20.0,9.0,11.0,0.5,0.0,0.5,0.5,0.0,0.5,0.0,0.0,0.0,6.0,33.0,-27.0,,,,1.0,1.0,0.0,,,,,,,,,,0.5,,,,,,,0.3103448275862069,,0.0,0.0,0.0
1994-06-30,1994,GRE,NGA,0,0,0.0,0.5,-0.5,0.0,0.0,0.0,0.0,2.0,-2.0,4.0,1.0,3.0,1.0,1.0,0.0,2.0,2.0,0.0,0.0,0.0,0.0,0.0,0.0,0.0,0.0,0.0,0.0,,,,,,,0.0,0.0,0.0,,,,,,,0.0,0.0,0.0,0.0,,,,,,,0.4772727272727273,,0.0,0.0,0.0
1994-06-30,1994,ARG,BUL,0,0,0.5,0.05555555555555555,0.4444444444444444,0.20454545454545456,0.3333333333333333,-0.12878787878787876,1.5454545454545454,0.8333333333333334,0.712121212121212,1.0909090909090908,2.111111111111111,-1.0202020202020203,9.0,6.0,3.0,44.0,18.0,26.0,0.3333333333333333,0.0,0.3333333333333333,0.3333333333333333,0.0,0.3333333333333333,2.0,0.0,2.0,10.0,,,,,,1.0,0.0,1.0,,,,,,,,,,,,,,,,,,,0.0,0.0,0.0
1994-06-30,1994,BUL,ARG,2,0,0.05555555555555555,0.5,-0.4444444444444444,0.3333333333333333,0.20454545454545456,0.12878787878787876,0.8333333333333334,1.5454545454545454,-0.712121212121212,2.111111111111111,1.0909090909090908,1.0202020202020203,6.0,9.0,-3.0,18.0,44.0,-26.0,0.0,0.3333333333333333,-0.3333333333333333,0.0,0.3333333333333333,-0.3333333333333333,0.0,2.0,-2.0,,10.0,,,,,0.0,1.0,-1.0,,,,,,,,,,,,,,,,,,,0.0,0.0,0.0
1994-06-30,1994,NGA,GRE,2,0,0.5,0.0,0.5,0.0,0.0,0.0,2.0,0.0,2.0,1.0,4.0,-3.0,1.0,1.0,0.0,2.0,2.0,0.0,0.0,0.0,0.0,0.0,0.0,0.0,0.0,0.0,0.0,,,,,,,0.0,0.0,0.0,,,,,,,0.0,0.0,0.0,,0.0,,,,,0.4772727272727273,,,0.0,0.0,0.0
1994-07-02,1994,GER,BEL,2,1,0.5846153846153846,0.375,0.20961538461538465,0.23076923076923078,0.16666666666666666,0.06410256410256412,2.0923076923076924,1.3333333333333333,0.7589743589743592,1.2307692307692308,1.5833333333333333,-0.3525641025641024,11.0,6.0,5.0,65.0,24.0,41.0,0.7272727272727273,0.16666666666666666,0.5606060606060607,0.5454545454545454,0.0,0.5454545454545454,3.0,0.0,3.0,5.0,24.0,-19.0,,,,1.0,1.0,0.0,,,,,,,0.0,1.0,-1.0,0.4,0.3333333333333333,0.06666666666666671,,,,,,,0.0,0.0,0.0
1994-07-02,1994,BEL,GER,0,1,0.375,0.5846153846153846,-0.20961538461538465,0.16666666666666666,0.23076923076923078,-0.06410256410256412,1.3333333333333333,2.0923076923076924,-0.7589743589743592,1.5833333333333333,1.2307692307692308,0.3525641025641024,6.0,11.0,-5.0,24.0,65.0,-41.0,0.16666666666666666,0.7272727272727273,-0.5606060606060607,0.0,0.5454545454545454,-0.5454545454545454,0.0,3.0,-3.0,24.0,5.0,19.0,,,,1.0,1.0,0.0,,,,,,,1.0,0.0,1.0,0.3333333333333333,0.4,-0.06666666666666671,,,,,,,0.0,0.0,0.0
1994-07-02,1994,ESP,SUI,2,1,0.40625,0.25,0.15625,0.25,0.125,0.125,1.40625,1.4375,-0.03125,1.21875,2.375,-1.15625,8.0,5.0,3.0,32.0,16.0,16.0,0.0,0.0,0.0,0.0,0.0,0.0,0.0,0.0,0.0,2.0,7.0,-5.0,,,,1.0,1.0,0.0,,,,,,,0.0,,,0.23076923076923078,,,,,,,,,0.0,0.0,0.0
1994-07-02,1994,SUI,ESP,0,1,0.25,0.40625,-0.15625,0.125,0.25,-0.125,1.4375,1.40625,0.03125,2.375,1.21875,1.15625,5.0,8.0,-3.0,16.0,32.0,-16.0,0.0,0.0,0.0,0.0,0.0,0.0,0.0,0.0,0.0,7.0,2.0,5.0,,,,1.0,1.0,0.0,,,,,,,,0.0,,,0.23076923076923078,,,,,,,,0.0,0.0,0.0
1994-07-03,1994,KSA,SWE,0,1,0.6666666666666666,0.3448275862068966,0.32183908045977005,0.0,0.27586206896551724,-0.27586206896551724,1.3333333333333333,1.4482758620689655,-0.11494252873563227,1.0,1.4827586206896552,-0.48275862068965525,1.0,7.0,-6.0,3.0,29.0,-26.0,0.0,0.14285714285714285,-0.14285714285714285,0.0,0.14285714285714285,-0.14285714285714285,0.0,0.0,0.0,27.0,3.0,24.0,,,,1.0,1.0,0.0,,,,,,,0.0,0.0,0.0,,0.5,,,,,,,,0.0,0.0,0.0
1994-07-03,1994,ROU,ARG,2,1,0.4,0.4888888888888889,-0.08888888888888885,0.2,0.2,0.0,1.3,1.511111111111111,-0.21111111111111103,1.3,1.1111111111111112,0.18888888888888888,3.0,9.0,-6.0,10.0,45.0,-35.0,0.0,0.3333333333333333,-0.3333333333333333,0.0,0.3333333333333333,-0.3333333333333333,0.0,2.0,-2.0,11.0,10.0,1.0,,,,1.0,1.0,0.0,,,,,,,0.0,,,0.0,,,,,,,,,0.0,0.0,0.0
1994-07-03,1994,ARG,ROU,0,1,0.4888888888888889,0.4,0.08888888888888885,0.2,0.2,0.0,1.511111111111111,1.3,0.21111111111111103,1.1111111111111112,1.3,-0.18888888888888888,9.0,3.0,6.0,45.0,10.0,35.0,0.3333333333333333,0.0,0.3333333333333333,0.3333333333333333,0.0,0.3333333333333333,2.0,0.0,2.0,10.0,11.0,-1.0,,,,1.0,1.0,0.0,,,,,,,,0.0,,,0.0,,,,,,,,0.0,0.0,0.0
1994-07-03,1994,SWE,KSA,2,1,0.3448275862068966,0.6666666666666666,-0.32183908045977005,0.27586206896551724,0.0,0.27586206896551724,1.4482758620689655,1.3333333333333333,0.11494252873563227,1.4827586206896552,1.0,0.48275862068965525,7.0,1.0,6.0,29.0,3.0,26.0,0.14285714285714285,0.0,0.14285714285714285,0.14285714285714285,0.0,0.14285714285714285,0.0,0.0,0.0,3.0,27.0,-24.0,,,,1.0,1.0,0.0,,,,,,,0.0,0.0,0.0,0.5,,,,,,,,,0.0,0.0,0.0
1994-07-04,1994,NED,IRL,2,1,0.47619047619047616,0.125,0.35119047619047616,0.2857142857142857,0.625,-0.3392857142857143,1.7619047619047619,0.5,1.2619047619047619,0.9523809523809523,0.625,0.32738095238095233,4.0,2.0,2.0,21.0,8.0,13.0,0.5,0.0,0.5,0.5,0.0,0.5,0.0,0.0,0.0,6.0,9.0,-3.0,,,,1.0,1.0,0.0,,,,,,,,0.5,,0.5,0.3333333333333333,0.16666666666666669,,,,,,,0.0,0.0,0.0
1994-07-04,1994,IRL,NED,0,1,0.125,0.47619047619047616,-0.35119047619047616,0.625,0.2857142857142857,0.3392857142857143,0.5,1.7619047619047619,-1.2619047619047619,0.625,0.9523809523809523,-0.32738095238095233,2.0,4.0,-2.0,8.0,21.0,-13.0,0.0,0.5,-0.5,0.0,0.5,-0.5,0.0,0.0,0.0,9.0,6.0,3.0,,,,1.0,1.0,0.0,,,,,,,0.5,,,0.3333333333333333,0.5,-0.16666666666666669,,,,,,,0.0,0.0,0.0
1994-07-04,1994,BRA,USA,2,1,0.6885245901639344,0.2222222222222222,0.4663023679417122,0.18032786885245902,0.1111111111111111,0.06921675774134792,2.19672131147541,1.0,1.19672131147541,0.819672131147541,2.111111111111111,-1.2914389799635702,12.0,3.0,9.0,61.0,9.0,52.0,0.4166666666666667,0.0,0.4166666666666667,0.25,0.0,0.25,3.0,0.0,3.0,1.0,23.0,-22.0,,,,1.0,1.0,0.0,,,,,,,0.0,0.0,0.0,,,,,,,,,,0.0,1.0,-1.0
1994-07-04,1994,USA,BRA,0,1,0.2222222222222222,0.6885245901639344,-0.4663023679417122,0.1111111111111111,0.18032786885245902,-0.06921675774134792,1.0,2.19672131147541,-1.19672131147541,2.111111111111111,0.819672131147541,1.2914389799635702,3.0,12.0,-9.0,9.0,61.0,-52.0,0.0,0.4166666666666667,-0.4166666666666667,0.0,0.25,-0.25,0.0,3.0,-3.0,23.0,1.0,22.0,,,,1.0,1.0,0.0,,,,,,,0.0,0.0,0.0,,,,,,,,,,1.0,0.0,1.0
1994-07-05,1994,MEX,BUL,1,1,0.2413793103448276,0.10526315789473684,0.13611615245009076,0.2413793103448276,0.3157894736842105,-0.07441016333938291,0.896551724137931,0.8947368421052632,0.001814882032667886,1.8620689655172413,2.0,-0.13793103448275867,9.0,6.0,3.0,29.0,19.0,10.0,0.0,0.0,0.0,0.0,0.0,0.0,0.0,0.0,0.0,15.0,,,,,,1.0,0.0,1.0,,,,,,,0.3333333333333333,1.0,-0.6666666666666667,,,,,,,,,,0.0,0.0,0.0
1994-07-05,1994,NGA,ITA,0,1,0.6666666666666666,0.5,0.16666666666666663,0.0,0.25,-0.25,2.0,1.4166666666666667,0.5833333333333333,0.6666666666666666,1.0,-0.33333333333333337,1.0,11.0,-10.0,3.0,48.0,-45.0,0.0,0.36363636363636365,-0.36363636363636365,0.0,0.18181818181818182,-0.18181818181818182,0.0,3.0,-3.0,,4.0,,,,,0.0,1.0,-1.0,,,,,,,0.0,0.5,-0.5,,0.36363636363636365,,,,,0.4772727272727273,,,0.0,0.0,0.0
1994-07-05,1994,BUL,MEX,1,1,0.10526315789473684,0.2413793103448276,-0.13611615245009076,0.3157894736842105,0.2413793103448276,0.07441016333938291,0.8947368421052632,0.896551724137931,-0.001814882032667886,2.0,1.8620689655172413,0.13793103448275867,6.0,9.0,-3.0,19.0,29.0,-10.0,0.0,0.0,0.0,0.0,0.0,0.0,0.0,0.0,0.0,,15.0,,,,,0.0,1.0,-1.0,,,,,,,1.0,0.3333333333333333,0.6666666666666667,,,,,,,,,,0.0,0.0,0.0
1994-07-05,1994,ITA,NGA,2,1,0.5,0.6666666666666666,-0.16666666666666663,0.25,0.0,0.25,1.4166666666666667,2.0,-0.5833333333333333,1.0,0.6666666666666666,0.33333333333333337,11.0,1.0,10.0,48.0,3.0,45.0,0.36363636363636365,0.0,0.36363636363636365,0.18181818181818182,0.0,0.18181818181818182,3.0,0.0,3.0,4.0,,,,,,1.0,0.0,1.0,,,,,,,0.5,0.0,0.5,0.36363636363636365,,,,,,,0.4772727272727273,,0.0,0.0,0.0
1994-07-09,1994,ITA,ESP,2,1,0.5102040816326531,0.42424242424242425,0.08596165739022882,0.24489795918367346,0.24242424242424243,0.0024737167594310328,1.4285714285714286,1.4545454545454546,-0.025974025974025983,1.0,1.1818181818181819,-0.18181818181818188,11.0,8.0,3.0,49.0,33.0,16.0,0.36363636363636365,0.0,0.36363636363636365,0.18181818181818182,0.0,0.18181818181818182,3.0,0.0,3.0,4.0,2.0,2.0,,,,1.0,1.0,0.0,,,,,,,0.5,0.5,0.0,0.36363636363636365,0.23076923076923078,0.13286713286713286,,,,,,,0.0,0.0,0.0
1994-07-09,1994,ESP,ITA,0,1,0.42424242424242425,0.5102040816326531,-0.08596165739022882,0.24242424242424243,0.24489795918367346,-0.0024737167594310328,1.4545454545454546,1.4285714285714286,0.025974025974025983,1.1818181818181819,1.0,0.18181818181818188,8.0,11.0,-3.0,33.0,49.0,-16.0,0.0,0.36363636363636365,-0.36363636363636365,0.0,0.18181818181818182,-0.18181818181818182,0.0,3.0,-3.0,2.0,4.0,-2.0,,,,1.0,1.0,0.0,,,,,,,0.5,0.5,0.0,0.23076923076923078,0.36363636363636365,-0.13286713286713286,,,,,,,0.0,0.0,0.0
1994-07-09,1994,NED,BRA,0,1,0.5,0.6935483870967742,-0.19354838709677424,0.2727272727272727,0.1774193548387097,0.09530791788856302,1.7727272727272727,2.1774193548387095,-0.4046920821114368,0.9090909090909091,0.8064516129032258,0.1026392961876833,4.0,12.0,-8.0,22.0,62.0,-40.0,0.5,0.4166666666666667,0.08333333333333331,0.5,0.25,0.25,0.0,3.0,-3.0,6.0,1.0,5.0,,,,1.0,1.0,0.0,,,,,,,1.0,0.0,1.0,0.5,,,,,,,,,0.0,0.0,0.0
1994-07-09,1994,BRA,NED,2,1,0.6935483870967742,0.5,0.19354838709677424,0.1774193548387097,0.2727272727272727,-0.09530791788856302,2.1774193548387095,1.7727272727272727,0.4046920821114368,0.8064516129032258,0.9090909090909091,-0.1026392961876833,12.0,4.0,8.0,62.0,22.0,40.0,0.4166666666666667,0.5,-0.08333333333333331,0.25,0.5,-0.25,3.0,0.0,3.0,1.0,6.0,-5.0,,,,1.0,1.0,0.0,,,,,,,0.0,1.0,-1.0,,0.5,,,,,,,,0.0,0.0,0.0
1994-07-10,1994,ROU,SWE,1,1,0.45454545454545453,0.36666666666666664,0.08787878787878789,0.18181818181818182,0.26666666666666666,-0.08484848484848484,1.4545454545454546,1.5,-0.045454545454545414,1.3636363636363635,1.4666666666666666,-0.10303030303030303,3.0,7.0,-4.0,11.0,30.0,-19.0,0.0,0.14285714285714285,-0.14285714285714285,0.0,0.14285714285714285,-0.14285714285714285,0.0,0.0,0.0,11.0,3.0,8.0,,,,1.0,1.0,0.0,,,,,,,0.5,0.0,0.5,0.0,0.5,-0.5,,,,,,,0.0,0.0,0.0
1994-07-10,1994,SWE,ROU,1,1,0.36666666666666664,0.45454545454545453,-0.08787878787878789,0.26666666666666666,0.18181818181818182,0.08484848484848484,1.5,1.4545454545454546,0.045454545454545414,1.4666666666666666,1.3636363636363635,0.10303030303030303,7.0,3.0,4.0,30.0,11.0,19.0,0.14285714285714285,0.0,0.14285714285714285,0.14285714285714285,0.0,0.14285714285714285,0.0,0.0,0.0,3.0,11.0,-8.0,,,,1.0,1.0,0.0,,,,,,,0.0,0.5,-0.5,0.5,0.0,0.5,,,,,,,0.0,0.0,0.0
1994-07-10,1994,BUL,GER,2,1,0.1,0.5909090909090909,-0.49090909090909096,0.35,0.22727272727272727,0.12272727272727271,0.9,2.106060606060606,-1.206060606060606,1.95,1.2424242424242424,0.7075757575757575,6.0,11.0,-5.0,20.0,66.0,-46.0,0.0,0.7272727272727273,-0.7272727272727273,0.0,0.5454545454545454,-0.5454545454545454,0.0,3.0,-3.0,,5.0,,,,,0.0,1.0,-1.0,,,,,,,1.0,0.0,1.0,,0.4,,,,,,,,0.0,0.0,0.0
1994-07-10,1994,GER,BUL,0,1,0.5909090909090909,0.1,0.49090909090909096,0.22727272727272727,0.35,-0.12272727272727271,2.106060606060606,0.9,1.206060606060606,1.2424242424242424,1.95,-0.7075757575757575,11.0,6.0,5.0,66.0,20.0,46.0,0.7272727272727273,0.0,0.7272727272727273,0.5454545454545454,0.0,0.5454545454545454,3.0,0.0,3.0,5.0,,,,,,1.0,0.0,1.0,,,,,,,0.0,1.0,-1.0,0.4,,,,,,,,,0.0,0.0,0.0
1994-07-13,1994,SWE,BRA,0,1,0.3548387096774194,0.6984126984126984,-0.343573988735279,0.2903225806451613,0.1746031746031746,0.11571940604198672,1.5161290322580645,2.1904761904761907,-0.6743471582181262,1.4838709677419355,0.8253968253968254,0.6584741423451101,7.0,12.0,-5.0,31.0,63.0,-32.0,0.14285714285714285,0.4166666666666667,-0.27380952380952384,0.14285714285714285,0.25,-0.10714285714285715,0.0,3.0,-3.0,3.0,1.0,2.0,,,,1.0,1.0,0.0,,,,,,,0.0,0.5,-0.5,0.5,,,,,,,,,0.0,0.0,0.0
1994-07-13,1994,BRA,SWE,2,1,0.6984126984126984,0.3548387096774194,0.343573988735279,0.1746031746031746,0.2903225806451613,-0.11571940604198672,2.1904761904761907,1.5161290322580645,0.6743471582181262,0.8253968253968254,1.4838709677419355,-0.6584741423451101,12.0,7.0,5.0,63.0,31.0,32.0,0.4166666666666667,0.14285714285714285,0.27380952380952384,0.25,0.14285714285714285,0.10714285714285715,3.0,0.0,3.0,1.0,3.0,-2.0,,,,1.0,1.0,0.0,,,,,,,0.5,0.0,0.5,,0.5,,,,,,,,0.0,0.0,0.0
1994-07-13,1994,BUL,ITA,0,1,0.14285714285714285,0.52,-0.37714285714285717,0.3333333333333333,0.24,0.09333333333333332,0.9523809523809523,1.44,-0.4876190476190476,1.9047619047619047,1.0,0.9047619047619047,6.0,11.0,-5.0,21.0,50.0,-29.0,0.0,0.36363636363636365,-0.36363636363636365,0.0,0.18181818181818182,-0.18181818181818182,0.0,3.0,-3.0,,4.0,,,,,0.0,1.0,-1.0,,,,,,,1.0,0.6666666666666666,0.33333333333333337,,0.36363636363636365,,,,,,,,0.0,0.0,0.0
1994-07-13,1994,ITA,BUL,2,1,0.52,0.14285714285714285,0.37714285714285717,0.24,0.3333333333333333,-0.09333333333333332,1.44,0.9523809523809523,0.4876190476190476,1.0,1.9047619047619047,-0.9047619047619047,11.0,6.0,5.0,50.0,21.0,29.0,0.36363636363636365,0.0,0.36363636363636365,0.18181818181818182,0.0,0.18181818181818182,3.0,0.0,3.0,4.0,,,,,,1.0,0.0,1.0,,,,,,,0.6666666666666666,1.0,-0.33333333333333337,0.36363636363636365,,,,,,,,,0.0,0.0,0.0
1994-07-16,1994,SWE,BUL,2,1,0.34375,0.13636363636363635,0.20738636363636365,0.28125,0.3181818181818182,-0.03693181818181818,1.46875,0.9545454545454546,0.5142045454545454,1.46875,1.9090909090909092,-0.44034090909090917,7.0,6.0,1.0,32.0,22.0,10.0,0.2857142857142857,0.16666666666666666,0.11904761904761904,0.14285714285714285,0.0,0.14285714285714285,0.0,0.0,0.0,3.0,,,,,,1.0,0.0,1.0,,,,,,,0.0,0.6666666666666666,-0.6666666666666666,0.5,,,,,,,,,0.0,0.0,0.0
1994-07-16,1994,BUL,SWE,0,1,0.13636363636363635,0.34375,-0.20738636363636365,0.3181818181818182,0.28125,0.03693181818181818,0.9545454545454546,1.46875,-0.5142045454545454,1.9090909090909092,1.46875,0.44034090909090917,6.0,7.0,-1.0,22.0,32.0,-10.0,0.16666666666666666,0.2857142857142857,-0.11904761904761904,0.0,0.14285714285714285,-0.14285714285714285,0.0,0.0,0.0,,3.0,,,,,0.0,1.0,-1.0,,,,,,,0.6666666666666666,0.0,0.6666666666666666,,0.5,,,,,,,,0.0,0.0,0.0
1994-07-17,1994,BRA,ITA,1,1,0.703125,0.5294117647058824,0.17371323529411764,0.171875,0.23529411764705882,-0.06341911764705882,2.171875,1.4509803921568627,0.7208946078431373,0.8125,1.0,-0.1875,12.0,11.0,1.0,64.0,51.0,13.0,0.5,0.45454545454545453,0.04545454545454547,0.25,0.18181818181818182,0.06818181818181818,3.0,3.0,0.0,1.0,4.0,-3.0,,,,1.0,1.0,0.0,,,,,,,0.6666666666666666,0.6666666666666666,0.0,,0.36363636363636365,,,,,,,,0.0,0.0,0.0
1994-07-17,1994,ITA,BRA,1,1,0.5294117647058824,0.703125,-0.17371323529411764,0.23529411764705882,0.171875,0.06341911764705882,1.4509803921568627,2.171875,-0.7208946078431373,1.0,0.8125,0.1875,11.0,12.0,-1.0,51.0,64.0,-13.0,0.45454545454545453,0.5,-0.04545454545454547,0.18181818181818182,0.25,-0.06818181818181818,3.0,3.0,0.0,4.0,1.0,3.0,,,,1.0,1.0,0.0,,,,,,,0.6666666666666666,0.6666666666666666,0.0,0.36363636363636365,,,,,,,,,0.0,0.0,0.0
1998-06-10,1998,BRA,SCO,2,0,0.6923076923076923,0.2,0.4923076923076923,0.18461538461538463,0.3,-0.11538461538461536,2.1384615384615384,1.15,0.9884615384615385,0.8,1.75,-0.95,12.0,7.0,5.0,65.0,20.0,45.0,0.5,0.0,0.5,0.3333333333333333,0.0,0.3333333333333333,4.0,0.0,4.0,1.0,38.0,-37.0,0.0,4.642796092394706,-4.642796092394706,1.0,1.0,0.0,,,,,,,0.5,0.0,0.5,,0.3333333333333333,,,,,,,,0.0,0.0,0.0
1998-06-10,1998,SCO,BRA,0,0,0.2,0.6923076923076923,-0.4923076923076923,0.3,0.18461538461538463,0.11538461538461536,1.15,2.1384615384615384,-0.9884615384615385,1.75,0.8,0.95,7.0,12.0,-5.0,20.0,65.0,-45.0,0.0,0.5,-0.5,0.0,0.3333333333333333,-0.3333333333333333,0.0,4.0,-4.0,38.0,1.0,37.0,4.642796092394706,0.0,4.642796092394706,1.0,1.0,0.0,,,,,,,0.0,0.5,-0.5,0.3333333333333333,,,,,,,,,0.0,0.0,0.0
1998-06-10,1998,MAR,NOR,1,0,0.1,0.3333333333333333,-0.2333333333333333,0.3,0.3333333333333333,-0.033333333333333326,0.7,0.3333333333333333,0.36666666666666664,1.3,0.3333333333333333,0.9666666666666668,3.0,1.0,2.0,10.0,3.0,7.0,0.0,0.0,0.0,0.0,0.0,0.0,0.0,0.0,0.0,13.0,14.0,-1.0,9.392668535736915,1.699673171197595,7.692995364539319,1.0,1.0,0.0,,,,,,,0.0,0.0,0.0,,,,,,,0.3333333333333333,,,0.0,0.0,0.0
1998-06-10,1998,NOR,MAR,1,0,0.3333333333333333,0.1,0.2333333333333333,0.3333333333333333,0.3,0.033333333333333326,0.3333333333333333,0.7,-0.36666666666666664,0.3333333333333333,1.3,-0.9666666666666668,1.0,3.0,-2.0,3.0,10.0,-7.0,0.0,0.0,0.0,0.0,0.0,0.0,0.0,0.0,0.0,14.0,13.0,1.0,1.699673171197595,9.392668535736915,-7.692995364539319,1.0,1.0,0.0,,,,,,,0.0,0.0,0.0,,,,,,,,0.3333333333333333,,0.0,0.0,0.0
1998-06-11,1998,CMR,AUT,1,0,0.2727272727272727,0.45454545454545453,-0.18181818181818182,0.36363636363636365,0.09090909090909091,0.2727272727272727,1.0,1.5,-0.5,1.9090909090909092,1.6363636363636365,0.2727272727272727,3.0,5.0,-2.0,11.0,22.0,-11.0,0.0,0.2,-0.2,0.0,0.0,0.0,0.0,0.0,0.0,,22.0,,,5.792715732327589,,0.0,1.0,-1.0,,,,,,,0.0,,,,,,,,,0.4878048780487805,,,0.0,0.0,0.0
1998-06-11,1998,AUT,CMR,1,0,0.45454545454545453,0.2727272727272727,0.18181818181818182,0.09090909090909091,0.36363636363636365,-0.2727272727272727,1.5,1.0,0.5,1.6363636363636365,1.9090909090909092,-0.2727272727272727,5.0,3.0,2.0,22.0,11.0,11.0,0.2,0.0,0.2,0.0,0.0,0.0,0.0,0.0,0.0,22.0,,,5.792715732327589,,,1.0,0.0,1.0,,,,,,,,0.0,,,,,,,,,0.4878048780487805,,0.0,0.0,0.0
1998-06-11,1998,ITA,CHL,1,0,0.5192307692307693,0.2777777777777778,0.24145299145299148,0.25,0.16666666666666666,0.08333333333333334,1.4230769230769231,1.1666666666666667,0.2564102564102564,0.9807692307692307,1.6111111111111112,-0.6303418803418804,11.0,5.0,6.0,52.0,18.0,34.0,0.45454545454545453,0.2,0.2545454545454545,0.2727272727272727,0.0,0.2727272727272727,3.0,0.0,3.0,7.0,,,3.0912061651652345,,,1.0,0.0,1.0,,,,,,,0.3333333333333333,,,0.35714285714285715,,,,,,,,,0.0,0.0,0.0
1998-06-11,1998,CHL,ITA,1,0,0.2777777777777778,0.5192307692307693,-0.24145299145299148,0.16666666666666666,0.25,-0.08333333333333334,1.1666666666666667,1.4230769230769231,-0.2564102564102564,1.6111111111111112,0.9807692307692307,0.6303418803418804,5.0,11.0,-6.0,18.0,52.0,-34.0,0.2,0.45454545454545453,-0.2545454545454545,0.0,0.2727272727272727,-0.2727272727272727,0.0,3.0,-3.0,,7.0,,,3.0912061651652345,,0.0,1.0,-1.0,,,,,,,,0.3333333333333333,,,0.35714285714285715,,,,,,,,0.0,0.0,0.0
1998-06-12,1998,FRA,RSA,2,0,0.4642857142857143,,,0.17857142857142858,,,2.1785714285714284,,,1.6428571428571428,,,6.0,0.0,6.0,28.0,0.0,28.0,0.5,,,0.0,,,0.0,0.0,0.0,2.0,26.0,-24.0,2.0548046676563256,8.602325267042627,-6.547520599386301,1.0,1.0,0.0,,,,,,,0.0,,,0.4,,,,,,,0.6666666666666666,,1.0,0.0,1.0
1998-06-12,1998,RSA,FRA,0,0,,0.4642857142857143,,,0.17857142857142858,,,2.1785714285714284,,,1.6428571428571428,,0.0,6.0,-6.0,0.0,28.0,-28.0,,0.5,,,0.0,,0.0,0.0,0.0,26.0,2.0,24.0,8.602325267042627,2.0548046676563256,6.547520599386301,1.0,1.0,0.0,,,,,,,,0.0,,,0.4,,,,,0.6666666666666666,,,0.0,1.0,-1.0
1998-06-12,1998,KSA,DEN,0,0,0.5,0.75,-0.25,0.0,0.0,0.0,1.25,2.5,-1.25,1.5,1.5,0.0,1.0,1.0,0.0,4.0,4.0,0.0,0.0,0.0,0.0,0.0,0.0,0.0,0.0,0.0,0.0,30.0,19.0,11.0,9.104333522498441,1.247219128924647,7.857114393573794,1.0,1.0,0.0,,,,,,,0.0,,,,0.29411764705882354,,,,,,,,0.0,0.0,0.0
1998-06-12,1998,DEN,KSA,2,0,0.75,0.5,0.25,0.0,0.0,0.0,2.5,1.25,1.25,1.5,1.5,0.0,1.0,1.0,0.0,4.0,4.0,0.0,0.0,0.0,0.0,0.0,0.0,0.0,0.0,0.0,0.0,19.0,30.0,-11.0,1.247219128924647,9.104333522498441,-7.857114393573794,1.0,1.0,0.0,,,,,,,,0.0,,0.29411764705882354,,,,,,,,,0.0,0.0,0.0
1998-06-12,1998,PAR,BUL,1,0,0.2222222222222222,0.13043478260869565,0.09178743961352656,0.4444444444444444,0.30434782608695654,0.14009661835748788,1.6666666666666667,0.9130434782608695,0.7536231884057972,2.4444444444444446,2.0,0.44444444444444464,3.0,6.0,-3.0,9.0,23.0,-14.0,0.0,0.16666666666666666,-0.16666666666666666,0.0,0.0,0.0,0.0,0.0,0.0,25.0,,,14.83988619303471,,,1.0,0.0,1.0,,,,,,,,0.3333333333333333,,,0.3333333333333333,,,,,,,,0.0,0.0,0.0
1998-06-12,1998,BUL,PAR,1,0,0.13043478260869565,0.2222222222222222,-0.09178743961352656,0.30434782608695654,0.4444444444444444,-0.14009661835748788,0.9130434782608695,1.6666666666666667,-0.7536231884057972,2.0,2.4444444444444446,-0.44444444444444464,6.0,3.0,3.0,23.0,9.0,14.0,0.16666666666666666,0.0,0.16666666666666666,0.0,0.0,0.0,0.0,0.0,0.0,,25.0,,,14.83988619303471,,0.0,1.0,-1.0,,,,,,,0.3333333333333333,,,0.3333333333333333,,,,,,,,,0.0,0.0,0.0
1998-06-13,1998,KOR,MEX,0,0,0.0,0.23333333333333334,-0.23333333333333334,0.2727272727272727,0.26666666666666666,0.006060606060606044,0.8181818181818182,0.9,-0.08181818181818179,3.090909090909091,1.8333333333333333,1.2575757575757576,4.0,9.0,-5.0,11.0,30.0,-19.0,0.0,0.0,0.0,0.0,0.0,0.0,0.0,0.0,0.0,17.0,10.0,7.0,8.524474568362947,3.0912061651652345,5.433268403197713,1.0,1.0,0.0,,,,,,,0.0,0.3333333333333333,-0.3333333333333333,,,,,,,,,,0.0,0.0,0.0
1998-06-13,1998,MEX,KOR,2,0,0.23333333333333334,0.0,0.23333333333333334,0.26666666666666666,0.2727272727272727,-0.006060606060606044,0.9,0.8181818181818182,0.08181818181818179,1.8333333333333333,3.090909090909091,-1.2575757575757576,9.0,4.0,5.0,30.0,11.0,19.0,0.0,0.0,0.0,0.0,0.0,0.0,0.0,0.0,0.0,10.0,17.0,-7.0,3.0912061651652345,8.524474568362947,-5.433268403197713,1.0,1.0,0.0,,,,,,,0.3333333333333333,0.0,0.3333333333333333,,,,,,,,,,0.0,0.0,0.0
1998-06-13,1998,NED,BEL,1,0,0.4782608695652174,0.36,0.11826086956521742,0.2608695652173913,0.16,0.1008695652173913,1.7826086956521738,1.36,0.42260869565217374,1.0,1.64,-0.6399999999999999,4.0,6.0,-2.0,23.0,25.0,-2.0,0.5,0.16666666666666666,0.33333333333333337,0.5,0.0,0.5,0.0,0.0,0.0,11.0,35.0,-24.0,6.944222218666553,8.259674462242579,-1.3154522435760256,1.0,1.0,0.0,,,,,,,0.3333333333333333,0.5,-0.16666666666666669,0.4444444444444444,0.3333333333333333,0.1111111111111111,,,,,,,0.0,0.0,0.0
1998-06-13,1998,ESP,NGA,0,0,0.4117647058823529,0.5,-0.08823529411764708,0.23529411764705882,0.0,0.23529411764705882,1.4411764705882353,1.75,-0.3088235294117647,1.2058823529411764,1.0,0.2058823529411764,8.0,1.0,7.0,34.0,4.0,30.0,0.0,0.0,0.0,0.0,0.0,0.0,0.0,0.0,0.0,15.0,,,2.8674417556808756,,,1.0,0.0,1.0,,,,,,,0.25,0.0,0.25,0.23529411764705882,,,,,,,0.4772727272727273,,0.0,0.0,0.0
1998-06-13,1998,NGA,ESP,2,0,0.5,0.4117647058823529,0.08823529411764708,0.0,0.23529411764705882,-0.23529411764705882,1.75,1.4411764705882353,0.3088235294117647,1.0,1.2058823529411764,-0.2058823529411764,1.0,8.0,-7.0,4.0,34.0,-30.0,0.0,0.0,0.0,0.0,0.0,0.0,0.0,0.0,0.0,,15.0,,,2.8674417556808756,,0.0,1.0,-1.0,,,,,,,0.0,0.25,-0.25,,0.23529411764705882,,,,,0.4772727272727273,,,0.0,0.0,0.0
1998-06-13,1998,BEL,NED,1,0,0.36,0.4782608695652174,-0.11826086956521742,0.16,0.2608695652173913,-0.1008695652173913,1.36,1.7826086956521738,-0.42260869565217374,1.64,1.0,0.6399999999999999,6.0,4.0,2.0,25.0,23.0,2.0,0.16666666666666666,0.5,-0.33333333333333337,0.0,0.5,-0.5,0.0,0.0,0.0,35.0,11.0,24.0,8.259674462242579,6.944222218666553,1.3154522435760256,1.0,1.0,0.0,,,,,,,0.5,0.3333333333333333,0.16666666666666669,0.3333333333333333,0.4444444444444444,-0.1111111111111111,,,,,,,0.0,0.0,0.0
1998-06-14,1998,SRB,IRN,2,0,,0.0,,,0.3333333333333333,,,0.6666666666666666,,,2.6666666666666665,,0.0,1.0,-1.0,0.0,3.0,-3.0,,0.0,,,0.0,,0.0,0.0,0.0,,27.0,,,25.468935326524086,,0.0,1.0,-1.0,,,,,,,,,,,,,,,,,,,0.0,0.0,0.0
1998-06-14,1998,IRN,SRB,0,0,0.0,,,0.3333333333333333,,,0.6666666666666666,,,2.6666666666666665,,,1.0,0.0,1.0,3.0,0.0,3.0,0.0,,,0.0,,,0.0,0.0,0.0,27.0,,,25.468935326524086,,,1.0,0.0,1.0,,,,,,,,,,,,,,,,,,,0.0,0.0,0.0
1998-06-14,1998,ARG,JPN,2,0,0.4782608695652174,,,0.1956521739130435,,,1.5217391304347827,,,1.1521739130434783,,,9.0,0.0,9.0,46.0,0.0,46.0,0.3333333333333333,,,0.3333333333333333,,,2.0,0.0,2.0,5.0,20.0,-15.0,6.236095644623235,6.97614984548545,-0.7400542008622146,1.0,1.0,0.0,,,,,,,,,,,,,,,,,,,0.0,0.0,0.0
1998-06-14,1998,JPN,ARG,0,0,,0.4782608695652174,,,0.1956521739130435,,,1.5217391304347827,,,1.1521739130434783,,0.0,9.0,-9.0,0.0,46.0,-46.0,,0.3333333333333333,,,0.3333333333333333,,0.0,2.0,-2.0,20.0,5.0,15.0,6.97614984548545,6.236095644623235,0.7400542008622146,1.0,1.0,0.0,,,,,,,,,,,,,,,,,,,0.0,0.0,0.0
1998-06-14,1998,JAM,CRO,0,0,,,,,,,,,,,,,0.0,0.0,0.0,0.0,0.0,0.0,,,,,,,0.0,0.0,0.0,33.0,4.0,29.0,10.077477638553983,9.41629792788369,0.661179710670293,1.0,1.0,0.0,,,,,,,,0.5,,,0.5,,,,,,,,0.0,0.0,0.0
1998-06-14,1998,CRO,JAM,2,0,,,,,,,,,,,,,0.0,0.0,0.0,0.0,0.0,0.0,,,,,,,0.0,0.0,0.0,4.0,33.0,-29.0,9.41629792788369,10.077477638553983,-0.661179710670293,1.0,1.0,0.0,,,,,,,0.5,,,0.5,,,,,,,,,0.0,0.0,0.0
1998-06-15,1998,ENG,TUN,2,0,0.43902439024390244,0.3333333333333333,0.10569105691056913,0.2926829268292683,0.3333333333333333,-0.04065040650406504,1.3414634146341464,1.0,0.3414634146341464,0.926829268292683,0.6666666666666666,0.26016260162601634,9.0,1.0,8.0,41.0,3.0,38.0,0.2222222222222222,0.0,0.2222222222222222,0.1111111111111111,0.0,0.1111111111111111,1.0,0.0,1.0,9.0,21.0,-12.0,6.944222218666553,0.4714045207910317,6.472817697875522,1.0,1.0,0.0,,,,,,,0.3333333333333333,,,0.25,,,,,,,0.3,,0.0,0.0,0.0
1998-06-15,1998,TUN,ENG,0,0,0.3333333333333333,0.43902439024390244,-0.10569105691056913,0.3333333333333333,0.2926829268292683,0.04065040650406504,1.0,1.3414634146341464,-0.3414634146341464,0.6666666666666666,0.926829268292683,-0.26016260162601634,1.0,9.0,-8.0,3.0,41.0,-38.0,0.0,0.2222222222222222,-0.2222222222222222,0.0,0.1111111111111111,-0.1111111111111111,0.0,1.0,-1.0,21.0,9.0,12.0,0.4714045207910317,6.944222218666553,-6.472817697875522,1.0,1.0,0.0,,,,,,,,0.3333333333333333,,,0.25,,,,,0.3,,,0.0,0.0,0.0
1998-06-15,1998,ROU,COL,2,0,0.4166666666666667,0.2,0.21666666666666667,0.25,0.2,0.04999999999999999,1.5,1.3,0.19999999999999996,1.4166666666666667,2.0,-0.5833333333333333,3.0,3.0,0.0,12.0,10.0,2.0,0.0,0.0,0.0,0.0,0.0,0.0,0.0,0.0,0.0,12.0,34.0,-22.0,3.681787005729087,4.4969125210773475,-0.8151255153482606,1.0,1.0,0.0,,,,,,,0.2,1.0,-0.8,0.0,,,,,,,,,0.0,0.0,0.0
1998-06-15,1998,GER,USA,2,0,0.582089552238806,0.2,0.382089552238806,0.22388059701492538,0.1,0.12388059701492538,2.08955223880597,0.9,1.18955223880597,1.2537313432835822,2.0,-0.7462686567164178,11.0,3.0,8.0,67.0,10.0,57.0,0.7272727272727273,0.0,0.7272727272727273,0.5454545454545454,0.0,0.5454545454545454,3.0,0.0,3.0,3.0,23.0,-20.0,0.0,3.559026084010437,-3.559026084010437,1.0,1.0,0.0,,,,,,,0.25,0.0,0.25,0.45454545454545453,,,,,,,,,0.0,0.0,0.0
1998-06-15,1998,USA,GER,0,0,0.2,0.582089552238806,-0.382089552238806,0.1,0.22388059701492538,-0.12388059701492538,0.9,2.08955223880597,-1.18955223880597,2.0,1.2537313432835822,0.7462686567164178,3.0,11.0,-8.0,10.0,67.0,-57.0,0.0,0.7272727272727273,-0.7272727272727273,0.0,0.5454545454545454,-0.5454545454545454,0.0,3.0,-3.0,23.0,3.0,20.0,3.559026084010437,0.0,3.559026084010437,1.0,1.0,0.0,,,,,,,0.0,0.25,-0.25,,0.45454545454545453,,,,,,,,0.0,0.0,0.0
1998-06-15,1998,COL,ROU,0,0,0.2,0.4166666666666667,-0.21666666666666667,0.2,0.25,-0.04999999999999999,1.3,1.5,-0.19999999999999996,2.0,1.4166666666666667,0.5833333333333333,3.0,3.0,0.0,10.0,12.0,-2.0,0.0,0.0,0.0,0.0,0.0,0.0,0.0,0.0,0.0,34.0,12.0,22.0,4.4969125210773475,3.681787005729087,0.8151255153482606,1.0,1.0,0.0,,,,,,,1.0,0.2,0.8,,0.0,,,,,,,,0.0,0.0,0.0
1998-06-16,1998,BRA,MAR,2,0,0.696969696969697,0.09090909090909091,0.6060606060606061,0.18181818181818182,0.36363636363636365,-0.18181818181818182,2.1363636363636362,0.8181818181818182,1.318181818181818,0.803030303030303,1.3636363636363635,-0.5606060606060606,13.0,4.0,9.0,66.0,11.0,55.0,0.46153846153846156,0.0,0.46153846153846156,0.3076923076923077,0.0,0.3076923076923077,4.0,0.0,4.0,1.0,13.0,-12.0,0.0,9.392668535736915,-9.392668535736915,1.0,1.0,0.0,,,,,,,0.5,0.0,0.5,,,,,,,,0.3333333333333333,,0.0,0.0,0.0
1998-06-16,1998,MAR,BRA,0,0,0.09090909090909091,0.696969696969697,-0.6060606060606061,0.36363636363636365,0.18181818181818182,0.18181818181818182,0.8181818181818182,2.1363636363636362,-1.318181818181818,1.3636363636363635,0.803030303030303,0.5606060606060606,4.0,13.0,-9.0,11.0,66.0,-55.0,0.0,0.46153846153846156,-0.46153846153846156,0.0,0.3076923076923077,-0.3076923076923077,0.0,4.0,-4.0,13.0,1.0,12.0,9.392668535736915,0.0,9.392668535736915,1.0,1.0,0.0,,,,,,,0.0,0.5,-0.5,,,,,,,0.3333333333333333,,,0.0,0.0,0.0
1998-06-16,1998,SCO,NOR,1,0,0.19047619047619047,0.25,-0.059523809523809534,0.2857142857142857,0.5,-0.2142857142857143,1.1428571428571428,0.75,0.3928571428571428,1.7619047619047619,0.75,1.0119047619047619,8.0,2.0,6.0,21.0,4.0,17.0,0.0,0.0,0.0,0.0,0.0,0.0,0.0,0.0,0.0,38.0,14.0,24.0,4.642796092394706,1.699673171197595,2.943122921197111,1.0,1.0,0.0,,,,,,,0.0,0.0,0.0,0.3333333333333333,,,,,,,,,0.0,0.0,0.0
1998-06-16,1998,NOR,SCO,1,0,0.25,0.19047619047619047,0.059523809523809534,0.5,0.2857142857142857,0.2142857142857143,0.75,1.1428571428571428,-0.3928571428571428,0.75,1.7619047619047619,-1.0119047619047619,2.0,8.0,-6.0,4.0,21.0,-17.0,0.0,0.0,0.0,0.0,0.0,0.0,0.0,0.0,0.0,14.0,38.0,-24.0,1.699673171197595,4.642796092394706,-2.943122921197111,1.0,1.0,0.0,,,,,,,0.0,0.0,0.0,,0.3333333333333333,,,,,,,,0.0,0.0,0.0
1998-06-17,1998,ITA,CMR,2,0,0.5094339622641509,0.25,0.25943396226415094,0.2641509433962264,0.4166666666666667,-0.15251572327044027,1.4339622641509433,1.0,0.4339622641509433,1.0,1.8333333333333333,-0.8333333333333333,12.0,4.0,8.0,53.0,12.0,41.0,0.4166666666666667,0.0,0.4166666666666667,0.25,0.0,0.25,3.0,0.0,3.0,7.0,,,3.0912061651652345,,,1.0,0.0,1.0,,,,,,,0.3333333333333333,0.0,0.3333333333333333,0.35714285714285715,,,,,,,0.4878048780487805,,0.0,0.0,0.0
1998-06-17,1998,CMR,ITA,0,0,0.25,0.5094339622641509,-0.25943396226415094,0.4166666666666667,0.2641509433962264,0.15251572327044027,1.0,1.4339622641509433,-0.4339622641509433,1.8333333333333333,1.0,0.8333333333333333,4.0,12.0,-8.0,12.0,53.0,-41.0,0.0,0.4166666666666667,-0.4166666666666667,0.0,0.25,-0.25,0.0,3.0,-3.0,,7.0,,,3.0912061651652345,,0.0,1.0,-1.0,,,,,,,0.0,0.3333333333333333,-0.3333333333333333,,0.35714285714285715,,,,,0.4878048780487805,,,0.0,0.0,0.0
1998-06-17,1998,CHL,AUT,1,0,0.2631578947368421,0.43478260869565216,-0.17162471395881007,0.21052631578947367,0.13043478260869565,0.08009153318077802,1.2105263157894737,1.4782608695652173,-0.2677345537757436,1.631578947368421,1.608695652173913,0.022883295194507935,6.0,6.0,0.0,19.0,23.0,-4.0,0.16666666666666666,0.16666666666666666,0.0,0.0,0.0,0.0,0.0,0.0,0.0,,22.0,,,5.792715732327589,,0.0,1.0,-1.0,,,,,,,0.0,,,,,,,,,,,,0.0,0.0,0.0
1998-06-17,1998,AUT,CHL,1,0,0.43478260869565216,0.2631578947368421,0.17162471395881007,0.13043478260869565,0.21052631578947367,-0.08009153318077802,1.4782608695652173,1.2105263157894737,0.2677345537757436,1.608695652173913,1.631578947368421,-0.022883295194507935,6.0,6.0,0.0,23.0,19.0,4.0,0.16666666666666666,0.16666666666666666,0.0,0.0,0.0,0.0,0.0,0.0,0.0,22.0,,,5.792715732327589,,,1.0,0.0,1.0,,,,,,,,0.0,,,,,,,,,,,0.0,0.0,0.0
1998-06-18,1998,FRA,KSA,2,0,0.4827586206896552,0.4,0.08275862068965517,0.1724137931034483,0.0,0.1724137931034483,2.206896551724138,1.0,1.206896551724138,1.5862068965517242,1.4,0.1862068965517243,7.0,2.0,5.0,29.0,5.0,24.0,0.42857142857142855,0.0,0.42857142857142855,0.0,0.0,0.0,0.0,0.0,0.0,2.0,30.0,-28.0,2.0548046676563256,9.104333522498441,-7.049528854842116,1.0,1.0,0.0,,,,,,,0.0,0.0,0.0,0.4,,,,,,,,,1.0,0.0,1.0
1998-06-18,1998,KSA,FRA,0,0,0.4,0.4827586206896552,-0.08275862068965517,0.0,0.1724137931034483,-0.1724137931034483,1.0,2.206896551724138,-1.206896551724138,1.4,1.5862068965517242,-0.1862068965517243,2.0,7.0,-5.0,5.0,29.0,-24.0,0.0,0.42857142857142855,-0.42857142857142855,0.0,0.0,0.0,0.0,0.0,0.0,30.0,2.0,28.0,9.104333522498441,2.0548046676563256,7.049528854842116,1.0,1.0,0.0,,,,,,,0.0,0.0,0.0,,0.4,,,,,,,,0.0,1.0,-1.0
1998-06-18,1998,RSA,DEN,1,0,0.0,0.8,-0.8,0.0,0.0,0.0,0.0,2.2,-2.2,3.0,1.2,1.8,1.0,2.0,-1.0,1.0,5.0,-4.0,0.0,0.0,0.0,0.0,0.0,0.0,0.0,0.0,0.0,26.0,19.0,7.0,8.602325267042627,1.247219128924647,7.355106138117979,1.0,1.0,0.0,,,,,,,0.0,,,,0.29411764705882354,,,,,0.6666666666666666,,,0.0,0.0,0.0
1998-06-18,1998,DEN,RSA,1,0,0.8,0.0,0.8,0.0,0.0,0.0,2.2,0.0,2.2,1.2,3.0,-1.8,2.0,1.0,1.0,5.0,1.0,4.0,0.0,0.0,0.0,0.0,0.0,0.0,0.0,0.0,0.0,19.0,26.0,-7.0,1.247219128924647,8.602325267042627,-7.355106138117979,1.0,1.0,0.0,,,,,,,,0.0,,0.29411764705882354,,,,,,,0.6666666666666666,,0.0,0.0,0.0
1998-06-19,1998,NGA,BUL,2,0,0.6,0.125,0.475,0.0,0.3333333333333333,-0.3333333333333333,2.0,0.875,1.125,1.2,1.9166666666666667,-0.7166666666666668,2.0,7.0,-5.0,5.0,24.0,-19.0,0.0,0.14285714285714285,-0.14285714285714285,0.0,0.0,0.0,0.0,0.0,0.0,,,,,,,0.0,0.0,0.0,,,,,,,0.0,0.3333333333333333,-0.3333333333333333,,0.3333333333333333,,,,,0.4772727272727273,,,0.0,0.0,0.0
1998-06-19,1998,BUL,NGA,0,0,0.125,0.6,-0.475,0.3333333333333333,0.0,0.3333333333333333,0.875,2.0,-1.125,1.9166666666666667,1.2,0.7166666666666668,7.0,2.0,5.0,24.0,5.0,19.0,0.14285714285714285,0.0,0.14285714285714285,0.0,0.0,0.0,0.0,0.0,0.0,,,,,,,0.0,0.0,0.0,,,,,,,0.3333333333333333,0.0,0.3333333333333333,0.3333333333333333,,,,,,,0.4772727272727273,,0.0,0.0,0.0
1998-06-19,1998,ESP,PAR,1,0,0.4,0.2,0.2,0.22857142857142856,0.5,-0.27142857142857146,1.457142857142857,1.5,-0.04285714285714293,1.2571428571428571,2.2,-0.9428571428571431,9.0,4.0,5.0,35.0,10.0,25.0,0.0,0.0,0.0,0.0,0.0,0.0,0.0,0.0,0.0,15.0,25.0,-10.0,2.8674417556808756,14.83988619303471,-11.972444437353834,1.0,1.0,0.0,,,,,,,0.25,,,0.23529411764705882,,,,,,,,,0.0,0.0,0.0
1998-06-19,1998,PAR,ESP,1,0,0.2,0.4,-0.2,0.5,0.22857142857142856,0.27142857142857146,1.5,1.457142857142857,0.04285714285714293,2.2,1.2571428571428571,0.9428571428571431,4.0,9.0,-5.0,10.0,35.0,-25.0,0.0,0.0,0.0,0.0,0.0,0.0,0.0,0.0,0.0,25.0,15.0,10.0,14.83988619303471,2.8674417556808756,11.972444437353834,1.0,1.0,0.0,,,,,,,,0.25,,,0.23529411764705882,,,,,,,,0.0,0.0,0.0
1998-06-20,1998,JPN,CRO,0,0,0.0,1.0,-1.0,0.0,0.0,0.0,0.0,3.0,-3.0,1.0,1.0,0.0,1.0,1.0,0.0,1.0,1.0,0.0,0.0,0.0,0.0,0.0,0.0,0.0,0.0,0.0,0.0,20.0,4.0,16.0,6.97614984548545,9.41629792788369,-2.44014808239824,1.0,1.0,0.0,,,,,,,0.0,0.5,-0.5,,0.5,,,,,,,,0.0,0.0,0.0
1998-06-20,1998,CRO,JPN,2,0,1.0,0.0,1.0,0.0,0.0,0.0,3.0,0.0,3.0,1.0,1.0,0.0,1.0,1.0,0.0,1.0,1.0,0.0,0.0,0.0,0.0,0.0,0.0,0.0,0.0,0.0,0.0,4.0,20.0,-16.0,9.41629792788369,6.97614984548545,2.44014808239824,1.0,1.0,0.0,,,,,,,0.5,0.0,0.5,0.5,,,,,,,,,0.0,0.0,0.0
1998-06-20,1998,NED,KOR,2,0,0.4583333333333333,0.0,0.4583333333333333,0.2916666666666667,0.25,0.041666666666666685,1.7083333333333333,0.8333333333333334,0.8749999999999999,0.9583333333333334,3.0833333333333335,-2.125,5.0,5.0,0.0,24.0,12.0,12.0,0.4,0.0,0.4,0.4,0.0,0.4,0.0,0.0,0.0,11.0,17.0,-6.0,6.944222218666553,8.524474568362947,-1.5802523496963943,1.0,1.0,0.0,,,,,,,0.3333333333333333,0.0,0.3333333333333333,0.4444444444444444,,,,,,,,,0.0,0.0,0.0
1998-06-20,1998,KOR,NED,0,0,0.0,0.4583333333333333,-0.4583333333333333,0.25,0.2916666666666667,-0.041666666666666685,0.8333333333333334,1.7083333333333333,-0.8749999999999999,3.0833333333333335,0.9583333333333334,2.125,5.0,5.0,0.0,12.0,24.0,-12.0,0.0,0.4,-0.4,0.0,0.4,-0.4,0.0,0.0,0.0,17.0,11.0,6.0,8.524474568362947,6.944222218666553,1.5802523496963943,1.0,1.0,0.0,,,,,,,0.0,0.3333333333333333,-0.3333333333333333,,0.4444444444444444,,,,,,,,0.0,0.0,0.0
1998-06-20,1998,BEL,MEX,1,0,0.34615384615384615,0.25806451612903225,0.0880893300248139,0.19230769230769232,0.25806451612903225,-0.06575682382133993,1.3076923076923077,0.967741935483871,0.3399503722084367,1.5769230769230769,1.8064516129032258,-0.22952853598014888,7.0,10.0,-3.0,26.0,31.0,-5.0,0.14285714285714285,0.0,0.14285714285714285,0.0,0.0,0.0,0.0,0.0,0.0,35.0,10.0,25.0,8.259674462242579,3.0912061651652345,5.168468297077345,1.0,1.0,0.0,,,,,,,0.5,0.3333333333333333,0.16666666666666669,0.3333333333333333,,,,,,,,,0.0,0.0,0.0
1998-06-20,1998,MEX,BEL,1,0,0.25806451612903225,0.34615384615384615,-0.0880893300248139,0.25806451612903225,0.19230769230769232,0.06575682382133993,0.967741935483871,1.3076923076923077,-0.3399503722084367,1.8064516129032258,1.5769230769230769,0.22952853598014888,10.0,7.0,3.0,31.0,26.0,5.0,0.0,0.14285714285714285,-0.14285714285714285,0.0,0.0,0.0,0.0,0.0,0.0,10.0,35.0,-25.0,3.0912061651652345,8.259674462242579,-5.168468297077345,1.0,1.0,0.0,,,,,,,0.3333333333333333,0.5,-0.16666666666666669,,0.3333333333333333,,,,,,,,0.0,0.0,0.0
1998-06-21,1998,GER,SRB,1,0,0.5882352941176471,1.0,-0.4117647058823529,0.22058823529411764,0.0,0.22058823529411764,2.088235294117647,1.0,1.0882352941176472,1.2352941176470589,0.0,1.2352941176470589,12.0,1.0,11.0,68.0,1.0,67.0,0.6666666666666666,0.0,0.6666666666666666,0.5,0.0,0.5,3.0,0.0,3.0,3.0,,,0.0,,,1.0,0.0,1.0,,,,,,,0.25,,,0.45454545454545453,,,,,,,,,0.0,0.0,0.0
1998-06-21,1998,SRB,GER,1,0,1.0,0.5882352941176471,0.4117647058823529,0.0,0.22058823529411764,-0.22058823529411764,1.0,2.088235294117647,-1.0882352941176472,0.0,1.2352941176470589,-1.2352941176470589,1.0,12.0,-11.0,1.0,68.0,-67.0,0.0,0.6666666666666666,-0.6666666666666666,0.0,0.5,-0.5,0.0,3.0,-3.0,,3.0,,,0.0,,0.0,1.0,-1.0,,,,,,,,0.25,,,0.45454545454545453,,,,,,,,0.0,0.0,0.0
1998-06-21,1998,ARG,JAM,2,0,0.48936170212765956,0.0,0.48936170212765956,0.19148936170212766,0.0,0.19148936170212766,1.5106382978723405,1.0,0.5106382978723405,1.127659574468085,3.0,-1.872340425531915,10.0,1.0,9.0,47.0,1.0,46.0,0.3,0.0,0.3,0.3,0.0,0.3,2.0,0.0,2.0,5.0,33.0,-28.0,6.236095644623235,10.077477638553983,-3.8413819939307476,1.0,1.0,0.0,,,,,,,,0.0,,,,,,,,,,,0.0,0.0,0.0
1998-06-21,1998,USA,IRN,0,0,0.18181818181818182,0.0,0.18181818181818182,0.09090909090909091,0.25,-0.1590909090909091,0.8181818181818182,0.5,0.31818181818181823,2.0,2.25,-0.25,4.0,2.0,2.0,11.0,4.0,7.0,0.0,0.0,0.0,0.0,0.0,0.0,0.0,0.0,0.0,23.0,27.0,-4.0,3.559026084010437,25.468935326524086,-21.90990924251365,1.0,1.0,0.0,,,,,,,0.0,,,,,,,,,,,,0.0,0.0,0.0
1998-06-21,1998,IRN,USA,2,0,0.0,0.18181818181818182,-0.18181818181818182,0.25,0.09090909090909091,0.1590909090909091,0.5,0.8181818181818182,-0.31818181818181823,2.25,2.0,0.25,2.0,4.0,-2.0,4.0,11.0,-7.0,0.0,0.0,0.0,0.0,0.0,0.0,0.0,0.0,0.0,27.0,23.0,4.0,25.468935326524086,3.559026084010437,21.90990924251365,1.0,1.0,0.0,,,,,,,,0.0,,,,,,,,,,,0.0,0.0,0.0
1998-06-21,1998,JAM,ARG,0,0,0.0,0.48936170212765956,-0.48936170212765956,0.0,0.19148936170212766,-0.19148936170212766,1.0,1.5106382978723405,-0.5106382978723405,3.0,1.127659574468085,1.872340425531915,1.0,10.0,-9.0,1.0,47.0,-46.0,0.0,0.3,-0.3,0.0,0.3,-0.3,0.0,2.0,-2.0,33.0,5.0,28.0,10.077477638553983,6.236095644623235,3.8413819939307476,1.0,1.0,0.0,,,,,,,0.0,,,,,,,,,,,,0.0,0.0,0.0
1998-06-22,1998,ROU,ENG,2,0,0.46153846153846156,0.4523809523809524,0.00915750915750918,0.23076923076923078,0.2857142857142857,-0.054945054945054916,1.4615384615384615,1.3571428571428572,0.10439560439560425,1.3076923076923077,0.9047619047619048,0.40293040293040294,4.0,10.0,-6.0,13.0,42.0,-29.0,0.0,0.2,-0.2,0.0,0.1,-0.1,0.0,1.0,-1.0,12.0,9.0,3.0,3.681787005729087,6.944222218666553,-3.2624352129374663,1.0,1.0,0.0,,,,,,,0.2,0.3333333333333333,-0.1333333333333333,0.0,0.25,-0.25,,,,,,,0.0,0.0,0.0
1998-06-22,1998,ENG,ROU,0,0,0.4523809523809524,0.46153846153846156,-0.00915750915750918,0.2857142857142857,0.23076923076923078,0.054945054945054916,1.3571428571428572,1.4615384615384615,-0.10439560439560425,0.9047619047619048,1.3076923076923077,-0.40293040293040294,10.0,4.0,6.0,42.0,13.0,29.0,0.2,0.0,0.2,0.1,0.0,0.1,1.0,0.0,1.0,9.0,12.0,-3.0,6.944222218666553,3.681787005729087,3.2624352129374663,1.0,1.0,0.0,,,,,,,0.3333333333333333,0.2,0.1333333333333333,0.25,0.0,0.25,,,,,,,0.0,0.0,0.0
1998-06-22,1998,COL,TUN,2,0,0.18181818181818182,0.25,-0.06818181818181818,0.18181818181818182,0.25,-0.06818181818181818,1.1818181818181819,0.75,0.4318181818181819,1.9090909090909092,1.0,0.9090909090909092,4.0,2.0,2.0,11.0,4.0,7.0,0.0,0.0,0.0,0.0,0.0,0.0,0.0,0.0,0.0,34.0,21.0,13.0,4.4969125210773475,0.4714045207910317,4.025508000286316,1.0,1.0,0.0,,,,,,,1.0,0.0,1.0,,,,,,,,0.3,,0.0,0.0,0.0
1998-06-22,1998,TUN,COL,0,0,0.25,0.18181818181818182,0.06818181818181818,0.25,0.18181818181818182,0.06818181818181818,0.75,1.1818181818181819,-0.4318181818181819,1.0,1.9090909090909092,-0.9090909090909092,2.0,4.0,-2.0,4.0,11.0,-7.0,0.0,0.0,0.0,0.0,0.0,0.0,0.0,0.0,0.0,21.0,34.0,-13.0,0.4714045207910317,4.4969125210773475,-4.025508000286316,1.0,1.0,0.0,,,,,,,0.0,1.0,-1.0,,,,,,,0.3,,,0.0,0.0,0.0
1998-06-23,1998,ITA,AUT,2,0,0.5185185185185185,0.4166666666666667,0.1018518518518518,0.25925925925925924,0.16666666666666666,0.09259259259259259,1.462962962962963,1.4583333333333333,0.004629629629629761,0.9814814814814815,1.5833333333333333,-0.6018518518518517,12.0,6.0,6.0,54.0,24.0,30.0,0.4166666666666667,0.16666666666666666,0.25,0.25,0.0,0.25,3.0,0.0,3.0,7.0,22.0,-15.0,3.0912061651652345,5.792715732327589,-2.7015095671623546,1.0,1.0,0.0,,,,,,,0.3333333333333333,,,0.35714285714285715,,,,,,,,,0.0,0.0,0.0
1998-06-23,1998,AUT,ITA,0,0,0.4166666666666667,0.5185185185185185,-0.1018518518518518,0.16666666666666666,0.25925925925925924,-0.09259259259259259,1.4583333333333333,1.462962962962963,-0.004629629629629761,1.5833333333333333,0.9814814814814815,0.6018518518518517,6.0,12.0,-6.0,24.0,54.0,-30.0,0.16666666666666666,0.4166666666666667,-0.25,0.0,0.25,-0.25,0.0,3.0,-3.0,22.0,7.0,15.0,5.792715732327589,3.0912061651652345,2.7015095671623546,1.0,1.0,0.0,,,,,,,,0.3333333333333333,,,0.35714285714285715,,,,,,,,0.0,0.0,0.0
1998-06-23,1998,CHL,CMR,1,0,0.25,0.23076923076923078,0.019230769230769218,0.25,0.38461538461538464,-0.13461538461538464,1.2,0.9230769230769231,0.2769230769230768,1.6,1.9230769230769231,-0.32307692307692304,6.0,4.0,2.0,20.0,13.0,7.0,0.16666666666666666,0.0,0.16666666666666666,0.0,0.0,0.0,0.0,0.0,0.0,,,,,,,0.0,0.0,0.0,,,,,,,0.0,0.0,0.0,,,,,,,,0.4878048780487805,,0.0,0.0,0.0
1998-06-23,1998,CMR,CHL,1,0,0.23076923076923078,0.25,-0.019230769230769218,0.38461538461538464,0.25,0.13461538461538464,0.9230769230769231,1.2,-0.2769230769230768,1.9230769230769231,1.6,0.32307692307692304,4.0,6.0,-2.0,13.0,20.0,-7.0,0.0,0.16666666666666666,-0.16666666666666666,0.0,0.0,0.0,0.0,0.0,0.0,,,,,,,0.0,0.0,0.0,,,,,,,0.0,0.0,0.0,,,,,,,0.4878048780487805,,,0.0,0.0,0.0
1998-06-23,1998,BRA,NOR,0,0,0.7014925373134329,0.2,0.5014925373134329,0.1791044776119403,0.6,-0.4208955223880597,2.1492537313432836,0.8,1.3492537313432835,0.7910447761194029,0.8,-0.008955223880597107,13.0,2.0,11.0,67.0,5.0,62.0,0.46153846153846156,0.0,0.46153846153846156,0.3076923076923077,0.0,0.3076923076923077,4.0,0.0,4.0,1.0,14.0,-13.0,0.0,1.699673171197595,-1.699673171197595,1.0,1.0,0.0,,,,,,,0.5,0.0,0.5,,,,,,,,,,0.0,0.0,0.0
1998-06-23,1998,SCO,MAR,0,0,0.18181818181818182,0.08333333333333333,0.0984848484848485,0.3181818181818182,0.3333333333333333,-0.015151515151515138,1.1363636363636365,0.75,0.38636363636363646,1.7272727272727273,1.5,0.2272727272727273,8.0,4.0,4.0,22.0,12.0,10.0,0.0,0.0,0.0,0.0,0.0,0.0,0.0,0.0,0.0,38.0,13.0,25.0,4.642796092394706,9.392668535736915,-4.749872443342209,1.0,1.0,0.0,,,,,,,0.0,0.0,0.0,0.3333333333333333,,,,,,,0.3333333333333333,,0.0,0.0,0.0
1998-06-23,1998,MAR,SCO,2,0,0.08333333333333333,0.18181818181818182,-0.0984848484848485,0.3333333333333333,0.3181818181818182,0.015151515151515138,0.75,1.1363636363636365,-0.38636363636363646,1.5,1.7272727272727273,-0.2272727272727273,4.0,8.0,-4.0,12.0,22.0,-10.0,0.0,0.0,0.0,0.0,0.0,0.0,0.0,0.0,0.0,13.0,38.0,-25.0,9.392668535736915,4.642796092394706,4.749872443342209,1.0,1.0,0.0,,,,,,,0.0,0.0,0.0,,0.3333333333333333,,,,,0.3333333333333333,,,0.0,0.0,0.0
1998-06-23,1998,NOR,BRA,2,0,0.2,0.7014925373134329,-0.5014925373134329,0.6,0.1791044776119403,0.4208955223880597,0.8,2.1492537313432836,-1.3492537313432835,0.8,0.7910447761194029,0.008955223880597107,2.0,13.0,-11.0,5.0,67.0,-62.0,0.0,0.46153846153846156,-0.46153846153846156,0.0,0.3076923076923077,-0.3076923076923077,0.0,4.0,-4.0,14.0,1.0,13.0,1.699673171197595,0.0,1.699673171197595,1.0,1.0,0.0,,,,,,,0.0,0.5,-0.5,,,,,,,,,,0.0,0.0,0.0
1998-06-24,1998,RSA,KSA,1,0,0.0,0.3333333333333333,-0.3333333333333333,0.5,0.0,0.5,0.5,0.8333333333333334,-0.33333333333333337,2.0,1.8333333333333333,0.16666666666666674,1.0,2.0,-1.0,2.0,6.0,-4.0,0.0,0.0,0.0,0.0,0.0,0.0,0.0,0.0,0.0,26.0,30.0,-4.0,8.602325267042627,9.104333522498441,-0.5020082554558147,1.0,1.0,0.0,,,,,,,0.0,0.0,0.0,,,,,,,0.6666666666666666,,,0.0,0.0,0.0
1998-06-24,1998,KSA,RSA,1,0,0.3333333333333333,0.0,0.3333333333333333,0.0,0.5,-0.5,0.8333333333333334,0.5,0.33333333333333337,1.8333333333333333,2.0,-0.16666666666666674,2.0,1.0,1.0,6.0,2.0,4.0,0.0,0.0,0.0,0.0,0.0,0.0,0.0,0.0,0.0,30.0,26.0,4.0,9.104333522498441,8.602325267042627,0.5020082554558147,1.0,1.0,0.0,,,,,,,0.0,0.0,0.0,,,,,,,,0.6666666666666666,,0.0,0.0,0.0
1998-06-24,1998,FRA,DEN,2,0,0.5,0.6666666666666666,-0.16666666666666663,0.16666666666666666,0.16666666666666666,0.0,2.2666666666666666,2.0,0.2666666666666666,1.5333333333333334,1.1666666666666667,0.3666666666666667,7.0,2.0,5.0,30.0,6.0,24.0,0.42857142857142855,0.0,0.42857142857142855,0.0,0.0,0.0,0.0,0.0,0.0,2.0,19.0,-17.0,2.0548046676563256,1.247219128924647,0.8075855387316786,1.0,1.0,0.0,,,,,,,0.0,,,0.4,0.29411764705882354,0.10588235294117648,,,,,,,1.0,0.0,1.0
1998-06-24,1998,DEN,FRA,0,0,0.6666666666666666,0.5,0.16666666666666663,0.16666666666666666,0.16666666666666666,0.0,2.0,2.2666666666666666,-0.2666666666666666,1.1666666666666667,1.5333333333333334,-0.3666666666666667,2.0,7.0,-5.0,6.0,30.0,-24.0,0.0,0.42857142857142855,-0.42857142857142855,0.0,0.0,0.0,0.0,0.0,0.0,19.0,2.0,17.0,1.247219128924647,2.0548046676563256,-0.8075855387316786,1.0,1.0,0.0,,,,,,,,0.0,,0.29411764705882354,0.4,-0.10588235294117648,,,,,,,0.0,1.0,-1.0
1998-06-24,1998,NGA,PAR,0,0,0.6666666666666666,0.18181818181818182,0.4848484848484848,0.0,0.5454545454545454,-0.5454545454545454,1.8333333333333333,1.3636363636363635,0.4696969696969697,1.0,2.0,-1.0,2.0,4.0,-2.0,6.0,11.0,-5.0,0.0,0.0,0.0,0.0,0.0,0.0,0.0,0.0,0.0,,25.0,,,14.83988619303471,,0.0,1.0,-1.0,,,,,,,0.0,,,,,,,,,0.4772727272727273,,,0.0,0.0,0.0
1998-06-24,1998,PAR,NGA,2,0,0.18181818181818182,0.6666666666666666,-0.4848484848484848,0.5454545454545454,0.0,0.5454545454545454,1.3636363636363635,1.8333333333333333,-0.4696969696969697,2.0,1.0,1.0,4.0,2.0,2.0,11.0,6.0,5.0,0.0,0.0,0.0,0.0,0.0,0.0,0.0,0.0,0.0,25.0,,,14.83988619303471,,,1.0,0.0,1.0,,,,,,,,0.0,,,,,,,,,0.4772727272727273,,0.0,0.0,0.0
1998-06-24,1998,ESP,BUL,2,0,0.3888888888888889,0.12,0.2688888888888889,0.25,0.32,-0.07,1.4166666666666667,0.84,0.5766666666666668,1.2222222222222223,1.88,-0.6577777777777776,9.0,7.0,2.0,36.0,25.0,11.0,0.0,0.14285714285714285,-0.14285714285714285,0.0,0.0,0.0,0.0,0.0,0.0,15.0,,,2.8674417556808756,,,1.0,0.0,1.0,,,,,,,0.25,0.3333333333333333,-0.08333333333333331,0.23529411764705882,0.3333333333333333,-0.0980392156862745,,,,,,,0.0,0.0,0.0
1998-06-24,1998,BUL,ESP,0,0,0.12,0.3888888888888889,-0.2688888888888889,0.32,0.25,0.07,0.84,1.4166666666666667,-0.5766666666666668,1.88,1.2222222222222223,0.6577777777777776,7.0,9.0,-2.0,25.0,36.0,-11.0,0.14285714285714285,0.0,0.14285714285714285,0.0,0.0,0.0,0.0,0.0,0.0,,15.0,,,2.8674417556808756,,0.0,1.0,-1.0,,,,,,,0.3333333333333333,0.25,0.08333333333333331,0.3333333333333333,0.23529411764705882,0.0980392156862745,,,,,,,0.0,0.0,0.0
1998-06-25,1998,NED,MEX,1,0,0.48,0.25,0.22999999999999998,0.28,0.28125,-0.0012499999999999734,1.84,1.0,0.8400000000000001,0.92,1.8125,-0.8925,5.0,10.0,-5.0,25.0,32.0,-7.0,0.4,0.0,0.4,0.4,0.0,0.4,0.0,0.0,0.0,11.0,10.0,1.0,6.944222218666553,3.0912061651652345,3.8530160535013187,1.0,1.0,0.0,,,,,,,0.3333333333333333,0.3333333333333333,0.0,0.4444444444444444,,,,,,,,,0.0,0.0,0.0
1998-06-25,1998,MEX,NED,1,0,0.25,0.48,-0.22999999999999998,0.28125,0.28,0.0012499999999999734,1.0,1.84,-0.8400000000000001,1.8125,0.92,0.8925,10.0,5.0,5.0,32.0,25.0,7.0,0.0,0.4,-0.4,0.0,0.4,-0.4,0.0,0.0,0.0,10.0,11.0,-1.0,3.0912061651652345,6.944222218666553,-3.8530160535013187,1.0,1.0,0.0,,,,,,,0.3333333333333333,0.3333333333333333,0.0,,0.4444444444444444,,,,,,,,0.0,0.0,0.0
1998-06-25,1998,BEL,KOR,1,0,0.3333333333333333,0.0,0.3333333333333333,0.2222222222222222,0.23076923076923078,-0.008547008547008572,1.3333333333333333,0.7692307692307693,0.564102564102564,1.5925925925925926,3.230769230769231,-1.6381766381766383,7.0,5.0,2.0,27.0,13.0,14.0,0.14285714285714285,0.0,0.14285714285714285,0.0,0.0,0.0,0.0,0.0,0.0,35.0,17.0,18.0,8.259674462242579,8.524474568362947,-0.26480010612036864,1.0,1.0,0.0,,,,,,,0.3333333333333333,0.0,0.3333333333333333,0.3333333333333333,,,,,,,,,0.0,0.0,0.0
1998-06-25,1998,KOR,BEL,1,0,0.0,0.3333333333333333,-0.3333333333333333,0.23076923076923078,0.2222222222222222,0.008547008547008572,0.7692307692307693,1.3333333333333333,-0.564102564102564,3.230769230769231,1.5925925925925926,1.6381766381766383,5.0,7.0,-2.0,13.0,27.0,-14.0,0.0,0.14285714285714285,-0.14285714285714285,0.0,0.0,0.0,0.0,0.0,0.0,17.0,35.0,-18.0,8.524474568362947,8.259674462242579,0.26480010612036864,1.0,1.0,0.0,,,,,,,0.0,0.3333333333333333,-0.3333333333333333,,0.3333333333333333,,,,,,,,0.0,0.0,0.0
1998-06-25,1998,USA,SRB,0,0,0.16666666666666666,0.5,-0.33333333333333337,0.08333333333333333,0.5,-0.4166666666666667,0.8333333333333334,1.5,-0.6666666666666666,2.0,1.0,1.0,4.0,1.0,3.0,12.0,2.0,10.0,0.0,0.0,0.0,0.0,0.0,0.0,0.0,0.0,0.0,23.0,,,3.559026084010437,,,1.0,0.0,1.0,,,,,,,0.0,0.0,0.0,,,,,,,,,,0.0,0.0,0.0
1998-06-25,1998,GER,IRN,2,0,0.5797101449275363,0.2,0.37971014492753624,0.2318840579710145,0.2,0.031884057971014484,2.0869565217391304,0.8,1.2869565217391303,1.2463768115942029,2.0,-0.7536231884057971,12.0,2.0,10.0,69.0,5.0,64.0,0.6666666666666666,0.0,0.6666666666666666,0.5,0.0,0.5,3.0,0.0,3.0,3.0,27.0,-24.0,0.0,25.468935326524086,-25.468935326524086,1.0,1.0,0.0,,,,,,,0.25,,,0.45454545454545453,,,,,,,,,0.0,0.0,0.0
1998-06-25,1998,IRN,GER,0,0,0.2,0.5797101449275363,-0.37971014492753624,0.2,0.2318840579710145,-0.031884057971014484,0.8,2.0869565217391304,-1.2869565217391303,2.0,1.2463768115942029,0.7536231884057971,2.0,12.0,-10.0,5.0,69.0,-64.0,0.0,0.6666666666666666,-0.6666666666666666,0.0,0.5,-0.5,0.0,3.0,-3.0,27.0,3.0,24.0,25.468935326524086,0.0,25.468935326524086,1.0,1.0,0.0,,,,,,,,0.25,,,0.45454545454545453,,,,,,,,0.0,0.0,0.0
1998-06-25,1998,SRB,USA,2,0,0.5,0.16666666666666666,0.33333333333333337,0.5,0.08333333333333333,0.4166666666666667,1.5,0.8333333333333334,0.6666666666666666,1.0,2.0,-1.0,1.0,4.0,-3.0,2.0,12.0,-10.0,0.0,0.0,0.0,0.0,0.0,0.0,0.0,0.0,0.0,,23.0,,,3.559026084010437,,0.0,1.0,-1.0,,,,,,,0.0,0.0,0.0,,,,,,,,,,0.0,0.0,0.0
1998-06-26,1998,ARG,CRO,2,0,0.5,1.0,-0.5,0.1875,0.0,0.1875,1.5833333333333333,2.0,-0.41666666666666674,1.1041666666666667,0.5,0.6041666666666667,10.0,1.0,9.0,48.0,2.0,46.0,0.3,0.0,0.3,0.3,0.0,0.3,2.0,0.0,2.0,5.0,4.0,1.0,6.236095644623235,9.41629792788369,-3.1802022832604546,1.0,1.0,0.0,,,,,,,,0.5,,,0.5,,,,,,,,0.0,0.0,0.0
1998-06-26,1998,COL,ENG,0,0,0.25,0.4418604651162791,-0.19186046511627908,0.16666666666666666,0.27906976744186046,-0.1124031007751938,1.1666666666666667,1.3488372093023255,-0.1821705426356588,1.75,0.9302325581395349,0.8197674418604651,4.0,10.0,-6.0,12.0,43.0,-31.0,0.0,0.2,-0.2,0.0,0.1,-0.1,0.0,1.0,-1.0,34.0,9.0,25.0,4.4969125210773475,6.944222218666553,-2.4473096975892057,1.0,1.0,0.0,,,,,,,1.0,0.3333333333333333,0.6666666666666667,,0.25,,,,,,,,0.0,0.0,0.0
1998-06-26,1998,ENG,COL,2,0,0.4418604651162791,0.25,0.19186046511627908,0.27906976744186046,0.16666666666666666,0.1124031007751938,1.3488372093023255,1.1666666666666667,0.1821705426356588,0.9302325581395349,1.75,-0.8197674418604651,10.0,4.0,6.0,43.0,12.0,31.0,0.2,0.0,0.2,0.1,0.0,0.1,1.0,0.0,1.0,9.0,34.0,-25.0,6.944222218666553,4.4969125210773475,2.4473096975892057,1.0,1.0,0.0,,,,,,,0.3333333333333333,1.0,-0.6666666666666667,0.25,,,,,,,,,0.0,0.0,0.0
1998-06-26,1998,ROU,TUN,1,0,0.5,0.2,0.3,0.21428571428571427,0.2,0.014285714285714263,1.5,0.6,0.9,1.2857142857142858,1.0,0.2857142857142858,4.0,2.0,2.0,14.0,5.0,9.0,0.0,0.0,0.0,0.0,0.0,0.0,0.0,0.0,0.0,12.0,21.0,-9.0,3.681787005729087,0.4714045207910317,3.210382484938055,1.0,1.0,0.0,,,,,,,0.3333333333333333,0.0,0.3333333333333333,0.0,,,,,,,0.3,,0.0,0.0,0.0
1998-06-26,1998,TUN,ROU,1,0,0.2,0.5,-0.3,0.2,0.21428571428571427,-0.014285714285714263,0.6,1.5,-0.9,1.0,1.2857142857142858,-0.2857142857142858,2.0,4.0,-2.0,5.0,14.0,-9.0,0.0,0.0,0.0,0.0,0.0,0.0,0.0,0.0,0.0,21.0,12.0,9.0,0.4714045207910317,3.681787005729087,-3.210382484938055,1.0,1.0,0.0,,,,,,,0.0,0.3333333333333333,-0.3333333333333333,,0.0,,,,,0.3,,,0.0,0.0,0.0
1998-06-26,1998,JPN,JAM,0,0,0.0,0.0,0.0,0.0,0.0,0.0,0.0,0.5,-0.5,1.0,4.0,-3.0,1.0,1.0,0.0,2.0,2.0,0.0,0.0,0.0,0.0,0.0,0.0,0.0,0.0,0.0,0.0,20.0,33.0,-13.0,6.97614984548545,10.077477638553983,-3.101327793068533,1.0,1.0,0.0,,,,,,,0.0,0.0,0.0,,,,,,,,,,0.0,0.0,0.0
1998-06-26,1998,JAM,JPN,2,0,0.0,0.0,0.0,0.0,0.0,0.0,0.5,0.0,0.5,4.0,1.0,3.0,1.0,1.0,0.0,2.0,2.0,0.0,0.0,0.0,0.0,0.0,0.0,0.0,0.0,0.0,0.0,33.0,20.0,13.0,10.077477638553983,6.97614984548545,3.101327793068533,1.0,1.0,0.0,,,,,,,0.0,0.0,0.0,,,,,,,,,,0.0,0.0,0.0
1998-06-26,1998,CRO,ARG,0,0,1.0,0.5,0.5,0.0,0.1875,-0.1875,2.0,1.5833333333333333,0.41666666666666674,0.5,1.1041666666666667,-0.6041666666666667,1.0,10.0,-9.0,2.0,48.0,-46.0,0.0,0.3,-0.3,0.0,0.3,-0.3,0.0,2.0,-2.0,4.0,5.0,-1.0,9.41629792788369,6.236095644623235,3.1802022832604546,1.0,1.0,0.0,,,,,,,0.5,,,0.5,,,,,,,,,0.0,0.0,0.0
1998-06-27,1998,ITA,NOR,2,1,0.5272727272727272,0.3333333333333333,0.1939393939393939,0.2545454545454545,0.5,-0.24545454545454548,1.4727272727272727,1.0,0.47272727272727266,0.9818181818181818,0.8333333333333334,0.14848484848484844,12.0,2.0,10.0,55.0,6.0,49.0,0.4166666666666667,0.0,0.4166666666666667,0.25,0.0,0.25,3.0,0.0,3.0,7.0,14.0,-7.0,3.0912061651652345,1.699673171197595,1.3915329939676395,1.0,1.0,0.0,,,,,,,0.3333333333333333,0.3333333333333333,0.0,0.35714285714285715,,,,,,,,,0.0,0.0,0.0
1998-06-27,1998,NOR,ITA,0,1,0.3333333333333333,0.5272727272727272,-0.1939393939393939,0.5,0.2545454545454545,0.24545454545454548,1.0,1.4727272727272727,-0.47272727272727266,0.8333333333333334,0.9818181818181818,-0.14848484848484844,2.0,12.0,-10.0,6.0,55.0,-49.0,0.0,0.4166666666666667,-0.4166666666666667,0.0,0.25,-0.25,0.0,3.0,-3.0,14.0,7.0,7.0,1.699673171197595,3.0912061651652345,-1.3915329939676395,1.0,1.0,0.0,,,,,,,0.3333333333333333,0.3333333333333333,0.0,,0.35714285714285715,,,,,,,,0.0,0.0,0.0
1998-06-27,1998,BRA,CHL,2,1,0.6911764705882353,0.23809523809523808,0.4530812324929972,0.17647058823529413,0.2857142857142857,-0.10924369747899157,2.1323529411764706,1.1904761904761905,0.9418767507002801,0.8088235294117647,1.5714285714285714,-0.7626050420168067,13.0,6.0,7.0,68.0,21.0,47.0,0.46153846153846156,0.16666666666666666,0.29487179487179493,0.3076923076923077,0.0,0.3076923076923077,4.0,0.0,4.0,1.0,,,0.0,,,1.0,0.0,1.0,,,,,,,0.5,0.0,0.5,,,,,,,,,,0.0,0.0,0.0
1998-06-27,1998,CHL,BRA,0,1,0.23809523809523808,0.6911764705882353,-0.4530812324929972,0.2857142857142857,0.17647058823529413,0.10924369747899157,1.1904761904761905,2.1323529411764706,-0.9418767507002801,1.5714285714285714,0.8088235294117647,0.7626050420168067,6.0,13.0,-7.0,21.0,68.0,-47.0,0.16666666666666666,0.46153846153846156,-0.29487179487179493,0.0,0.3076923076923077,-0.3076923076923077,0.0,4.0,-4.0,,1.0,,,0.0,,0.0,1.0,-1.0,,,,,,,0.0,0.5,-0.5,,,,,,,,,,0.0,0.0,0.0
1998-06-28,1998,FRA,PAR,2,1,0.5161290322580645,0.25,0.2661290322580645,0.16129032258064516,0.5,-0.33870967741935487,2.2580645161290325,1.5,0.7580645161290325,1.5161290322580645,1.9166666666666667,-0.40053763440860224,7.0,4.0,3.0,31.0,12.0,19.0,0.42857142857142855,0.0,0.42857142857142855,0.0,0.0,0.0,0.0,0.0,0.0,2.0,25.0,-23.0,2.0548046676563256,14.83988619303471,-12.785081525378384,1.0,1.0,0.0,,,,,,,0.0,,,0.4,,,,,,,,,1.0,0.0,1.0
1998-06-28,1998,PAR,FRA,0,1,0.25,0.5161290322580645,-0.2661290322580645,0.5,0.16129032258064516,0.33870967741935487,1.5,2.2580645161290325,-0.7580645161290325,1.9166666666666667,1.5161290322580645,0.40053763440860224,4.0,7.0,-3.0,12.0,31.0,-19.0,0.0,0.42857142857142855,-0.42857142857142855,0.0,0.0,0.0,0.0,0.0,0.0,25.0,2.0,23.0,14.83988619303471,2.0548046676563256,12.785081525378384,1.0,1.0,0.0,,,,,,,,0.0,,,0.4,,,,,,,,0.0,1.0,-1.0
1998-06-28,1998,NGA,DEN,0,1,0.5714285714285714,0.5714285714285714,0.0,0.0,0.14285714285714285,-0.14285714285714285,1.7142857142857142,1.8571428571428572,-0.14285714285714302,1.2857142857142858,1.2857142857142858,0.0,2.0,2.0,0.0,7.0,7.0,0.0,0.0,0.0,0.0,0.0,0.0,0.0,0.0,0.0,0.0,,19.0,,,1.247219128924647,,0.0,1.0,-1.0,,,,,,,0.0,0.0,0.0,,0.29411764705882354,,,,,0.4772727272727273,,,0.0,0.0,0.0
1998-06-28,1998,DEN,NGA,2,1,0.5714285714285714,0.5714285714285714,0.0,0.14285714285714285,0.0,0.14285714285714285,1.8571428571428572,1.7142857142857142,0.14285714285714302,1.2857142857142858,1.2857142857142858,0.0,2.0,2.0,0.0,7.0,7.0,0.0,0.0,0.0,0.0,0.0,0.0,0.0,0.0,0.0,0.0,19.0,,,1.247219128924647,,,1.0,0.0,1.0,,,,,,,0.0,0.0,0.0,0.29411764705882354,,,,,,,0.4772727272727273,,0.0,0.0,0.0
1998-06-29,1998,NED,SRB,2,1,0.46153846153846156,0.6666666666666666,-0.20512820512820507,0.3076923076923077,0.3333333333333333,-0.025641025641025605,1.8461538461538463,1.3333333333333333,0.512820512820513,0.9615384615384616,0.6666666666666666,0.29487179487179493,5.0,1.0,4.0,26.0,3.0,23.0,0.4,0.0,0.4,0.4,0.0,0.4,0.0,0.0,0.0,11.0,,,6.944222218666553,,,1.0,0.0,1.0,,,,,,,0.25,0.0,0.25,0.4444444444444444,,,,,,,,,0.0,0.0,0.0
1998-06-29,1998,SRB,NED,0,1,0.6666666666666666,0.46153846153846156,0.20512820512820507,0.3333333333333333,0.3076923076923077,0.025641025641025605,1.3333333333333333,1.8461538461538463,-0.512820512820513,0.6666666666666666,0.9615384615384616,-0.29487179487179493,1.0,5.0,-4.0,3.0,26.0,-23.0,0.0,0.4,-0.4,0.0,0.4,-0.4,0.0,0.0,0.0,,11.0,,,6.944222218666553,,0.0,1.0,-1.0,,,,,,,0.0,0.25,-0.25,,0.4444444444444444,,,,,,,,0.0,0.0,0.0
1998-06-29,1998,GER,MEX,2,1,0.5857142857142857,0.24242424242424243,0.3432900432900433,0.22857142857142856,0.30303030303030304,-0.07445887445887447,2.085714285714286,1.0303030303030303,1.0554112554112556,1.2285714285714286,1.8181818181818181,-0.5896103896103895,12.0,10.0,2.0,70.0,33.0,37.0,0.6666666666666666,0.0,0.6666666666666666,0.5,0.0,0.5,3.0,0.0,3.0,3.0,10.0,-7.0,0.0,3.0912061651652345,-3.0912061651652345,1.0,1.0,0.0,,,,,,,0.25,0.3333333333333333,-0.08333333333333331,0.45454545454545453,,,,,,,,,0.0,0.0,0.0
1998-06-29,1998,MEX,GER,0,1,0.24242424242424243,0.5857142857142857,-0.3432900432900433,0.30303030303030304,0.22857142857142856,0.07445887445887447,1.0303030303030303,2.085714285714286,-1.0554112554112556,1.8181818181818181,1.2285714285714286,0.5896103896103895,10.0,12.0,-2.0,33.0,70.0,-37.0,0.0,0.6666666666666666,-0.6666666666666666,0.0,0.5,-0.5,0.0,3.0,-3.0,10.0,3.0,7.0,3.0912061651652345,0.0,3.0912061651652345,1.0,1.0,0.0,,,,,,,0.3333333333333333,0.25,0.08333333333333331,,0.45454545454545453,,,,,,,,0.0,0.0,0.0
1998-06-30,1998,ROU,CRO,0,1,0.4666666666666667,0.6666666666666666,-0.19999999999999996,0.26666666666666666,0.0,0.26666666666666666,1.4666666666666666,1.3333333333333333,0.1333333333333333,1.2666666666666666,0.6666666666666666,0.6,4.0,1.0,3.0,15.0,3.0,12.0,0.0,0.0,0.0,0.0,0.0,0.0,0.0,0.0,0.0,12.0,4.0,8.0,3.681787005729087,9.41629792788369,-5.734510922154604,1.0,1.0,0.0,,,,,,,0.3333333333333333,0.3333333333333333,0.0,0.0,0.5,-0.5,,,,,,,0.0,0.0,0.0
1998-06-30,1998,CRO,ROU,2,1,0.6666666666666666,0.4666666666666667,0.19999999999999996,0.0,0.26666666666666666,-0.26666666666666666,1.3333333333333333,1.4666666666666666,-0.1333333333333333,0.6666666666666666,1.2666666666666666,-0.6,1.0,4.0,-3.0,3.0,15.0,-12.0,0.0,0.0,0.0,0.0,0.0,0.0,0.0,0.0,0.0,4.0,12.0,-8.0,9.41629792788369,3.681787005729087,5.734510922154604,1.0,1.0,0.0,,,,,,,0.3333333333333333,0.3333333333333333,0.0,0.5,0.0,0.5,,,,,,,0.0,0.0,0.0
1998-06-30,1998,ARG,ENG,1,1,0.5102040816326531,0.45454545454545453,0.05565862708719854,0.1836734693877551,0.2727272727272727,-0.0890538033395176,1.5714285714285714,1.3636363636363635,0.20779220779220786,1.0816326530612246,0.9090909090909091,0.17254174397031552,10.0,10.0,0.0,49.0,44.0,5.0,0.3,0.2,0.09999999999999998,0.3,0.1,0.19999999999999998,2.0,1.0,1.0,5.0,9.0,-4.0,6.236095644623235,6.944222218666553,-0.7081265740433178,1.0,1.0,0.0,,,,,,,1.0,0.3333333333333333,0.6666666666666667,,0.25,,,,,,,,0.0,0.0,0.0
1998-06-30,1998,ENG,ARG,1,1,0.45454545454545453,0.5102040816326531,-0.05565862708719854,0.2727272727272727,0.1836734693877551,0.0890538033395176,1.3636363636363635,1.5714285714285714,-0.20779220779220786,0.9090909090909091,1.0816326530612246,-0.17254174397031552,10.0,10.0,0.0,44.0,49.0,-5.0,0.2,0.3,-0.09999999999999998,0.1,0.3,-0.19999999999999998,1.0,2.0,-1.0,9.0,5.0,4.0,6.944222218666553,6.236095644623235,0.7081265740433178,1.0,1.0,0.0,,,,,,,0.3333333333333333,1.0,-0.6666666666666667,0.25,,,,,,,,,0.0,0.0,0.0
1998-07-03,1998,BRA,DEN,2,1,0.6956521739130435,0.625,0.07065217391304346,0.17391304347826086,0.125,0.048913043478260865,2.1594202898550723,2.125,0.034420289855072284,0.8115942028985508,1.25,-0.4384057971014492,13.0,2.0,11.0,69.0,8.0,61.0,0.46153846153846156,0.0,0.46153846153846156,0.3076923076923077,0.0,0.3076923076923077,4.0,0.0,4.0,1.0,19.0,-18.0,0.0,1.247219128924647,-1.247219128924647,1.0,1.0,0.0,,,,,,,0.5,0.0,0.5,,0.29411764705882354,,,,,,,,0.0,0.0,0.0
1998-07-03,1998,ITA,FRA,1,1,0.5357142857142857,0.53125,0.004464285714285698,0.25,0.15625,0.09375,1.4642857142857142,2.21875,-0.7544642857142858,0.9642857142857143,1.46875,-0.5044642857142857,12.0,7.0,5.0,56.0,32.0,24.0,0.4166666666666667,0.42857142857142855,-0.011904761904761862,0.25,0.0,0.25,3.0,0.0,3.0,7.0,2.0,5.0,3.0912061651652345,2.0548046676563256,1.0364014975089089,1.0,1.0,0.0,,,,,,,0.3333333333333333,0.0,0.3333333333333333,0.35714285714285715,0.4,-0.04285714285714287,,,,,,,0.0,1.0,-1.0
1998-07-03,1998,FRA,ITA,1,1,0.53125,0.5357142857142857,-0.004464285714285698,0.15625,0.25,-0.09375,2.21875,1.4642857142857142,0.7544642857142858,1.46875,0.9642857142857143,0.5044642857142857,7.0,12.0,-5.0,32.0,56.0,-24.0,0.42857142857142855,0.4166666666666667,0.011904761904761862,0.0,0.25,-0.25,0.0,3.0,-3.0,2.0,7.0,-5.0,2.0548046676563256,3.0912061651652345,-1.0364014975089089,1.0,1.0,0.0,,,,,,,0.0,0.3333333333333333,-0.3333333333333333,0.4,0.35714285714285715,0.04285714285714287,,,,,,,1.0,0.0,1.0
1998-07-03,1998,DEN,BRA,0,1,0.625,0.6956521739130435,-0.07065217391304346,0.125,0.17391304347826086,-0.048913043478260865,2.125,2.1594202898550723,-0.034420289855072284,1.25,0.8115942028985508,0.4384057971014492,2.0,13.0,-11.0,8.0,69.0,-61.0,0.0,0.46153846153846156,-0.46153846153846156,0.0,0.3076923076923077,-0.3076923076923077,0.0,4.0,-4.0,19.0,1.0,18.0,1.247219128924647,0.0,1.247219128924647,1.0,1.0,0.0,,,,,,,0.0,0.5,-0.5,0.29411764705882354,,,,,,,,,0.0,0.0,0.0
1998-07-04,1998,GER,CRO,0,1,0.5915492957746479,0.75,-0.15845070422535212,0.22535211267605634,0.0,0.22535211267605634,2.084507042253521,1.25,0.834507042253521,1.2253521126760563,0.5,0.7253521126760563,12.0,1.0,11.0,71.0,4.0,67.0,0.6666666666666666,0.0,0.6666666666666666,0.5,0.0,0.5,3.0,0.0,3.0,3.0,4.0,-1.0,0.0,9.41629792788369,-9.41629792788369,1.0,1.0,0.0,,,,,,,0.4,0.3333333333333333,0.06666666666666671,0.45454545454545453,0.5,-0.04545454545454547,,,,,,,0.0,0.0,0.0
1998-07-04,1998,CRO,GER,2,1,0.75,0.5915492957746479,0.15845070422535212,0.0,0.22535211267605634,-0.22535211267605634,1.25,2.084507042253521,-0.834507042253521,0.5,1.2253521126760563,-0.7253521126760563,1.0,12.0,-11.0,4.0,71.0,-67.0,0.0,0.6666666666666666,-0.6666666666666666,0.0,0.5,-0.5,0.0,3.0,-3.0,4.0,3.0,1.0,9.41629792788369,0.0,9.41629792788369,1.0,1.0,0.0,,,,,,,0.3333333333333333,0.4,-0.06666666666666671,0.5,0.45454545454545453,0.04545454545454547,,,,,,,0.0,0.0,0.0
1998-07-04,1998,NED,ARG,2,1,0.48148148148148145,0.5,-0.018518518518518545,0.2962962962962963,0.2,0.09629629629629627,1.8518518518518519,1.58,0.2718518518518518,0.9629629629629629,1.1,-0.13703703703703718,5.0,10.0,-5.0,27.0,50.0,-23.0,0.4,0.3,0.10000000000000003,0.4,0.3,0.10000000000000003,0.0,2.0,-2.0,11.0,5.0,6.0,6.944222218666553,6.236095644623235,0.7081265740433178,1.0,1.0,0.0,,,,,,,0.25,0.5,-0.25,0.4444444444444444,,,,,,,,,0.0,0.0,0.0
1998-07-04,1998,ARG,NED,0,1,0.5,0.48148148148148145,0.018518518518518545,0.2,0.2962962962962963,-0.09629629629629627,1.58,1.8518518518518519,-0.2718518518518518,1.1,0.9629629629629629,0.13703703703703718,10.0,5.0,5.0,50.0,27.0,23.0,0.3,0.4,-0.10000000000000003,0.3,0.4,-0.10000000000000003,2.0,0.0,2.0,5.0,11.0,-6.0,6.236095644623235,6.944222218666553,-0.7081265740433178,1.0,1.0,0.0,,,,,,,0.5,0.25,0.25,,0.4444444444444444,,,,,,,,0.0,0.0,0.0
1998-07-07,1998,BRA,NED,1,1,0.7,0.5,0.19999999999999996,0.17142857142857143,0.2857142857142857,-0.11428571428571427,2.1714285714285713,1.8571428571428572,0.31428571428571406,0.8285714285714286,0.9642857142857143,-0.13571428571428568,13.0,5.0,8.0,70.0,28.0,42.0,0.46153846153846156,0.4,0.06153846153846154,0.3076923076923077,0.4,-0.09230769230769231,4.0,0.0,4.0,1.0,11.0,-10.0,0.0,6.944222218666553,-6.944222218666553,1.0,1.0,0.0,,,,,,,0.5,0.4,0.09999999999999998,,0.4444444444444444,,,,,,,,0.0,0.0,0.0
1998-07-07,1998,NED,BRA,1,1,0.5,0.7,-0.19999999999999996,0.2857142857142857,0.17142857142857143,0.11428571428571427,1.8571428571428572,2.1714285714285713,-0.31428571428571406,0.9642857142857143,0.8285714285714286,0.13571428571428568,5.0,13.0,-8.0,28.0,70.0,-42.0,0.4,0.46153846153846156,-0.06153846153846154,0.4,0.3076923076923077,0.09230769230769231,0.0,4.0,-4.0,11.0,1.0,10.0,6.944222218666553,0.0,6.944222218666553,1.0,1.0,0.0,,,,,,,0.4,0.5,-0.09999999999999998,0.4444444444444444,,,,,,,,,0.0,0.0,0.0
1998-07-08,1998,FRA,CRO,2,1,0.5151515151515151,0.8,-0.2848484848484849,0.18181818181818182,0.0,0.18181818181818182,2.1515151515151514,1.6,0.5515151515151513,1.4242424242424243,0.4,1.0242424242424244,7.0,1.0,6.0,33.0,5.0,28.0,0.42857142857142855,0.0,0.42857142857142855,0.0,0.0,0.0,0.0,0.0,0.0,2.0,4.0,-2.0,2.0548046676563256,9.41629792788369,-7.361493260227364,1.0,1.0,0.0,,,,,,,0.0,0.5,-0.5,0.4,0.5,-0.09999999999999998,,,,,,,1.0,0.0,1.0
1998-07-08,1998,CRO,FRA,0,1,0.8,0.5151515151515151,0.2848484848484849,0.0,0.18181818181818182,-0.18181818181818182,1.6,2.1515151515151514,-0.5515151515151513,0.4,1.4242424242424243,-1.0242424242424244,1.0,7.0,-6.0,5.0,33.0,-28.0,0.0,0.42857142857142855,-0.42857142857142855,0.0,0.0,0.0,0.0,0.0,0.0,4.0,2.0,2.0,9.41629792788369,2.0548046676563256,7.361493260227364,1.0,1.0,0.0,,,,,,,0.5,0.0,0.5,0.5,0.4,0.09999999999999998,,,,,,,0.0,1.0,-1.0
1998-07-11,1998,NED,CRO,0,1,0.4827586206896552,0.6666666666666666,-0.18390804597701144,0.3103448275862069,0.0,0.3103448275862069,1.8275862068965518,1.5,0.3275862068965518,0.9655172413793104,0.6666666666666666,0.29885057471264376,5.0,1.0,4.0,29.0,6.0,23.0,0.6,1.0,-0.4,0.4,0.0,0.4,0.0,0.0,0.0,11.0,4.0,7.0,6.944222218666553,9.41629792788369,-2.472075709217137,1.0,1.0,0.0,,,,,,,0.3333333333333333,0.4,-0.06666666666666671,0.4444444444444444,0.5,-0.05555555555555558,,,,,,,0.0,0.0,0.0
1998-07-11,1998,CRO,NED,2,1,0.6666666666666666,0.4827586206896552,0.18390804597701144,0.0,0.3103448275862069,-0.3103448275862069,1.5,1.8275862068965518,-0.3275862068965518,0.6666666666666666,0.9655172413793104,-0.29885057471264376,1.0,5.0,-4.0,6.0,29.0,-23.0,1.0,0.6,0.4,0.0,0.4,-0.4,0.0,0.0,0.0,4.0,11.0,-7.0,9.41629792788369,6.944222218666553,2.472075709217137,1.0,1.0,0.0,,,,,,,0.4,0.3333333333333333,0.06666666666666671,0.5,0.4444444444444444,0.05555555555555558,,,,,,,0.0,0.0,0.0
1998-07-12,1998,BRA,FRA,0,1,0.6901408450704225,0.5294117647058824,0.16072908036454014,0.18309859154929578,0.17647058823529413,0.0066280033140016514,2.1549295774647885,2.1470588235294117,0.00787075393537684,0.8309859154929577,1.411764705882353,-0.5807787903893953,13.0,7.0,6.0,71.0,34.0,37.0,0.5384615384615384,0.5714285714285714,-0.03296703296703296,0.3076923076923077,0.0,0.3076923076923077,4.0,0.0,4.0,1.0,2.0,-1.0,0.0,2.0548046676563256,-2.0548046676563256,1.0,1.0,0.0,,,,,,,0.5,0.2,0.3,,0.4,,,,,,,,0.0,1.0,-1.0
1998-07-12,1998,FRA,BRA,2,1,0.5294117647058824,0.6901408450704225,-0.16072908036454014,0.17647058823529413,0.18309859154929578,-0.0066280033140016514,2.1470588235294117,2.1549295774647885,-0.00787075393537684,1.411764705882353,0.8309859154929577,0.5807787903893953,7.0,13.0,-6.0,34.0,71.0,-37.0,0.5714285714285714,0.5384615384615384,0.03296703296703296,0.0,0.3076923076923077,-0.3076923076923077,0.0,4.0,-4.0,2.0,1.0,1.0,2.0548046676563256,0.0,2.0548046676563256,1.0,1.0,0.0,,,,,,,0.2,0.5,-0.3,0.4,,,,,,,,,1.0,0.0,1.0
2002-05-31,2002,FRA,SEN,0,0,0.5428571428571428,,,0.17142857142857143,,,2.1714285714285713,,,1.3714285714285714,,,7.0,0.0,7.0,35.0,0.0,35.0,0.5714285714285714,,,0.14285714285714285,,,1.0,0.0,1.0,2.0,27.0,-25.0,0.816496580927726,9.46337971105226,-8.646883130124534,1.0,1.0,0.0,,,,,,,0.36363636363636365,,,0.42857142857142855,,,,,,,0.4166666666666667,,0.0,0.0,0.0
2002-05-31,2002,SEN,FRA,2,0,,0.5428571428571428,,,0.17142857142857143,,,2.1714285714285713,,,1.3714285714285714,,0.0,7.0,-7.0,0.0,35.0,-35.0,,0.5714285714285714,,,0.14285714285714285,,0.0,1.0,-1.0,27.0,2.0,25.0,9.46337971105226,0.816496580927726,8.646883130124534,1.0,1.0,0.0,,,,,,,,0.36363636363636365,,,0.42857142857142855,,,,,0.4166666666666667,,,0.0,0.0,0.0
2002-06-01,2002,IRL,CMR,1,0,0.1111111111111111,0.21428571428571427,-0.10317460317460317,0.5555555555555556,0.42857142857142855,0.12698412698412703,0.4444444444444444,0.9285714285714286,-0.4841269841269842,0.7777777777777778,1.8571428571428572,-1.0793650793650795,2.0,4.0,-2.0,9.0,14.0,-5.0,0.0,0.0,0.0,0.0,0.0,0.0,0.0,0.0,0.0,14.0,,,7.71722460186015,,,1.0,0.0,1.0,,,,,,,0.3333333333333333,0.0,0.3333333333333333,0.3333333333333333,,,,,,,0.5283018867924528,,0.0,0.0,0.0
2002-06-01,2002,CMR,IRL,1,0,0.21428571428571427,0.1111111111111111,0.10317460317460317,0.42857142857142855,0.5555555555555556,-0.12698412698412703,0.9285714285714286,0.4444444444444444,0.4841269841269842,1.8571428571428572,0.7777777777777778,1.0793650793650795,4.0,2.0,2.0,14.0,9.0,5.0,0.0,0.0,0.0,0.0,0.0,0.0,0.0,0.0,0.0,,14.0,,,7.71722460186015,,0.0,1.0,-1.0,,,,,,,0.0,0.3333333333333333,-0.3333333333333333,,0.3333333333333333,,,,,0.5283018867924528,,,0.0,0.0,0.0
2002-06-01,2002,URU,DEN,0,0,0.3333333333333333,0.5555555555555556,-0.22222222222222227,0.24242424242424243,0.1111111111111111,0.13131313131313133,1.393939393939394,2.111111111111111,-0.7171717171717171,1.4848484848484849,1.4444444444444444,0.04040404040404044,8.0,2.0,6.0,33.0,9.0,24.0,0.25,0.0,0.25,0.0,0.0,0.0,2.0,0.0,2.0,28.0,12.0,16.0,9.843215373488933,4.546060565661952,5.297154807826981,1.0,1.0,0.0,,,,,,,0.0,0.0,0.0,,0.25,,0.3333333333333333,,,,,,0.0,0.0,0.0
2002-06-01,2002,DEN,URU,2,0,0.5555555555555556,0.3333333333333333,0.22222222222222227,0.1111111111111111,0.24242424242424243,-0.13131313131313133,2.111111111111111,1.393939393939394,0.7171717171717171,1.4444444444444444,1.4848484848484849,-0.04040404040404044,2.0,8.0,-6.0,9.0,33.0,-24.0,0.0,0.25,-0.25,0.0,0.0,0.0,0.0,2.0,-2.0,12.0,28.0,-16.0,4.546060565661952,9.843215373488933,-5.297154807826981,1.0,1.0,0.0,,,,,,,0.0,0.0,0.0,0.25,,,,0.3333333333333333,,,,,0.0,0.0,0.0
2002-06-01,2002,GER,KSA,2,0,0.5833333333333334,0.2857142857142857,0.29761904761904767,0.2222222222222222,0.14285714285714285,0.07936507936507936,2.0555555555555554,1.0,1.0555555555555554,1.25,1.8571428571428572,-0.6071428571428572,12.0,2.0,10.0,72.0,7.0,65.0,0.6666666666666666,0.0,0.6666666666666666,0.5,0.0,0.5,3.0,0.0,3.0,4.0,38.0,-34.0,3.0912061651652345,3.299831645537222,-0.20862548037198758,1.0,1.0,0.0,,,,,,,0.2857142857142857,0.0,0.2857142857142857,0.35714285714285715,,,,,,,,,0.0,0.0,0.0
2002-06-01,2002,KSA,GER,0,0,0.2857142857142857,0.5833333333333334,-0.29761904761904767,0.14285714285714285,0.2222222222222222,-0.07936507936507936,1.0,2.0555555555555554,-1.0555555555555554,1.8571428571428572,1.25,0.6071428571428572,2.0,12.0,-10.0,7.0,72.0,-65.0,0.0,0.6666666666666666,-0.6666666666666666,0.0,0.5,-0.5,0.0,3.0,-3.0,38.0,4.0,34.0,3.299831645537222,3.0912061651652345,0.20862548037198758,1.0,1.0,0.0,,,,,,,0.0,0.2857142857142857,-0.2857142857142857,,0.35714285714285715,,,,,,,,0.0,0.0,0.0
2002-06-02,2002,ARG,NGA,2,0,0.49019607843137253,0.5,-0.009803921568627472,0.19607843137254902,0.0,0.19607843137254902,1.5686274509803921,1.625,-0.056372549019607865,1.1176470588235294,1.625,-0.5073529411764706,10.0,2.0,8.0,51.0,8.0,43.0,0.3,0.0,0.3,0.3,0.0,0.3,2.0,0.0,2.0,5.0,,,1.699673171197595,,,1.0,0.0,1.0,,,,,,,0.5,0.0,0.5,,,,,,,,0.5178571428571429,,0.0,0.0,0.0
2002-06-02,2002,NGA,ARG,0,0,0.5,0.49019607843137253,0.009803921568627472,0.0,0.19607843137254902,-0.19607843137254902,1.625,1.5686274509803921,0.056372549019607865,1.625,1.1176470588235294,0.5073529411764706,2.0,10.0,-8.0,8.0,51.0,-43.0,0.0,0.3,-0.3,0.0,0.3,-0.3,0.0,2.0,-2.0,,5.0,,,1.699673171197595,,0.0,1.0,-1.0,,,,,,,0.0,0.5,-0.5,,,,,,,0.5178571428571429,,,0.0,0.0,0.0
2002-06-02,2002,PAR,RSA,1,0,0.23076923076923078,0.0,0.23076923076923078,0.46153846153846156,0.6666666666666666,-0.20512820512820507,1.3846153846153846,1.0,0.3846153846153846,1.8461538461538463,2.0,-0.15384615384615374,4.0,1.0,3.0,13.0,3.0,10.0,0.0,0.0,0.0,0.0,0.0,0.0,0.0,0.0,0.0,18.0,30.0,-12.0,2.8674417556808756,6.236095644623236,-3.3686538889423607,1.0,1.0,0.0,,,,,,,0.0,0.0,0.0,,,,0.0,,,,0.5454545454545454,,0.0,0.0,0.0
2002-06-02,2002,RSA,PAR,1,0,0.0,0.23076923076923078,-0.23076923076923078,0.6666666666666666,0.46153846153846156,0.20512820512820507,1.0,1.3846153846153846,-0.3846153846153846,2.0,1.8461538461538463,0.15384615384615374,1.0,4.0,-3.0,3.0,13.0,-10.0,0.0,0.0,0.0,0.0,0.0,0.0,0.0,0.0,0.0,30.0,18.0,12.0,6.236095644623236,2.8674417556808756,3.3686538889423607,1.0,1.0,0.0,,,,,,,0.0,0.0,0.0,,,,,0.0,,0.5454545454545454,,,0.0,0.0,0.0
2002-06-02,2002,ENG,SWE,1,0,0.4444444444444444,0.36363636363636365,0.08080808080808077,0.28888888888888886,0.2727272727272727,0.016161616161616155,1.3777777777777778,1.5454545454545454,-0.16767676767676765,0.9333333333333333,1.4242424242424243,-0.49090909090909096,10.0,7.0,3.0,45.0,33.0,12.0,0.2,0.2857142857142857,-0.08571428571428569,0.1,0.14285714285714285,-0.042857142857142844,1.0,0.0,1.0,7.0,25.0,-18.0,2.943920288775949,3.299831645537222,-0.3559113567612733,1.0,1.0,0.0,,,,,,,0.2,0.0,0.2,0.2631578947368421,0.2857142857142857,-0.022556390977443608,,,,,,,0.0,0.0,0.0
2002-06-02,2002,ESP,SVN,2,0,0.40540540540540543,,,0.24324324324324326,,,1.5405405405405406,,,1.2162162162162162,,,9.0,0.0,9.0,37.0,0.0,37.0,0.0,,,0.0,,,0.0,0.0,0.0,3.0,,,1.4142135623730951,,,1.0,0.0,1.0,,,,,,,0.2,0.0,0.2,0.2857142857142857,0.0,0.2857142857142857,,,,,,,0.0,0.0,0.0
2002-06-02,2002,SVN,ESP,0,0,,0.40540540540540543,,,0.24324324324324326,,,1.5405405405405406,,,1.2162162162162162,,0.0,9.0,-9.0,0.0,37.0,-37.0,,0.0,,,0.0,,0.0,0.0,0.0,,3.0,,,1.4142135623730951,,0.0,1.0,-1.0,,,,,,,0.0,0.2,-0.2,0.0,0.2857142857142857,-0.2857142857142857,,,,,,,0.0,0.0,0.0
2002-06-02,2002,SWE,ENG,1,0,0.36363636363636365,0.4444444444444444,-0.08080808080808077,0.2727272727272727,0.28888888888888886,-0.016161616161616155,1.5454545454545454,1.3777777777777778,0.16767676767676765,1.4242424242424243,0.9333333333333333,0.49090909090909096,7.0,10.0,-3.0,33.0,45.0,-12.0,0.2857142857142857,0.2,0.08571428571428569,0.14285714285714285,0.1,0.042857142857142844,0.0,1.0,-1.0,25.0,7.0,18.0,3.299831645537222,2.943920288775949,0.3559113567612733,1.0,1.0,0.0,,,,,,,0.0,0.2,-0.2,0.2857142857142857,0.2631578947368421,0.022556390977443608,,,,,,,0.0,0.0,0.0
2002-06-03,2002,ITA,ECU,2,0,0.5263157894736842,,,0.2631578947368421,,,1.4385964912280702,,,0.9473684210526315,,,12.0,0.0,12.0,57.0,0.0,57.0,0.4166666666666667,,,0.25,,,3.0,0.0,3.0,13.0,31.0,-18.0,4.320493798938574,11.51810169544733,-7.197607896508756,1.0,1.0,0.0,,,,,,,0.2222222222222222,0.0,0.2222222222222222,0.45,,,,0.3333333333333333,,,,,0.0,0.0,0.0
2002-06-03,2002,ECU,ITA,0,0,,0.5263157894736842,,,0.2631578947368421,,,1.4385964912280702,,,0.9473684210526315,,0.0,12.0,-12.0,0.0,57.0,-57.0,,0.4166666666666667,,,0.25,,0.0,3.0,-3.0,31.0,13.0,18.0,11.51810169544733,4.320493798938574,7.197607896508756,1.0,1.0,0.0,,,,,,,0.0,0.2222222222222222,-0.2222222222222222,,0.45,,0.3333333333333333,,,,,,0.0,0.0,0.0
2002-06-03,2002,BRA,TUR,2,0,0.6805555555555556,0.3333333333333333,0.34722222222222227,0.18055555555555555,0.0,0.18055555555555555,2.125,3.3333333333333335,-1.2083333333333335,0.8611111111111112,3.6666666666666665,-2.8055555555555554,13.0,1.0,12.0,72.0,3.0,69.0,0.5384615384615384,0.0,0.5384615384615384,0.38461538461538464,0.0,0.38461538461538464,4.0,0.0,4.0,1.0,9.0,-8.0,0.9428090415820634,3.0912061651652345,-2.1483971235831714,1.0,1.0,0.0,,,,,,,0.3333333333333333,0.0,0.3333333333333333,,0.14285714285714285,,0.5,,,,,,0.0,0.0,0.0
2002-06-03,2002,TUR,BRA,0,0,0.3333333333333333,0.6805555555555556,-0.34722222222222227,0.0,0.18055555555555555,-0.18055555555555555,3.3333333333333335,2.125,1.2083333333333335,3.6666666666666665,0.8611111111111112,2.8055555555555554,1.0,13.0,-12.0,3.0,72.0,-69.0,0.0,0.5384615384615384,-0.5384615384615384,0.0,0.38461538461538464,-0.38461538461538464,0.0,4.0,-4.0,9.0,1.0,8.0,3.0912061651652345,0.9428090415820634,2.1483971235831714,1.0,1.0,0.0,,,,,,,0.0,0.3333333333333333,-0.3333333333333333,0.14285714285714285,,,,0.5,,,,,0.0,0.0,0.0
2002-06-03,2002,CRO,MEX,0,0,0.7142857142857143,0.23529411764705882,0.4789915966386555,0.0,0.29411764705882354,-0.29411764705882354,1.5714285714285714,1.0294117647058822,0.5420168067226891,0.7142857142857143,1.8235294117647058,-1.1092436974789917,1.0,10.0,-9.0,7.0,34.0,-27.0,1.0,0.0,1.0,0.0,0.0,0.0,0.0,0.0,0.0,32.0,8.0,24.0,4.4969125210773475,1.247219128924647,3.2496933921527003,1.0,1.0,0.0,,,,,,,0.4,0.3333333333333333,0.06666666666666671,0.5,,,,0.5,,,,,0.0,0.0,0.0
2002-06-03,2002,MEX,CRO,2,0,0.23529411764705882,0.7142857142857143,-0.4789915966386555,0.29411764705882354,0.0,0.29411764705882354,1.0294117647058822,1.5714285714285714,-0.5420168067226891,1.8235294117647058,0.7142857142857143,1.1092436974789917,10.0,1.0,9.0,34.0,7.0,27.0,0.0,1.0,-1.0,0.0,0.0,0.0,0.0,0.0,0.0,8.0,32.0,-24.0,1.247219128924647,4.4969125210773475,-3.2496933921527003,1.0,1.0,0.0,,,,,,,0.3333333333333333,0.4,-0.06666666666666671,,0.5,,0.5,,,,,,0.0,0.0,0.0
2002-06-04,2002,CHN,CRC,0,0,,0.5,,,0.0,,,1.0,,,1.5,,0.0,1.0,-1.0,0.0,4.0,-4.0,,0.0,,,0.0,,0.0,0.0,0.0,,,,,,,0.0,0.0,0.0,,,,,,,,,,,,,,0.5,,,,,0.0,0.0,0.0
2002-06-04,2002,JPN,BEL,1,0,0.0,0.32142857142857145,-0.32142857142857145,0.0,0.25,-0.25,0.3333333333333333,1.3214285714285714,-0.9880952380952381,1.3333333333333333,1.5714285714285714,-0.23809523809523814,1.0,7.0,-6.0,3.0,28.0,-25.0,0.0,0.14285714285714285,-0.14285714285714285,0.0,0.0,0.0,0.0,0.0,0.0,22.0,17.0,5.0,10.03327796219494,5.312459150169742,4.720818812025199,1.0,1.0,0.0,,,,,,,0.0,0.25,-0.25,,0.3333333333333333,,,,,,,,1.0,0.0,1.0
2002-06-04,2002,CRC,CHN,2,0,0.5,,,0.0,,,1.0,,,1.5,,,1.0,0.0,1.0,4.0,0.0,4.0,0.0,,,0.0,,,0.0,0.0,0.0,,,,,,,0.0,0.0,0.0,,,,,,,,,,,,,0.5,,,,,,0.0,0.0,0.0
2002-06-04,2002,KOR,POL,2,0,0.0,0.5416666666666666,-0.5416666666666666,0.2857142857142857,0.20833333333333334,0.07738095238095236,0.7857142857142857,1.4166666666666667,-0.630952380952381,3.0714285714285716,0.9583333333333334,2.113095238095238,5.0,4.0,1.0,14.0,24.0,-10.0,0.0,0.5,-0.5,0.0,0.0,0.0,0.0,0.0,0.0,20.0,34.0,-14.0,4.784233364802441,4.96655480858378,-0.18232144378133874,1.0,1.0,0.0,,,,,,,0.0,,,,,,,,,,,,1.0,0.0,1.0
2002-06-04,2002,BEL,JPN,1,0,0.32142857142857145,0.0,0.32142857142857145,0.25,0.0,0.25,1.3214285714285714,0.3333333333333333,0.9880952380952381,1.5714285714285714,1.3333333333333333,0.23809523809523814,7.0,1.0,6.0,28.0,3.0,25.0,0.14285714285714285,0.0,0.14285714285714285,0.0,0.0,0.0,0.0,0.0,0.0,17.0,22.0,-5.0,5.312459150169742,10.03327796219494,-4.720818812025199,1.0,1.0,0.0,,,,,,,0.25,0.0,0.25,0.3333333333333333,,,,,,,,,0.0,1.0,-1.0
2002-06-04,2002,POL,KOR,0,0,0.5416666666666666,0.0,0.5416666666666666,0.20833333333333334,0.2857142857142857,-0.07738095238095236,1.4166666666666667,0.7857142857142857,0.630952380952381,0.9583333333333334,3.0714285714285716,-2.113095238095238,4.0,5.0,-1.0,24.0,14.0,10.0,0.5,0.0,0.5,0.0,0.0,0.0,0.0,0.0,0.0,34.0,20.0,14.0,4.96655480858378,4.784233364802441,0.18232144378133874,1.0,1.0,0.0,,,,,,,,0.0,,,,,,,,,,,0.0,1.0,-1.0
2002-06-05,2002,RUS,TUN,2,0,0.3333333333333333,0.16666666666666666,0.16666666666666666,0.0,0.3333333333333333,-0.3333333333333333,2.3333333333333335,0.6666666666666666,1.666666666666667,2.0,1.0,1.0,1.0,2.0,-1.0,3.0,6.0,-3.0,0.0,0.0,0.0,0.0,0.0,0.0,0.0,0.0,0.0,,41.0,,,2.0548046676563256,,0.0,1.0,-1.0,,,,,,,0.0,0.0,0.0,0.0,,,,,,,0.27586206896551724,,0.0,0.0,0.0
2002-06-05,2002,TUN,RUS,0,0,0.16666666666666666,0.3333333333333333,-0.16666666666666666,0.3333333333333333,0.0,0.3333333333333333,0.6666666666666666,2.3333333333333335,-1.666666666666667,1.0,2.0,-1.0,2.0,1.0,1.0,6.0,3.0,3.0,0.0,0.0,0.0,0.0,0.0,0.0,0.0,0.0,0.0,41.0,,,2.0548046676563256,,,1.0,0.0,1.0,,,,,,,0.0,0.0,0.0,,0.0,,,,,0.27586206896551724,,,0.0,0.0,0.0
2002-06-05,2002,GER,IRL,1,0,0.589041095890411,0.1,0.489041095890411,0.2191780821917808,0.6,-0.38082191780821917,2.136986301369863,0.5,1.6369863013698631,1.2328767123287672,0.8,0.4328767123287671,13.0,3.0,10.0,73.0,10.0,63.0,0.6153846153846154,0.0,0.6153846153846154,0.46153846153846156,0.0,0.46153846153846156,3.0,0.0,3.0,4.0,14.0,-10.0,3.0912061651652345,7.71722460186015,-4.626018436694915,1.0,1.0,0.0,,,,,,,0.2857142857142857,0.3333333333333333,-0.047619047619047616,0.35714285714285715,0.3333333333333333,0.023809523809523836,,,,,,,0.0,0.0,0.0
2002-06-05,2002,IRL,GER,1,0,0.1,0.589041095890411,-0.489041095890411,0.6,0.2191780821917808,0.38082191780821917,0.5,2.136986301369863,-1.6369863013698631,0.8,1.2328767123287672,-0.4328767123287671,3.0,13.0,-10.0,10.0,73.0,-63.0,0.0,0.6153846153846154,-0.6153846153846154,0.0,0.46153846153846156,-0.46153846153846156,0.0,3.0,-3.0,14.0,4.0,10.0,7.71722460186015,3.0912061651652345,4.626018436694915,1.0,1.0,0.0,,,,,,,0.3333333333333333,0.2857142857142857,0.047619047619047616,0.3333333333333333,0.35714285714285715,-0.023809523809523836,,,,,,,0.0,0.0,0.0
2002-06-05,2002,USA,POR,2,0,0.15384615384615385,0.6666666666666666,-0.5128205128205128,0.07692307692307693,0.0,0.07692307692307693,0.7692307692307693,2.111111111111111,-1.341880341880342,1.9230769230769231,1.3333333333333333,0.5897435897435899,4.0,2.0,2.0,13.0,9.0,4.0,0.0,0.5,-0.5,0.0,0.0,0.0,0.0,0.0,0.0,10.0,11.0,-1.0,3.39934634239519,4.784233364802441,-1.3848870224072511,1.0,1.0,0.0,,,,,,,0.0,0.0,0.0,,0.5384615384615384,,,,,,,,0.0,0.0,0.0
2002-06-05,2002,POR,USA,0,0,0.6666666666666666,0.15384615384615385,0.5128205128205128,0.0,0.07692307692307693,-0.07692307692307693,2.111111111111111,0.7692307692307693,1.341880341880342,1.3333333333333333,1.9230769230769231,-0.5897435897435899,2.0,4.0,-2.0,9.0,13.0,-4.0,0.5,0.0,0.5,0.0,0.0,0.0,0.0,0.0,0.0,11.0,10.0,1.0,4.784233364802441,3.39934634239519,1.3848870224072511,1.0,1.0,0.0,,,,,,,0.0,0.0,0.0,0.5384615384615384,,,,,,,,,0.0,0.0,0.0
2002-06-06,2002,DEN,SEN,1,0,0.6,1.0,-0.4,0.1,0.0,0.1,2.1,1.0,1.1,1.4,0.0,1.4,3.0,1.0,2.0,10.0,1.0,9.0,0.0,0.0,0.0,0.0,0.0,0.0,0.0,0.0,0.0,12.0,27.0,-15.0,4.546060565661952,9.46337971105226,-4.917319145390309,1.0,1.0,0.0,,,,,,,0.0,1.0,-1.0,0.25,,,,,,,0.4166666666666667,,0.0,0.0,0.0
2002-06-06,2002,FRA,URU,1,0,0.5277777777777778,0.3235294117647059,0.2042483660130719,0.16666666666666666,0.23529411764705882,-0.06862745098039216,2.111111111111111,1.3823529411764706,0.7287581699346406,1.3611111111111112,1.5,-0.13888888888888884,8.0,9.0,-1.0,36.0,34.0,2.0,0.5,0.2222222222222222,0.2777777777777778,0.125,0.0,0.125,1.0,2.0,-1.0,2.0,28.0,-26.0,0.816496580927726,9.843215373488933,-9.026718792561207,1.0,1.0,0.0,,,,,,,0.36363636363636365,0.0,0.36363636363636365,0.42857142857142855,,,,0.3333333333333333,,,,,0.0,0.0,0.0
2002-06-06,2002,URU,FRA,1,0,0.3235294117647059,0.5277777777777778,-0.2042483660130719,0.23529411764705882,0.16666666666666666,0.06862745098039216,1.3823529411764706,2.111111111111111,-0.7287581699346406,1.5,1.3611111111111112,0.13888888888888884,9.0,8.0,1.0,34.0,36.0,-2.0,0.2222222222222222,0.5,-0.2777777777777778,0.0,0.125,-0.125,2.0,1.0,1.0,28.0,2.0,26.0,9.843215373488933,0.816496580927726,9.026718792561207,1.0,1.0,0.0,,,,,,,0.0,0.36363636363636365,-0.36363636363636365,,0.42857142857142855,,0.3333333333333333,,,,,,0.0,0.0,0.0
2002-06-06,2002,CMR,KSA,2,0,0.2,0.25,-0.04999999999999999,0.4666666666666667,0.125,0.3416666666666667,0.9333333333333333,0.875,0.05833333333333335,1.8,2.625,-0.825,5.0,3.0,2.0,15.0,8.0,7.0,0.0,0.0,0.0,0.0,0.0,0.0,0.0,0.0,0.0,,38.0,,,3.299831645537222,,0.0,1.0,-1.0,,,,,,,0.0,0.0,0.0,,,,,,,0.5283018867924528,,,0.0,0.0,0.0
2002-06-06,2002,KSA,CMR,0,0,0.25,0.2,0.04999999999999999,0.125,0.4666666666666667,-0.3416666666666667,0.875,0.9333333333333333,-0.05833333333333335,2.625,1.8,0.825,3.0,5.0,-2.0,8.0,15.0,-7.0,0.0,0.0,0.0,0.0,0.0,0.0,0.0,0.0,0.0,38.0,,,3.299831645537222,,,1.0,0.0,1.0,,,,,,,0.0,0.0,0.0,,,,,,,,0.5283018867924528,,0.0,0.0,0.0
2002-06-06,2002,SEN,DEN,1,0,1.0,0.6,0.4,0.0,0.1,-0.1,1.0,2.1,-1.1,0.0,1.4,-1.4,1.0,3.0,-2.0,1.0,10.0,-9.0,0.0,0.0,0.0,0.0,0.0,0.0,0.0,0.0,0.0,27.0,12.0,15.0,9.46337971105226,4.546060565661952,4.917319145390309,1.0,1.0,0.0,,,,,,,1.0,0.0,1.0,,0.25,,,,,0.4166666666666667,,,0.0,0.0,0.0
2002-06-07,2002,SWE,NGA,2,0,0.35294117647058826,0.4444444444444444,-0.09150326797385616,0.29411764705882354,0.0,0.29411764705882354,1.5294117647058822,1.4444444444444444,0.08496732026143783,1.411764705882353,1.5555555555555556,-0.14379084967320255,8.0,3.0,5.0,34.0,9.0,25.0,0.25,0.0,0.25,0.125,0.0,0.125,0.0,0.0,0.0,25.0,,,3.299831645537222,,,1.0,0.0,1.0,,,,,,,0.0,0.0,0.0,0.2857142857142857,,,,,,,0.5178571428571429,,0.0,0.0,0.0
2002-06-07,2002,NGA,SWE,0,0,0.4444444444444444,0.35294117647058826,0.09150326797385616,0.0,0.29411764705882354,-0.29411764705882354,1.4444444444444444,1.5294117647058822,-0.08496732026143783,1.5555555555555556,1.411764705882353,0.14379084967320255,3.0,8.0,-5.0,9.0,34.0,-25.0,0.0,0.25,-0.25,0.0,0.125,-0.125,0.0,0.0,0.0,,25.0,,,3.299831645537222,,0.0,1.0,-1.0,,,,,,,0.0,0.0,0.0,,0.2857142857142857,,,,,0.5178571428571429,,,0.0,0.0,0.0
2002-06-07,2002,ESP,PAR,2,0,0.42105263157894735,0.21428571428571427,0.20676691729323307,0.23684210526315788,0.5,-0.26315789473684215,1.5789473684210527,1.4285714285714286,0.15037593984962405,1.2105263157894737,1.8571428571428572,-0.6466165413533835,10.0,5.0,5.0,38.0,14.0,24.0,0.0,0.0,0.0,0.0,0.0,0.0,0.0,0.0,0.0,3.0,18.0,-15.0,1.4142135623730951,2.8674417556808756,-1.4532281933077804,1.0,1.0,0.0,,,,,,,0.2,0.0,0.2,0.2857142857142857,,,,0.0,,,,,0.0,0.0,0.0
2002-06-07,2002,ARG,ENG,0,0,0.5,0.43478260869565216,0.06521739130434784,0.19230769230769232,0.30434782608695654,-0.11204013377926422,1.5576923076923077,1.3695652173913044,0.18812709030100327,1.0961538461538463,0.9347826086956522,0.16137123745819404,11.0,11.0,0.0,52.0,46.0,6.0,0.2727272727272727,0.18181818181818182,0.09090909090909088,0.2727272727272727,0.09090909090909091,0.1818181818181818,2.0,1.0,1.0,5.0,7.0,-2.0,1.699673171197595,2.943920288775949,-1.2442471175783538,1.0,1.0,0.0,,,,,,,0.5,0.2,0.3,,0.2631578947368421,,,,,,,,0.0,0.0,0.0
2002-06-07,2002,ENG,ARG,2,0,0.43478260869565216,0.5,-0.06521739130434784,0.30434782608695654,0.19230769230769232,0.11204013377926422,1.3695652173913044,1.5576923076923077,-0.18812709030100327,0.9347826086956522,1.0961538461538463,-0.16137123745819404,11.0,11.0,0.0,46.0,52.0,-6.0,0.18181818181818182,0.2727272727272727,-0.09090909090909088,0.09090909090909091,0.2727272727272727,-0.1818181818181818,1.0,2.0,-1.0,7.0,5.0,2.0,2.943920288775949,1.699673171197595,1.2442471175783538,1.0,1.0,0.0,,,,,,,0.2,0.5,-0.3,0.2631578947368421,,,,,,,,,0.0,0.0,0.0
2002-06-07,2002,PAR,ESP,0,0,0.21428571428571427,0.42105263157894735,-0.20676691729323307,0.5,0.23684210526315788,0.26315789473684215,1.4285714285714286,1.5789473684210527,-0.15037593984962405,1.8571428571428572,1.2105263157894737,0.6466165413533835,5.0,10.0,-5.0,14.0,38.0,-24.0,0.0,0.0,0.0,0.0,0.0,0.0,0.0,0.0,0.0,18.0,3.0,15.0,2.8674417556808756,1.4142135623730951,1.4532281933077804,1.0,1.0,0.0,,,,,,,0.0,0.2,-0.2,,0.2857142857142857,,0.0,,,,,,0.0,0.0,0.0
2002-06-08,2002,BRA,CHN,2,0,0.684931506849315,0.0,0.684931506849315,0.1780821917808219,0.0,0.1780821917808219,2.1232876712328768,0.0,2.1232876712328768,0.863013698630137,2.0,-1.1369863013698631,14.0,1.0,13.0,73.0,1.0,72.0,0.5,0.0,0.5,0.35714285714285715,0.0,0.35714285714285715,4.0,0.0,4.0,1.0,,,0.9428090415820634,,,1.0,0.0,1.0,,,,,,,0.42857142857142855,,,,,,0.5,,,,,,0.0,0.0,0.0
2002-06-08,2002,CHN,BRA,0,0,0.0,0.684931506849315,-0.684931506849315,0.0,0.1780821917808219,-0.1780821917808219,0.0,2.1232876712328768,-2.1232876712328768,2.0,0.863013698630137,1.1369863013698631,1.0,14.0,-13.0,1.0,73.0,-72.0,0.0,0.5,-0.5,0.0,0.35714285714285715,-0.35714285714285715,0.0,4.0,-4.0,,1.0,,,0.9428090415820634,,0.0,1.0,-1.0,,,,,,,,0.42857142857142855,,,,,,0.5,,,,,0.0,0.0,0.0
2002-06-08,2002,ITA,CRO,0,0,0.5344827586206896,0.625,-0.09051724137931039,0.25862068965517243,0.0,0.25862068965517243,1.4482758620689655,1.375,0.07327586206896552,0.9310344827586207,0.75,0.18103448275862066,13.0,2.0,11.0,58.0,8.0,50.0,0.38461538461538464,0.5,-0.11538461538461536,0.23076923076923078,0.0,0.23076923076923078,3.0,0.0,3.0,13.0,32.0,-19.0,4.320493798938574,4.4969125210773475,-0.17641872213877363,1.0,1.0,0.0,,,,,,,0.2222222222222222,0.3333333333333333,-0.1111111111111111,0.45,0.5,-0.04999999999999999,,,,,,,0.0,0.0,0.0
2002-06-08,2002,CRO,ITA,2,0,0.625,0.5344827586206896,0.09051724137931039,0.0,0.25862068965517243,-0.25862068965517243,1.375,1.4482758620689655,-0.07327586206896552,0.75,0.9310344827586207,-0.18103448275862066,2.0,13.0,-11.0,8.0,58.0,-50.0,0.5,0.38461538461538464,0.11538461538461536,0.0,0.23076923076923078,-0.23076923076923078,0.0,3.0,-3.0,32.0,13.0,19.0,4.4969125210773475,4.320493798938574,0.17641872213877363,1.0,1.0,0.0,,,,,,,0.3333333333333333,0.2222222222222222,0.1111111111111111,0.5,0.45,0.04999999999999999,,,,,,,0.0,0.0,0.0
2002-06-08,2002,RSA,SVN,2,0,0.0,0.0,0.0,0.75,0.0,0.75,1.25,1.0,0.25,2.0,3.0,-1.0,2.0,1.0,1.0,4.0,1.0,3.0,0.0,0.0,0.0,0.0,0.0,0.0,0.0,0.0,0.0,30.0,,,6.236095644623236,,,1.0,0.0,1.0,,,,,,,0.0,0.0,0.0,,0.0,,,,,0.5454545454545454,,,0.0,0.0,0.0
2002-06-08,2002,SVN,RSA,0,0,0.0,0.0,0.0,0.0,0.75,-0.75,1.0,1.25,-0.25,3.0,2.0,1.0,1.0,2.0,-1.0,1.0,4.0,-3.0,0.0,0.0,0.0,0.0,0.0,0.0,0.0,0.0,0.0,,30.0,,,6.236095644623236,,0.0,1.0,-1.0,,,,,,,0.0,0.0,0.0,0.0,,,,,,,0.5454545454545454,,0.0,0.0,0.0
2002-06-09,2002,CRC,TUR,1,0,0.6,0.25,0.35,0.0,0.0,0.0,1.2,2.75,-1.55,1.2,3.25,-2.05,2.0,2.0,0.0,5.0,4.0,1.0,0.0,0.0,0.0,0.0,0.0,0.0,0.0,0.0,0.0,,9.0,,,3.0912061651652345,,0.0,1.0,-1.0,,,,,,,,0.0,,,0.14285714285714285,,0.5,,,,,,0.0,0.0,0.0
2002-06-09,2002,MEX,ECU,2,0,0.2571428571428571,0.0,0.2571428571428571,0.2857142857142857,0.0,0.2857142857142857,1.0285714285714285,0.0,1.0285714285714285,1.7714285714285714,2.0,-0.22857142857142865,11.0,1.0,10.0,35.0,1.0,34.0,0.0,0.0,0.0,0.0,0.0,0.0,0.0,0.0,0.0,8.0,31.0,-23.0,1.247219128924647,11.51810169544733,-10.270882566522683,1.0,1.0,0.0,,,,,,,0.3333333333333333,0.0,0.3333333333333333,,,,0.5,0.3333333333333333,0.16666666666666669,,,,0.0,0.0,0.0
2002-06-09,2002,ECU,MEX,0,0,0.0,0.2571428571428571,-0.2571428571428571,0.0,0.2857142857142857,-0.2857142857142857,0.0,1.0285714285714285,-1.0285714285714285,2.0,1.7714285714285714,0.22857142857142865,1.0,11.0,-10.0,1.0,35.0,-34.0,0.0,0.0,0.0,0.0,0.0,0.0,0.0,0.0,0.0,31.0,8.0,23.0,11.51810169544733,1.247219128924647,10.270882566522683,1.0,1.0,0.0,,,,,,,0.0,0.3333333333333333,-0.3333333333333333,,,,0.3333333333333333,0.5,-0.16666666666666669,,,,0.0,0.0,0.0
2002-06-09,2002,TUR,CRC,1,0,0.25,0.6,-0.35,0.0,0.0,0.0,2.75,1.2,1.55,3.25,1.2,2.05,2.0,2.0,0.0,4.0,5.0,-1.0,0.0,0.0,0.0,0.0,0.0,0.0,0.0,0.0,0.0,9.0,,,3.0912061651652345,,,1.0,0.0,1.0,,,,,,,0.0,,,0.14285714285714285,,,,0.5,,,,,0.0,0.0,0.0
2002-06-09,2002,JPN,RUS,2,0,0.0,0.5,-0.5,0.25,0.0,0.25,0.75,2.25,-1.5,1.5,1.5,0.0,2.0,2.0,0.0,4.0,4.0,0.0,0.0,0.0,0.0,0.0,0.0,0.0,0.0,0.0,0.0,22.0,,,10.03327796219494,,,1.0,0.0,1.0,,,,,,,0.0,0.0,0.0,,0.0,,,,,,,,1.0,0.0,1.0
2002-06-09,2002,RUS,JPN,0,0,0.5,0.0,0.5,0.0,0.25,-0.25,2.25,0.75,1.5,1.5,1.5,0.0,2.0,2.0,0.0,4.0,4.0,0.0,0.0,0.0,0.0,0.0,0.0,0.0,0.0,0.0,0.0,,22.0,,,10.03327796219494,,0.0,1.0,-1.0,,,,,,,0.0,0.0,0.0,0.0,,,,,,,,,0.0,1.0,-1.0
2002-06-10,2002,KOR,USA,1,0,0.06666666666666667,0.21428571428571427,-0.1476190476190476,0.26666666666666666,0.07142857142857142,0.19523809523809524,0.8666666666666667,0.9285714285714286,-0.06190476190476191,2.8666666666666667,1.9285714285714286,0.9380952380952381,6.0,5.0,1.0,15.0,14.0,1.0,0.0,0.0,0.0,0.0,0.0,0.0,0.0,0.0,0.0,20.0,10.0,10.0,4.784233364802441,3.39934634239519,1.3848870224072511,1.0,1.0,0.0,,,,,,,0.0,0.0,0.0,,,,,,,,,,1.0,0.0,1.0
2002-06-10,2002,USA,KOR,1,0,0.21428571428571427,0.06666666666666667,0.1476190476190476,0.07142857142857142,0.26666666666666666,-0.19523809523809524,0.9285714285714286,0.8666666666666667,0.06190476190476191,1.9285714285714286,2.8666666666666667,-0.9380952380952381,5.0,6.0,-1.0,14.0,15.0,-1.0,0.0,0.0,0.0,0.0,0.0,0.0,0.0,0.0,0.0,10.0,20.0,-10.0,3.39934634239519,4.784233364802441,-1.3848870224072511,1.0,1.0,0.0,,,,,,,0.0,0.0,0.0,,,,,,,,,,0.0,1.0,-1.0
2002-06-10,2002,TUN,BEL,1,0,0.14285714285714285,0.3103448275862069,-0.16748768472906406,0.2857142857142857,0.27586206896551724,0.009852216748768461,0.5714285714285714,1.3448275862068966,-0.7733990147783252,1.1428571428571428,1.5862068965517242,-0.4433497536945814,3.0,8.0,-5.0,7.0,29.0,-22.0,0.0,0.125,-0.125,0.0,0.0,0.0,0.0,0.0,0.0,41.0,17.0,24.0,2.0548046676563256,5.312459150169742,-3.2576544825134164,1.0,1.0,0.0,,,,,,,0.0,0.25,-0.25,,0.3333333333333333,,,,,0.27586206896551724,,,0.0,0.0,0.0
2002-06-10,2002,BEL,TUN,1,0,0.3103448275862069,0.14285714285714285,0.16748768472906406,0.27586206896551724,0.2857142857142857,-0.009852216748768461,1.3448275862068966,0.5714285714285714,0.7733990147783252,1.5862068965517242,1.1428571428571428,0.4433497536945814,8.0,3.0,5.0,29.0,7.0,22.0,0.125,0.0,0.125,0.0,0.0,0.0,0.0,0.0,0.0,17.0,41.0,-24.0,5.312459150169742,2.0548046676563256,3.2576544825134164,1.0,1.0,0.0,,,,,,,0.25,0.0,0.25,0.3333333333333333,,,,,,,0.27586206896551724,,0.0,0.0,0.0
2002-06-10,2002,POR,POL,2,0,0.6,0.52,0.07999999999999996,0.0,0.2,-0.2,2.1,1.36,0.74,1.5,1.0,0.5,3.0,5.0,-2.0,10.0,25.0,-15.0,0.3333333333333333,0.4,-0.06666666666666671,0.0,0.0,0.0,0.0,0.0,0.0,11.0,34.0,-23.0,4.784233364802441,4.96655480858378,-0.18232144378133874,1.0,1.0,0.0,,,,,,,0.0,,,0.5384615384615384,,,,,,,,,0.0,0.0,0.0
2002-06-10,2002,POL,POR,0,0,0.52,0.6,-0.07999999999999996,0.2,0.0,0.2,1.36,2.1,-0.74,1.0,1.5,-0.5,5.0,3.0,2.0,25.0,10.0,15.0,0.4,0.3333333333333333,0.06666666666666671,0.0,0.0,0.0,0.0,0.0,0.0,34.0,11.0,23.0,4.96655480858378,4.784233364802441,0.18232144378133874,1.0,1.0,0.0,,,,,,,,0.0,,,0.5384615384615384,,,,,,,,0.0,0.0,0.0
2002-06-11,2002,DEN,FRA,2,0,0.5454545454545454,0.5135135135135135,0.03194103194103193,0.18181818181818182,0.1891891891891892,-0.0073710073710073765,2.0,2.054054054054054,-0.054054054054053946,1.3636363636363635,1.3243243243243243,0.03931203931203919,3.0,8.0,-5.0,11.0,37.0,-26.0,0.0,0.5,-0.5,0.0,0.125,-0.125,0.0,1.0,-1.0,12.0,2.0,10.0,4.546060565661952,0.816496580927726,3.7295639847342255,1.0,1.0,0.0,,,,,,,0.0,0.36363636363636365,-0.36363636363636365,0.25,0.42857142857142855,-0.17857142857142855,,,,,,,0.0,0.0,0.0
2002-06-11,2002,FRA,DEN,0,0,0.5135135135135135,0.5454545454545454,-0.03194103194103193,0.1891891891891892,0.18181818181818182,0.0073710073710073765,2.054054054054054,2.0,0.054054054054053946,1.3243243243243243,1.3636363636363635,-0.03931203931203919,8.0,3.0,5.0,37.0,11.0,26.0,0.5,0.0,0.5,0.125,0.0,0.125,1.0,0.0,1.0,2.0,12.0,-10.0,0.816496580927726,4.546060565661952,-3.7295639847342255,1.0,1.0,0.0,,,,,,,0.36363636363636365,0.0,0.36363636363636365,0.42857142857142855,0.25,0.17857142857142855,,,,,,,0.0,0.0,0.0
2002-06-11,2002,SEN,URU,1,0,0.5,0.3142857142857143,0.18571428571428572,0.5,0.2571428571428571,0.24285714285714288,1.0,1.3428571428571427,-0.34285714285714275,0.5,1.457142857142857,-0.9571428571428571,1.0,9.0,-8.0,2.0,35.0,-33.0,0.0,0.2222222222222222,-0.2222222222222222,0.0,0.0,0.0,0.0,2.0,-2.0,27.0,28.0,-1.0,9.46337971105226,9.843215373488933,-0.37983566243667255,1.0,1.0,0.0,,,,,,,1.0,0.0,1.0,,,,,0.3333333333333333,,0.4166666666666667,,,0.0,0.0,0.0
2002-06-11,2002,URU,SEN,1,0,0.3142857142857143,0.5,-0.18571428571428572,0.2571428571428571,0.5,-0.24285714285714288,1.3428571428571427,1.0,0.34285714285714275,1.457142857142857,0.5,0.9571428571428571,9.0,1.0,8.0,35.0,2.0,33.0,0.2222222222222222,0.0,0.2222222222222222,0.0,0.0,0.0,2.0,0.0,2.0,28.0,27.0,1.0,9.843215373488933,9.46337971105226,0.37983566243667255,1.0,1.0,0.0,,,,,,,0.0,1.0,-1.0,,,,0.3333333333333333,,,,0.4166666666666667,,0.0,0.0,0.0
2002-06-11,2002,KSA,IRL,0,0,0.2222222222222222,0.09090909090909091,0.1313131313131313,0.1111111111111111,0.6363636363636364,-0.5252525252525253,0.7777777777777778,0.5454545454545454,0.23232323232323238,2.4444444444444446,0.8181818181818182,1.6262626262626263,3.0,3.0,0.0,9.0,11.0,-2.0,0.0,0.0,0.0,0.0,0.0,0.0,0.0,0.0,0.0,38.0,14.0,24.0,3.299831645537222,7.71722460186015,-4.417392956322928,1.0,1.0,0.0,,,,,,,0.0,0.25,-0.25,,0.3333333333333333,,,,,,,,0.0,0.0,0.0
2002-06-11,2002,CMR,GER,0,0,0.25,0.581081081081081,-0.33108108108108103,0.4375,0.22972972972972974,0.20777027027027026,0.9375,2.1216216216216215,-1.1841216216216215,1.6875,1.2297297297297298,0.4577702702702702,5.0,13.0,-8.0,16.0,74.0,-58.0,0.0,0.6153846153846154,-0.6153846153846154,0.0,0.46153846153846156,-0.46153846153846156,0.0,3.0,-3.0,,4.0,,,3.0912061651652345,,0.0,1.0,-1.0,,,,,,,0.0,0.2857142857142857,-0.2857142857142857,,0.35714285714285715,,,,,0.5283018867924528,,,0.0,0.0,0.0
2002-06-11,2002,GER,CMR,2,0,0.581081081081081,0.25,0.33108108108108103,0.22972972972972974,0.4375,-0.20777027027027026,2.1216216216216215,0.9375,1.1841216216216215,1.2297297297297298,1.6875,-0.4577702702702702,13.0,5.0,8.0,74.0,16.0,58.0,0.6153846153846154,0.0,0.6153846153846154,0.46153846153846156,0.0,0.46153846153846156,3.0,0.0,3.0,4.0,,,3.0912061651652345,,,1.0,0.0,1.0,,,,,,,0.2857142857142857,0.0,0.2857142857142857,0.35714285714285715,,,,,,,0.5283018867924528,,0.0,0.0,0.0
2002-06-11,2002,IRL,KSA,2,0,0.09090909090909091,0.2222222222222222,-0.1313131313131313,0.6363636363636364,0.1111111111111111,0.5252525252525253,0.5454545454545454,0.7777777777777778,-0.23232323232323238,0.8181818181818182,2.4444444444444446,-1.6262626262626263,3.0,3.0,0.0,11.0,9.0,2.0,0.0,0.0,0.0,0.0,0.0,0.0,0.0,0.0,0.0,14.0,38.0,-24.0,7.71722460186015,3.299831645537222,4.417392956322928,1.0,1.0,0.0,,,,,,,0.25,0.0,0.25,0.3333333333333333,,,,,,,,,0.0,0.0,0.0
2002-06-12,2002,SVN,PAR,0,0,0.0,0.2,-0.2,0.0,0.4666666666666667,-0.4666666666666667,0.5,1.4,-0.8999999999999999,2.0,1.9333333333333333,0.06666666666666665,1.0,5.0,-4.0,2.0,15.0,-13.0,0.0,0.0,0.0,0.0,0.0,0.0,0.0,0.0,0.0,,18.0,,,2.8674417556808756,,0.0,1.0,-1.0,,,,,,,0.0,0.0,0.0,0.0,,,,0.0,,,,,0.0,0.0,0.0
2002-06-12,2002,PAR,SVN,2,0,0.2,0.0,0.2,0.4666666666666667,0.0,0.4666666666666667,1.4,0.5,0.8999999999999999,1.9333333333333333,2.0,-0.06666666666666665,5.0,1.0,4.0,15.0,2.0,13.0,0.0,0.0,0.0,0.0,0.0,0.0,0.0,0.0,0.0,18.0,,,2.8674417556808756,,,1.0,0.0,1.0,,,,,,,0.0,0.0,0.0,,0.0,,0.0,,,,,,0.0,0.0,0.0
2002-06-12,2002,RSA,ESP,0,0,0.2,0.4358974358974359,-0.2358974358974359,0.6,0.23076923076923078,0.3692307692307692,1.2,1.6153846153846154,-0.41538461538461546,1.6,1.205128205128205,0.394871794871795,2.0,10.0,-8.0,5.0,39.0,-34.0,0.0,0.0,0.0,0.0,0.0,0.0,0.0,0.0,0.0,30.0,3.0,27.0,6.236095644623236,1.4142135623730951,4.821882082250141,1.0,1.0,0.0,,,,,,,0.0,0.2,-0.2,,0.2857142857142857,,,,,0.5454545454545454,,,0.0,0.0,0.0
2002-06-12,2002,ESP,RSA,2,0,0.4358974358974359,0.2,0.2358974358974359,0.23076923076923078,0.6,-0.3692307692307692,1.6153846153846154,1.2,0.41538461538461546,1.205128205128205,1.6,-0.394871794871795,10.0,2.0,8.0,39.0,5.0,34.0,0.0,0.0,0.0,0.0,0.0,0.0,0.0,0.0,0.0,3.0,30.0,-27.0,1.4142135623730951,6.236095644623236,-4.821882082250141,1.0,1.0,0.0,,,,,,,0.2,0.0,0.2,0.2857142857142857,,,,,,,0.5454545454545454,,0.0,0.0,0.0
2002-06-12,2002,NGA,ENG,1,0,0.4,0.44680851063829785,-0.04680851063829783,0.0,0.2978723404255319,-0.2978723404255319,1.4,1.3617021276595744,0.038297872340425476,1.6,0.9148936170212766,0.6851063829787235,3.0,11.0,-8.0,10.0,47.0,-37.0,0.0,0.18181818181818182,-0.18181818181818182,0.0,0.09090909090909091,-0.09090909090909091,0.0,1.0,-1.0,,7.0,,,2.943920288775949,,0.0,1.0,-1.0,,,,,,,0.0,0.3333333333333333,-0.3333333333333333,,0.2631578947368421,,,,,0.5178571428571429,,,0.0,0.0,0.0
2002-06-12,2002,ENG,NGA,1,0,0.44680851063829785,0.4,0.04680851063829783,0.2978723404255319,0.0,0.2978723404255319,1.3617021276595744,1.4,-0.038297872340425476,0.9148936170212766,1.6,-0.6851063829787235,11.0,3.0,8.0,47.0,10.0,37.0,0.18181818181818182,0.0,0.18181818181818182,0.09090909090909091,0.0,0.09090909090909091,1.0,0.0,1.0,7.0,,,2.943920288775949,,,1.0,0.0,1.0,,,,,,,0.3333333333333333,0.0,0.3333333333333333,0.2631578947368421,,,,,,,0.5178571428571429,,0.0,0.0,0.0
2002-06-12,2002,SWE,ARG,1,0,0.37142857142857144,0.49056603773584906,-0.11913746630727762,0.2857142857142857,0.18867924528301888,0.09703504043126682,1.542857142857143,1.528301886792453,0.014555256064689992,1.4,1.0943396226415094,0.3056603773584905,8.0,11.0,-3.0,35.0,53.0,-18.0,0.25,0.2727272727272727,-0.022727272727272707,0.125,0.2727272727272727,-0.1477272727272727,0.0,2.0,-2.0,25.0,5.0,20.0,3.299831645537222,1.699673171197595,1.600158474339627,1.0,1.0,0.0,,,,,,,0.0,0.3333333333333333,-0.3333333333333333,0.2857142857142857,,,,,,,,,0.0,0.0,0.0
2002-06-12,2002,ARG,SWE,1,0,0.49056603773584906,0.37142857142857144,0.11913746630727762,0.18867924528301888,0.2857142857142857,-0.09703504043126682,1.528301886792453,1.542857142857143,-0.014555256064689992,1.0943396226415094,1.4,-0.3056603773584905,11.0,8.0,3.0,53.0,35.0,18.0,0.2727272727272727,0.25,0.022727272727272707,0.2727272727272727,0.125,0.1477272727272727,2.0,0.0,2.0,5.0,25.0,-20.0,1.699673171197595,3.299831645537222,-1.600158474339627,1.0,1.0,0.0,,,,,,,0.3333333333333333,0.0,0.3333333333333333,,0.2857142857142857,,,,,,,,0.0,0.0,0.0
2002-06-13,2002,TUR,CHN,2,0,0.2,0.0,0.2,0.2,0.0,0.2,2.4,0.0,2.4,2.8,3.0,-0.20000000000000018,2.0,1.0,1.0,5.0,2.0,3.0,0.0,0.0,0.0,0.0,0.0,0.0,0.0,0.0,0.0,9.0,,,3.0912061651652345,,,1.0,0.0,1.0,,,,,,,0.0,0.0,0.0,0.14285714285714285,,,,,,,,,0.0,0.0,0.0
2002-06-13,2002,CRC,BRA,0,0,0.5,0.6891891891891891,-0.18918918918918914,0.16666666666666666,0.17567567567567569,-0.009009009009009028,1.1666666666666667,2.1486486486486487,-0.9819819819819819,1.1666666666666667,0.8513513513513513,0.3153153153153154,2.0,14.0,-12.0,6.0,74.0,-68.0,0.0,0.5,-0.5,0.0,0.35714285714285715,-0.35714285714285715,0.0,4.0,-4.0,,1.0,,,0.9428090415820634,,0.0,1.0,-1.0,,,,,,,0.0,0.42857142857142855,-0.42857142857142855,,,,0.5,0.5,0.0,,,,0.0,0.0,0.0
2002-06-13,2002,BRA,CRC,2,0,0.6891891891891891,0.5,0.18918918918918914,0.17567567567567569,0.16666666666666666,0.009009009009009028,2.1486486486486487,1.1666666666666667,0.9819819819819819,0.8513513513513513,1.1666666666666667,-0.3153153153153154,14.0,2.0,12.0,74.0,6.0,68.0,0.5,0.0,0.5,0.35714285714285715,0.0,0.35714285714285715,4.0,0.0,4.0,1.0,,,0.9428090415820634,,,1.0,0.0,1.0,,,,,,,0.42857142857142855,0.0,0.42857142857142855,,,,0.5,0.5,0.0,,,,0.0,0.0,0.0
2002-06-13,2002,CHN,TUR,0,0,0.0,0.2,-0.2,0.0,0.2,-0.2,0.0,2.4,-2.4,3.0,2.8,0.20000000000000018,1.0,2.0,-1.0,2.0,5.0,-3.0,0.0,0.0,0.0,0.0,0.0,0.0,0.0,0.0,0.0,,9.0,,,3.0912061651652345,,0.0,1.0,-1.0,,,,,,,0.0,0.0,0.0,,0.14285714285714285,,,,,,,,0.0,0.0,0.0
2002-06-13,2002,MEX,ITA,1,0,0.2777777777777778,0.5254237288135594,-0.24764595103578158,0.2777777777777778,0.2542372881355932,0.02354048964218458,1.0555555555555556,1.4406779661016949,-0.38512241054613927,1.75,0.9491525423728814,0.8008474576271186,11.0,13.0,-2.0,36.0,59.0,-23.0,0.0,0.38461538461538464,-0.38461538461538464,0.0,0.23076923076923078,-0.23076923076923078,0.0,3.0,-3.0,8.0,13.0,-5.0,1.247219128924647,4.320493798938574,-3.0732746700139266,1.0,1.0,0.0,,,,,,,0.3333333333333333,0.2222222222222222,0.1111111111111111,,0.45,,0.5,,,,,,0.0,0.0,0.0
2002-06-13,2002,ITA,MEX,1,0,0.5254237288135594,0.2777777777777778,0.24764595103578158,0.2542372881355932,0.2777777777777778,-0.02354048964218458,1.4406779661016949,1.0555555555555556,0.38512241054613927,0.9491525423728814,1.75,-0.8008474576271186,13.0,11.0,2.0,59.0,36.0,23.0,0.38461538461538464,0.0,0.38461538461538464,0.23076923076923078,0.0,0.23076923076923078,3.0,0.0,3.0,13.0,8.0,5.0,4.320493798938574,1.247219128924647,3.0732746700139266,1.0,1.0,0.0,,,,,,,0.2222222222222222,0.3333333333333333,-0.1111111111111111,0.45,,,,0.5,,,,,0.0,0.0,0.0
2002-06-13,2002,ECU,CRO,2,0,0.0,0.6666666666666666,-0.6666666666666666,0.0,0.0,0.0,0.5,1.4444444444444444,-0.9444444444444444,2.0,0.7777777777777778,1.2222222222222223,1.0,2.0,-1.0,2.0,9.0,-7.0,0.0,0.5,-0.5,0.0,0.0,0.0,0.0,0.0,0.0,31.0,32.0,-1.0,11.51810169544733,4.4969125210773475,7.021189174369982,1.0,1.0,0.0,,,,,,,0.0,0.3333333333333333,-0.3333333333333333,,0.5,,0.3333333333333333,,,,,,0.0,0.0,0.0
2002-06-13,2002,CRO,ECU,0,0,0.6666666666666666,0.0,0.6666666666666666,0.0,0.0,0.0,1.4444444444444444,0.5,0.9444444444444444,0.7777777777777778,2.0,-1.2222222222222223,2.0,1.0,1.0,9.0,2.0,7.0,0.5,0.0,0.5,0.0,0.0,0.0,0.0,0.0,0.0,32.0,31.0,1.0,4.4969125210773475,11.51810169544733,-7.021189174369982,1.0,1.0,0.0,,,,,,,0.3333333333333333,0.0,0.3333333333333333,0.5,,,,0.3333333333333333,,,,,0.0,0.0,0.0
2002-06-14,2002,TUN,JPN,0,0,0.125,0.2,-0.07500000000000001,0.375,0.2,0.175,0.625,0.8,-0.17500000000000004,1.125,1.2,-0.07499999999999996,3.0,2.0,1.0,8.0,5.0,3.0,0.0,0.0,0.0,0.0,0.0,0.0,0.0,0.0,0.0,41.0,22.0,19.0,2.0548046676563256,10.03327796219494,-7.978473294538615,1.0,1.0,0.0,,,,,,,0.0,0.0,0.0,,,,,,,0.27586206896551724,,,0.0,1.0,-1.0
2002-06-14,2002,JPN,TUN,2,0,0.2,0.125,0.07500000000000001,0.2,0.375,-0.175,0.8,0.625,0.17500000000000004,1.2,1.125,0.07499999999999996,2.0,3.0,-1.0,5.0,8.0,-3.0,0.0,0.0,0.0,0.0,0.0,0.0,0.0,0.0,0.0,22.0,41.0,-19.0,10.03327796219494,2.0548046676563256,7.978473294538615,1.0,1.0,0.0,,,,,,,0.0,0.0,0.0,,,,,,,,0.27586206896551724,,1.0,0.0,1.0
2002-06-14,2002,POL,USA,2,0,0.5,0.2,0.3,0.19230769230769232,0.13333333333333333,0.05897435897435899,1.3076923076923077,0.9333333333333333,0.37435897435897436,1.1153846153846154,1.8666666666666667,-0.7512820512820513,5.0,5.0,0.0,26.0,15.0,11.0,0.4,0.0,0.4,0.0,0.0,0.0,0.0,0.0,0.0,34.0,10.0,24.0,4.96655480858378,3.39934634239519,1.5672084661885899,1.0,1.0,0.0,,,,,,,,0.0,,,,,,,,,,,0.0,0.0,0.0
2002-06-14,2002,USA,POL,0,0,0.2,0.5,-0.3,0.13333333333333333,0.19230769230769232,-0.05897435897435899,0.9333333333333333,1.3076923076923077,-0.37435897435897436,1.8666666666666667,1.1153846153846154,0.7512820512820513,5.0,5.0,0.0,15.0,26.0,-11.0,0.0,0.4,-0.4,0.0,0.0,0.0,0.0,0.0,0.0,10.0,34.0,-24.0,3.39934634239519,4.96655480858378,-1.5672084661885899,1.0,1.0,0.0,,,,,,,0.0,,,,,,,,,,,,0.0,0.0,0.0
2002-06-14,2002,POR,KOR,0,0,0.6363636363636364,0.0625,0.5738636363636364,0.0,0.3125,-0.3125,2.272727272727273,0.875,1.397727272727273,1.3636363636363635,2.75,-1.3863636363636365,3.0,6.0,-3.0,11.0,16.0,-5.0,0.3333333333333333,0.0,0.3333333333333333,0.0,0.0,0.0,0.0,0.0,0.0,11.0,20.0,-9.0,4.784233364802441,4.784233364802441,0.0,1.0,1.0,0.0,,,,,,,0.0,0.0,0.0,0.5384615384615384,,,,,,,,,0.0,1.0,-1.0
2002-06-14,2002,KOR,POR,2,0,0.0625,0.6363636363636364,-0.5738636363636364,0.3125,0.0,0.3125,0.875,2.272727272727273,-1.397727272727273,2.75,1.3636363636363635,1.3863636363636365,6.0,3.0,3.0,16.0,11.0,5.0,0.0,0.3333333333333333,-0.3333333333333333,0.0,0.0,0.0,0.0,0.0,0.0,20.0,11.0,9.0,4.784233364802441,4.784233364802441,0.0,1.0,1.0,0.0,,,,,,,0.0,0.0,0.0,,0.5384615384615384,,,,,,,,1.0,0.0,1.0
2002-06-14,2002,BEL,RUS,2,0,0.3,0.4,-0.10000000000000003,0.3,0.0,0.3,1.3333333333333333,1.8,-0.4666666666666668,1.5666666666666667,1.4,0.16666666666666674,8.0,2.0,6.0,30.0,5.0,25.0,0.125,0.0,0.125,0.0,0.0,0.0,0.0,0.0,0.0,17.0,,,5.312459150169742,,,1.0,0.0,1.0,,,,,,,0.25,0.0,0.25,0.3333333333333333,0.0,0.3333333333333333,,,,,,,0.0,0.0,0.0
2002-06-14,2002,RUS,BEL,0,0,0.4,0.3,0.10000000000000003,0.0,0.3,-0.3,1.8,1.3333333333333333,0.4666666666666668,1.4,1.5666666666666667,-0.16666666666666674,2.0,8.0,-6.0,5.0,30.0,-25.0,0.0,0.125,-0.125,0.0,0.0,0.0,0.0,0.0,0.0,,17.0,,,5.312459150169742,,0.0,1.0,-1.0,,,,,,,0.0,0.25,-0.25,0.0,0.3333333333333333,-0.3333333333333333,,,,,,,0.0,0.0,0.0
2002-06-15,2002,DEN,ENG,0,1,0.5833333333333334,0.4375,0.14583333333333337,0.16666666666666666,0.3125,-0.14583333333333334,2.0,1.3333333333333333,0.6666666666666667,1.25,0.8958333333333334,0.35416666666666663,3.0,11.0,-8.0,12.0,48.0,-36.0,0.0,0.18181818181818182,-0.18181818181818182,0.0,0.09090909090909091,-0.09090909090909091,0.0,1.0,-1.0,12.0,7.0,5.0,4.546060565661952,2.943920288775949,1.602140276886003,1.0,1.0,0.0,,,,,,,0.16666666666666666,0.3333333333333333,-0.16666666666666666,0.25,0.2631578947368421,-0.01315789473684209,,,,,,,0.0,0.0,0.0
2002-06-15,2002,ENG,DEN,2,1,0.4375,0.5833333333333334,-0.14583333333333337,0.3125,0.16666666666666666,0.14583333333333334,1.3333333333333333,2.0,-0.6666666666666667,0.8958333333333334,1.25,-0.35416666666666663,11.0,3.0,8.0,48.0,12.0,36.0,0.18181818181818182,0.0,0.18181818181818182,0.09090909090909091,0.0,0.09090909090909091,1.0,0.0,1.0,7.0,12.0,-5.0,2.943920288775949,4.546060565661952,-1.602140276886003,1.0,1.0,0.0,,,,,,,0.3333333333333333,0.16666666666666666,0.16666666666666666,0.2631578947368421,0.25,0.01315789473684209,,,,,,,0.0,0.0,0.0
2002-06-15,2002,GER,PAR,2,1,0.5866666666666667,0.25,0.33666666666666667,0.22666666666666666,0.4375,-0.21083333333333334,2.12,1.5,0.6200000000000001,1.2133333333333334,1.875,-0.6616666666666666,13.0,5.0,8.0,75.0,16.0,59.0,0.6153846153846154,0.0,0.6153846153846154,0.46153846153846156,0.0,0.46153846153846156,3.0,0.0,3.0,4.0,18.0,-14.0,3.0912061651652345,2.8674417556808756,0.22376440948435894,1.0,1.0,0.0,,,,,,,0.2857142857142857,0.0,0.2857142857142857,0.35714285714285715,,,,0.0,,,,,0.0,0.0,0.0
2002-06-15,2002,PAR,GER,0,1,0.25,0.5866666666666667,-0.33666666666666667,0.4375,0.22666666666666666,0.21083333333333334,1.5,2.12,-0.6200000000000001,1.875,1.2133333333333334,0.6616666666666666,5.0,13.0,-8.0,16.0,75.0,-59.0,0.0,0.6153846153846154,-0.6153846153846154,0.0,0.46153846153846156,-0.46153846153846156,0.0,3.0,-3.0,18.0,4.0,14.0,2.8674417556808756,3.0912061651652345,-0.22376440948435894,1.0,1.0,0.0,,,,,,,0.0,0.2857142857142857,-0.2857142857142857,,0.35714285714285715,,0.0,,,,,,0.0,0.0,0.0
2002-06-16,2002,SWE,SEN,0,1,0.3611111111111111,0.3333333333333333,0.02777777777777779,0.3055555555555556,0.6666666666666666,-0.36111111111111105,1.5277777777777777,1.6666666666666667,-0.13888888888888906,1.3888888888888888,1.3333333333333333,0.05555555555555558,8.0,1.0,7.0,36.0,3.0,33.0,0.25,0.0,0.25,0.125,0.0,0.125,0.0,0.0,0.0,25.0,27.0,-2.0,3.299831645537222,9.46337971105226,-6.163548065515038,1.0,1.0,0.0,,,,,,,0.0,1.0,-1.0,0.2857142857142857,,,,,,,0.4166666666666667,,0.0,0.0,0.0
2002-06-16,2002,SEN,SWE,2,1,0.3333333333333333,0.3611111111111111,-0.02777777777777779,0.6666666666666666,0.3055555555555556,0.36111111111111105,1.6666666666666667,1.5277777777777777,0.13888888888888906,1.3333333333333333,1.3888888888888888,-0.05555555555555558,1.0,8.0,-7.0,3.0,36.0,-33.0,0.0,0.25,-0.25,0.0,0.125,-0.125,0.0,0.0,0.0,27.0,25.0,2.0,9.46337971105226,3.299831645537222,6.163548065515038,1.0,1.0,0.0,,,,,,,1.0,0.0,1.0,,0.2857142857142857,,,,,0.4166666666666667,,,0.0,0.0,0.0
2002-06-16,2002,ESP,IRL,1,1,0.45,0.16666666666666666,0.2833333333333333,0.225,0.5833333333333334,-0.3583333333333334,1.65,0.75,0.8999999999999999,1.225,0.75,0.4750000000000001,10.0,3.0,7.0,40.0,12.0,28.0,0.0,0.0,0.0,0.0,0.0,0.0,0.0,0.0,0.0,3.0,14.0,-11.0,1.4142135623730951,7.71722460186015,-6.303011039487055,1.0,1.0,0.0,,,,,,,0.2,0.25,-0.04999999999999999,0.2857142857142857,0.3333333333333333,-0.047619047619047616,,,,,,,0.0,0.0,0.0
2002-06-16,2002,IRL,ESP,1,1,0.16666666666666666,0.45,-0.2833333333333333,0.5833333333333334,0.225,0.3583333333333334,0.75,1.65,-0.8999999999999999,0.75,1.225,-0.4750000000000001,3.0,10.0,-7.0,12.0,40.0,-28.0,0.0,0.0,0.0,0.0,0.0,0.0,0.0,0.0,0.0,14.0,3.0,11.0,7.71722460186015,1.4142135623730951,6.303011039487055,1.0,1.0,0.0,,,,,,,0.25,0.2,0.04999999999999999,0.3333333333333333,0.2857142857142857,0.047619047619047616,,,,,,,0.0,0.0,0.0
2002-06-17,2002,BRA,BEL,2,1,0.6933333333333334,0.3225806451612903,0.37075268817204304,0.17333333333333334,0.2903225806451613,-0.11698924731182797,2.1866666666666665,1.3870967741935485,0.799569892473118,0.8666666666666667,1.5806451612903225,-0.7139784946236558,14.0,8.0,6.0,75.0,31.0,44.0,0.5,0.125,0.375,0.35714285714285715,0.0,0.35714285714285715,4.0,0.0,4.0,1.0,17.0,-16.0,0.9428090415820634,5.312459150169742,-4.369650108587678,1.0,1.0,0.0,,,,,,,0.42857142857142855,0.25,0.17857142857142855,,0.3333333333333333,,0.5,,,,,,0.0,0.0,0.0
2002-06-17,2002,BEL,BRA,0,1,0.3225806451612903,0.6933333333333334,-0.37075268817204304,0.2903225806451613,0.17333333333333334,0.11698924731182797,1.3870967741935485,2.1866666666666665,-0.799569892473118,1.5806451612903225,0.8666666666666667,0.7139784946236558,8.0,14.0,-6.0,31.0,75.0,-44.0,0.125,0.5,-0.375,0.0,0.35714285714285715,-0.35714285714285715,0.0,4.0,-4.0,17.0,1.0,16.0,5.312459150169742,0.9428090415820634,4.369650108587678,1.0,1.0,0.0,,,,,,,0.25,0.42857142857142855,-0.17857142857142855,0.3333333333333333,,,,0.5,,,,,0.0,0.0,0.0
2002-06-17,2002,MEX,USA,0,1,0.2702702702702703,0.1875,0.08277027027027029,0.2972972972972973,0.125,0.1722972972972973,1.054054054054054,0.9375,0.11655405405405395,1.7297297297297298,1.9375,-0.20777027027027017,11.0,5.0,6.0,37.0,16.0,21.0,0.0,0.0,0.0,0.0,0.0,0.0,0.0,0.0,0.0,8.0,10.0,-2.0,1.247219128924647,3.39934634239519,-2.1521272134705427,1.0,1.0,0.0,,,,,,,0.3333333333333333,0.0,0.3333333333333333,,,,0.5,,,,,,0.0,0.0,0.0
2002-06-17,2002,USA,MEX,2,1,0.1875,0.2702702702702703,-0.08277027027027029,0.125,0.2972972972972973,-0.1722972972972973,0.9375,1.054054054054054,-0.11655405405405395,1.9375,1.7297297297297298,0.20777027027027017,5.0,11.0,-6.0,16.0,37.0,-21.0,0.0,0.0,0.0,0.0,0.0,0.0,0.0,0.0,0.0,10.0,8.0,2.0,3.39934634239519,1.247219128924647,2.1521272134705427,1.0,1.0,0.0,,,,,,,0.0,0.3333333333333333,-0.3333333333333333,,,,,0.5,,,,,0.0,0.0,0.0
2002-06-18,2002,KOR,ITA,2,1,0.11764705882352941,0.5166666666666667,-0.3990196078431373,0.29411764705882354,0.26666666666666666,0.027450980392156876,0.8823529411764706,1.4333333333333333,-0.5509803921568628,2.588235294117647,0.95,1.6382352941176472,6.0,13.0,-7.0,17.0,60.0,-43.0,0.0,0.38461538461538464,-0.38461538461538464,0.0,0.23076923076923078,-0.23076923076923078,0.0,3.0,-3.0,20.0,13.0,7.0,4.784233364802441,4.320493798938574,0.4637395658638672,1.0,1.0,0.0,,,,,,,0.0,0.2,-0.2,,0.45,,,,,,,,1.0,0.0,1.0
2002-06-18,2002,ITA,KOR,0,1,0.5166666666666667,0.11764705882352941,0.3990196078431373,0.26666666666666666,0.29411764705882354,-0.027450980392156876,1.4333333333333333,0.8823529411764706,0.5509803921568628,0.95,2.588235294117647,-1.6382352941176472,13.0,6.0,7.0,60.0,17.0,43.0,0.38461538461538464,0.0,0.38461538461538464,0.23076923076923078,0.0,0.23076923076923078,3.0,0.0,3.0,13.0,20.0,-7.0,4.320493798938574,4.784233364802441,-0.4637395658638672,1.0,1.0,0.0,,,,,,,0.2,0.0,0.2,0.45,,,,,,,,,0.0,1.0,-1.0
2002-06-18,2002,JPN,TUR,0,1,0.3333333333333333,0.3333333333333333,0.0,0.16666666666666666,0.16666666666666666,0.0,1.0,2.5,-1.5,1.0,2.3333333333333335,-1.3333333333333335,2.0,2.0,0.0,6.0,6.0,0.0,0.0,0.0,0.0,0.0,0.0,0.0,0.0,0.0,0.0,22.0,9.0,13.0,10.03327796219494,3.0912061651652345,6.942071797029707,1.0,1.0,0.0,,,,,,,0.0,0.0,0.0,,0.14285714285714285,,,,,,,,1.0,0.0,1.0
2002-06-18,2002,TUR,JPN,2,1,0.3333333333333333,0.3333333333333333,0.0,0.16666666666666666,0.16666666666666666,0.0,2.5,1.0,1.5,2.3333333333333335,1.0,1.3333333333333335,2.0,2.0,0.0,6.0,6.0,0.0,0.0,0.0,0.0,0.0,0.0,0.0,0.0,0.0,0.0,9.0,22.0,-13.0,3.0912061651652345,10.03327796219494,-6.942071797029707,1.0,1.0,0.0,,,,,,,0.0,0.0,0.0,0.14285714285714285,,,,,,,,,0.0,1.0,-1.0
2002-06-21,2002,ENG,BRA,0,1,0.4489795918367347,0.6973684210526315,-0.24838882921589683,0.30612244897959184,0.17105263157894737,0.13506981740064447,1.3673469387755102,2.1842105263157894,-0.8168635875402792,0.8775510204081632,0.8552631578947368,0.022287862513426404,11.0,14.0,-3.0,49.0,76.0,-27.0,0.18181818181818182,0.5,-0.3181818181818182,0.09090909090909091,0.35714285714285715,-0.26623376623376627,1.0,4.0,-3.0,7.0,1.0,6.0,2.943920288775949,0.9428090415820634,2.0011112471938857,1.0,1.0,0.0,,,,,,,0.3333333333333333,0.42857142857142855,-0.09523809523809523,0.2631578947368421,,,,0.5,,,,,0.0,0.0,0.0
2002-06-21,2002,BRA,ENG,2,1,0.6973684210526315,0.4489795918367347,0.24838882921589683,0.17105263157894737,0.30612244897959184,-0.13506981740064447,2.1842105263157894,1.3673469387755102,0.8168635875402792,0.8552631578947368,0.8775510204081632,-0.022287862513426404,14.0,11.0,3.0,76.0,49.0,27.0,0.5,0.18181818181818182,0.3181818181818182,0.35714285714285715,0.09090909090909091,0.26623376623376627,4.0,1.0,3.0,1.0,7.0,-6.0,0.9428090415820634,2.943920288775949,-2.0011112471938857,1.0,1.0,0.0,,,,,,,0.42857142857142855,0.3333333333333333,0.09523809523809523,,0.2631578947368421,,0.5,,,,,,0.0,0.0,0.0
2002-06-21,2002,GER,USA,2,1,0.5921052631578947,0.23529411764705882,0.35681114551083587,0.2236842105263158,0.11764705882352941,0.10603715170278638,2.1052631578947367,1.0,1.1052631578947367,1.1973684210526316,1.8235294117647058,-0.6261609907120742,13.0,5.0,8.0,76.0,17.0,59.0,0.6153846153846154,0.0,0.6153846153846154,0.46153846153846156,0.0,0.46153846153846156,3.0,0.0,3.0,4.0,10.0,-6.0,3.0912061651652345,3.39934634239519,-0.30814017722995546,1.0,1.0,0.0,,,,,,,0.2857142857142857,0.25,0.0357142857142857,0.35714285714285715,,,,,,,,,0.0,0.0,0.0
2002-06-21,2002,USA,GER,0,1,0.23529411764705882,0.5921052631578947,-0.35681114551083587,0.11764705882352941,0.2236842105263158,-0.10603715170278638,1.0,2.1052631578947367,-1.1052631578947367,1.8235294117647058,1.1973684210526316,0.6261609907120742,5.0,13.0,-8.0,17.0,76.0,-59.0,0.0,0.6153846153846154,-0.6153846153846154,0.0,0.46153846153846156,-0.46153846153846156,0.0,3.0,-3.0,10.0,4.0,6.0,3.39934634239519,3.0912061651652345,0.30814017722995546,1.0,1.0,0.0,,,,,,,0.25,0.2857142857142857,-0.0357142857142857,,0.35714285714285715,,,,,,,,0.0,0.0,0.0
2002-06-22,2002,SEN,TUR,0,1,0.5,0.42857142857142855,0.07142857142857145,0.5,0.14285714285714285,0.35714285714285715,1.75,2.2857142857142856,-0.5357142857142856,1.25,2.0,-0.75,1.0,2.0,-1.0,4.0,7.0,-3.0,0.0,0.0,0.0,0.0,0.0,0.0,0.0,0.0,0.0,27.0,9.0,18.0,9.46337971105226,3.0912061651652345,6.372173545887026,1.0,1.0,0.0,,,,,,,1.0,0.0,1.0,,0.14285714285714285,,,,,0.4166666666666667,,,0.0,0.0,0.0
2002-06-22,2002,TUR,SEN,2,1,0.42857142857142855,0.5,-0.07142857142857145,0.14285714285714285,0.5,-0.35714285714285715,2.2857142857142856,1.75,0.5357142857142856,2.0,1.25,0.75,2.0,1.0,1.0,7.0,4.0,3.0,0.0,0.0,0.0,0.0,0.0,0.0,0.0,0.0,0.0,9.0,27.0,-18.0,3.0912061651652345,9.46337971105226,-6.372173545887026,1.0,1.0,0.0,,,,,,,0.0,1.0,-1.0,0.14285714285714285,,,,,,,0.4166666666666667,,0.0,0.0,0.0
2002-06-22,2002,ESP,KOR,1,1,0.43902439024390244,0.16666666666666666,0.27235772357723576,0.24390243902439024,0.2777777777777778,-0.03387533875338755,1.6341463414634145,0.9444444444444444,0.6897018970189701,1.2195121951219512,2.5,-1.2804878048780488,10.0,6.0,4.0,41.0,18.0,23.0,0.0,0.0,0.0,0.0,0.0,0.0,0.0,0.0,0.0,3.0,20.0,-17.0,1.4142135623730951,4.784233364802441,-3.370019802429346,1.0,1.0,0.0,,,,,,,0.2,0.0,0.2,0.2857142857142857,,,,,,,,,0.0,1.0,-1.0
2002-06-22,2002,KOR,ESP,1,1,0.16666666666666666,0.43902439024390244,-0.27235772357723576,0.2777777777777778,0.24390243902439024,0.03387533875338755,0.9444444444444444,1.6341463414634145,-0.6897018970189701,2.5,1.2195121951219512,1.2804878048780488,6.0,10.0,-4.0,18.0,41.0,-23.0,0.0,0.0,0.0,0.0,0.0,0.0,0.0,0.0,0.0,20.0,3.0,17.0,4.784233364802441,1.4142135623730951,3.370019802429346,1.0,1.0,0.0,,,,,,,0.0,0.2,-0.2,,0.2857142857142857,,,,,,,,1.0,0.0,1.0
2002-06-25,2002,GER,KOR,2,1,0.5974025974025974,0.15789473684210525,0.4395078605604921,0.22077922077922077,0.3157894736842105,-0.09501025290498974,2.090909090909091,0.8947368421052632,1.1961722488038276,1.1818181818181819,2.3684210526315788,-1.1866028708133969,13.0,6.0,7.0,77.0,19.0,58.0,0.6153846153846154,0.0,0.6153846153846154,0.46153846153846156,0.0,0.46153846153846156,3.0,0.0,3.0,4.0,20.0,-16.0,3.0912061651652345,4.784233364802441,-1.6930271996372066,1.0,1.0,0.0,,,,,,,0.375,0.0,0.375,0.35714285714285715,,,,,,,,,0.0,1.0,-1.0
2002-06-25,2002,KOR,GER,0,1,0.15789473684210525,0.5974025974025974,-0.4395078605604921,0.3157894736842105,0.22077922077922077,0.09501025290498974,0.8947368421052632,2.090909090909091,-1.1961722488038276,2.3684210526315788,1.1818181818181819,1.1866028708133969,6.0,13.0,-7.0,19.0,77.0,-58.0,0.0,0.6153846153846154,-0.6153846153846154,0.0,0.46153846153846156,-0.46153846153846156,0.0,3.0,-3.0,20.0,4.0,16.0,4.784233364802441,3.0912061651652345,1.6930271996372066,1.0,1.0,0.0,,,,,,,0.0,0.375,-0.375,,0.35714285714285715,,,,,,,,1.0,0.0,1.0
2002-06-26,2002,BRA,TUR,2,1,0.7012987012987013,0.5,0.2012987012987013,0.16883116883116883,0.125,0.04383116883116883,2.1818181818181817,2.125,0.05681818181818166,0.8571428571428571,1.75,-0.8928571428571429,14.0,2.0,12.0,77.0,8.0,69.0,0.5,0.0,0.5,0.35714285714285715,0.0,0.35714285714285715,4.0,0.0,4.0,1.0,9.0,-8.0,0.9428090415820634,3.0912061651652345,-2.1483971235831714,1.0,1.0,0.0,,,,,,,0.5,0.0,0.5,,0.14285714285714285,,0.5,,,,,,0.0,0.0,0.0
2002-06-26,2002,TUR,BRA,0,1,0.5,0.7012987012987013,-0.2012987012987013,0.125,0.16883116883116883,-0.04383116883116883,2.125,2.1818181818181817,-0.05681818181818166,1.75,0.8571428571428571,0.8928571428571429,2.0,14.0,-12.0,8.0,77.0,-69.0,0.0,0.5,-0.5,0.0,0.35714285714285715,-0.35714285714285715,0.0,4.0,-4.0,9.0,1.0,8.0,3.0912061651652345,0.9428090415820634,2.1483971235831714,1.0,1.0,0.0,,,,,,,0.0,0.5,-0.5,0.14285714285714285,,,,0.5,,,,,0.0,0.0,0.0
2002-06-29,2002,KOR,TUR,0,1,0.15,0.4444444444444444,-0.2944444444444444,0.3,0.1111111111111111,0.18888888888888888,0.85,1.8888888888888888,-1.0388888888888888,2.3,1.6666666666666667,0.6333333333333331,6.0,2.0,4.0,20.0,9.0,11.0,0.16666666666666666,0.5,-0.33333333333333337,0.0,0.0,0.0,0.0,0.0,0.0,20.0,9.0,11.0,4.784233364802441,3.0912061651652345,1.6930271996372066,1.0,1.0,0.0,,,,,,,0.0,0.0,0.0,,0.14285714285714285,,,,,,,,1.0,0.0,1.0
2002-06-29,2002,TUR,KOR,2,1,0.4444444444444444,0.15,0.2944444444444444,0.1111111111111111,0.3,-0.18888888888888888,1.8888888888888888,0.85,1.0388888888888888,1.6666666666666667,2.3,-0.6333333333333331,2.0,6.0,-4.0,9.0,20.0,-11.0,0.5,0.16666666666666666,0.33333333333333337,0.0,0.0,0.0,0.0,0.0,0.0,9.0,20.0,-11.0,3.0912061651652345,4.784233364802441,-1.6930271996372066,1.0,1.0,0.0,,,,,,,0.0,0.0,0.0,0.14285714285714285,,,,,,,,,0.0,1.0,-1.0
2002-06-30,2002,GER,BRA,0,1,0.6025641025641025,0.7051282051282052,-0.10256410256410264,0.21794871794871795,0.16666666666666666,0.051282051282051294,2.076923076923077,2.1666666666666665,-0.08974358974358942,1.1666666666666667,0.8461538461538461,0.3205128205128206,13.0,14.0,-1.0,78.0,78.0,0.0,0.6923076923076923,0.5714285714285714,0.1208791208791209,0.46153846153846156,0.35714285714285715,0.10439560439560441,3.0,4.0,-1.0,4.0,1.0,3.0,3.0912061651652345,0.9428090415820634,2.1483971235831714,1.0,1.0,0.0,,,,,,,0.375,0.5555555555555556,-0.18055555555555558,0.35714285714285715,,,,0.5,,,,,0.0,0.0,0.0
2002-06-30,2002,BRA,GER,2,1,0.7051282051282052,0.6025641025641025,0.10256410256410264,0.16666666666666666,0.21794871794871795,-0.051282051282051294,2.1666666666666665,2.076923076923077,0.08974358974358942,0.8461538461538461,1.1666666666666667,-0.3205128205128206,14.0,13.0,1.0,78.0,78.0,0.0,0.5714285714285714,0.6923076923076923,-0.1208791208791209,0.35714285714285715,0.46153846153846156,-0.10439560439560441,4.0,3.0,1.0,1.0,4.0,-3.0,0.9428090415820634,3.0912061651652345,-2.1483971235831714,1.0,1.0,0.0,,,,,,,0.5555555555555556,0.375,0.18055555555555558,,0.35714285714285715,,0.5,,,,,,0.0,0.0,0.0
2006-06-09,2006,POL,ECU,0,0,0.5185185185185185,0.3333333333333333,0.18518518518518517,0.18518518518518517,0.0,0.18518518518518517,1.3703703703703705,0.6666666666666666,0.7037037037037038,1.1111111111111112,1.3333333333333333,-0.2222222222222221,5.0,1.0,4.0,27.0,3.0,24.0,0.4,0.0,0.4,0.0,0.0,0.0,0.0,0.0,0.0,24.0,30.0,-6.0,1.4142135623730951,0.9428090415820634,0.4714045207910318,1.0,1.0,0.0,,9.5,,,25.024390243902438,,1.0,0.0,1.0,,,,,0.16666666666666666,,,,,0.0,0.0,0.0
2006-06-09,2006,ECU,POL,2,0,0.3333333333333333,0.5185185185185185,-0.18518518518518517,0.0,0.18518518518518517,-0.18518518518518517,0.6666666666666666,1.3703703703703705,-0.7037037037037038,1.3333333333333333,1.1111111111111112,0.2222222222222221,1.0,5.0,-4.0,3.0,27.0,-24.0,0.0,0.4,-0.4,0.0,0.0,0.0,0.0,0.0,0.0,30.0,24.0,6.0,0.9428090415820634,1.4142135623730951,-0.4714045207910318,1.0,1.0,0.0,9.5,,,25.024390243902438,,,0.0,1.0,-1.0,,,,0.16666666666666666,,,,,,0.0,0.0,0.0
2006-06-09,2006,GER,CRC,2,0,0.5949367088607594,0.42857142857142855,0.1663652802893309,0.21518987341772153,0.14285714285714285,0.07233273056057868,2.050632911392405,1.2857142857142858,0.7649186256781191,1.1772151898734178,1.7142857142857142,-0.5370705244122964,13.0,2.0,11.0,79.0,7.0,72.0,0.6923076923076923,0.0,0.6923076923076923,0.5384615384615384,0.0,0.5384615384615384,3.0,0.0,3.0,6.0,,,2.8674417556808756,,,1.0,0.0,1.0,203.45,,,25.5,,,0.2727272727272727,0.0,0.2727272727272727,0.29411764705882354,,,,0.375,,,,,1.0,0.0,1.0
2006-06-09,2006,CRC,GER,0,0,0.42857142857142855,0.5949367088607594,-0.1663652802893309,0.14285714285714285,0.21518987341772153,-0.07233273056057868,1.2857142857142858,2.050632911392405,-0.7649186256781191,1.7142857142857142,1.1772151898734178,0.5370705244122964,2.0,13.0,-11.0,7.0,79.0,-72.0,0.0,0.6923076923076923,-0.6923076923076923,0.0,0.5384615384615384,-0.5384615384615384,0.0,3.0,-3.0,,6.0,,,2.8674417556808756,,0.0,1.0,-1.0,,203.45,,,25.5,,0.0,0.2727272727272727,-0.2727272727272727,,0.29411764705882354,,0.375,,,,,,0.0,1.0,-1.0
2006-06-10,2006,ARG,CIV,2,0,0.48148148148148145,,,0.2037037037037037,,,1.5185185185185186,,,1.0925925925925926,,,11.0,0.0,11.0,54.0,0.0,54.0,0.2727272727272727,,,0.2727272727272727,,,2.0,0.0,2.0,3.0,18.0,-15.0,0.816496580927726,13.695092389449425,-12.878595808521698,1.0,1.0,0.0,250.5,175.75,74.75,25.228571428571428,26.393939393939394,-1.1653679653679667,0.2,,,,,,0.6666666666666666,,,,0.35185185185185186,,0.0,0.0,0.0
2006-06-10,2006,CIV,ARG,0,0,,0.48148148148148145,,,0.2037037037037037,,,1.5185185185185186,,,1.0925925925925926,,0.0,11.0,-11.0,0.0,54.0,-54.0,,0.2727272727272727,,,0.2727272727272727,,0.0,2.0,-2.0,18.0,3.0,15.0,13.695092389449425,0.816496580927726,12.878595808521698,1.0,1.0,0.0,175.75,250.5,-74.75,26.393939393939394,25.228571428571428,1.1653679653679667,,0.2,,,,,,0.6666666666666666,,0.35185185185185186,,,0.0,0.0,0.0
2006-06-10,2006,TTO,SWE,1,0,,0.35135135135135137,,,0.2972972972972973,,,1.5135135135135136,,,1.4054054054054055,,0.0,8.0,-8.0,0.0,37.0,-37.0,,0.25,,,0.125,,0.0,0.0,0.0,,14.0,,,2.6246692913372702,,0.0,1.0,-1.0,,132.9,,,26.227272727272727,,,0.0,,,0.2727272727272727,,,,,,,,0.0,0.0,0.0
2006-06-10,2006,SWE,TTO,1,0,0.35135135135135137,,,0.2972972972972973,,,1.5135135135135136,,,1.4054054054054055,,,8.0,0.0,8.0,37.0,0.0,37.0,0.25,,,0.125,,,0.0,0.0,0.0,14.0,,,2.6246692913372702,,,1.0,0.0,1.0,132.9,,,26.227272727272727,,,0.0,,,0.2727272727272727,,,,,,,,,0.0,0.0,0.0
2006-06-10,2006,ENG,PAR,2,0,0.44,0.23529411764705882,0.20470588235294118,0.3,0.4117647058823529,-0.11176470588235293,1.36,1.411764705882353,-0.051764705882352935,0.9,1.8235294117647058,-0.9235294117647058,11.0,5.0,6.0,50.0,17.0,33.0,0.18181818181818182,0.0,0.18181818181818182,0.09090909090909091,0.0,0.09090909090909091,1.0,0.0,1.0,5.0,35.0,-30.0,0.4714045207910317,3.7712361663282534,-3.2998316455372216,1.0,1.0,0.0,440.1,24.150000000000002,415.95000000000005,24.342105263157894,25.67391304347826,-1.3318077803203678,0.2222222222222222,0.16666666666666666,0.05555555555555555,0.30434782608695654,,,,0.2857142857142857,,,,,0.0,0.0,0.0
2006-06-10,2006,PAR,ENG,0,0,0.23529411764705882,0.44,-0.20470588235294118,0.4117647058823529,0.3,0.11176470588235293,1.411764705882353,1.36,0.051764705882352935,1.8235294117647058,0.9,0.9235294117647058,5.0,11.0,-6.0,17.0,50.0,-33.0,0.0,0.18181818181818182,-0.18181818181818182,0.0,0.09090909090909091,-0.09090909090909091,0.0,1.0,-1.0,35.0,5.0,30.0,3.7712361663282534,0.4714045207910317,3.2998316455372216,1.0,1.0,0.0,24.150000000000002,440.1,-415.95000000000005,25.67391304347826,24.342105263157894,1.3318077803203678,0.16666666666666666,0.2222222222222222,-0.05555555555555555,,0.30434782608695654,,0.2857142857142857,,,,,,0.0,0.0,0.0
2006-06-11,2006,SRB,NED,0,0,0.5,0.4666666666666667,0.033333333333333326,0.25,0.3,-0.04999999999999999,1.25,1.8,-0.55,1.0,1.0,0.0,1.0,5.0,-4.0,4.0,30.0,-26.0,0.0,0.6,-0.6,0.0,0.4,-0.4,0.0,0.0,0.0,,7.0,,,1.247219128924647,,0.0,1.0,-1.0,,236.72,,,25.135135135135137,,0.0,0.3333333333333333,-0.3333333333333333,,0.4642857142857143,,,,,,,,0.0,0.0,0.0
2006-06-11,2006,NED,SRB,2,0,0.4666666666666667,0.5,-0.033333333333333326,0.3,0.25,0.04999999999999999,1.8,1.25,0.55,1.0,1.0,0.0,5.0,1.0,4.0,30.0,4.0,26.0,0.6,0.0,0.6,0.4,0.0,0.4,0.0,0.0,0.0,7.0,,,1.247219128924647,,,1.0,0.0,1.0,236.72,,,25.135135135135137,,,0.3333333333333333,0.0,0.3333333333333333,0.4642857142857143,,,,,,,,,0.0,0.0,0.0
2006-06-11,2006,MEX,IRN,2,0,0.2631578947368421,0.16666666666666666,0.09649122807017543,0.2894736842105263,0.16666666666666666,0.12280701754385967,1.0263157894736843,0.6666666666666666,0.35964912280701766,1.736842105263158,2.0,-0.26315789473684204,11.0,2.0,9.0,38.0,6.0,32.0,0.0,0.0,0.0,0.0,0.0,0.0,0.0,0.0,0.0,20.0,38.0,-18.0,0.9428090415820634,4.0276819911981905,-3.084872949616127,1.0,1.0,0.0,44.2,26.55,17.650000000000002,26.0,25.4375,0.5625,0.3333333333333333,0.0,0.3333333333333333,,,,0.5,,,,,,0.0,0.0,0.0
2006-06-11,2006,ANG,POR,0,0,,0.5833333333333334,,,0.0,,,2.0833333333333335,,,1.3333333333333333,,0.0,3.0,-3.0,0.0,12.0,-12.0,,0.3333333333333333,,,0.0,,0.0,0.0,0.0,,8.0,,,3.559026084010437,,0.0,1.0,-1.0,,282.9,,,26.058823529411764,,,0.2857142857142857,,,0.5263157894736842,,,,,0.1111111111111111,,,0.0,0.0,0.0
2006-06-11,2006,POR,ANG,2,0,0.5833333333333334,,,0.0,,,2.0833333333333335,,,1.3333333333333333,,,3.0,0.0,3.0,12.0,0.0,12.0,0.3333333333333333,,,0.0,,,0.0,0.0,0.0,8.0,,,3.559026084010437,,,1.0,0.0,1.0,282.9,,,26.058823529411764,,,0.2857142857142857,,,0.5263157894736842,,,,,,,0.1111111111111111,,0.0,0.0,0.0
2006-06-11,2006,IRN,MEX,0,0,0.16666666666666666,0.2631578947368421,-0.09649122807017543,0.16666666666666666,0.2894736842105263,-0.12280701754385967,0.6666666666666666,1.0263157894736843,-0.35964912280701766,2.0,1.736842105263158,0.26315789473684204,2.0,11.0,-9.0,6.0,38.0,-32.0,0.0,0.0,0.0,0.0,0.0,0.0,0.0,0.0,0.0,38.0,20.0,18.0,4.0276819911981905,0.9428090415820634,3.084872949616127,1.0,1.0,0.0,26.55,44.2,-17.650000000000002,25.4375,26.0,-0.5625,0.0,0.3333333333333333,-0.3333333333333333,,,,,0.5,,,,,0.0,0.0,0.0
2006-06-12,2006,AUS,JPN,2,0,0.0,0.2857142857142857,-0.2857142857142857,0.3333333333333333,0.14285714285714285,0.19047619047619047,0.0,0.8571428571428571,-0.8571428571428571,1.6666666666666667,1.0,0.6666666666666667,1.0,2.0,-1.0,3.0,7.0,-4.0,0.0,0.0,0.0,0.0,0.0,0.0,0.0,0.0,0.0,39.0,47.0,-8.0,14.2672897060218,6.182412330330469,8.084877375691331,1.0,1.0,0.0,68.63,48.800000000000004,19.82999999999999,25.946428571428573,25.120689655172413,0.8257389162561601,,0.0,,,,,,,,,,,0.0,0.0,0.0
2006-06-12,2006,JPN,AUS,0,0,0.2857142857142857,0.0,0.2857142857142857,0.14285714285714285,0.3333333333333333,-0.19047619047619047,0.8571428571428571,0.0,0.8571428571428571,1.0,1.6666666666666667,-0.6666666666666667,2.0,1.0,1.0,7.0,3.0,4.0,0.0,0.0,0.0,0.0,0.0,0.0,0.0,0.0,0.0,47.0,39.0,8.0,6.182412330330469,14.2672897060218,-8.084877375691331,1.0,1.0,0.0,48.800000000000004,68.63,-19.82999999999999,25.120689655172413,25.946428571428573,-0.8257389162561601,0.0,,,,,,,,,,,,0.0,0.0,0.0
2006-06-12,2006,ITA,GHA,2,0,0.5081967213114754,,,0.26229508196721313,,,1.4262295081967213,,,0.9672131147540983,,,13.0,0.0,13.0,61.0,0.0,61.0,0.38461538461538464,,,0.23076923076923078,,,3.0,0.0,3.0,2.0,28.0,-26.0,0.9428090415820634,12.970050972229146,-12.027241930647083,1.0,1.0,0.0,,64.35,,,24.023255813953487,,0.2,,,0.43478260869565216,,,,,,,0.4897959183673469,,0.0,0.0,0.0
2006-06-12,2006,GHA,ITA,0,0,,0.5081967213114754,,,0.26229508196721313,,,1.4262295081967213,,,0.9672131147540983,,0.0,13.0,-13.0,0.0,61.0,-61.0,,0.38461538461538464,,,0.23076923076923078,,0.0,3.0,-3.0,28.0,2.0,26.0,12.970050972229146,0.9428090415820634,12.027241930647083,1.0,1.0,0.0,64.35,,,24.023255813953487,,,,0.2,,,0.43478260869565216,,,,,0.4897959183673469,,,0.0,0.0,0.0
2006-06-12,2006,USA,CZE,0,0,0.2222222222222222,0.30434782608695654,-0.08212560386473433,0.1111111111111111,0.17391304347826086,-0.06280193236714976,0.9444444444444444,1.3043478260869565,-0.3599033816425121,1.7777777777777777,1.565217391304348,0.21256038647342979,5.0,6.0,-1.0,18.0,23.0,-5.0,0.0,0.16666666666666666,-0.16666666666666666,0.0,0.16666666666666666,-0.16666666666666666,0.0,0.0,0.0,31.0,10.0,21.0,1.4142135623730951,1.632993161855452,-0.21877959948235692,1.0,1.0,0.0,39.7,151.5,-111.8,26.081632653061224,26.92105263157895,-0.839419978517725,0.2,0.2857142857142857,-0.08571428571428569,,0.5,,,,,,,,0.0,0.0,0.0
2006-06-12,2006,CZE,USA,2,0,0.30434782608695654,0.2222222222222222,0.08212560386473433,0.17391304347826086,0.1111111111111111,0.06280193236714976,1.3043478260869565,0.9444444444444444,0.3599033816425121,1.565217391304348,1.7777777777777777,-0.21256038647342979,6.0,5.0,1.0,23.0,18.0,5.0,0.16666666666666666,0.0,0.16666666666666666,0.16666666666666666,0.0,0.16666666666666666,0.0,0.0,0.0,10.0,31.0,-21.0,1.632993161855452,1.4142135623730951,0.21877959948235692,1.0,1.0,0.0,151.5,39.7,111.8,26.92105263157895,26.081632653061224,0.839419978517725,0.2857142857142857,0.2,0.08571428571428569,0.5,,,,,,,,,0.0,0.0,0.0
2006-06-13,2006,FRA,SUI,1,0,0.5,0.23529411764705882,0.2647058823529412,0.18421052631578946,0.11764705882352941,0.06656346749226005,2.0,1.3529411764705883,0.6470588235294117,1.3421052631578947,2.411764705882353,-1.0696594427244581,8.0,5.0,3.0,38.0,17.0,21.0,0.5,0.0,0.5,0.125,0.0,0.125,1.0,0.0,1.0,4.0,17.0,-13.0,1.4142135623730951,6.548960901462833,-5.1347473390897385,1.0,1.0,0.0,350.9,69.54999999999998,281.35,26.78787878787879,24.2,2.5878787878787897,0.4166666666666667,0.0,0.4166666666666667,0.44,0.0,0.44,,,,,,,0.0,0.0,0.0
2006-06-13,2006,KOR,TOG,2,0,0.14285714285714285,,,0.2857142857142857,,,0.9047619047619048,,,2.3333333333333335,,,6.0,0.0,6.0,21.0,0.0,21.0,0.16666666666666666,,,0.0,,,0.0,0.0,0.0,51.0,,,3.299831645537222,,,1.0,0.0,1.0,28.5,,,24.02173913043478,,,0.0,,,,,,,,,,0.1111111111111111,,0.0,0.0,0.0
2006-06-13,2006,TOG,KOR,0,0,,0.14285714285714285,,,0.2857142857142857,,,0.9047619047619048,,,2.3333333333333335,,0.0,6.0,-6.0,0.0,21.0,-21.0,,0.16666666666666666,,,0.0,,0.0,0.0,0.0,,51.0,,,3.299831645537222,,0.0,1.0,-1.0,,28.5,,,24.02173913043478,,,0.0,,,,,,,,0.1111111111111111,,,0.0,0.0,0.0
2006-06-13,2006,BRA,CRO,2,0,0.7088607594936709,0.6,0.10886075949367091,0.16455696202531644,0.0,0.16455696202531644,2.1645569620253164,1.3,0.8645569620253164,0.8354430379746836,0.8,0.03544303797468351,14.0,2.0,12.0,79.0,10.0,69.0,0.5714285714285714,0.5,0.0714285714285714,0.42857142857142855,0.0,0.42857142857142855,5.0,0.0,5.0,1.0,15.0,-14.0,0.0,1.4142135623730951,-1.4142135623730951,1.0,1.0,0.0,464.0,115.14999999999999,348.85,25.488888888888887,25.77777777777778,-0.2888888888888914,0.5833333333333334,0.25,0.33333333333333337,,0.2857142857142857,,0.5,,,,,,0.0,0.0,0.0
2006-06-13,2006,CRO,BRA,0,0,0.6,0.7088607594936709,-0.10886075949367091,0.0,0.16455696202531644,-0.16455696202531644,1.3,2.1645569620253164,-0.8645569620253164,0.8,0.8354430379746836,-0.03544303797468351,2.0,14.0,-12.0,10.0,79.0,-69.0,0.5,0.5714285714285714,-0.0714285714285714,0.0,0.42857142857142855,-0.42857142857142855,0.0,5.0,-5.0,15.0,1.0,14.0,1.4142135623730951,0.0,1.4142135623730951,1.0,1.0,0.0,115.14999999999999,464.0,-348.85,25.77777777777778,25.488888888888887,0.2888888888888914,0.25,0.5833333333333334,-0.33333333333333337,0.2857142857142857,,,,0.5,,,,,0.0,0.0,0.0
2006-06-13,2006,SUI,FRA,1,0,0.23529411764705882,0.5,-0.2647058823529412,0.11764705882352941,0.18421052631578946,-0.06656346749226005,1.3529411764705883,2.0,-0.6470588235294117,2.411764705882353,1.3421052631578947,1.0696594427244581,5.0,8.0,-3.0,17.0,38.0,-21.0,0.0,0.5,-0.5,0.0,0.125,-0.125,0.0,1.0,-1.0,17.0,4.0,13.0,6.548960901462833,1.4142135623730951,5.1347473390897385,1.0,1.0,0.0,69.54999999999998,350.9,-281.35,24.2,26.78787878787879,-2.5878787878787897,0.0,0.4166666666666667,-0.4166666666666667,0.0,0.44,-0.44,,,,,,,0.0,0.0,0.0
2006-06-14,2006,ESP,UKR,2,0,0.42857142857142855,,,0.2619047619047619,,,1.5952380952380953,,,1.1904761904761905,,,10.0,0.0,10.0,42.0,0.0,42.0,0.0,,,0.0,,,0.0,0.0,0.0,12.0,13.0,-1.0,0.9428090415820634,8.806563209081938,-7.8637541674998745,1.0,1.0,0.0,358.9,,,25.12121212121212,,,0.16666666666666666,,,0.2916666666666667,,,,,,,,,0.0,0.0,0.0
2006-06-14,2006,UKR,ESP,0,0,,0.42857142857142855,,,0.2619047619047619,,,1.5952380952380953,,,1.1904761904761905,,0.0,10.0,-10.0,0.0,42.0,-42.0,,0.0,,,0.0,,0.0,0.0,0.0,13.0,12.0,1.0,8.806563209081938,0.9428090415820634,7.8637541674998745,1.0,1.0,0.0,,358.9,,,25.12121212121212,,,0.16666666666666666,,,0.2916666666666667,,,,,,,,0.0,0.0,0.0
2006-06-14,2006,TUN,KSA,1,0,0.1111111111111111,0.2,-0.0888888888888889,0.3333333333333333,0.1,0.2333333333333333,0.5555555555555556,0.7,-0.14444444444444438,1.2222222222222223,2.5,-1.2777777777777777,3.0,3.0,0.0,9.0,10.0,-1.0,0.0,0.0,0.0,0.0,0.0,0.0,0.0,0.0,0.0,32.0,64.0,-32.0,6.97614984548545,2.943920288775949,4.032229556709501,1.0,1.0,0.0,43.599999999999994,1.3,42.3,26.19607843137255,24.5531914893617,1.642886942010847,0.0,0.0,0.0,,,,,,,0.358974358974359,,,0.0,0.0,0.0
2006-06-14,2006,GER,POL,2,0,0.6,0.5,0.09999999999999998,0.2125,0.17857142857142858,0.03392857142857142,2.075,1.3214285714285714,0.7535714285714288,1.1875,1.1428571428571428,0.044642857142857206,14.0,6.0,8.0,80.0,28.0,52.0,0.6428571428571429,0.3333333333333333,0.3095238095238096,0.5,0.0,0.5,3.0,0.0,3.0,6.0,24.0,-18.0,2.8674417556808756,1.4142135623730951,1.4532281933077804,1.0,1.0,0.0,203.45,,,25.5,,,0.2727272727272727,1.0,-0.7272727272727273,0.29411764705882354,,,,,,,,,1.0,0.0,1.0
2006-06-14,2006,POL,GER,0,0,0.5,0.6,-0.09999999999999998,0.17857142857142858,0.2125,-0.03392857142857142,1.3214285714285714,2.075,-0.7535714285714288,1.1428571428571428,1.1875,-0.044642857142857206,6.0,14.0,-8.0,28.0,80.0,-52.0,0.3333333333333333,0.6428571428571429,-0.3095238095238096,0.0,0.5,-0.5,0.0,3.0,-3.0,24.0,6.0,18.0,1.4142135623730951,2.8674417556808756,-1.4532281933077804,1.0,1.0,0.0,,203.45,,,25.5,,1.0,0.2727272727272727,0.7272727272727273,,0.29411764705882354,,,,,,,,0.0,1.0,-1.0
2006-06-14,2006,KSA,TUN,1,0,0.2,0.1111111111111111,0.0888888888888889,0.1,0.3333333333333333,-0.2333333333333333,0.7,0.5555555555555556,0.14444444444444438,2.5,1.2222222222222223,1.2777777777777777,3.0,3.0,0.0,10.0,9.0,1.0,0.0,0.0,0.0,0.0,0.0,0.0,0.0,0.0,0.0,64.0,32.0,32.0,2.943920288775949,6.97614984548545,-4.032229556709501,1.0,1.0,0.0,1.3,43.599999999999994,-42.3,24.5531914893617,26.19607843137255,-1.642886942010847,0.0,0.0,0.0,,,,,,,,0.358974358974359,,0.0,0.0,0.0
2006-06-15,2006,ECU,CRC,2,0,0.5,0.375,0.125,0.0,0.125,-0.125,1.0,1.375,-0.375,1.0,2.0,-1.0,2.0,3.0,-1.0,4.0,8.0,-4.0,0.0,0.0,0.0,0.0,0.0,0.0,0.0,0.0,0.0,30.0,,,0.9428090415820634,,,1.0,0.0,1.0,9.5,,,25.024390243902438,,,0.0,0.0,0.0,,,,0.16666666666666666,0.375,-0.20833333333333334,,,,0.0,0.0,0.0
2006-06-15,2006,ENG,TTO,2,0,0.45098039215686275,0.0,0.45098039215686275,0.29411764705882354,1.0,-0.7058823529411764,1.3529411764705883,0.0,1.3529411764705883,0.8823529411764706,0.0,0.8823529411764706,12.0,1.0,11.0,51.0,1.0,50.0,0.16666666666666666,0.0,0.16666666666666666,0.08333333333333333,0.0,0.08333333333333333,1.0,0.0,1.0,5.0,,,0.4714045207910317,,,1.0,0.0,1.0,440.1,,,24.342105263157894,,,0.2222222222222222,,,0.30434782608695654,,,,,,,,,0.0,0.0,0.0
2006-06-15,2006,CRC,ECU,0,0,0.375,0.5,-0.125,0.125,0.0,0.125,1.375,1.0,0.375,2.0,1.0,1.0,3.0,2.0,1.0,8.0,4.0,4.0,0.0,0.0,0.0,0.0,0.0,0.0,0.0,0.0,0.0,,30.0,,,0.9428090415820634,,0.0,1.0,-1.0,,9.5,,,25.024390243902438,,0.0,0.0,0.0,,,,0.375,0.16666666666666666,0.20833333333333334,,,,0.0,0.0,0.0
2006-06-15,2006,SWE,PAR,2,0,0.34210526315789475,0.2222222222222222,0.11988304093567254,0.3157894736842105,0.3888888888888889,-0.07309941520467839,1.4736842105263157,1.3333333333333333,0.14035087719298245,1.368421052631579,1.7777777777777777,-0.4093567251461987,9.0,6.0,3.0,38.0,18.0,20.0,0.2222222222222222,0.0,0.2222222222222222,0.1111111111111111,0.0,0.1111111111111111,0.0,0.0,0.0,14.0,35.0,-21.0,2.6246692913372702,3.7712361663282534,-1.1465668749909832,1.0,1.0,0.0,132.9,24.150000000000002,108.75,26.227272727272727,25.67391304347826,0.553359683794465,0.0,0.14285714285714285,-0.14285714285714285,0.2727272727272727,,,,0.2857142857142857,,,,,0.0,0.0,0.0
2006-06-15,2006,PAR,SWE,0,0,0.2222222222222222,0.34210526315789475,-0.11988304093567254,0.3888888888888889,0.3157894736842105,0.07309941520467839,1.3333333333333333,1.4736842105263157,-0.14035087719298245,1.7777777777777777,1.368421052631579,0.4093567251461987,6.0,9.0,-3.0,18.0,38.0,-20.0,0.0,0.2222222222222222,-0.2222222222222222,0.0,0.1111111111111111,-0.1111111111111111,0.0,0.0,0.0,35.0,14.0,21.0,3.7712361663282534,2.6246692913372702,1.1465668749909832,1.0,1.0,0.0,24.150000000000002,132.9,-108.75,25.67391304347826,26.227272727272727,-0.553359683794465,0.14285714285714285,0.0,0.14285714285714285,,0.2727272727272727,,0.2857142857142857,,,,,,0.0,0.0,0.0
2006-06-15,2006,TTO,ENG,0,0,0.0,0.45098039215686275,-0.45098039215686275,1.0,0.29411764705882354,0.7058823529411764,0.0,1.3529411764705883,-1.3529411764705883,0.0,0.8823529411764706,-0.8823529411764706,1.0,12.0,-11.0,1.0,51.0,-50.0,0.0,0.16666666666666666,-0.16666666666666666,0.0,0.08333333333333333,-0.08333333333333333,0.0,1.0,-1.0,,5.0,,,0.4714045207910317,,0.0,1.0,-1.0,,440.1,,,24.342105263157894,,,0.2222222222222222,,,0.30434782608695654,,,,,,,,0.0,0.0,0.0
2006-06-16,2006,ARG,SRB,2,0,0.4909090909090909,0.4,0.09090909090909088,0.2,0.2,0.0,1.5272727272727273,1.0,0.5272727272727273,1.0909090909090908,1.0,0.09090909090909083,12.0,2.0,10.0,55.0,5.0,50.0,0.25,0.0,0.25,0.25,0.0,0.25,2.0,0.0,2.0,3.0,,,0.816496580927726,,,1.0,0.0,1.0,250.5,,,25.228571428571428,,,0.2,0.0,0.2,,,,0.6666666666666666,,,,,,0.0,0.0,0.0
2006-06-16,2006,SRB,ARG,0,0,0.4,0.4909090909090909,-0.09090909090909088,0.2,0.2,0.0,1.0,1.5272727272727273,-0.5272727272727273,1.0,1.0909090909090908,-0.09090909090909083,2.0,12.0,-10.0,5.0,55.0,-50.0,0.0,0.25,-0.25,0.0,0.25,-0.25,0.0,2.0,-2.0,,3.0,,,0.816496580927726,,0.0,1.0,-1.0,,250.5,,,25.228571428571428,,0.0,0.2,-0.2,,,,,0.6666666666666666,,,,,0.0,0.0,0.0
2006-06-16,2006,NED,CIV,2,0,0.4838709677419355,0.0,0.4838709677419355,0.2903225806451613,0.0,0.2903225806451613,1.7741935483870968,1.0,0.7741935483870968,0.967741935483871,2.0,-1.032258064516129,6.0,1.0,5.0,31.0,1.0,30.0,0.5,0.0,0.5,0.3333333333333333,0.0,0.3333333333333333,0.0,0.0,0.0,7.0,18.0,-11.0,1.247219128924647,13.695092389449425,-12.447873260524778,1.0,1.0,0.0,236.72,175.75,60.97,25.135135135135137,26.393939393939394,-1.2588042588042576,0.3333333333333333,0.0,0.3333333333333333,0.4642857142857143,,,,,,,0.35185185185185186,,0.0,0.0,0.0
2006-06-16,2006,MEX,ANG,1,0,0.28205128205128205,0.0,0.28205128205128205,0.28205128205128205,0.0,0.28205128205128205,1.0769230769230769,0.0,1.0769230769230769,1.7179487179487178,1.0,0.7179487179487178,12.0,1.0,11.0,39.0,1.0,38.0,0.0,0.0,0.0,0.0,0.0,0.0,0.0,0.0,0.0,20.0,,,0.9428090415820634,,,1.0,0.0,1.0,44.2,,,26.0,,,0.3333333333333333,0.0,0.3333333333333333,,,,0.5,,,,0.1111111111111111,,0.0,0.0,0.0
2006-06-16,2006,ANG,MEX,1,0,0.0,0.28205128205128205,-0.28205128205128205,0.0,0.28205128205128205,-0.28205128205128205,0.0,1.0769230769230769,-1.0769230769230769,1.0,1.7179487179487178,-0.7179487179487178,1.0,12.0,-11.0,1.0,39.0,-38.0,0.0,0.0,0.0,0.0,0.0,0.0,0.0,0.0,0.0,,20.0,,,0.9428090415820634,,0.0,1.0,-1.0,,44.2,,,26.0,,0.0,0.3333333333333333,-0.3333333333333333,,,,,0.5,,0.1111111111111111,,,0.0,0.0,0.0
2006-06-16,2006,CIV,NED,0,0,0.0,0.4838709677419355,-0.4838709677419355,0.0,0.2903225806451613,-0.2903225806451613,1.0,1.7741935483870968,-0.7741935483870968,2.0,0.967741935483871,1.032258064516129,1.0,6.0,-5.0,1.0,31.0,-30.0,0.0,0.5,-0.5,0.0,0.3333333333333333,-0.3333333333333333,0.0,0.0,0.0,18.0,7.0,11.0,13.695092389449425,1.247219128924647,12.447873260524778,1.0,1.0,0.0,175.75,236.72,-60.97,26.393939393939394,25.135135135135137,1.2588042588042576,0.0,0.3333333333333333,-0.3333333333333333,,0.4642857142857143,,,,,0.35185185185185186,,,0.0,0.0,0.0
2006-06-17,2006,POR,IRN,2,0,0.6153846153846154,0.14285714285714285,0.47252747252747257,0.0,0.14285714285714285,-0.14285714285714285,2.0,0.7142857142857143,1.2857142857142856,1.2307692307692308,2.142857142857143,-0.912087912087912,4.0,3.0,1.0,13.0,7.0,6.0,0.25,0.0,0.25,0.0,0.0,0.0,0.0,0.0,0.0,8.0,38.0,-30.0,3.559026084010437,4.0276819911981905,-0.4686559071877534,1.0,1.0,0.0,282.9,26.55,256.34999999999997,26.058823529411764,25.4375,0.6213235294117645,0.2857142857142857,0.0,0.2857142857142857,0.5263157894736842,,,,,,,,,0.0,0.0,0.0
2006-06-17,2006,IRN,POR,0,0,0.14285714285714285,0.6153846153846154,-0.47252747252747257,0.14285714285714285,0.0,0.14285714285714285,0.7142857142857143,2.0,-1.2857142857142856,2.142857142857143,1.2307692307692308,0.912087912087912,3.0,4.0,-1.0,7.0,13.0,-6.0,0.0,0.25,-0.25,0.0,0.0,0.0,0.0,0.0,0.0,38.0,8.0,30.0,4.0276819911981905,3.559026084010437,0.4686559071877534,1.0,1.0,0.0,26.55,282.9,-256.34999999999997,25.4375,26.058823529411764,-0.6213235294117645,0.0,0.2857142857142857,-0.2857142857142857,,0.5263157894736842,,,,,,,,0.0,0.0,0.0
2006-06-17,2006,ITA,USA,1,0,0.5161290322580645,0.21052631578947367,0.30560271646859083,0.25806451612903225,0.10526315789473684,0.15280135823429541,1.435483870967742,0.8947368421052632,0.5407470288624788,0.9516129032258065,1.8421052631578947,-0.8904923599320882,14.0,6.0,8.0,62.0,19.0,43.0,0.35714285714285715,0.0,0.35714285714285715,0.21428571428571427,0.0,0.21428571428571427,3.0,0.0,3.0,2.0,31.0,-29.0,0.9428090415820634,1.4142135623730951,-0.4714045207910318,1.0,1.0,0.0,,39.7,,,26.081632653061224,,0.2,0.16666666666666666,0.033333333333333354,0.43478260869565216,,,,,,,,,0.0,0.0,0.0
2006-06-17,2006,USA,ITA,1,0,0.21052631578947367,0.5161290322580645,-0.30560271646859083,0.10526315789473684,0.25806451612903225,-0.15280135823429541,0.8947368421052632,1.435483870967742,-0.5407470288624788,1.8421052631578947,0.9516129032258065,0.8904923599320882,6.0,14.0,-8.0,19.0,62.0,-43.0,0.0,0.35714285714285715,-0.35714285714285715,0.0,0.21428571428571427,-0.21428571428571427,0.0,3.0,-3.0,31.0,2.0,29.0,1.4142135623730951,0.9428090415820634,0.4714045207910318,1.0,1.0,0.0,39.7,,,26.081632653061224,,,0.16666666666666666,0.2,-0.033333333333333354,,0.43478260869565216,,,,,,,,0.0,0.0,0.0
2006-06-17,2006,CZE,GHA,0,0,0.3333333333333333,0.0,0.3333333333333333,0.16666666666666666,0.0,0.16666666666666666,1.375,0.0,1.375,1.5,2.0,-0.5,7.0,1.0,6.0,24.0,1.0,23.0,0.14285714285714285,0.0,0.14285714285714285,0.14285714285714285,0.0,0.14285714285714285,0.0,0.0,0.0,10.0,28.0,-18.0,1.632993161855452,12.970050972229146,-11.337057810373693,1.0,1.0,0.0,151.5,64.35,87.15,26.92105263157895,24.023255813953487,2.897796817625462,0.2857142857142857,0.0,0.2857142857142857,0.5,,,,,,,0.4897959183673469,,0.0,0.0,0.0
2006-06-17,2006,GHA,CZE,2,0,0.0,0.3333333333333333,-0.3333333333333333,0.0,0.16666666666666666,-0.16666666666666666,0.0,1.375,-1.375,2.0,1.5,0.5,1.0,7.0,-6.0,1.0,24.0,-23.0,0.0,0.14285714285714285,-0.14285714285714285,0.0,0.14285714285714285,-0.14285714285714285,0.0,0.0,0.0,28.0,10.0,18.0,12.970050972229146,1.632993161855452,11.337057810373693,1.0,1.0,0.0,64.35,151.5,-87.15,24.023255813953487,26.92105263157895,-2.897796817625462,0.0,0.2857142857142857,-0.2857142857142857,,0.5,,,,,0.4897959183673469,,,0.0,0.0,0.0
2006-06-18,2006,JPN,CRO,1,0,0.25,0.5454545454545454,-0.2954545454545454,0.125,0.0,0.125,0.875,1.1818181818181819,-0.3068181818181819,1.25,0.8181818181818182,0.43181818181818177,3.0,3.0,0.0,8.0,11.0,-3.0,0.0,0.3333333333333333,-0.3333333333333333,0.0,0.0,0.0,0.0,0.0,0.0,47.0,15.0,32.0,6.182412330330469,1.4142135623730951,4.768198767957374,1.0,1.0,0.0,48.800000000000004,115.14999999999999,-66.35,25.120689655172413,25.77777777777778,-0.6570881226053658,0.0,0.2222222222222222,-0.2222222222222222,,0.2857142857142857,,,,,,,,0.0,0.0,0.0
2006-06-18,2006,CRO,JPN,1,0,0.5454545454545454,0.25,0.2954545454545454,0.0,0.125,-0.125,1.1818181818181819,0.875,0.3068181818181819,0.8181818181818182,1.25,-0.43181818181818177,3.0,3.0,0.0,11.0,8.0,3.0,0.3333333333333333,0.0,0.3333333333333333,0.0,0.0,0.0,0.0,0.0,0.0,15.0,47.0,-32.0,1.4142135623730951,6.182412330330469,-4.768198767957374,1.0,1.0,0.0,115.14999999999999,48.800000000000004,66.35,25.77777777777778,25.120689655172413,0.6570881226053658,0.2222222222222222,0.0,0.2222222222222222,0.2857142857142857,,,,,,,,,0.0,0.0,0.0
2006-06-18,2006,BRA,AUS,2,0,0.7125,0.25,0.4625,0.1625,0.25,-0.0875,2.15,0.75,1.4,0.825,1.5,-0.675,15.0,2.0,13.0,80.0,4.0,76.0,0.5333333333333333,0.0,0.5333333333333333,0.4,0.0,0.4,5.0,0.0,5.0,1.0,39.0,-38.0,0.0,14.2672897060218,-14.2672897060218,1.0,1.0,0.0,464.0,68.63,395.37,25.488888888888887,25.946428571428573,-0.4575396825396858,0.5833333333333334,,,,,,0.5,,,,,,0.0,0.0,0.0
2006-06-18,2006,FRA,KOR,1,0,0.48717948717948717,0.18181818181818182,0.30536130536130535,0.20512820512820512,0.2727272727272727,-0.06759906759906759,1.9487179487179487,0.9545454545454546,0.9941724941724941,1.3076923076923077,2.272727272727273,-0.9650349650349652,9.0,7.0,2.0,39.0,22.0,17.0,0.4444444444444444,0.14285714285714285,0.30158730158730157,0.1111111111111111,0.0,0.1111111111111111,1.0,0.0,1.0,4.0,51.0,-47.0,1.4142135623730951,3.299831645537222,-1.885618083164127,1.0,1.0,0.0,350.9,28.5,322.4,26.78787878787879,24.02173913043478,2.7661396574440076,0.4166666666666667,0.0,0.4166666666666667,0.44,,,,,,,,,0.0,0.0,0.0
2006-06-18,2006,KOR,FRA,1,0,0.18181818181818182,0.48717948717948717,-0.30536130536130535,0.2727272727272727,0.20512820512820512,0.06759906759906759,0.9545454545454546,1.9487179487179487,-0.9941724941724941,2.272727272727273,1.3076923076923077,0.9650349650349652,7.0,9.0,-2.0,22.0,39.0,-17.0,0.14285714285714285,0.4444444444444444,-0.30158730158730157,0.0,0.1111111111111111,-0.1111111111111111,0.0,1.0,-1.0,51.0,4.0,47.0,3.299831645537222,1.4142135623730951,1.885618083164127,1.0,1.0,0.0,28.5,350.9,-322.4,24.02173913043478,26.78787878787879,-2.7661396574440076,0.0,0.4166666666666667,-0.4166666666666667,,0.44,,,,,,,,0.0,0.0,0.0
2006-06-18,2006,AUS,BRA,0,0,0.25,0.7125,-0.4625,0.25,0.1625,0.0875,0.75,2.15,-1.4,1.5,0.825,0.675,2.0,15.0,-13.0,4.0,80.0,-76.0,0.0,0.5333333333333333,-0.5333333333333333,0.0,0.4,-0.4,0.0,5.0,-5.0,39.0,1.0,38.0,14.2672897060218,0.0,14.2672897060218,1.0,1.0,0.0,68.63,464.0,-395.37,25.946428571428573,25.488888888888887,0.4575396825396858,,0.5833333333333334,,,,,,0.5,,,,,0.0,0.0,0.0
2006-06-19,2006,TOG,SUI,0,0,0.0,0.2222222222222222,-0.2222222222222222,0.0,0.16666666666666666,-0.16666666666666666,1.0,1.2777777777777777,-0.2777777777777777,2.0,2.2777777777777777,-0.2777777777777777,1.0,6.0,-5.0,1.0,18.0,-17.0,0.0,0.0,0.0,0.0,0.0,0.0,0.0,0.0,0.0,,17.0,,,6.548960901462833,,0.0,1.0,-1.0,,69.54999999999998,,,24.2,,,0.0,,,0.0,,,,,0.1111111111111111,,,0.0,0.0,0.0
2006-06-19,2006,ESP,TUN,2,0,0.4418604651162791,0.1,0.3418604651162791,0.2558139534883721,0.4,-0.14418604651162792,1.6511627906976745,0.7,0.9511627906976745,1.1627906976744187,1.3,-0.13720930232558137,11.0,4.0,7.0,43.0,10.0,33.0,0.0,0.0,0.0,0.0,0.0,0.0,0.0,0.0,0.0,12.0,32.0,-20.0,0.9428090415820634,6.97614984548545,-6.0333408039033865,1.0,1.0,0.0,358.9,43.599999999999994,315.29999999999995,25.12121212121212,26.19607843137255,-1.0748663101604272,0.16666666666666666,0.0,0.16666666666666666,0.2916666666666667,,,,,,,0.358974358974359,,0.0,0.0,0.0
2006-06-19,2006,TUN,ESP,0,0,0.1,0.4418604651162791,-0.3418604651162791,0.4,0.2558139534883721,0.14418604651162792,0.7,1.6511627906976745,-0.9511627906976745,1.3,1.1627906976744187,0.13720930232558137,4.0,11.0,-7.0,10.0,43.0,-33.0,0.0,0.0,0.0,0.0,0.0,0.0,0.0,0.0,0.0,32.0,12.0,20.0,6.97614984548545,0.9428090415820634,6.0333408039033865,1.0,1.0,0.0,43.599999999999994,358.9,-315.29999999999995,26.19607843137255,25.12121212121212,1.0748663101604272,0.0,0.16666666666666666,-0.16666666666666666,,0.2916666666666667,,,,,0.358974358974359,,,0.0,0.0,0.0
2006-06-19,2006,KSA,UKR,0,0,0.18181818181818182,0.0,0.18181818181818182,0.18181818181818182,0.0,0.18181818181818182,0.8181818181818182,0.0,0.8181818181818182,2.4545454545454546,4.0,-1.5454545454545454,4.0,1.0,3.0,11.0,1.0,10.0,0.0,0.0,0.0,0.0,0.0,0.0,0.0,0.0,0.0,64.0,13.0,51.0,2.943920288775949,8.806563209081938,-5.862642920305989,1.0,1.0,0.0,1.3,,,24.5531914893617,,,0.0,,,,,,,,,,,,0.0,0.0,0.0
2006-06-19,2006,UKR,KSA,2,0,0.0,0.18181818181818182,-0.18181818181818182,0.0,0.18181818181818182,-0.18181818181818182,0.0,0.8181818181818182,-0.8181818181818182,4.0,2.4545454545454546,1.5454545454545454,1.0,4.0,-3.0,1.0,11.0,-10.0,0.0,0.0,0.0,0.0,0.0,0.0,0.0,0.0,0.0,13.0,64.0,-51.0,8.806563209081938,2.943920288775949,5.862642920305989,1.0,1.0,0.0,,1.3,,,24.5531914893617,,,0.0,,,,,,,,,,,0.0,0.0,0.0
2006-06-19,2006,SUI,TOG,2,0,0.2222222222222222,0.0,0.2222222222222222,0.16666666666666666,0.0,0.16666666666666666,1.2777777777777777,1.0,0.2777777777777777,2.2777777777777777,2.0,0.2777777777777777,6.0,1.0,5.0,18.0,1.0,17.0,0.0,0.0,0.0,0.0,0.0,0.0,0.0,0.0,0.0,17.0,,,6.548960901462833,,,1.0,0.0,1.0,69.54999999999998,,,24.2,,,0.0,,,0.0,,,,,,,0.1111111111111111,,0.0,0.0,0.0
2006-06-20,2006,CRC,POL,0,0,0.3333333333333333,0.4827586206896552,-0.14942528735632188,0.1111111111111111,0.1724137931034483,-0.06130268199233718,1.2222222222222223,1.2758620689655173,-0.05363984674329503,2.111111111111111,1.1379310344827587,0.9731800766283525,3.0,6.0,-3.0,9.0,29.0,-20.0,0.0,0.3333333333333333,-0.3333333333333333,0.0,0.0,0.0,0.0,0.0,0.0,,24.0,,,1.4142135623730951,,0.0,1.0,-1.0,,,,,,,0.0,0.5,-0.5,,,,0.375,,,,,,0.0,0.0,0.0
2006-06-20,2006,POL,CRC,2,0,0.4827586206896552,0.3333333333333333,0.14942528735632188,0.1724137931034483,0.1111111111111111,0.06130268199233718,1.2758620689655173,1.2222222222222223,0.05363984674329503,1.1379310344827587,2.111111111111111,-0.9731800766283525,6.0,3.0,3.0,29.0,9.0,20.0,0.3333333333333333,0.0,0.3333333333333333,0.0,0.0,0.0,0.0,0.0,0.0,24.0,,,1.4142135623730951,,,1.0,0.0,1.0,,,,,,,0.5,0.0,0.5,,,,,0.375,,,,,0.0,0.0,0.0
2006-06-20,2006,ECU,GER,0,0,0.6,0.6049382716049383,-0.004938271604938316,0.0,0.20987654320987653,-0.20987654320987653,1.4,2.0617283950617282,-0.6617283950617283,0.8,1.1728395061728396,-0.37283950617283956,2.0,14.0,-12.0,5.0,81.0,-76.0,0.0,0.6428571428571429,-0.6428571428571429,0.0,0.5,-0.5,0.0,3.0,-3.0,30.0,6.0,24.0,0.9428090415820634,2.8674417556808756,-1.9246327140988122,1.0,1.0,0.0,9.5,203.45,-193.95,25.024390243902438,25.5,-0.47560975609756184,0.0,0.2727272727272727,-0.2727272727272727,,0.29411764705882354,,0.16666666666666666,,,,,,0.0,1.0,-1.0
2006-06-20,2006,GER,ECU,2,0,0.6049382716049383,0.6,0.004938271604938316,0.20987654320987653,0.0,0.20987654320987653,2.0617283950617282,1.4,0.6617283950617283,1.1728395061728396,0.8,0.37283950617283956,14.0,2.0,12.0,81.0,5.0,76.0,0.6428571428571429,0.0,0.6428571428571429,0.5,0.0,0.5,3.0,0.0,3.0,6.0,30.0,-24.0,2.8674417556808756,0.9428090415820634,1.9246327140988122,1.0,1.0,0.0,203.45,9.5,193.95,25.5,25.024390243902438,0.47560975609756184,0.2727272727272727,0.0,0.2727272727272727,0.29411764705882354,,,,0.16666666666666666,,,,,1.0,0.0,1.0
2006-06-20,2006,PAR,TTO,2,0,0.21052631578947367,0.0,0.21052631578947367,0.3684210526315789,0.5,-0.13157894736842107,1.263157894736842,0.0,1.263157894736842,1.736842105263158,1.0,0.736842105263158,6.0,1.0,5.0,19.0,2.0,17.0,0.0,0.0,0.0,0.0,0.0,0.0,0.0,0.0,0.0,35.0,,,3.7712361663282534,,,1.0,0.0,1.0,24.150000000000002,,,25.67391304347826,,,0.14285714285714285,0.0,0.14285714285714285,,,,0.2857142857142857,,,,,,0.0,0.0,0.0
2006-06-20,2006,TTO,PAR,0,0,0.0,0.21052631578947367,-0.21052631578947367,0.5,0.3684210526315789,0.13157894736842107,0.0,1.263157894736842,-1.263157894736842,1.0,1.736842105263158,-0.736842105263158,1.0,6.0,-5.0,2.0,19.0,-17.0,0.0,0.0,0.0,0.0,0.0,0.0,0.0,0.0,0.0,,35.0,,,3.7712361663282534,,0.0,1.0,-1.0,,24.150000000000002,,,25.67391304347826,,0.0,0.14285714285714285,-0.14285714285714285,,,,,0.2857142857142857,,,,,0.0,0.0,0.0
2006-06-20,2006,SWE,ENG,1,0,0.358974358974359,0.46153846153846156,-0.10256410256410259,0.3076923076923077,0.28846153846153844,0.019230769230769273,1.4615384615384615,1.3653846153846154,0.09615384615384603,1.3333333333333333,0.8653846153846154,0.46794871794871784,9.0,12.0,-3.0,39.0,52.0,-13.0,0.2222222222222222,0.16666666666666666,0.05555555555555555,0.1111111111111111,0.08333333333333333,0.027777777777777776,0.0,1.0,-1.0,14.0,5.0,9.0,2.6246692913372702,0.4714045207910317,2.1532647705462384,1.0,1.0,0.0,132.9,440.1,-307.20000000000005,26.227272727272727,24.342105263157894,1.8851674641148328,0.0,0.2222222222222222,-0.2222222222222222,0.2727272727272727,0.30434782608695654,-0.031620553359683834,,,,,,,0.0,0.0,0.0
2006-06-20,2006,ENG,SWE,1,0,0.46153846153846156,0.358974358974359,0.10256410256410259,0.28846153846153844,0.3076923076923077,-0.019230769230769273,1.3653846153846154,1.4615384615384615,-0.09615384615384603,0.8653846153846154,1.3333333333333333,-0.46794871794871784,12.0,9.0,3.0,52.0,39.0,13.0,0.16666666666666666,0.2222222222222222,-0.05555555555555555,0.08333333333333333,0.1111111111111111,-0.027777777777777776,1.0,0.0,1.0,5.0,14.0,-9.0,0.4714045207910317,2.6246692913372702,-2.1532647705462384,1.0,1.0,0.0,440.1,132.9,307.20000000000005,24.342105263157894,26.227272727272727,-1.8851674641148328,0.2222222222222222,0.0,0.2222222222222222,0.30434782608695654,0.2727272727272727,0.031620553359683834,,,,,,,0.0,0.0,0.0
2006-06-21,2006,CIV,SRB,2,0,0.0,0.3333333333333333,-0.3333333333333333,0.0,0.16666666666666666,-0.16666666666666666,1.0,0.8333333333333334,0.16666666666666663,2.0,1.8333333333333333,0.16666666666666674,1.0,2.0,-1.0,2.0,6.0,-4.0,0.0,0.0,0.0,0.0,0.0,0.0,0.0,0.0,0.0,18.0,,,13.695092389449425,,,1.0,0.0,1.0,175.75,,,26.393939393939394,,,0.0,0.0,0.0,,,,,,,0.35185185185185186,,,0.0,0.0,0.0
2006-06-21,2006,NED,ARG,1,0,0.5,0.5,0.0,0.28125,0.19642857142857142,0.08482142857142858,1.78125,1.6071428571428572,0.1741071428571428,0.96875,1.0714285714285714,-0.1026785714285714,6.0,12.0,-6.0,32.0,56.0,-24.0,0.5,0.25,0.25,0.3333333333333333,0.25,0.08333333333333331,0.0,2.0,-2.0,7.0,3.0,4.0,1.247219128924647,0.816496580927726,0.430722547996921,1.0,1.0,0.0,236.72,250.5,-13.780000000000001,25.135135135135137,25.228571428571428,-0.0934362934362909,0.3333333333333333,0.2,0.1333333333333333,0.4642857142857143,,,,0.6666666666666666,,,,,0.0,0.0,0.0
2006-06-21,2006,ARG,NED,1,0,0.5,0.5,0.0,0.19642857142857142,0.28125,-0.08482142857142858,1.6071428571428572,1.78125,-0.1741071428571428,1.0714285714285714,0.96875,0.1026785714285714,12.0,6.0,6.0,56.0,32.0,24.0,0.25,0.5,-0.25,0.25,0.3333333333333333,-0.08333333333333331,2.0,0.0,2.0,3.0,7.0,-4.0,0.816496580927726,1.247219128924647,-0.430722547996921,1.0,1.0,0.0,250.5,236.72,13.780000000000001,25.228571428571428,25.135135135135137,0.0934362934362909,0.2,0.3333333333333333,-0.1333333333333333,,0.4642857142857143,,0.6666666666666666,,,,,,0.0,0.0,0.0
2006-06-21,2006,SRB,CIV,0,0,0.3333333333333333,0.0,0.3333333333333333,0.16666666666666666,0.0,0.16666666666666666,0.8333333333333334,1.0,-0.16666666666666663,1.8333333333333333,2.0,-0.16666666666666674,2.0,1.0,1.0,6.0,2.0,4.0,0.0,0.0,0.0,0.0,0.0,0.0,0.0,0.0,0.0,,18.0,,,13.695092389449425,,0.0,1.0,-1.0,,175.75,,,26.393939393939394,,0.0,0.0,0.0,,,,,,,,0.35185185185185186,,0.0,0.0,0.0
2006-06-21,2006,IRN,ANG,1,0,0.125,0.0,0.125,0.125,0.5,-0.375,0.625,0.0,0.625,2.125,0.5,1.625,3.0,1.0,2.0,8.0,2.0,6.0,0.0,0.0,0.0,0.0,0.0,0.0,0.0,0.0,0.0,38.0,,,4.0276819911981905,,,1.0,0.0,1.0,26.55,,,25.4375,,,0.0,0.0,0.0,,,,,,,,0.1111111111111111,,0.0,0.0,0.0
2006-06-21,2006,POR,MEX,2,0,0.6428571428571429,0.275,0.3678571428571429,0.0,0.3,-0.3,2.0,1.05,0.95,1.1428571428571428,1.675,-0.5321428571428573,4.0,12.0,-8.0,14.0,40.0,-26.0,0.25,0.0,0.25,0.0,0.0,0.0,0.0,0.0,0.0,8.0,20.0,-12.0,3.559026084010437,0.9428090415820634,2.6162170424283735,1.0,1.0,0.0,282.9,44.2,238.7,26.058823529411764,26.0,0.0588235294117645,0.2857142857142857,0.3333333333333333,-0.047619047619047616,0.5263157894736842,,,,0.5,,,,,0.0,0.0,0.0
2006-06-21,2006,MEX,POR,0,0,0.275,0.6428571428571429,-0.3678571428571429,0.3,0.0,0.3,1.05,2.0,-0.95,1.675,1.1428571428571428,0.5321428571428573,12.0,4.0,8.0,40.0,14.0,26.0,0.0,0.25,-0.25,0.0,0.0,0.0,0.0,0.0,0.0,20.0,8.0,12.0,0.9428090415820634,3.559026084010437,-2.6162170424283735,1.0,1.0,0.0,44.2,282.9,-238.7,26.0,26.058823529411764,-0.0588235294117645,0.3333333333333333,0.2857142857142857,0.047619047619047616,,0.5263157894736842,,0.5,,,,,,0.0,0.0,0.0
2006-06-21,2006,ANG,IRN,1,0,0.0,0.125,-0.125,0.5,0.125,0.375,0.0,0.625,-0.625,0.5,2.125,-1.625,1.0,3.0,-2.0,2.0,8.0,-6.0,0.0,0.0,0.0,0.0,0.0,0.0,0.0,0.0,0.0,,38.0,,,4.0276819911981905,,0.0,1.0,-1.0,,26.55,,,25.4375,,0.0,0.0,0.0,,,,,,,0.1111111111111111,,,0.0,0.0,0.0
2006-06-22,2006,CRO,AUS,1,0,0.5,0.2,0.3,0.08333333333333333,0.2,-0.11666666666666668,1.0833333333333333,0.6,0.4833333333333333,0.75,1.6,-0.8500000000000001,3.0,2.0,1.0,12.0,5.0,7.0,0.3333333333333333,0.0,0.3333333333333333,0.0,0.0,0.0,0.0,0.0,0.0,15.0,39.0,-24.0,1.4142135623730951,14.2672897060218,-12.853076143648703,1.0,1.0,0.0,115.14999999999999,68.63,46.519999999999996,25.77777777777778,25.946428571428573,-0.16865079365079438,0.2222222222222222,0.0,0.2222222222222222,0.2857142857142857,,,,,,,,,0.0,0.0,0.0
2006-06-22,2006,AUS,CRO,1,0,0.2,0.5,-0.3,0.2,0.08333333333333333,0.11666666666666668,0.6,1.0833333333333333,-0.4833333333333333,1.6,0.75,0.8500000000000001,2.0,3.0,-1.0,5.0,12.0,-7.0,0.0,0.3333333333333333,-0.3333333333333333,0.0,0.0,0.0,0.0,0.0,0.0,39.0,15.0,24.0,14.2672897060218,1.4142135623730951,12.853076143648703,1.0,1.0,0.0,68.63,115.14999999999999,-46.519999999999996,25.946428571428573,25.77777777777778,0.16865079365079438,0.0,0.2222222222222222,-0.2222222222222222,,0.2857142857142857,,,,,,,,0.0,0.0,0.0
2006-06-22,2006,JPN,BRA,0,0,0.2222222222222222,0.7160493827160493,-0.49382716049382713,0.2222222222222222,0.16049382716049382,0.06172839506172839,0.7777777777777778,2.1481481481481484,-1.3703703703703707,1.1111111111111112,0.8148148148148148,0.2962962962962964,3.0,15.0,-12.0,9.0,81.0,-72.0,0.0,0.5333333333333333,-0.5333333333333333,0.0,0.4,-0.4,0.0,5.0,-5.0,47.0,1.0,46.0,6.182412330330469,0.0,6.182412330330469,1.0,1.0,0.0,48.800000000000004,464.0,-415.2,25.120689655172413,25.488888888888887,-0.36819923371647434,0.0,0.5833333333333334,-0.5833333333333334,,,,,0.5,,,,,0.0,0.0,0.0
2006-06-22,2006,BRA,JPN,2,0,0.7160493827160493,0.2222222222222222,0.49382716049382713,0.16049382716049382,0.2222222222222222,-0.06172839506172839,2.1481481481481484,0.7777777777777778,1.3703703703703707,0.8148148148148148,1.1111111111111112,-0.2962962962962964,15.0,3.0,12.0,81.0,9.0,72.0,0.5333333333333333,0.0,0.5333333333333333,0.4,0.0,0.4,5.0,0.0,5.0,1.0,47.0,-46.0,0.0,6.182412330330469,-6.182412330330469,1.0,1.0,0.0,464.0,48.800000000000004,415.2,25.488888888888887,25.120689655172413,0.36819923371647434,0.5833333333333334,0.0,0.5833333333333334,,,,0.5,,,,,,0.0,0.0,0.0
2006-06-22,2006,CZE,ITA,0,0,0.32,0.5079365079365079,-0.1879365079365079,0.16,0.2698412698412698,-0.10984126984126982,1.32,1.4285714285714286,-0.10857142857142854,1.52,0.9523809523809523,0.5676190476190477,7.0,14.0,-7.0,25.0,63.0,-38.0,0.14285714285714285,0.35714285714285715,-0.2142857142857143,0.14285714285714285,0.21428571428571427,-0.07142857142857142,0.0,3.0,-3.0,10.0,2.0,8.0,1.632993161855452,0.9428090415820634,0.6901841202733887,1.0,1.0,0.0,151.5,,,26.92105263157895,,,0.2857142857142857,0.2,0.08571428571428569,0.5,0.43478260869565216,0.06521739130434784,,,,,,,0.0,0.0,0.0
2006-06-22,2006,ITA,CZE,2,0,0.5079365079365079,0.32,0.1879365079365079,0.2698412698412698,0.16,0.10984126984126982,1.4285714285714286,1.32,0.10857142857142854,0.9523809523809523,1.52,-0.5676190476190477,14.0,7.0,7.0,63.0,25.0,38.0,0.35714285714285715,0.14285714285714285,0.2142857142857143,0.21428571428571427,0.14285714285714285,0.07142857142857142,3.0,0.0,3.0,2.0,10.0,-8.0,0.9428090415820634,1.632993161855452,-0.6901841202733887,1.0,1.0,0.0,,151.5,,,26.92105263157895,,0.2,0.2857142857142857,-0.08571428571428569,0.43478260869565216,0.5,-0.06521739130434784,,,,,,,0.0,0.0,0.0
2006-06-22,2006,GHA,USA,2,0,0.5,0.2,0.3,0.0,0.15,-0.15,1.0,0.9,0.09999999999999998,1.0,1.8,-0.8,1.0,6.0,-5.0,2.0,20.0,-18.0,0.0,0.0,0.0,0.0,0.0,0.0,0.0,0.0,0.0,28.0,31.0,-3.0,12.970050972229146,1.4142135623730951,11.55583740985605,1.0,1.0,0.0,64.35,39.7,24.64999999999999,24.023255813953487,26.081632653061224,-2.058376839107737,0.5,0.14285714285714285,0.35714285714285715,,,,,,,0.4897959183673469,,,0.0,0.0,0.0
2006-06-22,2006,USA,GHA,0,0,0.2,0.5,-0.3,0.15,0.0,0.15,0.9,1.0,-0.09999999999999998,1.8,1.0,0.8,6.0,1.0,5.0,20.0,2.0,18.0,0.0,0.0,0.0,0.0,0.0,0.0,0.0,0.0,0.0,31.0,28.0,3.0,1.4142135623730951,12.970050972229146,-11.55583740985605,1.0,1.0,0.0,39.7,64.35,-24.64999999999999,26.081632653061224,24.023255813953487,2.058376839107737,0.14285714285714285,0.5,-0.35714285714285715,,,,,,,,0.4897959183673469,,0.0,0.0,0.0
2006-06-23,2006,UKR,TUN,2,0,0.5,0.09090909090909091,0.40909090909090906,0.0,0.36363636363636365,-0.36363636363636365,2.0,0.7272727272727273,1.2727272727272727,2.0,1.4545454545454546,0.5454545454545454,1.0,4.0,-3.0,2.0,11.0,-9.0,0.0,0.0,0.0,0.0,0.0,0.0,0.0,0.0,0.0,13.0,32.0,-19.0,8.806563209081938,6.97614984548545,1.830413363596488,1.0,1.0,0.0,,43.599999999999994,,,26.19607843137255,,,0.0,,,,,,,,,0.358974358974359,,0.0,0.0,0.0
2006-06-23,2006,KSA,ESP,0,0,0.16666666666666666,0.45454545454545453,-0.28787878787878785,0.16666666666666666,0.25,-0.08333333333333334,0.75,1.6818181818181819,-0.9318181818181819,2.5833333333333335,1.1590909090909092,1.4242424242424243,4.0,11.0,-7.0,12.0,44.0,-32.0,0.0,0.0,0.0,0.0,0.0,0.0,0.0,0.0,0.0,64.0,12.0,52.0,2.943920288775949,0.9428090415820634,2.0011112471938857,1.0,1.0,0.0,1.3,358.9,-357.59999999999997,24.5531914893617,25.12121212121212,-0.5680206318504197,0.0,0.16666666666666666,-0.16666666666666666,,0.2916666666666667,,,,,,,,0.0,0.0,0.0
2006-06-23,2006,TUN,UKR,0,0,0.09090909090909091,0.5,-0.40909090909090906,0.36363636363636365,0.0,0.36363636363636365,0.7272727272727273,2.0,-1.2727272727272727,1.4545454545454546,2.0,-0.5454545454545454,4.0,1.0,3.0,11.0,2.0,9.0,0.0,0.0,0.0,0.0,0.0,0.0,0.0,0.0,0.0,32.0,13.0,19.0,6.97614984548545,8.806563209081938,-1.830413363596488,1.0,1.0,0.0,43.599999999999994,,,26.19607843137255,,,0.0,,,,,,,,,0.358974358974359,,,0.0,0.0,0.0
2006-06-23,2006,ESP,KSA,2,0,0.45454545454545453,0.16666666666666666,0.28787878787878785,0.25,0.16666666666666666,0.08333333333333334,1.6818181818181819,0.75,0.9318181818181819,1.1590909090909092,2.5833333333333335,-1.4242424242424243,11.0,4.0,7.0,44.0,12.0,32.0,0.0,0.0,0.0,0.0,0.0,0.0,0.0,0.0,0.0,12.0,64.0,-52.0,0.9428090415820634,2.943920288775949,-2.0011112471938857,1.0,1.0,0.0,358.9,1.3,357.59999999999997,25.12121212121212,24.5531914893617,0.5680206318504197,0.16666666666666666,0.0,0.16666666666666666,0.2916666666666667,,,,,,,,,0.0,0.0,0.0
2006-06-23,2006,TOG,FRA,0,0,0.0,0.475,-0.475,0.0,0.225,-0.225,0.5,1.925,-1.425,2.0,1.3,0.7,1.0,9.0,-8.0,2.0,40.0,-38.0,0.0,0.4444444444444444,-0.4444444444444444,0.0,0.1111111111111111,-0.1111111111111111,0.0,1.0,-1.0,,4.0,,,1.4142135623730951,,0.0,1.0,-1.0,,350.9,,,26.78787878787879,,,0.4166666666666667,,,0.44,,,,,0.1111111111111111,,,0.0,0.0,0.0
2006-06-23,2006,SUI,KOR,2,0,0.2631578947368421,0.17391304347826086,0.08924485125858123,0.15789473684210525,0.30434782608695654,-0.1464530892448513,1.3157894736842106,0.9565217391304348,0.3592677345537758,2.1578947368421053,2.217391304347826,-0.059496567505720854,6.0,7.0,-1.0,19.0,23.0,-4.0,0.0,0.14285714285714285,-0.14285714285714285,0.0,0.0,0.0,0.0,0.0,0.0,17.0,51.0,-34.0,6.548960901462833,3.299831645537222,3.2491292559256113,1.0,1.0,0.0,69.54999999999998,28.5,41.04999999999998,24.2,24.02173913043478,0.17826086956521792,0.0,0.0,0.0,0.0,,,,,,,,,0.0,0.0,0.0
2006-06-23,2006,KOR,SUI,0,0,0.17391304347826086,0.2631578947368421,-0.08924485125858123,0.30434782608695654,0.15789473684210525,0.1464530892448513,0.9565217391304348,1.3157894736842106,-0.3592677345537758,2.217391304347826,2.1578947368421053,0.059496567505720854,7.0,6.0,1.0,23.0,19.0,4.0,0.14285714285714285,0.0,0.14285714285714285,0.0,0.0,0.0,0.0,0.0,0.0,51.0,17.0,34.0,3.299831645537222,6.548960901462833,-3.2491292559256113,1.0,1.0,0.0,28.5,69.54999999999998,-41.04999999999998,24.02173913043478,24.2,-0.17826086956521792,0.0,0.0,0.0,,0.0,,,,,,,,0.0,0.0,0.0
2006-06-23,2006,FRA,TOG,2,0,0.475,0.0,0.475,0.225,0.0,0.225,1.925,0.5,1.425,1.3,2.0,-0.7,9.0,1.0,8.0,40.0,2.0,38.0,0.4444444444444444,0.0,0.4444444444444444,0.1111111111111111,0.0,0.1111111111111111,1.0,0.0,1.0,4.0,,,1.4142135623730951,,,1.0,0.0,1.0,350.9,,,26.78787878787879,,,0.4166666666666667,,,0.44,,,,,,,0.1111111111111111,,0.0,0.0,0.0
2006-06-24,2006,ARG,MEX,2,1,0.49122807017543857,0.2682926829268293,0.22293538724860928,0.21052631578947367,0.2926829268292683,-0.0821566110397946,1.5789473684210527,1.048780487804878,0.5301668806161746,1.0526315789473684,1.6829268292682926,-0.6302952503209243,12.0,12.0,0.0,57.0,41.0,16.0,0.25,0.0,0.25,0.25,0.0,0.25,2.0,0.0,2.0,3.0,20.0,-17.0,0.816496580927726,0.9428090415820634,-0.12631246065433732,1.0,1.0,0.0,250.5,44.2,206.3,25.228571428571428,26.0,-0.7714285714285722,0.16666666666666666,0.3,-0.13333333333333333,,,,0.6666666666666666,0.5,0.16666666666666663,,,,0.0,0.0,0.0
2006-06-24,2006,MEX,ARG,0,1,0.2682926829268293,0.49122807017543857,-0.22293538724860928,0.2926829268292683,0.21052631578947367,0.0821566110397946,1.048780487804878,1.5789473684210527,-0.5301668806161746,1.6829268292682926,1.0526315789473684,0.6302952503209243,12.0,12.0,0.0,41.0,57.0,-16.0,0.0,0.25,-0.25,0.0,0.25,-0.25,0.0,2.0,-2.0,20.0,3.0,17.0,0.9428090415820634,0.816496580927726,0.12631246065433732,1.0,1.0,0.0,44.2,250.5,-206.3,26.0,25.228571428571428,0.7714285714285722,0.3,0.16666666666666666,0.13333333333333333,,,,0.5,0.6666666666666666,-0.16666666666666663,,,,0.0,0.0,0.0
2006-06-24,2006,GER,SWE,2,1,0.6097560975609756,0.35,0.2597560975609756,0.2073170731707317,0.325,-0.11768292682926831,2.073170731707317,1.475,0.598170731707317,1.1585365853658536,1.35,-0.1914634146341465,14.0,9.0,5.0,82.0,40.0,42.0,0.6428571428571429,0.2222222222222222,0.4206349206349207,0.5,0.1111111111111111,0.3888888888888889,3.0,0.0,3.0,6.0,14.0,-8.0,2.8674417556808756,2.6246692913372702,0.24277246434360533,1.0,1.0,0.0,203.45,132.9,70.54999999999998,25.5,26.227272727272727,-0.7272727272727266,0.2727272727272727,0.0,0.2727272727272727,0.29411764705882354,0.2727272727272727,0.021390374331550832,,,,,,,1.0,0.0,1.0
2006-06-24,2006,SWE,GER,0,1,0.35,0.6097560975609756,-0.2597560975609756,0.325,0.2073170731707317,0.11768292682926831,1.475,2.073170731707317,-0.598170731707317,1.35,1.1585365853658536,0.1914634146341465,9.0,14.0,-5.0,40.0,82.0,-42.0,0.2222222222222222,0.6428571428571429,-0.4206349206349207,0.1111111111111111,0.5,-0.3888888888888889,0.0,3.0,-3.0,14.0,6.0,8.0,2.6246692913372702,2.8674417556808756,-0.24277246434360533,1.0,1.0,0.0,132.9,203.45,-70.54999999999998,26.227272727272727,25.5,0.7272727272727266,0.0,0.2727272727272727,-0.2727272727272727,0.2727272727272727,0.29411764705882354,-0.021390374331550832,,,,,,,0.0,1.0,-1.0
2006-06-25,2006,POR,NED,2,1,0.6666666666666666,0.48484848484848486,0.18181818181818177,0.0,0.30303030303030304,-0.30303030303030304,2.0,1.7272727272727273,0.2727272727272727,1.1333333333333333,0.9393939393939394,0.19393939393939386,4.0,6.0,-2.0,15.0,33.0,-18.0,0.25,0.5,-0.25,0.0,0.3333333333333333,-0.3333333333333333,0.0,0.0,0.0,8.0,7.0,1.0,3.559026084010437,1.247219128924647,2.31180695508579,1.0,1.0,0.0,282.9,236.72,46.17999999999998,26.058823529411764,25.135135135135137,0.9236883942766276,0.2857142857142857,0.3076923076923077,-0.02197802197802201,0.5263157894736842,0.4642857142857143,0.06203007518796988,,,,,,,0.0,0.0,0.0
2006-06-25,2006,NED,POR,0,1,0.48484848484848486,0.6666666666666666,-0.18181818181818177,0.30303030303030304,0.0,0.30303030303030304,1.7272727272727273,2.0,-0.2727272727272727,0.9393939393939394,1.1333333333333333,-0.19393939393939386,6.0,4.0,2.0,33.0,15.0,18.0,0.5,0.25,0.25,0.3333333333333333,0.0,0.3333333333333333,0.0,0.0,0.0,7.0,8.0,-1.0,1.247219128924647,3.559026084010437,-2.31180695508579,1.0,1.0,0.0,236.72,282.9,-46.17999999999998,25.135135135135137,26.058823529411764,-0.9236883942766276,0.3076923076923077,0.2857142857142857,0.02197802197802201,0.4642857142857143,0.5263157894736842,-0.06203007518796988,,,,,,,0.0,0.0,0.0
2006-06-25,2006,ENG,ECU,2,1,0.4528301886792453,0.5,-0.047169811320754707,0.3018867924528302,0.0,0.3018867924528302,1.3773584905660377,1.1666666666666667,0.2106918238993709,0.8867924528301887,1.1666666666666667,-0.27987421383647804,12.0,2.0,10.0,53.0,6.0,47.0,0.16666666666666666,0.0,0.16666666666666666,0.08333333333333333,0.0,0.08333333333333333,1.0,0.0,1.0,5.0,30.0,-25.0,0.4714045207910317,0.9428090415820634,-0.4714045207910317,1.0,1.0,0.0,440.1,9.5,430.6,24.342105263157894,25.024390243902438,-0.6822849807445444,0.2222222222222222,0.0,0.2222222222222222,0.30434782608695654,,,,0.16666666666666666,,,,,0.0,0.0,0.0
2006-06-25,2006,ECU,ENG,0,1,0.5,0.4528301886792453,0.047169811320754707,0.0,0.3018867924528302,-0.3018867924528302,1.1666666666666667,1.3773584905660377,-0.2106918238993709,1.1666666666666667,0.8867924528301887,0.27987421383647804,2.0,12.0,-10.0,6.0,53.0,-47.0,0.0,0.16666666666666666,-0.16666666666666666,0.0,0.08333333333333333,-0.08333333333333333,0.0,1.0,-1.0,30.0,5.0,25.0,0.9428090415820634,0.4714045207910317,0.4714045207910317,1.0,1.0,0.0,9.5,440.1,-430.6,25.024390243902438,24.342105263157894,0.6822849807445444,0.0,0.2222222222222222,-0.2222222222222222,,0.30434782608695654,,0.16666666666666666,,,,,,0.0,0.0,0.0
2006-06-26,2006,SUI,UKR,1,1,0.3,0.6666666666666666,-0.36666666666666664,0.15,0.0,0.15,1.35,1.6666666666666667,-0.31666666666666665,2.05,1.3333333333333333,0.7166666666666666,6.0,1.0,5.0,20.0,3.0,17.0,0.0,0.0,0.0,0.0,0.0,0.0,0.0,0.0,0.0,17.0,13.0,4.0,6.548960901462833,8.806563209081938,-2.2576023076191047,1.0,1.0,0.0,69.54999999999998,,,24.2,,,0.0,,,0.0,,,,,,,,,0.0,0.0,0.0
2006-06-26,2006,UKR,SUI,1,1,0.6666666666666666,0.3,0.36666666666666664,0.0,0.15,-0.15,1.6666666666666667,1.35,0.31666666666666665,1.3333333333333333,2.05,-0.7166666666666666,1.0,6.0,-5.0,3.0,20.0,-17.0,0.0,0.0,0.0,0.0,0.0,0.0,0.0,0.0,0.0,13.0,17.0,-4.0,8.806563209081938,6.548960901462833,2.2576023076191047,1.0,1.0,0.0,,69.54999999999998,,,24.2,,,0.0,,,0.0,,,,,,,,0.0,0.0,0.0
2006-06-26,2006,ITA,AUS,2,1,0.515625,0.16666666666666666,0.34895833333333337,0.265625,0.3333333333333333,-0.06770833333333331,1.4375,0.8333333333333334,0.6041666666666666,0.9375,1.6666666666666667,-0.7291666666666667,14.0,2.0,12.0,64.0,6.0,58.0,0.35714285714285715,0.0,0.35714285714285715,0.21428571428571427,0.0,0.21428571428571427,3.0,0.0,3.0,2.0,39.0,-37.0,0.9428090415820634,14.2672897060218,-13.324480664439736,1.0,1.0,0.0,,68.63,,,25.946428571428573,,0.2727272727272727,0.0,0.2727272727272727,0.43478260869565216,,,,,,,,,0.0,0.0,0.0
2006-06-26,2006,AUS,ITA,0,1,0.16666666666666666,0.515625,-0.34895833333333337,0.3333333333333333,0.265625,0.06770833333333331,0.8333333333333334,1.4375,-0.6041666666666666,1.6666666666666667,0.9375,0.7291666666666667,2.0,14.0,-12.0,6.0,64.0,-58.0,0.0,0.35714285714285715,-0.35714285714285715,0.0,0.21428571428571427,-0.21428571428571427,0.0,3.0,-3.0,39.0,2.0,37.0,14.2672897060218,0.9428090415820634,13.324480664439736,1.0,1.0,0.0,68.63,,,25.946428571428573,,,0.0,0.2727272727272727,-0.2727272727272727,,0.43478260869565216,,,,,,,,0.0,0.0,0.0
2006-06-27,2006,ESP,FRA,0,1,0.4666666666666667,0.4878048780487805,-0.021138211382113803,0.24444444444444444,0.21951219512195122,0.024932249322493216,1.6666666666666667,1.9268292682926829,-0.2601626016260161,1.1333333333333333,1.2682926829268293,-0.13495934959349598,11.0,9.0,2.0,45.0,41.0,4.0,0.0,0.4444444444444444,-0.4444444444444444,0.0,0.1111111111111111,-0.1111111111111111,0.0,1.0,-1.0,12.0,4.0,8.0,0.9428090415820634,1.4142135623730951,-0.4714045207910318,1.0,1.0,0.0,358.9,350.9,8.0,25.12121212121212,26.78787878787879,-1.6666666666666679,0.16666666666666666,0.4166666666666667,-0.25,0.2916666666666667,0.44,-0.14833333333333332,,,,,,,0.0,0.0,0.0
2006-06-27,2006,FRA,ESP,2,1,0.4878048780487805,0.4666666666666667,0.021138211382113803,0.21951219512195122,0.24444444444444444,-0.024932249322493216,1.9268292682926829,1.6666666666666667,0.2601626016260161,1.2682926829268293,1.1333333333333333,0.13495934959349598,9.0,11.0,-2.0,41.0,45.0,-4.0,0.4444444444444444,0.0,0.4444444444444444,0.1111111111111111,0.0,0.1111111111111111,1.0,0.0,1.0,4.0,12.0,-8.0,1.4142135623730951,0.9428090415820634,0.4714045207910318,1.0,1.0,0.0,350.9,358.9,-8.0,26.78787878787879,25.12121212121212,1.6666666666666679,0.4166666666666667,0.16666666666666666,0.25,0.44,0.2916666666666667,0.14833333333333332,,,,,,,0.0,0.0,0.0
2006-06-27,2006,BRA,GHA,2,1,0.7195121951219512,0.6666666666666666,0.05284552845528456,0.15853658536585366,0.0,0.15853658536585366,2.1707317073170733,1.3333333333333333,0.8373983739837401,0.8170731707317073,1.0,-0.18292682926829273,15.0,1.0,14.0,82.0,3.0,79.0,0.5333333333333333,0.0,0.5333333333333333,0.4,0.0,0.4,5.0,0.0,5.0,1.0,28.0,-27.0,0.0,12.970050972229146,-12.970050972229146,1.0,1.0,0.0,464.0,64.35,399.65,25.488888888888887,24.023255813953487,1.4656330749354005,0.5833333333333334,0.5,0.08333333333333337,,,,0.5,,,,0.4897959183673469,,0.0,0.0,0.0
2006-06-27,2006,GHA,BRA,0,1,0.6666666666666666,0.7195121951219512,-0.05284552845528456,0.0,0.15853658536585366,-0.15853658536585366,1.3333333333333333,2.1707317073170733,-0.8373983739837401,1.0,0.8170731707317073,0.18292682926829273,1.0,15.0,-14.0,3.0,82.0,-79.0,0.0,0.5333333333333333,-0.5333333333333333,0.0,0.4,-0.4,0.0,5.0,-5.0,28.0,1.0,27.0,12.970050972229146,0.0,12.970050972229146,1.0,1.0,0.0,64.35,464.0,-399.65,24.023255813953487,25.488888888888887,-1.4656330749354005,0.5,0.5833333333333334,-0.08333333333333337,,,,,0.5,,0.4897959183673469,,,0.0,0.0,0.0
2006-06-30,2006,ITA,UKR,2,1,0.5230769230769231,0.5,0.023076923076923106,0.26153846153846155,0.25,0.011538461538461553,1.4307692307692308,1.25,0.1807692307692308,0.9230769230769231,1.0,-0.07692307692307687,14.0,1.0,13.0,65.0,4.0,61.0,0.35714285714285715,0.0,0.35714285714285715,0.21428571428571427,0.0,0.21428571428571427,3.0,0.0,3.0,2.0,13.0,-11.0,0.9428090415820634,8.806563209081938,-7.8637541674998745,1.0,1.0,0.0,,,,,,,0.2727272727272727,,,0.43478260869565216,,,,,,,,,0.0,0.0,0.0
2006-06-30,2006,UKR,ITA,0,1,0.5,0.5230769230769231,-0.023076923076923106,0.25,0.26153846153846155,-0.011538461538461553,1.25,1.4307692307692308,-0.1807692307692308,1.0,0.9230769230769231,0.07692307692307687,1.0,14.0,-13.0,4.0,65.0,-61.0,0.0,0.35714285714285715,-0.35714285714285715,0.0,0.21428571428571427,-0.21428571428571427,0.0,3.0,-3.0,13.0,2.0,11.0,8.806563209081938,0.9428090415820634,7.8637541674998745,1.0,1.0,0.0,,,,,,,,0.2727272727272727,,,0.43478260869565216,,,,,,,,0.0,0.0,0.0
2006-06-30,2006,GER,ARG,1,1,0.6144578313253012,0.5,0.11445783132530118,0.20481927710843373,0.20689655172413793,-0.0020772746157042,2.072289156626506,1.5862068965517242,0.48608226007478184,1.144578313253012,1.0517241379310345,0.0928541753219776,14.0,12.0,2.0,83.0,58.0,25.0,0.6428571428571429,0.25,0.3928571428571429,0.5,0.25,0.25,3.0,2.0,1.0,6.0,3.0,3.0,2.8674417556808756,0.816496580927726,2.0509451747531493,1.0,1.0,0.0,203.45,250.5,-47.05000000000001,25.5,25.228571428571428,0.27142857142857224,0.2727272727272727,0.16666666666666666,0.10606060606060605,0.29411764705882354,,,,0.6666666666666666,,,,,1.0,0.0,1.0
2006-06-30,2006,ARG,GER,1,1,0.5,0.6144578313253012,-0.11445783132530118,0.20689655172413793,0.20481927710843373,0.0020772746157042,1.5862068965517242,2.072289156626506,-0.48608226007478184,1.0517241379310345,1.144578313253012,-0.0928541753219776,12.0,14.0,-2.0,58.0,83.0,-25.0,0.25,0.6428571428571429,-0.3928571428571429,0.25,0.5,-0.25,2.0,3.0,-1.0,3.0,6.0,-3.0,0.816496580927726,2.8674417556808756,-2.0509451747531493,1.0,1.0,0.0,250.5,203.45,47.05000000000001,25.228571428571428,25.5,-0.27142857142857224,0.16666666666666666,0.2727272727272727,-0.10606060606060605,,0.29411764705882354,,0.6666666666666666,,,,,,0.0,1.0,-1.0
2006-07-01,2006,BRA,FRA,0,1,0.7228915662650602,0.5,0.22289156626506024,0.1566265060240964,0.21428571428571427,-0.057659208261617884,2.180722891566265,1.9523809523809523,0.22834193918531276,0.8072289156626506,1.2619047619047619,-0.4546758462421112,15.0,9.0,6.0,83.0,42.0,41.0,0.5333333333333333,0.4444444444444444,0.0888888888888889,0.4,0.1111111111111111,0.2888888888888889,5.0,1.0,4.0,1.0,4.0,-3.0,0.0,1.4142135623730951,-1.4142135623730951,1.0,1.0,0.0,464.0,350.9,113.10000000000002,25.488888888888887,26.78787878787879,-1.2989898989899018,0.5833333333333334,0.4166666666666667,0.16666666666666669,,0.44,,0.5,,,,,,0.0,0.0,0.0
2006-07-01,2006,FRA,BRA,2,1,0.5,0.7228915662650602,-0.22289156626506024,0.21428571428571427,0.1566265060240964,0.057659208261617884,1.9523809523809523,2.180722891566265,-0.22834193918531276,1.2619047619047619,0.8072289156626506,0.4546758462421112,9.0,15.0,-6.0,42.0,83.0,-41.0,0.4444444444444444,0.5333333333333333,-0.0888888888888889,0.1111111111111111,0.4,-0.2888888888888889,1.0,5.0,-4.0,4.0,1.0,3.0,1.4142135623730951,0.0,1.4142135623730951,1.0,1.0,0.0,350.9,464.0,-113.10000000000002,26.78787878787879,25.488888888888887,1.2989898989899018,0.4166666666666667,0.5833333333333334,-0.16666666666666669,0.44,,,,0.5,,,,,0.0,0.0,0.0
2006-07-01,2006,ENG,POR,1,1,0.46296296296296297,0.6875,-0.22453703703703703,0.2962962962962963,0.0,0.2962962962962963,1.3703703703703705,1.9375,-0.5671296296296295,0.8703703703703703,1.0625,-0.19212962962962965,12.0,4.0,8.0,54.0,16.0,38.0,0.16666666666666666,0.25,-0.08333333333333334,0.08333333333333333,0.0,0.08333333333333333,1.0,0.0,1.0,5.0,8.0,-3.0,0.4714045207910317,3.559026084010437,-3.0876215632194053,1.0,1.0,0.0,440.1,282.9,157.20000000000005,24.342105263157894,26.058823529411764,-1.7167182662538707,0.2222222222222222,0.375,-0.1527777777777778,0.30434782608695654,0.5263157894736842,-0.22196796338672764,,,,,,,0.0,0.0,0.0
2006-07-01,2006,POR,ENG,1,1,0.6875,0.46296296296296297,0.22453703703703703,0.0,0.2962962962962963,-0.2962962962962963,1.9375,1.3703703703703705,0.5671296296296295,1.0625,0.8703703703703703,0.19212962962962965,4.0,12.0,-8.0,16.0,54.0,-38.0,0.25,0.16666666666666666,0.08333333333333334,0.0,0.08333333333333333,-0.08333333333333333,0.0,1.0,-1.0,8.0,5.0,3.0,3.559026084010437,0.4714045207910317,3.0876215632194053,1.0,1.0,0.0,282.9,440.1,-157.20000000000005,26.058823529411764,24.342105263157894,1.7167182662538707,0.375,0.2222222222222222,0.1527777777777778,0.5263157894736842,0.30434782608695654,0.22196796338672764,,,,,,,0.0,0.0,0.0
2006-07-04,2006,GER,ITA,0,1,0.6071428571428571,0.5303030303030303,0.07683982683982682,0.21428571428571427,0.25757575757575757,-0.043290043290043295,2.0595238095238093,1.4545454545454546,0.6049783549783547,1.1428571428571428,0.9090909090909091,0.23376623376623373,14.0,14.0,0.0,84.0,66.0,18.0,0.6428571428571429,0.35714285714285715,0.28571428571428575,0.5,0.21428571428571427,0.2857142857142857,3.0,3.0,0.0,6.0,2.0,4.0,2.8674417556808756,0.9428090415820634,1.9246327140988122,1.0,1.0,0.0,203.45,,,25.5,,,0.25,0.2727272727272727,-0.022727272727272707,0.29411764705882354,0.43478260869565216,-0.14066496163682862,,,,,,,1.0,0.0,1.0
2006-07-04,2006,ITA,GER,2,1,0.5303030303030303,0.6071428571428571,-0.07683982683982682,0.25757575757575757,0.21428571428571427,0.043290043290043295,1.4545454545454546,2.0595238095238093,-0.6049783549783547,0.9090909090909091,1.1428571428571428,-0.23376623376623373,14.0,14.0,0.0,66.0,84.0,-18.0,0.35714285714285715,0.6428571428571429,-0.28571428571428575,0.21428571428571427,0.5,-0.2857142857142857,3.0,3.0,0.0,2.0,6.0,-4.0,0.9428090415820634,2.8674417556808756,-1.9246327140988122,1.0,1.0,0.0,,203.45,,,25.5,,0.2727272727272727,0.25,0.022727272727272707,0.43478260869565216,0.29411764705882354,0.14066496163682862,,,,,,,0.0,1.0,-1.0
2006-07-05,2006,POR,FRA,0,1,0.6470588235294118,0.5116279069767442,0.1354309165526676,0.058823529411764705,0.20930232558139536,-0.15047879616963067,1.8235294117647058,1.930232558139535,-0.10670314637482914,1.0,1.2325581395348837,-0.2325581395348837,4.0,9.0,-5.0,17.0,43.0,-26.0,0.25,0.4444444444444444,-0.19444444444444442,0.0,0.1111111111111111,-0.1111111111111111,0.0,1.0,-1.0,8.0,4.0,4.0,3.559026084010437,1.4142135623730951,2.144812521637342,1.0,1.0,0.0,282.9,350.9,-68.0,26.058823529411764,26.78787878787879,-0.7290552584670245,0.3333333333333333,0.46153846153846156,-0.12820512820512825,0.5263157894736842,0.44,0.08631578947368418,,,,,,,0.0,0.0,0.0
2006-07-05,2006,FRA,POR,2,1,0.5116279069767442,0.6470588235294118,-0.1354309165526676,0.20930232558139536,0.058823529411764705,0.15047879616963067,1.930232558139535,1.8235294117647058,0.10670314637482914,1.2325581395348837,1.0,0.2325581395348837,9.0,4.0,5.0,43.0,17.0,26.0,0.4444444444444444,0.25,0.19444444444444442,0.1111111111111111,0.0,0.1111111111111111,1.0,0.0,1.0,4.0,8.0,-4.0,1.4142135623730951,3.559026084010437,-2.144812521637342,1.0,1.0,0.0,350.9,282.9,68.0,26.78787878787879,26.058823529411764,0.7290552584670245,0.46153846153846156,0.3333333333333333,0.12820512820512825,0.44,0.5263157894736842,-0.08631578947368418,,,,,,,0.0,0.0,0.0
2006-07-08,2006,GER,POR,2,1,0.6,0.6111111111111112,-0.011111111111111183,0.21176470588235294,0.05555555555555555,0.15620915032679739,2.0352941176470587,1.7222222222222223,0.3130718954248364,1.1529411764705881,1.0,0.15294117647058814,14.0,4.0,10.0,85.0,18.0,67.0,0.7142857142857143,0.5,0.2142857142857143,0.5,0.0,0.5,3.0,0.0,3.0,6.0,8.0,-2.0,2.8674417556808756,3.559026084010437,-0.6915843283295615,1.0,1.0,0.0,203.45,282.9,-79.44999999999999,25.5,26.058823529411764,-0.5588235294117645,0.23076923076923078,0.3,-0.0692307692307692,0.29411764705882354,0.5263157894736842,-0.23219814241486064,,,,,,,1.0,0.0,1.0
2006-07-08,2006,POR,GER,0,1,0.6111111111111112,0.6,0.011111111111111183,0.05555555555555555,0.21176470588235294,-0.15620915032679739,1.7222222222222223,2.0352941176470587,-0.3130718954248364,1.0,1.1529411764705881,-0.15294117647058814,4.0,14.0,-10.0,18.0,85.0,-67.0,0.5,0.7142857142857143,-0.2142857142857143,0.0,0.5,-0.5,0.0,3.0,-3.0,8.0,6.0,2.0,3.559026084010437,2.8674417556808756,0.6915843283295615,1.0,1.0,0.0,282.9,203.45,79.44999999999999,26.058823529411764,25.5,0.5588235294117645,0.3,0.23076923076923078,0.0692307692307692,0.5263157894736842,0.29411764705882354,0.23219814241486064,,,,,,,0.0,1.0,-1.0
2006-07-09,2006,ITA,FRA,1,1,0.5373134328358209,0.5227272727272727,0.014586160108548185,0.2537313432835821,0.20454545454545456,0.04918588873812754,1.462686567164179,1.9090909090909092,-0.44640434192673006,0.8955223880597015,1.2045454545454546,-0.30902306648575306,14.0,9.0,5.0,67.0,44.0,23.0,0.42857142857142855,0.5555555555555556,-0.12698412698412703,0.21428571428571427,0.1111111111111111,0.10317460317460317,3.0,1.0,2.0,2.0,4.0,-2.0,0.9428090415820634,1.4142135623730951,-0.4714045207910318,1.0,1.0,0.0,,350.9,,,26.78787878787879,,0.3333333333333333,0.5,-0.16666666666666669,0.43478260869565216,0.44,-0.00521739130434784,,,,,,,0.0,0.0,0.0
2006-07-09,2006,FRA,ITA,1,1,0.5227272727272727,0.5373134328358209,-0.014586160108548185,0.20454545454545456,0.2537313432835821,-0.04918588873812754,1.9090909090909092,1.462686567164179,0.44640434192673006,1.2045454545454546,0.8955223880597015,0.30902306648575306,9.0,14.0,-5.0,44.0,67.0,-23.0,0.5555555555555556,0.42857142857142855,0.12698412698412703,0.1111111111111111,0.21428571428571427,-0.10317460317460317,1.0,3.0,-2.0,4.0,2.0,2.0,1.4142135623730951,0.9428090415820634,0.4714045207910318,1.0,1.0,0.0,350.9,,,26.78787878787879,,,0.5,0.3333333333333333,0.16666666666666669,0.44,0.43478260869565216,0.00521739130434784,,,,,,,0.0,0.0,0.0
2010-06-11,2010,URU,FRA,1,0,0.3055555555555556,0.5111111111111111,-0.2055555555555555,0.2777777777777778,0.2222222222222222,0.05555555555555558,1.3888888888888888,1.8888888888888888,-0.5,1.5,1.2,0.30000000000000004,9.0,9.0,0.0,36.0,45.0,-9.0,0.2222222222222222,0.5555555555555556,-0.33333333333333337,0.0,0.2222222222222222,-0.2222222222222222,2.0,1.0,1.0,7.0,18.0,-11.0,3.299831645537222,1.8856180831641267,1.4142135623730954,1.0,1.0,0.0,148.54999999999998,647.6,-499.05000000000007,25.225806451612904,26.88679245283019,-1.6609860012172852,0.0,0.4117647058823529,-0.4117647058823529,,0.39285714285714285,,0.3888888888888889,,,,,,0.0,0.0,0.0
2010-06-11,2010,FRA,URU,1,0,0.5111111111111111,0.3055555555555556,0.2055555555555555,0.2222222222222222,0.2777777777777778,-0.05555555555555558,1.8888888888888888,1.3888888888888888,0.5,1.2,1.5,-0.30000000000000004,9.0,9.0,0.0,45.0,36.0,9.0,0.5555555555555556,0.2222222222222222,0.33333333333333337,0.2222222222222222,0.0,0.2222222222222222,1.0,2.0,-1.0,18.0,7.0,11.0,1.8856180831641267,3.299831645537222,-1.4142135623730954,1.0,1.0,0.0,647.6,148.54999999999998,499.05000000000007,26.88679245283019,25.225806451612904,1.6609860012172852,0.4117647058823529,0.0,0.4117647058823529,0.39285714285714285,,,,0.3888888888888889,,,,,0.0,0.0,0.0
2010-06-11,2010,RSA,MEX,1,0,0.16666666666666666,0.2619047619047619,-0.09523809523809526,0.5,0.2857142857142857,0.2142857142857143,1.3333333333333333,1.0476190476190477,0.2857142857142856,1.8333333333333333,1.6904761904761905,0.1428571428571428,2.0,12.0,-10.0,6.0,42.0,-36.0,0.0,0.0,0.0,0.0,0.0,0.0,0.0,0.0,0.0,51.0,27.0,24.0,4.0276819911981905,4.784233364802441,-0.7565513736042506,1.0,1.0,0.0,,132.75,,,25.583333333333332,,0.0,0.3076923076923077,-0.3076923076923077,,,,,0.5625,,0.41935483870967744,,,1.0,0.0,1.0
2010-06-11,2010,MEX,RSA,1,0,0.2619047619047619,0.16666666666666666,0.09523809523809526,0.2857142857142857,0.5,-0.2142857142857143,1.0476190476190477,1.3333333333333333,-0.2857142857142856,1.6904761904761905,1.8333333333333333,-0.1428571428571428,12.0,2.0,10.0,42.0,6.0,36.0,0.0,0.0,0.0,0.0,0.0,0.0,0.0,0.0,0.0,27.0,51.0,-24.0,4.784233364802441,4.0276819911981905,0.7565513736042506,1.0,1.0,0.0,132.75,,,25.583333333333332,,,0.3076923076923077,0.0,0.3076923076923077,,,,0.5625,,,,0.41935483870967744,,0.0,1.0,-1.0
2010-06-12,2010,ENG,USA,1,0,0.45454545454545453,0.19047619047619047,0.26406926406926406,0.3090909090909091,0.14285714285714285,0.16623376623376623,1.3454545454545455,0.9047619047619048,0.4406926406926407,0.8545454545454545,1.8095238095238095,-0.954978354978355,12.0,6.0,6.0,55.0,21.0,34.0,0.16666666666666666,0.0,0.16666666666666666,0.08333333333333333,0.0,0.08333333333333333,1.0,0.0,1.0,6.0,18.0,-12.0,1.699673171197595,3.299831645537222,-1.600158474339627,1.0,1.0,0.0,654.0,69.475,584.525,27.54901960784314,25.285714285714285,2.263305322128854,0.2,0.125,0.07500000000000001,0.30434782608695654,,,,0.0,,,,,0.0,0.0,0.0
2010-06-12,2010,ARG,NGA,2,0,0.4915254237288136,0.36363636363636365,0.12788906009244994,0.22033898305084745,0.09090909090909091,0.12942989214175654,1.576271186440678,1.2727272727272727,0.3035439137134053,1.0508474576271187,1.4545454545454546,-0.40369799691833586,12.0,3.0,9.0,59.0,11.0,48.0,0.25,0.0,0.25,0.25,0.0,0.25,2.0,0.0,2.0,5.0,,,2.943920288775949,,,1.0,0.0,1.0,513.7,,,25.26388888888889,,,0.125,0.0,0.125,,,,0.75,,,,0.5256410256410257,,0.0,0.0,0.0
2010-06-12,2010,NGA,ARG,0,0,0.36363636363636365,0.4915254237288136,-0.12788906009244994,0.09090909090909091,0.22033898305084745,-0.12942989214175654,1.2727272727272727,1.576271186440678,-0.3035439137134053,1.4545454545454546,1.0508474576271187,0.40369799691833586,3.0,12.0,-9.0,11.0,59.0,-48.0,0.0,0.25,-0.25,0.0,0.25,-0.25,0.0,2.0,-2.0,,5.0,,,2.943920288775949,,0.0,1.0,-1.0,,513.7,,,25.26388888888889,,0.0,0.125,-0.125,,,,,0.75,,0.5256410256410257,,,0.0,0.0,0.0
2010-06-12,2010,KOR,GRE,2,0,0.16666666666666666,0.0,0.16666666666666666,0.2916666666666667,0.0,0.2916666666666667,0.9166666666666666,0.0,0.9166666666666666,2.2083333333333335,3.3333333333333335,-1.125,7.0,1.0,6.0,24.0,3.0,21.0,0.14285714285714285,0.0,0.14285714285714285,0.0,0.0,0.0,0.0,0.0,0.0,40.0,,,4.714045207910317,,,1.0,0.0,1.0,60.300000000000004,,,24.31578947368421,,,0.0,0.42857142857142855,-0.42857142857142855,,0.25,,,,,,,,0.0,0.0,0.0
2010-06-12,2010,GRE,KOR,0,0,0.0,0.16666666666666666,-0.16666666666666666,0.0,0.2916666666666667,-0.2916666666666667,0.0,0.9166666666666666,-0.9166666666666666,3.3333333333333335,2.2083333333333335,1.125,1.0,7.0,-6.0,3.0,24.0,-21.0,0.0,0.14285714285714285,-0.14285714285714285,0.0,0.0,0.0,0.0,0.0,0.0,,40.0,,,4.714045207910317,,0.0,1.0,-1.0,,60.300000000000004,,,24.31578947368421,,0.42857142857142855,0.0,0.42857142857142855,0.25,,,,,,,,,0.0,0.0,0.0
2010-06-12,2010,USA,ENG,1,0,0.19047619047619047,0.45454545454545453,-0.26406926406926406,0.14285714285714285,0.3090909090909091,-0.16623376623376623,0.9047619047619048,1.3454545454545455,-0.4406926406926407,1.8095238095238095,0.8545454545454545,0.954978354978355,6.0,12.0,-6.0,21.0,55.0,-34.0,0.0,0.16666666666666666,-0.16666666666666666,0.0,0.08333333333333333,-0.08333333333333333,0.0,1.0,-1.0,18.0,6.0,12.0,3.299831645537222,1.699673171197595,1.600158474339627,1.0,1.0,0.0,69.475,654.0,-584.525,25.285714285714285,27.54901960784314,-2.263305322128854,0.125,0.2,-0.07500000000000001,,0.30434782608695654,,0.0,,,,,,0.0,0.0,0.0
2010-06-13,2010,ALG,SVN,0,0,0.3333333333333333,0.0,0.3333333333333333,0.16666666666666666,0.0,0.16666666666666666,1.0,0.6666666666666666,0.33333333333333337,1.6666666666666667,2.3333333333333335,-0.6666666666666667,2.0,1.0,1.0,6.0,3.0,3.0,0.0,0.0,0.0,0.0,0.0,0.0,0.0,0.0,0.0,35.0,,,22.305953365762143,,,1.0,0.0,1.0,59.05,,,26.045454545454547,,,0.0,0.0,0.0,,0.0,,,,,0.35185185185185186,,,0.0,0.0,0.0
2010-06-13,2010,GER,AUS,2,0,0.6046511627906976,0.14285714285714285,0.4617940199335548,0.20930232558139536,0.2857142857142857,-0.07641196013289034,2.046511627906977,0.7142857142857143,1.3322259136212624,1.1511627906976745,1.5714285714285714,-0.42026578073089693,14.0,2.0,12.0,86.0,7.0,79.0,0.7142857142857143,0.0,0.7142857142857143,0.5,0.0,0.5,3.0,0.0,3.0,3.0,26.0,-23.0,1.699673171197595,11.440668201153676,-9.74099502995608,1.0,1.0,0.0,506.5,85.15,421.35,25.348837209302324,25.875,-0.5261627906976756,0.29411764705882354,0.0,0.29411764705882354,0.391304347826087,,,,,,,,,0.0,0.0,0.0
2010-06-13,2010,AUS,GER,0,0,0.14285714285714285,0.6046511627906976,-0.4617940199335548,0.2857142857142857,0.20930232558139536,0.07641196013289034,0.7142857142857143,2.046511627906977,-1.3322259136212624,1.5714285714285714,1.1511627906976745,0.42026578073089693,2.0,14.0,-12.0,7.0,86.0,-79.0,0.0,0.7142857142857143,-0.7142857142857143,0.0,0.5,-0.5,0.0,3.0,-3.0,26.0,3.0,23.0,11.440668201153676,1.699673171197595,9.74099502995608,1.0,1.0,0.0,85.15,506.5,-421.35,25.875,25.348837209302324,0.5261627906976756,0.0,0.29411764705882354,-0.29411764705882354,,0.391304347826087,,,,,,,,0.0,0.0,0.0
2010-06-13,2010,SRB,GHA,0,0,0.2857142857142857,0.5,-0.2142857142857143,0.14285714285714285,0.0,0.14285714285714285,1.0,1.0,0.0,2.0,1.5,0.5,2.0,1.0,1.0,7.0,4.0,3.0,0.0,0.0,0.0,0.0,0.0,0.0,0.0,0.0,0.0,,16.0,,,7.3484692283495345,,0.0,1.0,-1.0,,103.55,,,23.05,,0.0,0.25,-0.25,,,,,,,,0.5333333333333333,,0.0,0.0,0.0
2010-06-13,2010,GHA,SRB,2,0,0.5,0.2857142857142857,0.2142857142857143,0.0,0.14285714285714285,-0.14285714285714285,1.0,1.0,0.0,1.5,2.0,-0.5,1.0,2.0,-1.0,4.0,7.0,-3.0,0.0,0.0,0.0,0.0,0.0,0.0,0.0,0.0,0.0,16.0,,,7.3484692283495345,,,1.0,0.0,1.0,103.55,,,23.05,,,0.25,0.0,0.25,,,,,,,0.5333333333333333,,,0.0,0.0,0.0
2010-06-13,2010,SVN,ALG,2,0,0.0,0.3333333333333333,-0.3333333333333333,0.0,0.16666666666666666,-0.16666666666666666,0.6666666666666666,1.0,-0.33333333333333337,2.3333333333333335,1.6666666666666667,0.6666666666666667,1.0,2.0,-1.0,3.0,6.0,-3.0,0.0,0.0,0.0,0.0,0.0,0.0,0.0,0.0,0.0,,35.0,,,22.305953365762143,,0.0,1.0,-1.0,,59.05,,,26.045454545454547,,0.0,0.0,0.0,0.0,,,,,,,0.35185185185185186,,0.0,0.0,0.0
2010-06-14,2010,NED,DEN,2,0,0.47058823529411764,0.5384615384615384,-0.0678733031674208,0.29411764705882354,0.15384615384615385,0.14027149321266968,1.6764705882352942,1.8461538461538463,-0.1696832579185521,0.9411764705882353,1.3846153846153846,-0.4434389140271493,6.0,3.0,3.0,34.0,13.0,21.0,0.5,0.0,0.5,0.3333333333333333,0.0,0.3333333333333333,0.0,0.0,0.0,2.0,28.0,-26.0,2.8284271247461903,3.7416573867739413,-0.913230262027751,1.0,1.0,0.0,,,,,,,0.3333333333333333,0.1111111111111111,0.2222222222222222,0.5,0.25,0.25,,,,,,,0.0,0.0,0.0
2010-06-14,2010,JPN,CMR,2,0,0.2,0.23529411764705882,-0.03529411764705881,0.2,0.4117647058823529,-0.2117647058823529,0.8,0.8823529411764706,-0.08235294117647052,1.4,1.7058823529411764,-0.3058823529411765,3.0,5.0,-2.0,10.0,17.0,-7.0,0.0,0.0,0.0,0.0,0.0,0.0,0.0,0.0,0.0,29.0,,,4.027681991198191,,,1.0,0.0,1.0,111.37499999999999,,,24.92982456140351,,,0.0,0.0,0.0,,,,,,,,0.5211267605633803,,0.0,0.0,0.0
2010-06-14,2010,DEN,NED,0,0,0.5384615384615384,0.47058823529411764,0.0678733031674208,0.15384615384615385,0.29411764705882354,-0.14027149321266968,1.8461538461538463,1.6764705882352942,0.1696832579185521,1.3846153846153846,0.9411764705882353,0.4434389140271493,3.0,6.0,-3.0,13.0,34.0,-21.0,0.0,0.5,-0.5,0.0,0.3333333333333333,-0.3333333333333333,0.0,0.0,0.0,28.0,2.0,26.0,3.7416573867739413,2.8284271247461903,0.913230262027751,1.0,1.0,0.0,,,,,,,0.1111111111111111,0.3333333333333333,-0.2222222222222222,0.25,0.5,-0.25,,,,,,,0.0,0.0,0.0
2010-06-14,2010,ITA,PAR,1,0,0.5294117647058824,0.25,0.27941176470588236,0.2647058823529412,0.35,-0.0852941176470588,1.4558823529411764,1.3,0.15588235294117636,0.8970588235294118,1.65,-0.7529411764705881,14.0,6.0,8.0,68.0,20.0,48.0,0.42857142857142855,0.0,0.42857142857142855,0.2857142857142857,0.0,0.2857142857142857,4.0,0.0,4.0,14.0,24.0,-10.0,0.4714045207910317,4.988876515698588,-4.517471994907557,1.0,1.0,0.0,,75.975,,,25.3,,0.26666666666666666,0.125,0.14166666666666666,0.4074074074074074,,,,0.36363636363636365,,,,,0.0,0.0,0.0
2010-06-14,2010,PAR,ITA,1,0,0.25,0.5294117647058824,-0.27941176470588236,0.35,0.2647058823529412,0.0852941176470588,1.3,1.4558823529411764,-0.15588235294117636,1.65,0.8970588235294118,0.7529411764705881,6.0,14.0,-8.0,20.0,68.0,-48.0,0.0,0.42857142857142855,-0.42857142857142855,0.0,0.2857142857142857,-0.2857142857142857,0.0,4.0,-4.0,24.0,14.0,10.0,4.988876515698588,0.4714045207910317,4.517471994907557,1.0,1.0,0.0,75.975,,,25.3,,,0.125,0.26666666666666666,-0.14166666666666666,,0.4074074074074074,,0.36363636363636365,,,,,,0.0,0.0,0.0
2010-06-14,2010,CMR,JPN,0,0,0.23529411764705882,0.2,0.03529411764705881,0.4117647058823529,0.2,0.2117647058823529,0.8823529411764706,0.8,0.08235294117647052,1.7058823529411764,1.4,0.3058823529411765,5.0,3.0,2.0,17.0,10.0,7.0,0.0,0.0,0.0,0.0,0.0,0.0,0.0,0.0,0.0,,29.0,,,4.027681991198191,,0.0,1.0,-1.0,,111.37499999999999,,,24.92982456140351,,0.0,0.0,0.0,,,,,,,0.5211267605633803,,,0.0,0.0,0.0
2010-06-15,2010,BRA,PRK,2,0,0.7142857142857143,0.25,0.4642857142857143,0.15476190476190477,0.25,-0.09523809523809523,2.1547619047619047,1.25,0.9047619047619047,0.8095238095238095,2.25,-1.4404761904761905,15.0,1.0,14.0,84.0,4.0,80.0,0.5333333333333333,0.0,0.5333333333333333,0.4,0.0,0.4,5.0,0.0,5.0,4.0,,,1.4142135623730951,,,1.0,0.0,1.0,615.7500000000001,,,25.01851851851852,,,0.5714285714285714,,,,,,0.5625,,,,,,0.0,0.0,0.0
2010-06-15,2010,PRK,BRA,0,0,0.25,0.7142857142857143,-0.4642857142857143,0.25,0.15476190476190477,0.09523809523809523,1.25,2.1547619047619047,-0.9047619047619047,2.25,0.8095238095238095,1.4404761904761905,1.0,15.0,-14.0,4.0,84.0,-80.0,0.0,0.5333333333333333,-0.5333333333333333,0.0,0.4,-0.4,0.0,5.0,-5.0,,4.0,,,1.4142135623730951,,0.0,1.0,-1.0,,615.7500000000001,,,25.01851851851852,,,0.5714285714285714,,,,,,0.5625,,,,,0.0,0.0,0.0
2010-06-15,2010,CIV,POR,1,0,0.3333333333333333,0.5789473684210527,-0.24561403508771934,0.0,0.05263157894736842,-0.05263157894736842,1.6666666666666667,1.6842105263157894,-0.01754385964912264,2.0,1.105263157894737,0.894736842105263,1.0,4.0,-3.0,3.0,19.0,-16.0,0.0,0.5,-0.5,0.0,0.0,0.0,0.0,0.0,0.0,21.0,8.0,13.0,8.65383665716478,2.449489742783178,6.204346914381602,1.0,1.0,0.0,205.97500000000002,433.35,-227.375,25.694444444444443,28.0,-2.305555555555557,0.0,0.3076923076923077,-0.3076923076923077,,0.5217391304347826,,,,,0.38095238095238093,,,0.0,0.0,0.0
2010-06-15,2010,POR,CIV,1,0,0.5789473684210527,0.3333333333333333,0.24561403508771934,0.05263157894736842,0.0,0.05263157894736842,1.6842105263157894,1.6666666666666667,0.01754385964912264,1.105263157894737,2.0,-0.894736842105263,4.0,1.0,3.0,19.0,3.0,16.0,0.5,0.0,0.5,0.0,0.0,0.0,0.0,0.0,0.0,8.0,21.0,-13.0,2.449489742783178,8.65383665716478,-6.204346914381602,1.0,1.0,0.0,433.35,205.97500000000002,227.375,28.0,25.694444444444443,2.305555555555557,0.3076923076923077,0.0,0.3076923076923077,0.5217391304347826,,,,,,,0.38095238095238093,,0.0,0.0,0.0
2010-06-15,2010,NZL,SVK,1,0,0.0,,,0.0,,,0.6666666666666666,,,4.0,,,1.0,0.0,1.0,3.0,0.0,3.0,0.0,,,0.0,,,0.0,0.0,0.0,63.0,20.0,43.0,5.436502143433363,8.178562764256865,-2.7420606208235023,1.0,1.0,0.0,13.299999999999999,,,26.576923076923077,,,,,,,,,,,,,,,0.0,0.0,0.0
2010-06-15,2010,SVK,NZL,1,0,,0.0,,,0.0,,,0.6666666666666666,,,4.0,,0.0,1.0,-1.0,0.0,3.0,-3.0,,0.0,,,0.0,,0.0,0.0,0.0,20.0,63.0,-43.0,8.178562764256865,5.436502143433363,2.7420606208235023,1.0,1.0,0.0,,13.299999999999999,,,26.576923076923077,,,,,,,,,,,,,,0.0,0.0,0.0
2010-06-16,2010,HON,CHL,0,0,0.0,0.22727272727272727,-0.22727272727272727,0.6666666666666666,0.2727272727272727,0.3939393939393939,0.6666666666666666,1.1818181818181819,-0.5151515151515152,1.0,1.6818181818181819,-0.6818181818181819,1.0,6.0,-5.0,3.0,22.0,-19.0,0.0,0.16666666666666666,-0.16666666666666666,0.0,0.0,0.0,0.0,0.0,0.0,,,,,,,0.0,0.0,0.0,,,,,,,0.5,0.0,0.5,,,,0.5,0.2727272727272727,0.2272727272727273,,,,0.0,0.0,0.0
2010-06-16,2010,ESP,SUI,0,0,0.45652173913043476,0.2857142857142857,0.17080745341614906,0.2391304347826087,0.19047619047619047,0.04865424430641824,1.6521739130434783,1.2857142857142858,0.36645962732919246,1.173913043478261,1.9523809523809523,-0.7784679089026914,11.0,6.0,5.0,46.0,21.0,25.0,0.0,0.0,0.0,0.0,0.0,0.0,0.0,0.0,0.0,1.0,22.0,-21.0,1.4142135623730951,11.115554667022044,-9.701341104648948,1.0,1.0,0.0,780.5,125.79999999999998,654.7,27.181818181818183,26.88888888888889,0.29292929292929415,0.2222222222222222,0.0,0.2222222222222222,0.4,0.1111111111111111,0.2888888888888889,,,,,,,0.0,0.0,0.0
2010-06-16,2010,CHL,HON,2,0,0.22727272727272727,0.0,0.22727272727272727,0.2727272727272727,0.6666666666666666,-0.3939393939393939,1.1818181818181819,0.6666666666666666,0.5151515151515152,1.6818181818181819,1.0,0.6818181818181819,6.0,1.0,5.0,22.0,3.0,19.0,0.16666666666666666,0.0,0.16666666666666666,0.0,0.0,0.0,0.0,0.0,0.0,,,,,,,0.0,0.0,0.0,,,,,,,0.0,0.5,-0.5,,,,0.2727272727272727,0.5,-0.2272727272727273,,,,0.0,0.0,0.0
2010-06-16,2010,RSA,URU,0,0,0.14285714285714285,0.2972972972972973,-0.15444015444015446,0.5714285714285714,0.2972972972972973,0.2741312741312741,1.2857142857142858,1.3513513513513513,-0.0656370656370655,1.7142857142857142,1.4594594594594594,0.25482625482625476,3.0,10.0,-7.0,7.0,37.0,-30.0,0.0,0.2,-0.2,0.0,0.0,0.0,0.0,2.0,-2.0,51.0,7.0,44.0,4.0276819911981905,3.299831645537222,0.7278503456609684,1.0,1.0,0.0,,148.54999999999998,,,25.225806451612904,,0.0,0.0,0.0,,,,,0.3888888888888889,,0.41935483870967744,,,1.0,0.0,1.0
2010-06-16,2010,URU,RSA,2,0,0.2972972972972973,0.14285714285714285,0.15444015444015446,0.2972972972972973,0.5714285714285714,-0.2741312741312741,1.3513513513513513,1.2857142857142858,0.0656370656370655,1.4594594594594594,1.7142857142857142,-0.25482625482625476,10.0,3.0,7.0,37.0,7.0,30.0,0.2,0.0,0.2,0.0,0.0,0.0,2.0,0.0,2.0,7.0,51.0,-44.0,3.299831645537222,4.0276819911981905,-0.7278503456609684,1.0,1.0,0.0,148.54999999999998,,,25.225806451612904,,,0.0,0.0,0.0,,,,0.3888888888888889,,,,0.41935483870967744,,0.0,1.0,-1.0
2010-06-16,2010,SUI,ESP,2,0,0.2857142857142857,0.45652173913043476,-0.17080745341614906,0.19047619047619047,0.2391304347826087,-0.04865424430641824,1.2857142857142858,1.6521739130434783,-0.36645962732919246,1.9523809523809523,1.173913043478261,0.7784679089026914,6.0,11.0,-5.0,21.0,46.0,-25.0,0.0,0.0,0.0,0.0,0.0,0.0,0.0,0.0,0.0,22.0,1.0,21.0,11.115554667022044,1.4142135623730951,9.701341104648948,1.0,1.0,0.0,125.79999999999998,780.5,-654.7,26.88888888888889,27.181818181818183,-0.29292929292929415,0.0,0.2222222222222222,-0.2222222222222222,0.1111111111111111,0.4,-0.2888888888888889,,,,,,,0.0,0.0,0.0
2010-06-17,2010,ARG,KOR,2,0,0.5,0.2,0.3,0.21666666666666667,0.28,-0.06333333333333335,1.5666666666666667,0.96,0.6066666666666667,1.0333333333333334,2.12,-1.0866666666666667,13.0,8.0,5.0,60.0,25.0,35.0,0.23076923076923078,0.125,0.10576923076923078,0.23076923076923078,0.0,0.23076923076923078,2.0,0.0,2.0,5.0,40.0,-35.0,2.943920288775949,4.714045207910317,-1.7701249191343682,1.0,1.0,0.0,513.7,60.300000000000004,453.40000000000003,25.26388888888889,24.31578947368421,0.9480994152046804,0.125,0.0,0.125,,,,0.75,,,,,,0.0,0.0,0.0
2010-06-17,2010,KOR,ARG,0,0,0.2,0.5,-0.3,0.28,0.21666666666666667,0.06333333333333335,0.96,1.5666666666666667,-0.6066666666666667,2.12,1.0333333333333334,1.0866666666666667,8.0,13.0,-5.0,25.0,60.0,-35.0,0.125,0.23076923076923078,-0.10576923076923078,0.0,0.23076923076923078,-0.23076923076923078,0.0,2.0,-2.0,40.0,5.0,35.0,4.714045207910317,2.943920288775949,1.7701249191343682,1.0,1.0,0.0,60.300000000000004,513.7,-453.40000000000003,24.31578947368421,25.26388888888889,-0.9480994152046804,0.0,0.125,-0.125,,,,,0.75,,,,,0.0,0.0,0.0
2010-06-17,2010,FRA,MEX,0,0,0.5,0.2558139534883721,0.2441860465116279,0.2391304347826087,0.3023255813953488,-0.06319514661274012,1.8478260869565217,1.0465116279069768,0.8013144590495449,1.173913043478261,1.6744186046511629,-0.5005055611729019,10.0,13.0,-3.0,46.0,43.0,3.0,0.5,0.0,0.5,0.2,0.0,0.2,1.0,0.0,1.0,18.0,27.0,-9.0,1.8856180831641267,4.784233364802441,-2.8986152816383144,1.0,1.0,0.0,647.6,132.75,514.85,26.88679245283019,25.583333333333332,1.303459119496857,0.3888888888888889,0.3076923076923077,0.08119658119658119,0.39285714285714285,,,,0.5625,,,,,0.0,0.0,0.0
2010-06-17,2010,MEX,FRA,2,0,0.2558139534883721,0.5,-0.2441860465116279,0.3023255813953488,0.2391304347826087,0.06319514661274012,1.0465116279069768,1.8478260869565217,-0.8013144590495449,1.6744186046511629,1.173913043478261,0.5005055611729019,13.0,10.0,3.0,43.0,46.0,-3.0,0.0,0.5,-0.5,0.0,0.2,-0.2,0.0,1.0,-1.0,27.0,18.0,9.0,4.784233364802441,1.8856180831641267,2.8986152816383144,1.0,1.0,0.0,132.75,647.6,-514.85,25.583333333333332,26.88679245283019,-1.303459119496857,0.3076923076923077,0.3888888888888889,-0.08119658119658119,,0.39285714285714285,,0.5625,,,,,,0.0,0.0,0.0
2010-06-17,2010,GRE,NGA,2,0,0.0,0.3333333333333333,-0.3333333333333333,0.0,0.08333333333333333,-0.08333333333333333,0.0,1.1666666666666667,-1.1666666666666667,3.0,1.4166666666666667,1.5833333333333333,2.0,4.0,-2.0,4.0,12.0,-8.0,0.0,0.0,0.0,0.0,0.0,0.0,0.0,0.0,0.0,,,,,,,0.0,0.0,0.0,,,,,,,0.42857142857142855,0.0,0.42857142857142855,0.25,,,,,,,0.5256410256410257,,0.0,0.0,0.0
2010-06-17,2010,NGA,GRE,0,0,0.3333333333333333,0.0,0.3333333333333333,0.08333333333333333,0.0,0.08333333333333333,1.1666666666666667,0.0,1.1666666666666667,1.4166666666666667,3.0,-1.5833333333333333,4.0,2.0,2.0,12.0,4.0,8.0,0.0,0.0,0.0,0.0,0.0,0.0,0.0,0.0,0.0,,,,,,,0.0,0.0,0.0,,,,,,,0.0,0.42857142857142855,-0.42857142857142855,,0.25,,,,,0.5256410256410257,,,0.0,0.0,0.0
2010-06-18,2010,GER,SRB,0,0,0.6091954022988506,0.25,0.3591954022988506,0.20689655172413793,0.125,0.08189655172413793,2.0689655172413794,0.875,1.1939655172413794,1.1379310344827587,1.875,-0.7370689655172413,15.0,3.0,12.0,87.0,8.0,79.0,0.6666666666666666,0.0,0.6666666666666666,0.4666666666666667,0.0,0.4666666666666667,3.0,0.0,3.0,3.0,,,1.699673171197595,,,1.0,0.0,1.0,506.5,,,25.348837209302324,,,0.29411764705882354,0.0,0.29411764705882354,0.391304347826087,,,,,,,,,0.0,0.0,0.0
2010-06-18,2010,ENG,ALG,1,0,0.44642857142857145,0.2857142857142857,0.16071428571428575,0.32142857142857145,0.14285714285714285,0.1785714285714286,1.3392857142857142,0.8571428571428571,0.4821428571428571,0.8571428571428571,1.5714285714285714,-0.7142857142857143,13.0,3.0,10.0,56.0,7.0,49.0,0.15384615384615385,0.0,0.15384615384615385,0.07692307692307693,0.0,0.07692307692307693,1.0,0.0,1.0,6.0,35.0,-29.0,1.699673171197595,22.305953365762143,-20.606280194564548,1.0,1.0,0.0,654.0,59.05,594.95,27.54901960784314,26.045454545454547,1.503565062388592,0.2,0.0,0.2,0.30434782608695654,,,,,,,0.35185185185185186,,0.0,0.0,0.0
2010-06-18,2010,ALG,ENG,1,0,0.2857142857142857,0.44642857142857145,-0.16071428571428575,0.14285714285714285,0.32142857142857145,-0.1785714285714286,0.8571428571428571,1.3392857142857142,-0.4821428571428571,1.5714285714285714,0.8571428571428571,0.7142857142857143,3.0,13.0,-10.0,7.0,56.0,-49.0,0.0,0.15384615384615385,-0.15384615384615385,0.0,0.07692307692307693,-0.07692307692307693,0.0,1.0,-1.0,35.0,6.0,29.0,22.305953365762143,1.699673171197595,20.606280194564548,1.0,1.0,0.0,59.05,654.0,-594.95,26.045454545454547,27.54901960784314,-1.503565062388592,0.0,0.2,-0.2,,0.30434782608695654,,,,,0.35185185185185186,,,0.0,0.0,0.0
2010-06-18,2010,SVN,USA,1,0,0.25,0.18181818181818182,0.06818181818181818,0.0,0.18181818181818182,-0.18181818181818182,0.75,0.9090909090909091,-0.15909090909090906,1.75,1.7727272727272727,-0.022727272727272707,2.0,7.0,-5.0,4.0,22.0,-18.0,0.0,0.0,0.0,0.0,0.0,0.0,0.0,0.0,0.0,,18.0,,,3.299831645537222,,0.0,1.0,-1.0,,69.475,,,25.285714285714285,,0.0,0.1111111111111111,-0.1111111111111111,0.0,,,,0.0,,,,,0.0,0.0,0.0
2010-06-18,2010,USA,SVN,1,0,0.18181818181818182,0.25,-0.06818181818181818,0.18181818181818182,0.0,0.18181818181818182,0.9090909090909091,0.75,0.15909090909090906,1.7727272727272727,1.75,0.022727272727272707,7.0,2.0,5.0,22.0,4.0,18.0,0.0,0.0,0.0,0.0,0.0,0.0,0.0,0.0,0.0,18.0,,,3.299831645537222,,,1.0,0.0,1.0,69.475,,,25.285714285714285,,,0.1111111111111111,0.0,0.1111111111111111,,0.0,,0.0,,,,,,0.0,0.0,0.0
2010-06-18,2010,SRB,GER,2,0,0.25,0.6091954022988506,-0.3591954022988506,0.125,0.20689655172413793,-0.08189655172413793,0.875,2.0689655172413794,-1.1939655172413794,1.875,1.1379310344827587,0.7370689655172413,3.0,15.0,-12.0,8.0,87.0,-79.0,0.0,0.6666666666666666,-0.6666666666666666,0.0,0.4666666666666667,-0.4666666666666667,0.0,3.0,-3.0,,3.0,,,1.699673171197595,,0.0,1.0,-1.0,,506.5,,,25.348837209302324,,0.0,0.29411764705882354,-0.29411764705882354,,0.391304347826087,,,,,,,,0.0,0.0,0.0
2010-06-19,2010,GHA,AUS,1,0,0.6,0.125,0.475,0.0,0.25,-0.25,1.0,0.625,0.375,1.2,1.875,-0.675,2.0,3.0,-1.0,5.0,8.0,-3.0,0.0,0.0,0.0,0.0,0.0,0.0,0.0,0.0,0.0,16.0,26.0,-10.0,7.3484692283495345,11.440668201153676,-4.092198972804141,1.0,1.0,0.0,103.55,85.15,18.39999999999999,23.05,25.875,-2.8249999999999993,0.25,0.0,0.25,,,,,,,0.5333333333333333,,,0.0,0.0,0.0
2010-06-19,2010,AUS,GHA,1,0,0.125,0.6,-0.475,0.25,0.0,0.25,0.625,1.0,-0.375,1.875,1.2,0.675,3.0,2.0,1.0,8.0,5.0,3.0,0.0,0.0,0.0,0.0,0.0,0.0,0.0,0.0,0.0,26.0,16.0,10.0,11.440668201153676,7.3484692283495345,4.092198972804141,1.0,1.0,0.0,85.15,103.55,-18.39999999999999,25.875,23.05,2.8249999999999993,0.0,0.25,-0.25,,,,,,,,0.5333333333333333,,0.0,0.0,0.0
2010-06-19,2010,NED,JPN,2,0,0.4857142857142857,0.2727272727272727,0.212987012987013,0.2857142857142857,0.18181818181818182,0.10389610389610388,1.6857142857142857,0.8181818181818182,0.8675324675324675,0.9142857142857143,1.2727272727272727,-0.35844155844155845,7.0,4.0,3.0,35.0,11.0,24.0,0.42857142857142855,0.0,0.42857142857142855,0.2857142857142857,0.0,0.2857142857142857,0.0,0.0,0.0,2.0,29.0,-27.0,2.8284271247461903,4.027681991198191,-1.199254866452001,1.0,1.0,0.0,,111.37499999999999,,,24.92982456140351,,0.3333333333333333,0.0,0.3333333333333333,0.5,,,,,,,,,0.0,0.0,0.0
2010-06-19,2010,CMR,DEN,0,0,0.2222222222222222,0.5,-0.2777777777777778,0.3888888888888889,0.14285714285714285,0.24603174603174605,0.8333333333333334,1.7142857142857142,-0.8809523809523808,1.6666666666666667,1.4285714285714286,0.23809523809523814,6.0,4.0,2.0,18.0,14.0,4.0,0.0,0.0,0.0,0.0,0.0,0.0,0.0,0.0,0.0,,28.0,,,3.7416573867739413,,0.0,1.0,-1.0,,,,,,,0.0,0.1,-0.1,,0.25,,,,,0.5211267605633803,,,0.0,0.0,0.0
2010-06-19,2010,DEN,CMR,2,0,0.5,0.2222222222222222,0.2777777777777778,0.14285714285714285,0.3888888888888889,-0.24603174603174605,1.7142857142857142,0.8333333333333334,0.8809523809523808,1.4285714285714286,1.6666666666666667,-0.23809523809523814,4.0,6.0,-2.0,14.0,18.0,-4.0,0.0,0.0,0.0,0.0,0.0,0.0,0.0,0.0,0.0,28.0,,,3.7416573867739413,,,1.0,0.0,1.0,,,,,,,0.1,0.0,0.1,0.25,,,,,,,0.5211267605633803,,0.0,0.0,0.0
2010-06-19,2010,JPN,NED,0,0,0.2727272727272727,0.4857142857142857,-0.212987012987013,0.18181818181818182,0.2857142857142857,-0.10389610389610388,0.8181818181818182,1.6857142857142857,-0.8675324675324675,1.2727272727272727,0.9142857142857143,0.35844155844155845,4.0,7.0,-3.0,11.0,35.0,-24.0,0.0,0.42857142857142855,-0.42857142857142855,0.0,0.2857142857142857,-0.2857142857142857,0.0,0.0,0.0,29.0,2.0,27.0,4.027681991198191,2.8284271247461903,1.199254866452001,1.0,1.0,0.0,111.37499999999999,,,24.92982456140351,,,0.0,0.3333333333333333,-0.3333333333333333,,0.5,,,,,,,,0.0,0.0,0.0
2010-06-20,2010,SVK,PAR,0,0,0.0,0.23809523809523808,-0.23809523809523808,1.0,0.38095238095238093,0.6190476190476191,1.0,1.2857142857142858,-0.2857142857142858,1.0,1.619047619047619,-0.6190476190476191,1.0,7.0,-6.0,1.0,21.0,-20.0,0.0,0.0,0.0,0.0,0.0,0.0,0.0,0.0,0.0,20.0,24.0,-4.0,8.178562764256865,4.988876515698588,3.189686248558277,1.0,1.0,0.0,,75.975,,,25.3,,,0.125,,,,,,0.36363636363636365,,,,,0.0,0.0,0.0
2010-06-20,2010,ITA,NZL,1,0,0.5217391304347826,0.0,0.5217391304347826,0.2753623188405797,0.25,0.025362318840579712,1.4492753623188406,0.75,0.6992753623188406,0.8985507246376812,3.25,-2.351449275362319,15.0,2.0,13.0,69.0,4.0,65.0,0.4,0.0,0.4,0.26666666666666666,0.0,0.26666666666666666,4.0,0.0,4.0,14.0,63.0,-49.0,0.4714045207910317,5.436502143433363,-4.965097622642332,1.0,1.0,0.0,,13.299999999999999,,,26.576923076923077,,0.26666666666666666,,,0.4074074074074074,,,,,,,,,0.0,0.0,0.0
2010-06-20,2010,PAR,SVK,2,0,0.23809523809523808,0.0,0.23809523809523808,0.38095238095238093,1.0,-0.6190476190476191,1.2857142857142858,1.0,0.2857142857142858,1.619047619047619,1.0,0.6190476190476191,7.0,1.0,6.0,21.0,1.0,20.0,0.0,0.0,0.0,0.0,0.0,0.0,0.0,0.0,0.0,24.0,20.0,4.0,4.988876515698588,8.178562764256865,-3.189686248558277,1.0,1.0,0.0,75.975,,,25.3,,,0.125,,,,,,0.36363636363636365,,,,,,0.0,0.0,0.0
2010-06-20,2010,BRA,CIV,2,0,0.7176470588235294,0.25,0.4676470588235294,0.15294117647058825,0.25,-0.09705882352941175,2.152941176470588,1.25,0.9029411764705881,0.8117647058823529,1.5,-0.6882352941176471,16.0,2.0,14.0,85.0,4.0,81.0,0.5,0.0,0.5,0.375,0.0,0.375,5.0,0.0,5.0,4.0,21.0,-17.0,1.4142135623730951,8.65383665716478,-7.239623094791685,1.0,1.0,0.0,615.7500000000001,205.97500000000002,409.7750000000001,25.01851851851852,25.694444444444443,-0.6759259259259238,0.5714285714285714,0.0,0.5714285714285714,,,,0.5625,,,,0.38095238095238093,,0.0,0.0,0.0
2010-06-20,2010,NZL,ITA,1,0,0.0,0.5217391304347826,-0.5217391304347826,0.25,0.2753623188405797,-0.025362318840579712,0.75,1.4492753623188406,-0.6992753623188406,3.25,0.8985507246376812,2.351449275362319,2.0,15.0,-13.0,4.0,69.0,-65.0,0.0,0.4,-0.4,0.0,0.26666666666666666,-0.26666666666666666,0.0,4.0,-4.0,63.0,14.0,49.0,5.436502143433363,0.4714045207910317,4.965097622642332,1.0,1.0,0.0,13.299999999999999,,,26.576923076923077,,,,0.26666666666666666,,,0.4074074074074074,,,,,,,,0.0,0.0,0.0
2010-06-20,2010,CIV,BRA,0,0,0.25,0.7176470588235294,-0.4676470588235294,0.25,0.15294117647058825,0.09705882352941175,1.25,2.152941176470588,-0.9029411764705881,1.5,0.8117647058823529,0.6882352941176471,2.0,16.0,-14.0,4.0,85.0,-81.0,0.0,0.5,-0.5,0.0,0.375,-0.375,0.0,5.0,-5.0,21.0,4.0,17.0,8.65383665716478,1.4142135623730951,7.239623094791685,1.0,1.0,0.0,205.97500000000002,615.7500000000001,-409.7750000000001,25.694444444444443,25.01851851851852,0.6759259259259238,0.0,0.5714285714285714,-0.5714285714285714,,,,,0.5625,,0.38095238095238093,,,0.0,0.0,0.0
2010-06-21,2010,POR,PRK,2,0,0.55,0.2,0.35000000000000003,0.1,0.2,-0.1,1.6,1.2,0.40000000000000013,1.05,2.2,-1.1500000000000001,5.0,2.0,3.0,20.0,5.0,15.0,0.4,0.0,0.4,0.0,0.0,0.0,0.0,0.0,0.0,8.0,,,2.449489742783178,,,1.0,0.0,1.0,433.35,,,28.0,,,0.3076923076923077,0.0,0.3076923076923077,0.5217391304347826,,,,,,,,,0.0,0.0,0.0
2010-06-21,2010,PRK,POR,0,0,0.2,0.55,-0.35000000000000003,0.2,0.1,0.1,1.2,1.6,-0.40000000000000013,2.2,1.05,1.1500000000000001,2.0,5.0,-3.0,5.0,20.0,-15.0,0.0,0.4,-0.4,0.0,0.0,0.0,0.0,0.0,0.0,,8.0,,,2.449489742783178,,0.0,1.0,-1.0,,433.35,,,28.0,,0.0,0.3076923076923077,-0.3076923076923077,,0.5217391304347826,,,,,,,,0.0,0.0,0.0
2010-06-21,2010,ESP,HON,2,0,0.44680851063829785,0.0,0.44680851063829785,0.23404255319148937,0.5,-0.26595744680851063,1.6170212765957446,0.5,1.1170212765957446,1.1702127659574468,1.0,0.17021276595744683,12.0,2.0,10.0,47.0,4.0,43.0,0.0,0.0,0.0,0.0,0.0,0.0,0.0,0.0,0.0,1.0,,,1.4142135623730951,,,1.0,0.0,1.0,780.5,,,27.181818181818183,,,0.2222222222222222,0.5,-0.2777777777777778,0.4,,,,0.5,,,,,0.0,0.0,0.0
2010-06-21,2010,HON,ESP,0,0,0.0,0.44680851063829785,-0.44680851063829785,0.5,0.23404255319148937,0.26595744680851063,0.5,1.6170212765957446,-1.1170212765957446,1.0,1.1702127659574468,-0.17021276595744683,2.0,12.0,-10.0,4.0,47.0,-43.0,0.0,0.0,0.0,0.0,0.0,0.0,0.0,0.0,0.0,,1.0,,,1.4142135623730951,,0.0,1.0,-1.0,,780.5,,,27.181818181818183,,0.5,0.2222222222222222,0.2777777777777778,,0.4,,0.5,,,,,,0.0,0.0,0.0
2010-06-21,2010,CHL,SUI,2,0,0.2608695652173913,0.3181818181818182,-0.05731225296442688,0.2608695652173913,0.18181818181818182,0.07905138339920947,1.173913043478261,1.2727272727272727,-0.09881422924901173,1.608695652173913,1.8636363636363635,-0.25494071146245045,7.0,7.0,0.0,23.0,22.0,1.0,0.14285714285714285,0.0,0.14285714285714285,0.0,0.0,0.0,0.0,0.0,0.0,,22.0,,,11.115554667022044,,0.0,1.0,-1.0,,125.79999999999998,,,26.88888888888889,,0.0,0.14285714285714285,-0.14285714285714285,,0.1111111111111111,,0.2727272727272727,,,,,,0.0,0.0,0.0
2010-06-21,2010,SUI,CHL,0,0,0.3181818181818182,0.2608695652173913,0.05731225296442688,0.18181818181818182,0.2608695652173913,-0.07905138339920947,1.2727272727272727,1.173913043478261,0.09881422924901173,1.8636363636363635,1.608695652173913,0.25494071146245045,7.0,7.0,0.0,22.0,23.0,-1.0,0.0,0.14285714285714285,-0.14285714285714285,0.0,0.0,0.0,0.0,0.0,0.0,22.0,,,11.115554667022044,,,1.0,0.0,1.0,125.79999999999998,,,26.88888888888889,,,0.14285714285714285,0.0,0.14285714285714285,0.1111111111111111,,,,0.2727272727272727,,,,,0.0,0.0,0.0
2010-06-22,2010,FRA,RSA,0,0,0.48936170212765956,0.125,0.36436170212765956,0.23404255319148937,0.5,-0.26595744680851063,1.8085106382978724,1.125,0.6835106382978724,1.1914893617021276,1.875,-0.6835106382978724,10.0,3.0,7.0,47.0,8.0,39.0,0.5,0.0,0.5,0.2,0.0,0.2,1.0,0.0,1.0,18.0,51.0,-33.0,1.8856180831641267,4.0276819911981905,-2.1420639080340638,1.0,1.0,0.0,647.6,,,26.88679245283019,,,0.3888888888888889,0.0,0.3888888888888889,0.39285714285714285,,,,,,,0.41935483870967744,,0.0,1.0,-1.0
2010-06-22,2010,RSA,FRA,2,0,0.125,0.48936170212765956,-0.36436170212765956,0.5,0.23404255319148937,0.26595744680851063,1.125,1.8085106382978724,-0.6835106382978724,1.875,1.1914893617021276,0.6835106382978724,3.0,10.0,-7.0,8.0,47.0,-39.0,0.0,0.5,-0.5,0.0,0.2,-0.2,0.0,1.0,-1.0,51.0,18.0,33.0,4.0276819911981905,1.8856180831641267,2.1420639080340638,1.0,1.0,0.0,,647.6,,,26.88679245283019,,0.0,0.3888888888888889,-0.3888888888888889,,0.39285714285714285,,,,,0.41935483870967744,,,1.0,0.0,1.0
2010-06-22,2010,NGA,KOR,1,0,0.3076923076923077,0.19230769230769232,0.11538461538461539,0.07692307692307693,0.2692307692307692,-0.1923076923076923,1.1538461538461537,0.9615384615384616,0.19230769230769218,1.4615384615384615,2.1923076923076925,-0.7307692307692311,4.0,8.0,-4.0,13.0,26.0,-13.0,0.0,0.125,-0.125,0.0,0.0,0.0,0.0,0.0,0.0,,40.0,,,4.714045207910317,,0.0,1.0,-1.0,,60.300000000000004,,,24.31578947368421,,0.0,0.0,0.0,,,,,,,0.5256410256410257,,,0.0,0.0,0.0
2010-06-22,2010,KOR,NGA,1,0,0.19230769230769232,0.3076923076923077,-0.11538461538461539,0.2692307692307692,0.07692307692307693,0.1923076923076923,0.9615384615384616,1.1538461538461537,-0.19230769230769218,2.1923076923076925,1.4615384615384615,0.7307692307692311,8.0,4.0,4.0,26.0,13.0,13.0,0.125,0.0,0.125,0.0,0.0,0.0,0.0,0.0,0.0,40.0,,,4.714045207910317,,,1.0,0.0,1.0,60.300000000000004,,,24.31578947368421,,,0.0,0.0,0.0,,,,,,,,0.5256410256410257,,0.0,0.0,0.0
2010-06-22,2010,GRE,ARG,0,0,0.2,0.5081967213114754,-0.3081967213114754,0.0,0.21311475409836064,-0.21311475409836064,0.4,1.6065573770491803,-1.2065573770491804,2.6,1.0327868852459017,1.5672131147540984,2.0,13.0,-11.0,5.0,61.0,-56.0,0.0,0.23076923076923078,-0.23076923076923078,0.0,0.23076923076923078,-0.23076923076923078,0.0,2.0,-2.0,,5.0,,,2.943920288775949,,0.0,1.0,-1.0,,513.7,,,25.26388888888889,,0.42857142857142855,0.125,0.30357142857142855,0.25,,,,0.75,,,,,0.0,0.0,0.0
2010-06-22,2010,MEX,URU,0,0,0.2727272727272727,0.3157894736842105,-0.0430622009569378,0.29545454545454547,0.2894736842105263,0.005980861244019142,1.0681818181818181,1.394736842105263,-0.32655502392344493,1.6363636363636365,1.4210526315789473,0.21531100478468912,13.0,10.0,3.0,44.0,38.0,6.0,0.0,0.2,-0.2,0.0,0.0,0.0,0.0,2.0,-2.0,27.0,7.0,20.0,4.784233364802441,3.299831645537222,1.484401719265219,1.0,1.0,0.0,132.75,148.54999999999998,-15.799999999999983,25.583333333333332,25.225806451612904,0.35752688172042824,0.3076923076923077,0.0,0.3076923076923077,,,,0.5625,0.3888888888888889,0.1736111111111111,,,,0.0,0.0,0.0
2010-06-22,2010,URU,MEX,2,0,0.3157894736842105,0.2727272727272727,0.0430622009569378,0.2894736842105263,0.29545454545454547,-0.005980861244019142,1.394736842105263,1.0681818181818181,0.32655502392344493,1.4210526315789473,1.6363636363636365,-0.21531100478468912,10.0,13.0,-3.0,38.0,44.0,-6.0,0.2,0.0,0.2,0.0,0.0,0.0,2.0,0.0,2.0,7.0,27.0,-20.0,3.299831645537222,4.784233364802441,-1.484401719265219,1.0,1.0,0.0,148.54999999999998,132.75,15.799999999999983,25.225806451612904,25.583333333333332,-0.35752688172042824,0.0,0.3076923076923077,-0.3076923076923077,,,,0.3888888888888889,0.5625,-0.1736111111111111,,,,0.0,0.0,0.0
2010-06-22,2010,ARG,GRE,2,0,0.5081967213114754,0.2,0.3081967213114754,0.21311475409836064,0.0,0.21311475409836064,1.6065573770491803,0.4,1.2065573770491804,1.0327868852459017,2.6,-1.5672131147540984,13.0,2.0,11.0,61.0,5.0,56.0,0.23076923076923078,0.0,0.23076923076923078,0.23076923076923078,0.0,0.23076923076923078,2.0,0.0,2.0,5.0,,,2.943920288775949,,,1.0,0.0,1.0,513.7,,,25.26388888888889,,,0.125,0.42857142857142855,-0.30357142857142855,,0.25,,0.75,,,,,,0.0,0.0,0.0
2010-06-23,2010,GHA,GER,0,0,0.5,0.6022727272727273,-0.10227272727272729,0.16666666666666666,0.20454545454545456,-0.0378787878787879,1.0,2.0454545454545454,-1.0454545454545454,1.1666666666666667,1.1363636363636365,0.030303030303030276,2.0,15.0,-13.0,6.0,88.0,-82.0,0.0,0.6666666666666666,-0.6666666666666666,0.0,0.4666666666666667,-0.4666666666666667,0.0,3.0,-3.0,16.0,3.0,13.0,7.3484692283495345,1.699673171197595,5.648796057151939,1.0,1.0,0.0,103.55,506.5,-402.95,23.05,25.348837209302324,-2.2988372093023237,0.25,0.29411764705882354,-0.04411764705882354,,0.391304347826087,,,,,0.5333333333333333,,,0.0,0.0,0.0
2010-06-23,2010,GER,GHA,2,0,0.6022727272727273,0.5,0.10227272727272729,0.20454545454545456,0.16666666666666666,0.0378787878787879,2.0454545454545454,1.0,1.0454545454545454,1.1363636363636365,1.1666666666666667,-0.030303030303030276,15.0,2.0,13.0,88.0,6.0,82.0,0.6666666666666666,0.0,0.6666666666666666,0.4666666666666667,0.0,0.4666666666666667,3.0,0.0,3.0,3.0,16.0,-13.0,1.699673171197595,7.3484692283495345,-5.648796057151939,1.0,1.0,0.0,506.5,103.55,402.95,25.348837209302324,23.05,2.2988372093023237,0.29411764705882354,0.25,0.04411764705882354,0.391304347826087,,,,,,,0.5333333333333333,,0.0,0.0,0.0
2010-06-23,2010,SVN,ENG,0,0,0.2,0.43859649122807015,-0.23859649122807014,0.2,0.3333333333333333,-0.1333333333333333,1.0,1.3157894736842106,-0.3157894736842106,1.8,0.8421052631578947,0.9578947368421054,2.0,13.0,-11.0,5.0,57.0,-52.0,0.0,0.15384615384615385,-0.15384615384615385,0.0,0.07692307692307693,-0.07692307692307693,0.0,1.0,-1.0,,6.0,,,1.699673171197595,,0.0,1.0,-1.0,,654.0,,,27.54901960784314,,0.0,0.2,-0.2,0.0,0.30434782608695654,-0.30434782608695654,,,,,,,0.0,0.0,0.0
2010-06-23,2010,ENG,SVN,2,0,0.43859649122807015,0.2,0.23859649122807014,0.3333333333333333,0.2,0.1333333333333333,1.3157894736842106,1.0,0.3157894736842106,0.8421052631578947,1.8,-0.9578947368421054,13.0,2.0,11.0,57.0,5.0,52.0,0.15384615384615385,0.0,0.15384615384615385,0.07692307692307693,0.0,0.07692307692307693,1.0,0.0,1.0,6.0,,,1.699673171197595,,,1.0,0.0,1.0,654.0,,,27.54901960784314,,,0.2,0.0,0.2,0.30434782608695654,0.0,0.30434782608695654,,,,,,,0.0,0.0,0.0
2010-06-23,2010,AUS,SRB,2,0,0.1111111111111111,0.3333333333333333,-0.2222222222222222,0.3333333333333333,0.1111111111111111,0.2222222222222222,0.6666666666666666,0.8888888888888888,-0.2222222222222222,1.7777777777777777,1.6666666666666667,0.11111111111111094,3.0,3.0,0.0,9.0,9.0,0.0,0.0,0.0,0.0,0.0,0.0,0.0,0.0,0.0,0.0,26.0,,,11.440668201153676,,,1.0,0.0,1.0,85.15,,,25.875,,,0.0,0.25,-0.25,,,,,,,,,,0.0,0.0,0.0
2010-06-23,2010,SRB,AUS,0,0,0.3333333333333333,0.1111111111111111,0.2222222222222222,0.1111111111111111,0.3333333333333333,-0.2222222222222222,0.8888888888888888,0.6666666666666666,0.2222222222222222,1.6666666666666667,1.7777777777777777,-0.11111111111111094,3.0,3.0,0.0,9.0,9.0,0.0,0.0,0.0,0.0,0.0,0.0,0.0,0.0,0.0,0.0,,26.0,,,11.440668201153676,,0.0,1.0,-1.0,,85.15,,,25.875,,0.25,0.0,0.25,,,,,,,,,,0.0,0.0,0.0
2010-06-23,2010,USA,ALG,2,0,0.17391304347826086,0.25,-0.07608695652173914,0.21739130434782608,0.25,-0.03260869565217392,0.9565217391304348,0.75,0.2065217391304348,1.7826086956521738,1.375,0.40760869565217384,7.0,3.0,4.0,23.0,8.0,15.0,0.0,0.0,0.0,0.0,0.0,0.0,0.0,0.0,0.0,18.0,35.0,-17.0,3.299831645537222,22.305953365762143,-19.00612172022492,1.0,1.0,0.0,69.475,59.05,10.424999999999997,25.285714285714285,26.045454545454547,-0.759740259740262,0.1111111111111111,0.0,0.1111111111111111,,,,0.0,,,,0.35185185185185186,,0.0,0.0,0.0
2010-06-23,2010,ALG,USA,0,0,0.25,0.17391304347826086,0.07608695652173914,0.25,0.21739130434782608,0.03260869565217392,0.75,0.9565217391304348,-0.2065217391304348,1.375,1.7826086956521738,-0.40760869565217384,3.0,7.0,-4.0,8.0,23.0,-15.0,0.0,0.0,0.0,0.0,0.0,0.0,0.0,0.0,0.0,35.0,18.0,17.0,22.305953365762143,3.299831645537222,19.00612172022492,1.0,1.0,0.0,59.05,69.475,-10.424999999999997,26.045454545454547,25.285714285714285,0.759740259740262,0.0,0.1111111111111111,-0.1111111111111111,,,,,0.0,,0.35185185185185186,,,0.0,0.0,0.0
2010-06-24,2010,SVK,ITA,2,0,0.0,0.5142857142857142,-0.5142857142857142,0.5,0.2857142857142857,0.2142857142857143,0.5,1.4428571428571428,-0.9428571428571428,1.5,0.9,0.6,1.0,15.0,-14.0,2.0,70.0,-68.0,0.0,0.4,-0.4,0.0,0.26666666666666666,-0.26666666666666666,0.0,4.0,-4.0,20.0,14.0,6.0,8.178562764256865,0.4714045207910317,7.707158243465834,1.0,1.0,0.0,,,,,,,,0.26666666666666666,,,0.4074074074074074,,,,,,,,0.0,0.0,0.0
2010-06-24,2010,PAR,NZL,1,0,0.2727272727272727,0.0,0.2727272727272727,0.36363636363636365,0.4,-0.036363636363636376,1.3181818181818181,0.8,0.5181818181818181,1.5454545454545454,2.8,-1.2545454545454544,7.0,2.0,5.0,22.0,5.0,17.0,0.0,0.0,0.0,0.0,0.0,0.0,0.0,0.0,0.0,24.0,63.0,-39.0,4.988876515698588,5.436502143433363,-0.44762562773477477,1.0,1.0,0.0,75.975,13.299999999999999,62.675,25.3,26.576923076923077,-1.276923076923076,0.125,,,,,,0.36363636363636365,,,,,,0.0,0.0,0.0
2010-06-24,2010,NZL,PAR,1,0,0.0,0.2727272727272727,-0.2727272727272727,0.4,0.36363636363636365,0.036363636363636376,0.8,1.3181818181818181,-0.5181818181818181,2.8,1.5454545454545454,1.2545454545454544,2.0,7.0,-5.0,5.0,22.0,-17.0,0.0,0.0,0.0,0.0,0.0,0.0,0.0,0.0,0.0,63.0,24.0,39.0,5.436502143433363,4.988876515698588,0.44762562773477477,1.0,1.0,0.0,13.299999999999999,75.975,-62.675,26.576923076923077,25.3,1.276923076923076,,0.125,,,,,,0.36363636363636365,,,,,0.0,0.0,0.0
2010-06-24,2010,ITA,SVK,0,0,0.5142857142857142,0.0,0.5142857142857142,0.2857142857142857,0.5,-0.2142857142857143,1.4428571428571428,0.5,0.9428571428571428,0.9,1.5,-0.6,15.0,1.0,14.0,70.0,2.0,68.0,0.4,0.0,0.4,0.26666666666666666,0.0,0.26666666666666666,4.0,0.0,4.0,14.0,20.0,-6.0,0.4714045207910317,8.178562764256865,-7.707158243465834,1.0,1.0,0.0,,,,,,,0.26666666666666666,,,0.4074074074074074,,,,,,,,,0.0,0.0,0.0
2010-06-24,2010,DEN,JPN,0,0,0.5333333333333333,0.25,0.2833333333333333,0.13333333333333333,0.16666666666666666,-0.033333333333333326,1.7333333333333334,0.75,0.9833333333333334,1.4,1.25,0.1499999999999999,4.0,4.0,0.0,15.0,12.0,3.0,0.0,0.0,0.0,0.0,0.0,0.0,0.0,0.0,0.0,28.0,29.0,-1.0,3.7416573867739413,4.027681991198191,-0.28602460442425004,1.0,1.0,0.0,,111.37499999999999,,,24.92982456140351,,0.1,0.0,0.1,0.25,,,,,,,,,0.0,0.0,0.0
2010-06-24,2010,CMR,NED,0,0,0.21052631578947367,0.5,-0.2894736842105263,0.3684210526315789,0.2777777777777778,0.09064327485380114,0.8421052631578947,1.6666666666666667,-0.824561403508772,1.6842105263157894,0.8888888888888888,0.7953216374269005,6.0,7.0,-1.0,19.0,36.0,-17.0,0.0,0.42857142857142855,-0.42857142857142855,0.0,0.2857142857142857,-0.2857142857142857,0.0,0.0,0.0,,2.0,,,2.8284271247461903,,0.0,1.0,-1.0,,,,,,,0.0,0.3333333333333333,-0.3333333333333333,,0.5,,,,,0.5211267605633803,,,0.0,0.0,0.0
2010-06-24,2010,NED,CMR,2,0,0.5,0.21052631578947367,0.2894736842105263,0.2777777777777778,0.3684210526315789,-0.09064327485380114,1.6666666666666667,0.8421052631578947,0.824561403508772,0.8888888888888888,1.6842105263157894,-0.7953216374269005,7.0,6.0,1.0,36.0,19.0,17.0,0.42857142857142855,0.0,0.42857142857142855,0.2857142857142857,0.0,0.2857142857142857,0.0,0.0,0.0,2.0,,,2.8284271247461903,,,1.0,0.0,1.0,,,,,,,0.3333333333333333,0.0,0.3333333333333333,0.5,,,,,,,0.5211267605633803,,0.0,0.0,0.0
2010-06-24,2010,JPN,DEN,2,0,0.25,0.5333333333333333,-0.2833333333333333,0.16666666666666666,0.13333333333333333,0.033333333333333326,0.75,1.7333333333333334,-0.9833333333333334,1.25,1.4,-0.1499999999999999,4.0,4.0,0.0,12.0,15.0,-3.0,0.0,0.0,0.0,0.0,0.0,0.0,0.0,0.0,0.0,29.0,28.0,1.0,4.027681991198191,3.7416573867739413,0.28602460442425004,1.0,1.0,0.0,111.37499999999999,,,24.92982456140351,,,0.0,0.1,-0.1,,0.25,,,,,,,,0.0,0.0,0.0
2010-06-25,2010,SUI,HON,1,0,0.30434782608695654,0.0,0.30434782608695654,0.17391304347826086,0.4,-0.22608695652173916,1.2173913043478262,0.4,0.8173913043478261,1.826086956521739,1.2,0.6260869565217391,7.0,2.0,5.0,23.0,5.0,18.0,0.0,0.0,0.0,0.0,0.0,0.0,0.0,0.0,0.0,22.0,,,11.115554667022044,,,1.0,0.0,1.0,125.79999999999998,,,26.88888888888889,,,0.14285714285714285,0.3333333333333333,-0.19047619047619047,0.1111111111111111,,,,0.5,,,,,0.0,0.0,0.0
2010-06-25,2010,HON,SUI,1,0,0.0,0.30434782608695654,-0.30434782608695654,0.4,0.17391304347826086,0.22608695652173916,0.4,1.2173913043478262,-0.8173913043478261,1.2,1.826086956521739,-0.6260869565217391,2.0,7.0,-5.0,5.0,23.0,-18.0,0.0,0.0,0.0,0.0,0.0,0.0,0.0,0.0,0.0,,22.0,,,11.115554667022044,,0.0,1.0,-1.0,,125.79999999999998,,,26.88888888888889,,0.3333333333333333,0.14285714285714285,0.19047619047619047,,0.1111111111111111,,0.5,,,,,,0.0,0.0,0.0
2010-06-25,2010,CHL,ESP,0,0,0.2916666666666667,0.4583333333333333,-0.16666666666666663,0.25,0.22916666666666666,0.020833333333333343,1.1666666666666667,1.625,-0.45833333333333326,1.5416666666666667,1.1458333333333333,0.3958333333333335,7.0,12.0,-5.0,24.0,48.0,-24.0,0.14285714285714285,0.0,0.14285714285714285,0.0,0.0,0.0,0.0,0.0,0.0,,1.0,,,1.4142135623730951,,0.0,1.0,-1.0,,780.5,,,27.181818181818183,,0.0,0.2222222222222222,-0.2222222222222222,,0.4,,0.2727272727272727,,,,,,0.0,0.0,0.0
2010-06-25,2010,ESP,CHL,2,0,0.4583333333333333,0.2916666666666667,0.16666666666666663,0.22916666666666666,0.25,-0.020833333333333343,1.625,1.1666666666666667,0.45833333333333326,1.1458333333333333,1.5416666666666667,-0.3958333333333335,12.0,7.0,5.0,48.0,24.0,24.0,0.0,0.14285714285714285,-0.14285714285714285,0.0,0.0,0.0,0.0,0.0,0.0,1.0,,,1.4142135623730951,,,1.0,0.0,1.0,780.5,,,27.181818181818183,,,0.2222222222222222,0.0,0.2222222222222222,0.4,,,,0.2727272727272727,,,,,0.0,0.0,0.0
2010-06-25,2010,PRK,CIV,0,0,0.16666666666666666,0.2,-0.033333333333333354,0.16666666666666666,0.2,-0.033333333333333354,1.0,1.2,-0.19999999999999996,3.0,1.8,1.2,2.0,2.0,0.0,6.0,5.0,1.0,0.0,0.0,0.0,0.0,0.0,0.0,0.0,0.0,0.0,,21.0,,,8.65383665716478,,0.0,1.0,-1.0,,205.97500000000002,,,25.694444444444443,,0.0,0.0,0.0,,,,,,,,0.38095238095238093,,0.0,0.0,0.0
2010-06-25,2010,CIV,PRK,2,0,0.2,0.16666666666666666,0.033333333333333354,0.2,0.16666666666666666,0.033333333333333354,1.2,1.0,0.19999999999999996,1.8,3.0,-1.2,2.0,2.0,0.0,5.0,6.0,-1.0,0.0,0.0,0.0,0.0,0.0,0.0,0.0,0.0,0.0,21.0,,,8.65383665716478,,,1.0,0.0,1.0,205.97500000000002,,,25.694444444444443,,,0.0,0.0,0.0,,,,,,,0.38095238095238093,,,0.0,0.0,0.0
2010-06-25,2010,POR,BRA,1,0,0.5714285714285714,0.7209302325581395,-0.1495016611295681,0.09523809523809523,0.1511627906976744,-0.05592469545957918,1.8571428571428572,2.1627906976744184,-0.30564784053156124,1.0,0.813953488372093,0.18604651162790697,5.0,16.0,-11.0,21.0,86.0,-65.0,0.4,0.5,-0.09999999999999998,0.0,0.375,-0.375,0.0,5.0,-5.0,8.0,4.0,4.0,2.449489742783178,1.4142135623730951,1.0352761804100827,1.0,1.0,0.0,433.35,615.7500000000001,-182.4000000000001,28.0,25.01851851851852,2.981481481481481,0.3076923076923077,0.5714285714285714,-0.2637362637362637,0.5217391304347826,,,,0.5625,,,,,0.0,0.0,0.0
2010-06-25,2010,BRA,POR,1,0,0.7209302325581395,0.5714285714285714,0.1495016611295681,0.1511627906976744,0.09523809523809523,0.05592469545957918,2.1627906976744184,1.8571428571428572,0.30564784053156124,0.813953488372093,1.0,-0.18604651162790697,16.0,5.0,11.0,86.0,21.0,65.0,0.5,0.4,0.09999999999999998,0.375,0.0,0.375,5.0,0.0,5.0,4.0,8.0,-4.0,1.4142135623730951,2.449489742783178,-1.0352761804100827,1.0,1.0,0.0,615.7500000000001,433.35,182.4000000000001,25.01851851851852,28.0,-2.981481481481481,0.5714285714285714,0.3076923076923077,0.2637362637362637,,0.5217391304347826,,0.5625,,,,,,0.0,0.0,0.0
2010-06-26,2010,URU,KOR,2,1,0.3333333333333333,0.18518518518518517,0.14814814814814814,0.28205128205128205,0.2962962962962963,-0.014245014245014231,1.3846153846153846,1.0,0.3846153846153846,1.3846153846153846,2.185185185185185,-0.8005698005698005,10.0,8.0,2.0,39.0,27.0,12.0,0.2,0.125,0.07500000000000001,0.0,0.0,0.0,2.0,0.0,2.0,7.0,40.0,-33.0,3.299831645537222,4.714045207910317,-1.414213562373095,1.0,1.0,0.0,148.54999999999998,60.300000000000004,88.24999999999997,25.225806451612904,24.31578947368421,0.9100169779286951,0.0,0.0,0.0,,,,0.3888888888888889,,,,,,0.0,0.0,0.0
2010-06-26,2010,USA,GHA,0,1,0.20833333333333334,0.42857142857142855,-0.2202380952380952,0.20833333333333334,0.14285714285714285,0.0654761904761905,0.9583333333333334,0.8571428571428571,0.10119047619047628,1.7083333333333333,1.1428571428571428,0.5654761904761905,7.0,2.0,5.0,24.0,7.0,17.0,0.0,0.0,0.0,0.0,0.0,0.0,0.0,0.0,0.0,18.0,16.0,2.0,3.299831645537222,7.3484692283495345,-4.0486375828123125,1.0,1.0,0.0,69.475,103.55,-34.075,25.285714285714285,23.05,2.235714285714284,0.1111111111111111,0.2,-0.0888888888888889,,,,0.0,,,,0.5333333333333333,,0.0,0.0,0.0
2010-06-26,2010,KOR,URU,0,1,0.18518518518518517,0.3333333333333333,-0.14814814814814814,0.2962962962962963,0.28205128205128205,0.014245014245014231,1.0,1.3846153846153846,-0.3846153846153846,2.185185185185185,1.3846153846153846,0.8005698005698005,8.0,10.0,-2.0,27.0,39.0,-12.0,0.125,0.2,-0.07500000000000001,0.0,0.0,0.0,0.0,2.0,-2.0,40.0,7.0,33.0,4.714045207910317,3.299831645537222,1.414213562373095,1.0,1.0,0.0,60.300000000000004,148.54999999999998,-88.24999999999997,24.31578947368421,25.225806451612904,-0.9100169779286951,0.0,0.0,0.0,,,,,0.3888888888888889,,,,,0.0,0.0,0.0
2010-06-26,2010,GHA,USA,2,1,0.42857142857142855,0.20833333333333334,0.2202380952380952,0.14285714285714285,0.20833333333333334,-0.0654761904761905,0.8571428571428571,0.9583333333333334,-0.10119047619047628,1.1428571428571428,1.7083333333333333,-0.5654761904761905,2.0,7.0,-5.0,7.0,24.0,-17.0,0.0,0.0,0.0,0.0,0.0,0.0,0.0,0.0,0.0,16.0,18.0,-2.0,7.3484692283495345,3.299831645537222,4.0486375828123125,1.0,1.0,0.0,103.55,69.475,34.075,23.05,25.285714285714285,-2.235714285714284,0.2,0.1111111111111111,0.0888888888888889,,,,,0.0,,0.5333333333333333,,,0.0,0.0,0.0
2010-06-27,2010,GER,ENG,2,1,0.6067415730337079,0.4482758620689655,0.15846571096474238,0.20224719101123595,0.3275862068965517,-0.12533901588531576,2.033707865168539,1.3103448275862069,0.7233630375823323,1.1235955056179776,0.8275862068965517,0.2960092987214259,15.0,13.0,2.0,89.0,58.0,31.0,0.6666666666666666,0.15384615384615385,0.5128205128205128,0.4666666666666667,0.07692307692307693,0.38974358974358975,3.0,1.0,2.0,3.0,6.0,-3.0,1.699673171197595,1.699673171197595,0.0,1.0,1.0,0.0,506.5,654.0,-147.5,25.348837209302324,27.54901960784314,-2.2001823985408144,0.29411764705882354,0.2,0.09411764705882353,0.391304347826087,0.30434782608695654,0.08695652173913043,,,,,,,0.0,0.0,0.0
2010-06-27,2010,ENG,GER,0,1,0.4482758620689655,0.6067415730337079,-0.15846571096474238,0.3275862068965517,0.20224719101123595,0.12533901588531576,1.3103448275862069,2.033707865168539,-0.7233630375823323,0.8275862068965517,1.1235955056179776,-0.2960092987214259,13.0,15.0,-2.0,58.0,89.0,-31.0,0.15384615384615385,0.6666666666666666,-0.5128205128205128,0.07692307692307693,0.4666666666666667,-0.38974358974358975,1.0,3.0,-2.0,6.0,3.0,3.0,1.699673171197595,1.699673171197595,0.0,1.0,1.0,0.0,654.0,506.5,147.5,27.54901960784314,25.348837209302324,2.2001823985408144,0.2,0.29411764705882354,-0.09411764705882353,0.30434782608695654,0.391304347826087,-0.08695652173913043,,,,,,,0.0,0.0,0.0
2010-06-27,2010,ARG,MEX,2,1,0.5161290322580645,0.26666666666666666,0.24946236559139784,0.20967741935483872,0.28888888888888886,-0.07921146953405014,1.6129032258064515,1.0444444444444445,0.568458781362007,1.0161290322580645,1.6222222222222222,-0.6060931899641577,13.0,13.0,0.0,62.0,45.0,17.0,0.23076923076923078,0.0,0.23076923076923078,0.23076923076923078,0.0,0.23076923076923078,2.0,0.0,2.0,5.0,27.0,-22.0,2.943920288775949,4.784233364802441,-1.8403130760264923,1.0,1.0,0.0,513.7,132.75,380.95000000000005,25.26388888888889,25.583333333333332,-0.31944444444444287,0.125,0.2857142857142857,-0.1607142857142857,,,,0.75,0.5625,0.1875,,,,0.0,0.0,0.0
2010-06-27,2010,MEX,ARG,0,1,0.26666666666666666,0.5161290322580645,-0.24946236559139784,0.28888888888888886,0.20967741935483872,0.07921146953405014,1.0444444444444445,1.6129032258064515,-0.568458781362007,1.6222222222222222,1.0161290322580645,0.6060931899641577,13.0,13.0,0.0,45.0,62.0,-17.0,0.0,0.23076923076923078,-0.23076923076923078,0.0,0.23076923076923078,-0.23076923076923078,0.0,2.0,-2.0,27.0,5.0,22.0,4.784233364802441,2.943920288775949,1.8403130760264923,1.0,1.0,0.0,132.75,513.7,-380.95000000000005,25.583333333333332,25.26388888888889,0.31944444444444287,0.2857142857142857,0.125,0.1607142857142857,,,,0.5625,0.75,-0.1875,,,,0.0,0.0,0.0
2010-06-28,2010,NED,SVK,2,1,0.5135135135135135,0.3333333333333333,0.18018018018018017,0.2702702702702703,0.3333333333333333,-0.06306306306306303,1.6756756756756757,1.3333333333333333,0.3423423423423424,0.8918918918918919,1.6666666666666667,-0.7747747747747749,7.0,1.0,6.0,37.0,3.0,34.0,0.42857142857142855,0.0,0.42857142857142855,0.2857142857142857,0.0,0.2857142857142857,0.0,0.0,0.0,2.0,20.0,-18.0,2.8284271247461903,8.178562764256865,-5.350135639510675,1.0,1.0,0.0,,,,,,,0.3333333333333333,,,0.5,,,,,,,,,0.0,0.0,0.0
2010-06-28,2010,BRA,CHL,2,1,0.7126436781609196,0.28,0.43264367816091953,0.16091954022988506,0.24,-0.07908045977011494,2.1379310344827585,1.16,0.9779310344827585,0.8045977011494253,1.56,-0.7554022988505747,16.0,7.0,9.0,87.0,25.0,62.0,0.5,0.14285714285714285,0.35714285714285715,0.375,0.0,0.375,5.0,0.0,5.0,4.0,,,1.4142135623730951,,,1.0,0.0,1.0,615.7500000000001,,,25.01851851851852,,,0.5333333333333333,0.0,0.5333333333333333,,,,0.5625,0.2727272727272727,0.2897727272727273,,,,0.0,0.0,0.0
2010-06-28,2010,CHL,BRA,0,1,0.28,0.7126436781609196,-0.43264367816091953,0.24,0.16091954022988506,0.07908045977011494,1.16,2.1379310344827585,-0.9779310344827585,1.56,0.8045977011494253,0.7554022988505747,7.0,16.0,-9.0,25.0,87.0,-62.0,0.14285714285714285,0.5,-0.35714285714285715,0.0,0.375,-0.375,0.0,5.0,-5.0,,4.0,,,1.4142135623730951,,0.0,1.0,-1.0,,615.7500000000001,,,25.01851851851852,,0.0,0.5333333333333333,-0.5333333333333333,,,,0.2727272727272727,0.5625,-0.2897727272727273,,,,0.0,0.0,0.0
2010-06-28,2010,SVK,NED,0,1,0.3333333333333333,0.5135135135135135,-0.18018018018018017,0.3333333333333333,0.2702702702702703,0.06306306306306303,1.3333333333333333,1.6756756756756757,-0.3423423423423424,1.6666666666666667,0.8918918918918919,0.7747747747747749,1.0,7.0,-6.0,3.0,37.0,-34.0,0.0,0.42857142857142855,-0.42857142857142855,0.0,0.2857142857142857,-0.2857142857142857,0.0,0.0,0.0,20.0,2.0,18.0,8.178562764256865,2.8284271247461903,5.350135639510675,1.0,1.0,0.0,,,,,,,,0.3333333333333333,,,0.5,,,,,,,,0.0,0.0,0.0
2010-06-29,2010,PAR,JPN,1,1,0.2608695652173913,0.3076923076923077,-0.04682274247491641,0.391304347826087,0.15384615384615385,0.23745819397993312,1.2608695652173914,0.9230769230769231,0.3377926421404682,1.4782608695652173,1.2307692307692308,0.24749163879598646,7.0,4.0,3.0,23.0,13.0,10.0,0.0,0.0,0.0,0.0,0.0,0.0,0.0,0.0,0.0,24.0,29.0,-5.0,4.988876515698588,4.027681991198191,0.9611945245003968,1.0,1.0,0.0,75.975,111.37499999999999,-35.39999999999999,25.3,24.92982456140351,0.3701754385964904,0.125,0.0,0.125,,,,0.36363636363636365,,,,,,0.0,0.0,0.0
2010-06-29,2010,JPN,PAR,1,1,0.3076923076923077,0.2608695652173913,0.04682274247491641,0.15384615384615385,0.391304347826087,-0.23745819397993312,0.9230769230769231,1.2608695652173914,-0.3377926421404682,1.2307692307692308,1.4782608695652173,-0.24749163879598646,4.0,7.0,-3.0,13.0,23.0,-10.0,0.0,0.0,0.0,0.0,0.0,0.0,0.0,0.0,0.0,29.0,24.0,5.0,4.027681991198191,4.988876515698588,-0.9611945245003968,1.0,1.0,0.0,111.37499999999999,75.975,35.39999999999999,24.92982456140351,25.3,-0.3701754385964904,0.0,0.125,-0.125,,,,,0.36363636363636365,,,,,0.0,0.0,0.0
2010-06-29,2010,ESP,POR,2,1,0.46938775510204084,0.5454545454545454,-0.07606679035250458,0.22448979591836735,0.13636363636363635,0.08812615955473099,1.6326530612244898,1.7727272727272727,-0.14007421150278287,1.1428571428571428,0.9545454545454546,0.1883116883116882,12.0,5.0,7.0,49.0,22.0,27.0,0.0,0.4,-0.4,0.0,0.0,0.0,0.0,0.0,0.0,1.0,8.0,-7.0,1.4142135623730951,2.449489742783178,-1.0352761804100827,1.0,1.0,0.0,780.5,433.35,347.15,27.181818181818183,28.0,-0.8181818181818166,0.2222222222222222,0.2857142857142857,-0.06349206349206349,0.4,0.5217391304347826,-0.12173913043478257,,,,,,,0.0,0.0,0.0
2010-06-29,2010,POR,ESP,0,1,0.5454545454545454,0.46938775510204084,0.07606679035250458,0.13636363636363635,0.22448979591836735,-0.08812615955473099,1.7727272727272727,1.6326530612244898,0.14007421150278287,0.9545454545454546,1.1428571428571428,-0.1883116883116882,5.0,12.0,-7.0,22.0,49.0,-27.0,0.4,0.0,0.4,0.0,0.0,0.0,0.0,0.0,0.0,8.0,1.0,7.0,2.449489742783178,1.4142135623730951,1.0352761804100827,1.0,1.0,0.0,433.35,780.5,-347.15,28.0,27.181818181818183,0.8181818181818166,0.2857142857142857,0.2222222222222222,0.06349206349206349,0.5217391304347826,0.4,0.12173913043478257,,,,,,,0.0,0.0,0.0
2010-07-02,2010,URU,GHA,1,1,0.35,0.5,-0.15000000000000002,0.275,0.125,0.15000000000000002,1.4,1.0,0.3999999999999999,1.375,1.125,0.25,10.0,2.0,8.0,40.0,8.0,32.0,0.2,0.0,0.2,0.0,0.0,0.0,2.0,0.0,2.0,7.0,16.0,-9.0,3.299831645537222,7.3484692283495345,-4.0486375828123125,1.0,1.0,0.0,148.54999999999998,103.55,44.999999999999986,25.225806451612904,23.05,2.175806451612903,0.0,0.2,-0.2,,,,0.3888888888888889,,,,0.5333333333333333,,0.0,0.0,0.0
2010-07-02,2010,GHA,URU,1,1,0.5,0.35,0.15000000000000002,0.125,0.275,-0.15000000000000002,1.0,1.4,-0.3999999999999999,1.125,1.375,-0.25,2.0,10.0,-8.0,8.0,40.0,-32.0,0.0,0.2,-0.2,0.0,0.0,0.0,0.0,2.0,-2.0,16.0,7.0,9.0,7.3484692283495345,3.299831645537222,4.0486375828123125,1.0,1.0,0.0,103.55,148.54999999999998,-44.999999999999986,23.05,25.225806451612904,-2.175806451612903,0.2,0.0,0.2,,,,,0.3888888888888889,,0.5333333333333333,,,0.0,0.0,0.0
2010-07-02,2010,NED,BRA,2,1,0.5263157894736842,0.7159090909090909,-0.18959330143540676,0.2631578947368421,0.1590909090909091,0.104066985645933,1.6842105263157894,2.147727272727273,-0.46351674641148355,0.8947368421052632,0.7954545454545454,0.09928229665071775,7.0,16.0,-9.0,38.0,88.0,-50.0,0.42857142857142855,0.5,-0.07142857142857145,0.2857142857142857,0.375,-0.0892857142857143,0.0,5.0,-5.0,2.0,4.0,-2.0,2.8284271247461903,1.4142135623730951,1.4142135623730951,1.0,1.0,0.0,,615.7500000000001,,,25.01851851851852,,0.3333333333333333,0.5333333333333333,-0.2,0.5,,,,0.5625,,,,,0.0,0.0,0.0
2010-07-02,2010,BRA,NED,0,1,0.7159090909090909,0.5263157894736842,0.18959330143540676,0.1590909090909091,0.2631578947368421,-0.104066985645933,2.147727272727273,1.6842105263157894,0.46351674641148355,0.7954545454545454,0.8947368421052632,-0.09928229665071775,16.0,7.0,9.0,88.0,38.0,50.0,0.5,0.42857142857142855,0.07142857142857145,0.375,0.2857142857142857,0.0892857142857143,5.0,0.0,5.0,4.0,2.0,2.0,1.4142135623730951,2.8284271247461903,-1.4142135623730951,1.0,1.0,0.0,615.7500000000001,,,25.01851851851852,,,0.5333333333333333,0.3333333333333333,0.2,,0.5,,0.5625,,,,,,0.0,0.0,0.0
2010-07-03,2010,PAR,ESP,0,1,0.25,0.48,-0.22999999999999998,0.4166666666666667,0.22,0.19666666666666668,1.2083333333333333,1.62,-0.41166666666666685,1.4166666666666667,1.12,0.29666666666666663,7.0,12.0,-5.0,24.0,50.0,-26.0,0.0,0.0,0.0,0.0,0.0,0.0,0.0,0.0,0.0,24.0,1.0,23.0,4.988876515698588,1.4142135623730951,3.574662953325493,1.0,1.0,0.0,75.975,780.5,-704.525,25.3,27.181818181818183,-1.8818181818181827,0.125,0.3,-0.175,,0.4,,0.36363636363636365,,,,,,0.0,0.0,0.0
2010-07-03,2010,ESP,PAR,2,1,0.48,0.25,0.22999999999999998,0.22,0.4166666666666667,-0.19666666666666668,1.62,1.2083333333333333,0.41166666666666685,1.12,1.4166666666666667,-0.29666666666666663,12.0,7.0,5.0,50.0,24.0,26.0,0.0,0.0,0.0,0.0,0.0,0.0,0.0,0.0,0.0,1.0,24.0,-23.0,1.4142135623730951,4.988876515698588,-3.574662953325493,1.0,1.0,0.0,780.5,75.975,704.525,27.181818181818183,25.3,1.8818181818181827,0.3,0.125,0.175,0.4,,,,0.36363636363636365,,,,,0.0,0.0,0.0
2010-07-03,2010,ARG,GER,0,1,0.5238095238095238,0.6111111111111112,-0.08730158730158732,0.20634920634920634,0.2,0.006349206349206327,1.6349206349206349,2.0555555555555554,-0.4206349206349205,1.0158730158730158,1.1222222222222222,-0.10634920634920642,13.0,15.0,-2.0,63.0,90.0,-27.0,0.23076923076923078,0.6666666666666666,-0.43589743589743585,0.23076923076923078,0.4666666666666667,-0.2358974358974359,2.0,3.0,-1.0,5.0,3.0,2.0,2.943920288775949,1.699673171197595,1.2442471175783538,1.0,1.0,0.0,513.7,506.5,7.2000000000000455,25.26388888888889,25.348837209302324,-0.08494832041343514,0.125,0.3333333333333333,-0.20833333333333331,,0.391304347826087,,0.75,,,,,,0.0,0.0,0.0
2010-07-03,2010,GER,ARG,2,1,0.6111111111111112,0.5238095238095238,0.08730158730158732,0.2,0.20634920634920634,-0.006349206349206327,2.0555555555555554,1.6349206349206349,0.4206349206349205,1.1222222222222222,1.0158730158730158,0.10634920634920642,15.0,13.0,2.0,90.0,63.0,27.0,0.6666666666666666,0.23076923076923078,0.43589743589743585,0.4666666666666667,0.23076923076923078,0.2358974358974359,3.0,2.0,1.0,3.0,5.0,-2.0,1.699673171197595,2.943920288775949,-1.2442471175783538,1.0,1.0,0.0,506.5,513.7,-7.2000000000000455,25.348837209302324,25.26388888888889,0.08494832041343514,0.3333333333333333,0.125,0.20833333333333331,0.391304347826087,,,,0.75,,,,,0.0,0.0,0.0
2010-07-06,2010,URU,NED,0,1,0.34146341463414637,0.5384615384615384,-0.19699812382739207,0.2926829268292683,0.2564102564102564,0.03627267041901189,1.3902439024390243,1.6923076923076923,-0.302063789868668,1.3658536585365855,0.8974358974358975,0.468417761100688,10.0,7.0,3.0,41.0,39.0,2.0,0.2,0.42857142857142855,-0.22857142857142854,0.0,0.2857142857142857,-0.2857142857142857,2.0,0.0,2.0,7.0,2.0,5.0,3.299831645537222,2.8284271247461903,0.4714045207910318,1.0,1.0,0.0,148.54999999999998,,,25.225806451612904,,,0.0,0.375,-0.375,,0.5,,0.3888888888888889,,,,,,0.0,0.0,0.0
2010-07-06,2010,NED,URU,2,1,0.5384615384615384,0.34146341463414637,0.19699812382739207,0.2564102564102564,0.2926829268292683,-0.03627267041901189,1.6923076923076923,1.3902439024390243,0.302063789868668,0.8974358974358975,1.3658536585365855,-0.468417761100688,7.0,10.0,-3.0,39.0,41.0,-2.0,0.42857142857142855,0.2,0.22857142857142854,0.2857142857142857,0.0,0.2857142857142857,0.0,2.0,-2.0,2.0,7.0,-5.0,2.8284271247461903,3.299831645537222,-0.4714045207910318,1.0,1.0,0.0,,148.54999999999998,,,25.225806451612904,,0.375,0.0,0.375,0.5,,,,0.3888888888888889,,,,,0.0,0.0,0.0
2010-07-07,2010,GER,ESP,0,1,0.6153846153846154,0.49019607843137253,0.1251885369532429,0.1978021978021978,0.21568627450980393,-0.01788407670760614,2.076923076923077,1.607843137254902,0.46907993966817507,1.10989010989011,1.0980392156862746,0.011850894203835338,15.0,12.0,3.0,91.0,51.0,40.0,0.6666666666666666,0.0,0.6666666666666666,0.4666666666666667,0.0,0.4666666666666667,3.0,0.0,3.0,3.0,1.0,2.0,1.699673171197595,1.4142135623730951,0.28545960882449983,1.0,1.0,0.0,506.5,780.5,-274.0,25.348837209302324,27.181818181818183,-1.832980972515859,0.3684210526315789,0.3,0.06842105263157894,0.391304347826087,0.4,-0.008695652173913049,,,,,,,0.0,0.0,0.0
2010-07-07,2010,ESP,GER,2,1,0.49019607843137253,0.6153846153846154,-0.1251885369532429,0.21568627450980393,0.1978021978021978,0.01788407670760614,1.607843137254902,2.076923076923077,-0.46907993966817507,1.0980392156862746,1.10989010989011,-0.011850894203835338,12.0,15.0,-3.0,51.0,91.0,-40.0,0.0,0.6666666666666666,-0.6666666666666666,0.0,0.4666666666666667,-0.4666666666666667,0.0,3.0,-3.0,1.0,3.0,-2.0,1.4142135623730951,1.699673171197595,-0.28545960882449983,1.0,1.0,0.0,780.5,506.5,274.0,27.181818181818183,25.348837209302324,1.832980972515859,0.3,0.3684210526315789,-0.06842105263157894,0.4,0.391304347826087,0.008695652173913049,,,,,,,0.0,0.0,0.0
2010-07-10,2010,URU,GER,0,1,0.3333333333333333,0.6086956521739131,-0.27536231884057977,0.2857142857142857,0.1956521739130435,0.09006211180124221,1.4047619047619047,2.0543478260869565,-0.6495859213250519,1.4047619047619047,1.108695652173913,0.2960662525879916,10.0,15.0,-5.0,42.0,92.0,-50.0,0.3,0.7333333333333333,-0.4333333333333333,0.0,0.4666666666666667,-0.4666666666666667,2.0,3.0,-1.0,7.0,3.0,4.0,3.299831645537222,1.699673171197595,1.600158474339627,1.0,1.0,0.0,148.54999999999998,506.5,-357.95000000000005,25.225806451612904,25.348837209302324,-0.12303075768942051,0.0,0.35,-0.35,,0.391304347826087,,0.3888888888888889,,,,,,0.0,0.0,0.0
2010-07-10,2010,GER,URU,2,1,0.6086956521739131,0.3333333333333333,0.27536231884057977,0.1956521739130435,0.2857142857142857,-0.09006211180124221,2.0543478260869565,1.4047619047619047,0.6495859213250519,1.108695652173913,1.4047619047619047,-0.2960662525879916,15.0,10.0,5.0,92.0,42.0,50.0,0.7333333333333333,0.3,0.4333333333333333,0.4666666666666667,0.0,0.4666666666666667,3.0,2.0,1.0,3.0,7.0,-4.0,1.699673171197595,3.299831645537222,-1.600158474339627,1.0,1.0,0.0,506.5,148.54999999999998,357.95000000000005,25.348837209302324,25.225806451612904,0.12303075768942051,0.35,0.0,0.35,0.391304347826087,,,,0.3888888888888889,,,,,0.0,0.0,0.0
2010-07-11,2010,NED,ESP,0,1,0.55,0.5,0.050000000000000044,0.25,0.21153846153846154,0.038461538461538464,1.725,1.5961538461538463,0.12884615384615383,0.925,1.0769230769230769,-0.15192307692307683,7.0,12.0,-5.0,40.0,52.0,-12.0,0.5714285714285714,0.08333333333333333,0.4880952380952381,0.2857142857142857,0.0,0.2857142857142857,0.0,0.0,0.0,2.0,1.0,1.0,2.8284271247461903,1.4142135623730951,1.4142135623730951,1.0,1.0,0.0,,780.5,,,27.181818181818183,,0.4117647058823529,0.36363636363636365,0.048128342245989275,0.5,0.4,0.09999999999999998,,,,,,,0.0,0.0,0.0
2010-07-11,2010,ESP,NED,2,1,0.5,0.55,-0.050000000000000044,0.21153846153846154,0.25,-0.038461538461538464,1.5961538461538463,1.725,-0.12884615384615383,1.0769230769230769,0.925,0.15192307692307683,12.0,7.0,5.0,52.0,40.0,12.0,0.08333333333333333,0.5714285714285714,-0.4880952380952381,0.0,0.2857142857142857,-0.2857142857142857,0.0,0.0,0.0,1.0,2.0,-1.0,1.4142135623730951,2.8284271247461903,-1.4142135623730951,1.0,1.0,0.0,780.5,,,27.181818181818183,,,0.36363636363636365,0.4117647058823529,-0.048128342245989275,0.4,0.5,-0.09999999999999998,,,,,,,0.0,0.0,0.0
2014-06-12,2014,BRA,CRO,2,0,0.7078651685393258,0.46153846153846156,0.24632670700086423,0.15730337078651685,0.15384615384615385,0.003457216940362995,2.134831460674157,1.1538461538461537,0.9809853068280034,0.8089887640449438,0.8461538461538461,-0.03716508210890235,16.0,3.0,13.0,89.0,13.0,76.0,0.5,0.3333333333333333,0.16666666666666669,0.375,0.0,0.375,5.0,0.0,5.0,6.0,19.0,-13.0,4.988876515698588,3.39934634239519,1.5895301733033982,1.0,1.0,0.0,691.35,297.8,393.55,25.50943396226415,26.045454545454547,-0.5360205831903961,0.5,0.23076923076923078,0.2692307692307692,,0.42857142857142855,,0.5,,,,,,1.0,0.0,1.0
2014-06-12,2014,CRO,BRA,0,0,0.46153846153846156,0.7078651685393258,-0.24632670700086423,0.15384615384615385,0.15730337078651685,-0.003457216940362995,1.1538461538461537,2.134831460674157,-0.9809853068280034,0.8461538461538461,0.8089887640449438,0.03716508210890235,3.0,16.0,-13.0,13.0,89.0,-76.0,0.3333333333333333,0.5,-0.16666666666666669,0.0,0.375,-0.375,0.0,5.0,-5.0,19.0,6.0,13.0,3.39934634239519,4.988876515698588,-1.5895301733033982,1.0,1.0,0.0,297.8,691.35,-393.55,26.045454545454547,25.50943396226415,0.5360205831903961,0.23076923076923078,0.5,-0.2692307692307692,0.42857142857142855,,,,0.5,,,,,0.0,1.0,-1.0
2014-06-13,2014,CHL,AUS,2,0,0.2692307692307692,0.2,0.0692307692307692,0.23076923076923078,0.3,-0.0692307692307692,1.1153846153846154,0.8,0.3153846153846154,1.6153846153846154,1.7,-0.08461538461538454,7.0,3.0,4.0,26.0,10.0,16.0,0.14285714285714285,0.0,0.14285714285714285,0.0,0.0,0.0,0.0,0.0,0.0,,100.0,,,14.445299120013633,,0.0,1.0,-1.0,,39.9,,,25.11627906976744,,0.0,0.0,0.0,,,,0.3333333333333333,,,,,,0.0,0.0,0.0
2014-06-13,2014,AUS,CHL,0,0,0.2,0.2692307692307692,-0.0692307692307692,0.3,0.23076923076923078,0.0692307692307692,0.8,1.1153846153846154,-0.3153846153846154,1.7,1.6153846153846154,0.08461538461538454,3.0,7.0,-4.0,10.0,26.0,-16.0,0.0,0.14285714285714285,-0.14285714285714285,0.0,0.0,0.0,0.0,0.0,0.0,100.0,,,14.445299120013633,,,1.0,0.0,1.0,39.9,,,25.11627906976744,,,0.0,0.0,0.0,,,,,0.3333333333333333,,,,,0.0,0.0,0.0
2014-06-13,2014,ESP,NED,0,0,0.5094339622641509,0.5365853658536586,-0.027151403589507628,0.20754716981132076,0.24390243902439024,-0.036355269213069474,1.5849056603773586,1.6829268292682926,-0.09802116889093404,1.0566037735849056,0.926829268292683,0.12977450529222267,12.0,7.0,5.0,53.0,41.0,12.0,0.08333333333333333,0.5714285714285714,-0.4880952380952381,0.08333333333333333,0.42857142857142855,-0.34523809523809523,1.0,0.0,1.0,9.0,5.0,4.0,0.0,3.0912061651652345,-3.0912061651652345,1.0,1.0,0.0,933.0,370.5,562.5,27.066666666666666,25.88095238095238,1.1857142857142868,0.4375,0.35,0.08750000000000002,0.4444444444444444,0.45714285714285713,-0.012698412698412709,,,,,,,0.0,0.0,0.0
2014-06-13,2014,NED,ESP,2,0,0.5365853658536586,0.5094339622641509,0.027151403589507628,0.24390243902439024,0.20754716981132076,0.036355269213069474,1.6829268292682926,1.5849056603773586,0.09802116889093404,0.926829268292683,1.0566037735849056,-0.12977450529222267,7.0,12.0,-5.0,41.0,53.0,-12.0,0.5714285714285714,0.08333333333333333,0.4880952380952381,0.42857142857142855,0.08333333333333333,0.34523809523809523,0.0,1.0,-1.0,5.0,9.0,-4.0,3.0912061651652345,0.0,3.0912061651652345,1.0,1.0,0.0,370.5,933.0,-562.5,25.88095238095238,27.066666666666666,-1.1857142857142868,0.35,0.4375,-0.08750000000000002,0.45714285714285713,0.4444444444444444,0.012698412698412709,,,,,,,0.0,0.0,0.0
2014-06-13,2014,MEX,CMR,2,0,0.2608695652173913,0.2,0.060869565217391286,0.2826086956521739,0.35,-0.06739130434782609,1.0434782608695652,0.85,0.1934782608695652,1.6521739130434783,1.7,-0.047826086956521685,13.0,6.0,7.0,46.0,20.0,26.0,0.0,0.0,0.0,0.0,0.0,0.0,0.0,0.0,0.0,20.0,,,2.8284271247461903,,,1.0,0.0,1.0,166.80000000000004,,,25.84313725490196,,,0.25,0.0,0.25,,,,0.47368421052631576,,,,0.5211267605633803,,0.0,0.0,0.0
2014-06-13,2014,CMR,MEX,0,0,0.2,0.2608695652173913,-0.060869565217391286,0.35,0.2826086956521739,0.06739130434782609,0.85,1.0434782608695652,-0.1934782608695652,1.7,1.6521739130434783,0.047826086956521685,6.0,13.0,-7.0,20.0,46.0,-26.0,0.0,0.0,0.0,0.0,0.0,0.0,0.0,0.0,0.0,,20.0,,,2.8284271247461903,,0.0,1.0,-1.0,,166.80000000000004,,,25.84313725490196,,0.0,0.25,-0.25,,,,,0.47368421052631576,,0.5211267605633803,,,0.0,0.0,0.0
2014-06-14,2014,URU,CRC,0,0,0.32558139534883723,0.3,0.025581395348837244,0.27906976744186046,0.1,0.17906976744186046,1.4186046511627908,1.2,0.21860465116279082,1.441860465116279,2.1,-0.6581395348837211,10.0,3.0,7.0,43.0,10.0,33.0,0.3,0.0,0.3,0.0,0.0,0.0,2.0,0.0,2.0,10.0,,,5.2493385826745405,,,1.0,0.0,1.0,227.125,,,25.945945945945947,,,0.0,0.0,0.0,,,,0.4166666666666667,0.36363636363636365,0.05303030303030304,,,,0.0,0.0,0.0
2014-06-14,2014,COL,GRE,2,0,0.23076923076923078,0.16666666666666666,0.06410256410256412,0.15384615384615385,0.0,0.15384615384615385,1.0769230769230769,0.3333333333333333,0.7435897435897436,1.7692307692307692,2.5,-0.7307692307692308,4.0,2.0,2.0,13.0,6.0,7.0,0.0,0.0,0.0,0.0,0.0,0.0,0.0,0.0,0.0,3.0,,,14.854853303438128,,,1.0,0.0,1.0,262.0,,,26.157894736842106,,,0.3333333333333333,0.3333333333333333,0.0,,0.25,,0.631578947368421,,,,,,0.0,0.0,0.0
2014-06-14,2014,GRE,COL,0,0,0.16666666666666666,0.23076923076923078,-0.06410256410256412,0.0,0.15384615384615385,-0.15384615384615385,0.3333333333333333,1.0769230769230769,-0.7435897435897436,2.5,1.7692307692307692,0.7307692307692308,2.0,4.0,-2.0,6.0,13.0,-7.0,0.0,0.0,0.0,0.0,0.0,0.0,0.0,0.0,0.0,,3.0,,,14.854853303438128,,0.0,1.0,-1.0,,262.0,,,26.157894736842106,,0.3333333333333333,0.3333333333333333,0.0,0.25,,,,0.631578947368421,,,,,0.0,0.0,0.0
2014-06-14,2014,CRC,URU,2,0,0.3,0.32558139534883723,-0.025581395348837244,0.1,0.27906976744186046,-0.17906976744186046,1.2,1.4186046511627908,-0.21860465116279082,2.1,1.441860465116279,0.6581395348837211,3.0,10.0,-7.0,10.0,43.0,-33.0,0.0,0.3,-0.3,0.0,0.0,0.0,0.0,2.0,-2.0,,10.0,,,5.2493385826745405,,0.0,1.0,-1.0,,227.125,,,25.945945945945947,,0.0,0.0,0.0,,,,0.36363636363636365,0.4166666666666667,-0.05303030303030304,,,,0.0,0.0,0.0
2014-06-14,2014,CIV,JPN,2,0,0.3333333333333333,0.2857142857142857,0.047619047619047616,0.16666666666666666,0.21428571428571427,-0.047619047619047616,1.5,0.8571428571428571,0.6428571428571429,1.5,1.1428571428571428,0.3571428571428572,2.0,4.0,-2.0,6.0,14.0,-8.0,0.0,0.0,0.0,0.0,0.0,0.0,0.0,0.0,0.0,28.0,54.0,-26.0,1.247219128924647,12.552113589175153,-11.304894460250507,1.0,1.0,0.0,168.45,122.49999999999999,45.95,24.178571428571427,25.29787234042553,-1.1193009118541042,0.0,0.0,0.0,,,,,,,0.3880597014925373,,,0.0,0.0,0.0
2014-06-14,2014,ENG,ITA,0,0,0.4406779661016949,0.5070422535211268,-0.06636428741943184,0.3220338983050847,0.28169014084507044,0.040343757460014285,1.305084745762712,1.4507042253521127,-0.1456194795894008,0.8813559322033898,0.9295774647887324,-0.048221532585342564,13.0,15.0,-2.0,59.0,71.0,-12.0,0.15384615384615385,0.4,-0.24615384615384617,0.07692307692307693,0.26666666666666666,-0.18974358974358974,1.0,4.0,-3.0,13.0,11.0,2.0,3.559026084010437,2.0548046676563256,1.5042214163541114,1.0,1.0,0.0,556.0,,,26.38095238095238,,,0.16666666666666666,0.25,-0.08333333333333334,0.3333333333333333,0.3939393939393939,-0.06060606060606061,,,,,,,0.0,0.0,0.0
2014-06-14,2014,JPN,CIV,0,0,0.2857142857142857,0.3333333333333333,-0.047619047619047616,0.21428571428571427,0.16666666666666666,0.047619047619047616,0.8571428571428571,1.5,-0.6428571428571429,1.1428571428571428,1.5,-0.3571428571428572,4.0,2.0,2.0,14.0,6.0,8.0,0.0,0.0,0.0,0.0,0.0,0.0,0.0,0.0,0.0,54.0,28.0,26.0,12.552113589175153,1.247219128924647,11.304894460250507,1.0,1.0,0.0,122.49999999999999,168.45,-45.95,25.29787234042553,24.178571428571427,1.1193009118541042,0.0,0.0,0.0,,,,,,,,0.3880597014925373,,0.0,0.0,0.0
2014-06-14,2014,ITA,ENG,2,0,0.5070422535211268,0.4406779661016949,0.06636428741943184,0.28169014084507044,0.3220338983050847,-0.040343757460014285,1.4507042253521127,1.305084745762712,0.1456194795894008,0.9295774647887324,0.8813559322033898,0.048221532585342564,15.0,13.0,2.0,71.0,59.0,12.0,0.4,0.15384615384615385,0.24615384615384617,0.26666666666666666,0.07692307692307693,0.18974358974358974,4.0,1.0,3.0,11.0,13.0,-2.0,2.0548046676563256,3.559026084010437,-1.5042214163541114,1.0,1.0,0.0,,556.0,,,26.38095238095238,,0.25,0.16666666666666666,0.08333333333333334,0.3939393939393939,0.3333333333333333,0.06060606060606061,,,,,,,0.0,0.0,0.0
2014-06-15,2014,ARG,BIH,2,0,0.515625,,,0.203125,,,1.609375,,,1.0625,,,13.0,0.0,13.0,64.0,0.0,64.0,0.23076923076923078,,,0.23076923076923078,,,2.0,0.0,2.0,2.0,29.0,-27.0,3.299831645537222,3.559026084010437,-0.259194438473215,1.0,1.0,0.0,576.45,140.85,435.6,26.372093023255815,27.419354838709676,-1.0472618154538615,0.1,,,,,,0.625,,,,,,0.0,0.0,0.0
2014-06-15,2014,BIH,ARG,0,0,,0.515625,,,0.203125,,,1.609375,,,1.0625,,0.0,13.0,-13.0,0.0,64.0,-64.0,,0.23076923076923078,,,0.23076923076923078,,0.0,2.0,-2.0,29.0,2.0,27.0,3.559026084010437,3.299831645537222,0.259194438473215,1.0,1.0,0.0,140.85,576.45,-435.6,27.419354838709676,26.372093023255815,1.0472618154538615,,0.1,,,,,,0.625,,,,,0.0,0.0,0.0
2014-06-15,2014,FRA,HON,2,0,0.4791666666666667,0.0,0.4791666666666667,0.22916666666666666,0.5,-0.27083333333333337,1.7916666666666667,0.3333333333333333,1.4583333333333335,1.2083333333333333,1.0,0.20833333333333326,10.0,2.0,8.0,48.0,6.0,42.0,0.5,0.0,0.5,0.2,0.0,0.2,1.0,0.0,1.0,7.0,,,2.0548046676563256,,,1.0,0.0,1.0,506.0,,,25.657894736842106,,,0.35,0.3333333333333333,0.016666666666666663,0.375,,,,0.5,,,,,0.0,0.0,0.0
2014-06-15,2014,HON,FRA,0,0,0.0,0.4791666666666667,-0.4791666666666667,0.5,0.22916666666666666,0.27083333333333337,0.3333333333333333,1.7916666666666667,-1.4583333333333335,1.0,1.2083333333333333,-0.20833333333333326,2.0,10.0,-8.0,6.0,48.0,-42.0,0.0,0.5,-0.5,0.0,0.2,-0.2,0.0,1.0,-1.0,,7.0,,,2.0548046676563256,,0.0,1.0,-1.0,,506.0,,,25.657894736842106,,0.3333333333333333,0.35,-0.016666666666666663,,0.375,,0.5,,,,,,0.0,0.0,0.0
2014-06-15,2014,SUI,ECU,2,0,0.2916666666666667,0.42857142857142855,-0.13690476190476186,0.20833333333333334,0.0,0.20833333333333334,1.1666666666666667,1.0,0.16666666666666674,1.75,1.1428571428571428,0.6071428571428572,7.0,2.0,5.0,24.0,7.0,17.0,0.0,0.0,0.0,0.0,0.0,0.0,0.0,0.0,0.0,12.0,26.0,-14.0,3.681787005729087,12.027745701779143,-8.345958696050056,1.0,1.0,0.0,202.3,81.975,120.32500000000002,25.88235294117647,25.0,0.882352941176471,0.14285714285714285,0.0,0.14285714285714285,0.1111111111111111,,,,0.08333333333333333,,,,,0.0,0.0,0.0
2014-06-15,2014,ECU,SUI,0,0,0.42857142857142855,0.2916666666666667,0.13690476190476186,0.0,0.20833333333333334,-0.20833333333333334,1.0,1.1666666666666667,-0.16666666666666674,1.1428571428571428,1.75,-0.6071428571428572,2.0,7.0,-5.0,7.0,24.0,-17.0,0.0,0.0,0.0,0.0,0.0,0.0,0.0,0.0,0.0,26.0,12.0,14.0,12.027745701779143,3.681787005729087,8.345958696050056,1.0,1.0,0.0,81.975,202.3,-120.32500000000002,25.0,25.88235294117647,-0.882352941176471,0.0,0.14285714285714285,-0.14285714285714285,,0.1111111111111111,,0.08333333333333333,,,,,,0.0,0.0,0.0
2014-06-16,2014,GHA,USA,0,0,0.4444444444444444,0.2,0.2444444444444444,0.2222222222222222,0.2,0.0222222222222222,1.0,0.96,0.040000000000000036,1.1111111111111112,1.72,-0.6088888888888888,2.0,7.0,-5.0,9.0,25.0,-16.0,0.0,0.0,0.0,0.0,0.0,0.0,0.0,0.0,0.0,37.0,27.0,10.0,2.6246692913372702,8.379870059984357,-5.755200768647088,1.0,1.0,0.0,113.3,90.275,23.02499999999999,23.875,25.50877192982456,-1.6337719298245617,0.16666666666666666,0.1111111111111111,0.05555555555555555,,,,,0.0,,0.5151515151515151,,,0.0,0.0,0.0
2014-06-16,2014,USA,GHA,2,0,0.2,0.4444444444444444,-0.2444444444444444,0.2,0.2222222222222222,-0.0222222222222222,0.96,1.0,-0.040000000000000036,1.72,1.1111111111111112,0.6088888888888888,7.0,2.0,5.0,25.0,9.0,16.0,0.0,0.0,0.0,0.0,0.0,0.0,0.0,0.0,0.0,27.0,37.0,-10.0,8.379870059984357,2.6246692913372702,5.755200768647088,1.0,1.0,0.0,90.275,113.3,-23.02499999999999,25.50877192982456,23.875,1.6337719298245617,0.1111111111111111,0.16666666666666666,-0.05555555555555555,,,,0.0,,,,0.5151515151515151,,0.0,0.0,0.0
2014-06-16,2014,IRN,NGA,1,0,0.1111111111111111,0.2857142857142857,-0.1746031746031746,0.2222222222222222,0.14285714285714285,0.07936507936507936,0.6666666666666666,1.2142857142857142,-0.5476190476190476,2.0,1.5,0.5,3.0,4.0,-1.0,9.0,14.0,-5.0,0.0,0.0,0.0,0.0,0.0,0.0,0.0,0.0,0.0,51.0,,,10.624918300339484,,,1.0,0.0,1.0,33.45,,,26.317073170731707,,,0.0,0.0,0.0,,,,,,,,0.5432098765432098,,0.0,0.0,0.0
2014-06-16,2014,NGA,IRN,1,0,0.2857142857142857,0.1111111111111111,0.1746031746031746,0.14285714285714285,0.2222222222222222,-0.07936507936507936,1.2142857142857142,0.6666666666666666,0.5476190476190476,1.5,2.0,-0.5,4.0,3.0,1.0,14.0,9.0,5.0,0.0,0.0,0.0,0.0,0.0,0.0,0.0,0.0,0.0,,51.0,,,10.624918300339484,,0.0,1.0,-1.0,,33.45,,,26.317073170731707,,0.0,0.0,0.0,,,,,,,0.5432098765432098,,,0.0,0.0,0.0
2014-06-16,2014,GER,POR,2,0,0.6129032258064516,0.5217391304347826,0.09116409537166903,0.1935483870967742,0.13043478260869565,0.06311360448807854,2.064516129032258,1.6956521739130435,0.36886395511921455,1.118279569892473,0.9565217391304348,0.1617578307620382,15.0,5.0,10.0,93.0,23.0,70.0,0.7333333333333333,0.4,0.33333333333333326,0.4666666666666667,0.0,0.4666666666666667,3.0,0.0,3.0,1.0,7.0,-6.0,0.4714045207910317,0.9428090415820634,-0.4714045207910317,1.0,1.0,0.0,796.0,416.2,379.8,25.613636363636363,25.6046511627907,0.008985200845664565,0.4166666666666667,0.2777777777777778,0.1388888888888889,0.4642857142857143,0.5357142857142857,-0.0714285714285714,,,,,,,0.0,0.0,0.0
2014-06-16,2014,POR,GER,0,0,0.5217391304347826,0.6129032258064516,-0.09116409537166903,0.13043478260869565,0.1935483870967742,-0.06311360448807854,1.6956521739130435,2.064516129032258,-0.36886395511921455,0.9565217391304348,1.118279569892473,-0.1617578307620382,5.0,15.0,-10.0,23.0,93.0,-70.0,0.4,0.7333333333333333,-0.33333333333333326,0.0,0.4666666666666667,-0.4666666666666667,0.0,3.0,-3.0,7.0,1.0,6.0,0.9428090415820634,0.4714045207910317,0.4714045207910317,1.0,1.0,0.0,416.2,796.0,-379.8,25.6046511627907,25.613636363636363,-0.008985200845664565,0.2777777777777778,0.4166666666666667,-0.1388888888888889,0.5357142857142857,0.4642857142857143,0.0714285714285714,,,,,,,0.0,0.0,0.0
2014-06-17,2014,RUS,KOR,1,0,0.3333333333333333,0.17857142857142858,0.15476190476190474,0.0,0.2857142857142857,-0.2857142857142857,1.8333333333333333,1.0,0.8333333333333333,1.6666666666666667,2.1785714285714284,-0.5119047619047616,2.0,8.0,-6.0,6.0,28.0,-22.0,0.0,0.125,-0.125,0.0,0.0,0.0,0.0,0.0,0.0,,69.0,,,9.741092797468305,,0.0,1.0,-1.0,,71.925,,,25.25,,0.0,0.0,0.0,0.2857142857142857,,,,,,,,,0.0,0.0,0.0
2014-06-17,2014,KOR,RUS,1,0,0.17857142857142858,0.3333333333333333,-0.15476190476190474,0.2857142857142857,0.0,0.2857142857142857,1.0,1.8333333333333333,-0.8333333333333333,2.1785714285714284,1.6666666666666667,0.5119047619047616,8.0,2.0,6.0,28.0,6.0,22.0,0.125,0.0,0.125,0.0,0.0,0.0,0.0,0.0,0.0,69.0,,,9.741092797468305,,,1.0,0.0,1.0,71.925,,,25.25,,,0.0,0.0,0.0,,0.2857142857142857,,,,,,,,0.0,0.0,0.0
2014-06-17,2014,BRA,MEX,1,0,0.7111111111111111,0.2765957446808511,0.43451536643026006,0.15555555555555556,0.2765957446808511,-0.12104018912529552,2.1444444444444444,1.0425531914893618,1.1018912529550826,0.8111111111111111,1.6170212765957446,-0.8059101654846335,17.0,14.0,3.0,90.0,47.0,43.0,0.47058823529411764,0.0,0.47058823529411764,0.35294117647058826,0.0,0.35294117647058826,5.0,0.0,5.0,6.0,20.0,-14.0,4.988876515698588,2.8284271247461903,2.160449390952398,1.0,1.0,0.0,691.35,166.80000000000004,524.55,25.50943396226415,25.84313725490196,-0.33370329263781073,0.5,0.25,0.25,,,,0.5,0.47368421052631576,0.026315789473684237,,,,1.0,0.0,1.0
2014-06-17,2014,MEX,BRA,1,0,0.2765957446808511,0.7111111111111111,-0.43451536643026006,0.2765957446808511,0.15555555555555556,0.12104018912529552,1.0425531914893618,2.1444444444444444,-1.1018912529550826,1.6170212765957446,0.8111111111111111,0.8059101654846335,14.0,17.0,-3.0,47.0,90.0,-43.0,0.0,0.47058823529411764,-0.47058823529411764,0.0,0.35294117647058826,-0.35294117647058826,0.0,5.0,-5.0,20.0,6.0,14.0,2.8284271247461903,4.988876515698588,-2.160449390952398,1.0,1.0,0.0,166.80000000000004,691.35,-524.55,25.84313725490196,25.50943396226415,0.33370329263781073,0.25,0.5,-0.25,,,,0.47368421052631576,0.5,-0.026315789473684237,,,,0.0,1.0,-1.0
2014-06-17,2014,BEL,ALG,2,0,0.3125,0.2222222222222222,0.09027777777777779,0.28125,0.2222222222222222,0.05902777777777779,1.34375,0.6666666666666666,0.6770833333333334,1.59375,1.3333333333333333,0.26041666666666674,8.0,3.0,5.0,32.0,9.0,23.0,0.125,0.0,0.125,0.0,0.0,0.0,0.0,0.0,0.0,4.0,18.0,-14.0,12.47219128924647,4.546060565661952,7.926130723584519,1.0,1.0,0.0,464.2,83.6,380.6,26.128205128205128,25.771428571428572,0.3567765567765555,0.2,0.0,0.2,0.3333333333333333,,,,,,,0.35185185185185186,,0.0,0.0,0.0
2014-06-17,2014,ALG,BEL,0,0,0.2222222222222222,0.3125,-0.09027777777777779,0.2222222222222222,0.28125,-0.05902777777777779,0.6666666666666666,1.34375,-0.6770833333333334,1.3333333333333333,1.59375,-0.26041666666666674,3.0,8.0,-5.0,9.0,32.0,-23.0,0.0,0.125,-0.125,0.0,0.0,0.0,0.0,0.0,0.0,18.0,4.0,14.0,4.546060565661952,12.47219128924647,-7.926130723584519,1.0,1.0,0.0,83.6,464.2,-380.6,25.771428571428572,26.128205128205128,-0.3567765567765555,0.0,0.2,-0.2,,0.3333333333333333,,,,,0.35185185185185186,,,0.0,0.0,0.0
2014-06-18,2014,AUS,NED,0,0,0.18181818181818182,0.5476190476190477,-0.36580086580086585,0.2727272727272727,0.23809523809523808,0.034632034632034625,0.8181818181818182,1.7619047619047619,-0.9437229437229436,1.8181818181818181,0.9285714285714286,0.8896103896103895,4.0,8.0,-4.0,11.0,42.0,-31.0,0.0,0.5,-0.5,0.0,0.375,-0.375,0.0,0.0,0.0,100.0,5.0,95.0,14.445299120013633,3.0912061651652345,11.354092954848399,1.0,1.0,0.0,39.9,370.5,-330.6,25.11627906976744,25.88095238095238,-0.7646733111849393,0.0,0.38095238095238093,-0.38095238095238093,,0.45714285714285713,,,,,,,,0.0,0.0,0.0
2014-06-18,2014,ESP,CHL,0,0,0.5,0.2962962962962963,0.20370370370370372,0.2037037037037037,0.2222222222222222,-0.018518518518518517,1.5740740740740742,1.1851851851851851,0.38888888888888906,1.1296296296296295,1.5925925925925926,-0.462962962962963,13.0,8.0,5.0,54.0,27.0,27.0,0.07692307692307693,0.125,-0.04807692307692307,0.07692307692307693,0.0,0.07692307692307693,1.0,0.0,1.0,9.0,,,0.0,,,1.0,0.0,1.0,933.0,,,27.066666666666666,,,0.4117647058823529,0.0,0.4117647058823529,0.4444444444444444,,,,0.3333333333333333,,,,,0.0,0.0,0.0
2014-06-18,2014,NED,AUS,2,0,0.5476190476190477,0.18181818181818182,0.36580086580086585,0.23809523809523808,0.2727272727272727,-0.034632034632034625,1.7619047619047619,0.8181818181818182,0.9437229437229436,0.9285714285714286,1.8181818181818181,-0.8896103896103895,8.0,4.0,4.0,42.0,11.0,31.0,0.5,0.0,0.5,0.375,0.0,0.375,0.0,0.0,0.0,5.0,100.0,-95.0,3.0912061651652345,14.445299120013633,-11.354092954848399,1.0,1.0,0.0,370.5,39.9,330.6,25.88095238095238,25.11627906976744,0.7646733111849393,0.38095238095238093,0.0,0.38095238095238093,0.45714285714285713,,,,,,,,,0.0,0.0,0.0
2014-06-18,2014,CMR,CRO,0,0,0.19047619047619047,0.42857142857142855,-0.23809523809523808,0.3333333333333333,0.14285714285714285,0.19047619047619047,0.8095238095238095,1.1428571428571428,-0.33333333333333326,1.6666666666666667,1.0,0.6666666666666667,7.0,4.0,3.0,21.0,14.0,7.0,0.0,0.25,-0.25,0.0,0.0,0.0,0.0,0.0,0.0,,19.0,,,3.39934634239519,,0.0,1.0,-1.0,,297.8,,,26.045454545454547,,0.0,0.21428571428571427,-0.21428571428571427,,0.42857142857142855,,,,,0.5211267605633803,,,0.0,0.0,0.0
2014-06-18,2014,CRO,CMR,2,0,0.42857142857142855,0.19047619047619047,0.23809523809523808,0.14285714285714285,0.3333333333333333,-0.19047619047619047,1.1428571428571428,0.8095238095238095,0.33333333333333326,1.0,1.6666666666666667,-0.6666666666666667,4.0,7.0,-3.0,14.0,21.0,-7.0,0.25,0.0,0.25,0.0,0.0,0.0,0.0,0.0,0.0,19.0,,,3.39934634239519,,,1.0,0.0,1.0,297.8,,,26.045454545454547,,,0.21428571428571427,0.0,0.21428571428571427,0.42857142857142855,,,,,,,0.5211267605633803,,0.0,0.0,0.0
2014-06-18,2014,CHL,ESP,2,0,0.2962962962962963,0.5,-0.20370370370370372,0.2222222222222222,0.2037037037037037,0.018518518518518517,1.1851851851851851,1.5740740740740742,-0.38888888888888906,1.5925925925925926,1.1296296296296295,0.462962962962963,8.0,13.0,-5.0,27.0,54.0,-27.0,0.125,0.07692307692307693,0.04807692307692307,0.0,0.07692307692307693,-0.07692307692307693,0.0,1.0,-1.0,,9.0,,,0.0,,0.0,1.0,-1.0,,933.0,,,27.066666666666666,,0.0,0.4117647058823529,-0.4117647058823529,,0.4444444444444444,,0.3333333333333333,,,,,,0.0,0.0,0.0
2014-06-19,2014,JPN,GRE,1,0,0.26666666666666666,0.14285714285714285,0.12380952380952381,0.2,0.0,0.2,0.8666666666666667,0.2857142857142857,0.580952380952381,1.2,2.5714285714285716,-1.3714285714285717,5.0,3.0,2.0,15.0,7.0,8.0,0.0,0.0,0.0,0.0,0.0,0.0,0.0,0.0,0.0,54.0,,,12.552113589175153,,,1.0,0.0,1.0,122.49999999999999,,,25.29787234042553,,,0.0,0.3,-0.3,,0.25,,,,,,,,0.0,0.0,0.0
2014-06-19,2014,GRE,JPN,1,0,0.14285714285714285,0.26666666666666666,-0.12380952380952381,0.0,0.2,-0.2,0.2857142857142857,0.8666666666666667,-0.580952380952381,2.5714285714285716,1.2,1.3714285714285717,3.0,5.0,-2.0,7.0,15.0,-8.0,0.0,0.0,0.0,0.0,0.0,0.0,0.0,0.0,0.0,,54.0,,,12.552113589175153,,0.0,1.0,-1.0,,122.49999999999999,,,25.29787234042553,,0.3,0.0,0.3,0.25,,,,,,,,,0.0,0.0,0.0
2014-06-19,2014,URU,ENG,2,0,0.3181818181818182,0.43333333333333335,-0.11515151515151517,0.2727272727272727,0.31666666666666665,-0.043939393939393945,1.4090909090909092,1.3,0.10909090909090913,1.4772727272727273,0.9,0.5772727272727273,11.0,14.0,-3.0,44.0,60.0,-16.0,0.2727272727272727,0.14285714285714285,0.12987012987012986,0.0,0.07142857142857142,-0.07142857142857142,2.0,1.0,1.0,10.0,13.0,-3.0,5.2493385826745405,3.559026084010437,1.6903124986641034,1.0,1.0,0.0,227.125,556.0,-328.875,25.945945945945947,26.38095238095238,-0.4350064350064322,0.0,0.16666666666666666,-0.16666666666666666,,0.3333333333333333,,0.4166666666666667,,,,,,0.0,0.0,0.0
2014-06-19,2014,ENG,URU,0,0,0.43333333333333335,0.3181818181818182,0.11515151515151517,0.31666666666666665,0.2727272727272727,0.043939393939393945,1.3,1.4090909090909092,-0.10909090909090913,0.9,1.4772727272727273,-0.5772727272727273,14.0,11.0,3.0,60.0,44.0,16.0,0.14285714285714285,0.2727272727272727,-0.12987012987012986,0.07142857142857142,0.0,0.07142857142857142,1.0,2.0,-1.0,13.0,10.0,3.0,3.559026084010437,5.2493385826745405,-1.6903124986641034,1.0,1.0,0.0,556.0,227.125,328.875,26.38095238095238,25.945945945945947,0.4350064350064322,0.16666666666666666,0.0,0.16666666666666666,0.3333333333333333,,,,0.4166666666666667,,,,,0.0,0.0,0.0
2014-06-19,2014,COL,CIV,2,0,0.2857142857142857,0.42857142857142855,-0.14285714285714285,0.14285714285714285,0.14285714285714285,0.0,1.2142857142857142,1.5714285714285714,-0.3571428571428572,1.6428571428571428,1.4285714285714286,0.2142857142857142,5.0,3.0,2.0,14.0,7.0,7.0,0.0,0.0,0.0,0.0,0.0,0.0,0.0,0.0,0.0,3.0,28.0,-25.0,14.854853303438128,1.247219128924647,13.607634174513482,1.0,1.0,0.0,262.0,168.45,93.55000000000001,26.157894736842106,24.178571428571427,1.9793233082706791,0.3333333333333333,0.0,0.3333333333333333,,,,0.631578947368421,,,,0.3880597014925373,,0.0,0.0,0.0
2014-06-19,2014,CIV,COL,0,0,0.42857142857142855,0.2857142857142857,0.14285714285714285,0.14285714285714285,0.14285714285714285,0.0,1.5714285714285714,1.2142857142857142,0.3571428571428572,1.4285714285714286,1.6428571428571428,-0.2142857142857142,3.0,5.0,-2.0,7.0,14.0,-7.0,0.0,0.0,0.0,0.0,0.0,0.0,0.0,0.0,0.0,28.0,3.0,25.0,1.247219128924647,14.854853303438128,-13.607634174513482,1.0,1.0,0.0,168.45,262.0,-93.55000000000001,24.178571428571427,26.157894736842106,-1.9793233082706791,0.0,0.3333333333333333,-0.3333333333333333,,,,,0.631578947368421,,0.3880597014925373,,,0.0,0.0,0.0
2014-06-20,2014,HON,ECU,0,0,0.0,0.375,-0.375,0.42857142857142855,0.0,0.42857142857142855,0.2857142857142857,1.0,-0.7142857142857143,1.2857142857142858,1.25,0.03571428571428581,3.0,3.0,0.0,7.0,8.0,-1.0,0.0,0.0,0.0,0.0,0.0,0.0,0.0,0.0,0.0,,26.0,,,12.027745701779143,,0.0,1.0,-1.0,,81.975,,,25.0,,0.25,0.0,0.25,,,,0.5,0.08333333333333333,0.4166666666666667,,,,0.0,0.0,0.0
2014-06-20,2014,ECU,HON,2,0,0.375,0.0,0.375,0.0,0.42857142857142855,-0.42857142857142855,1.0,0.2857142857142857,0.7142857142857143,1.25,1.2857142857142858,-0.03571428571428581,3.0,3.0,0.0,8.0,7.0,1.0,0.0,0.0,0.0,0.0,0.0,0.0,0.0,0.0,0.0,26.0,,,12.027745701779143,,,1.0,0.0,1.0,81.975,,,25.0,,,0.0,0.25,-0.25,,,,0.08333333333333333,0.5,-0.4166666666666667,,,,0.0,0.0,0.0
2014-06-20,2014,SUI,FRA,0,0,0.32,0.4897959183673469,-0.16979591836734692,0.2,0.22448979591836735,-0.024489795918367335,1.2,1.816326530612245,-0.616326530612245,1.72,1.183673469387755,0.5363265306122449,8.0,11.0,-3.0,25.0,49.0,-24.0,0.0,0.45454545454545453,-0.45454545454545453,0.0,0.18181818181818182,-0.18181818181818182,0.0,1.0,-1.0,12.0,7.0,5.0,3.681787005729087,2.0548046676563256,1.6269823380727613,1.0,1.0,0.0,202.3,506.0,-303.7,25.88235294117647,25.657894736842106,0.2244582043343648,0.14285714285714285,0.35,-0.20714285714285713,0.1111111111111111,0.375,-0.2638888888888889,,,,,,,0.0,0.0,0.0
2014-06-20,2014,FRA,SUI,2,0,0.4897959183673469,0.32,0.16979591836734692,0.22448979591836735,0.2,0.024489795918367335,1.816326530612245,1.2,0.616326530612245,1.183673469387755,1.72,-0.5363265306122449,11.0,8.0,3.0,49.0,25.0,24.0,0.45454545454545453,0.0,0.45454545454545453,0.18181818181818182,0.0,0.18181818181818182,1.0,0.0,1.0,7.0,12.0,-5.0,2.0548046676563256,3.681787005729087,-1.6269823380727613,1.0,1.0,0.0,506.0,202.3,303.7,25.657894736842106,25.88235294117647,-0.2244582043343648,0.35,0.14285714285714285,0.20714285714285713,0.375,0.1111111111111111,0.2638888888888889,,,,,,,0.0,0.0,0.0
2014-06-20,2014,ITA,CRC,0,0,0.5138888888888888,0.36363636363636365,0.1502525252525252,0.2777777777777778,0.09090909090909091,0.18686868686868688,1.4583333333333333,1.3636363636363635,0.09469696969696972,0.9305555555555556,2.0,-1.0694444444444444,16.0,4.0,12.0,72.0,11.0,61.0,0.375,0.0,0.375,0.25,0.0,0.25,4.0,0.0,4.0,11.0,,,2.0548046676563256,,,1.0,0.0,1.0,,,,,,,0.25,0.16666666666666666,0.08333333333333334,0.3939393939393939,,,,0.36363636363636365,,,,,0.0,0.0,0.0
2014-06-20,2014,CRC,ITA,2,0,0.36363636363636365,0.5138888888888888,-0.1502525252525252,0.09090909090909091,0.2777777777777778,-0.18686868686868688,1.3636363636363635,1.4583333333333333,-0.09469696969696972,2.0,0.9305555555555556,1.0694444444444444,4.0,16.0,-12.0,11.0,72.0,-61.0,0.0,0.375,-0.375,0.0,0.25,-0.25,0.0,4.0,-4.0,,11.0,,,2.0548046676563256,,0.0,1.0,-1.0,,,,,,,0.16666666666666666,0.25,-0.08333333333333334,,0.3939393939393939,,0.36363636363636365,,,,,,0.0,0.0,0.0
2014-06-21,2014,ARG,IRN,2,0,0.5230769230769231,0.1,0.42307692307692313,0.2,0.3,-0.09999999999999998,1.6153846153846154,0.6,1.0153846153846153,1.0615384615384615,1.8,-0.7384615384615385,14.0,4.0,10.0,65.0,10.0,55.0,0.21428571428571427,0.0,0.21428571428571427,0.21428571428571427,0.0,0.21428571428571427,2.0,0.0,2.0,2.0,51.0,-49.0,3.299831645537222,10.624918300339484,-7.325086654802262,1.0,1.0,0.0,576.45,33.45,543.0,26.372093023255815,26.317073170731707,0.055019852524107904,0.1,0.0,0.1,,,,0.625,,,,,,0.0,0.0,0.0
2014-06-21,2014,IRN,ARG,0,0,0.1,0.5230769230769231,-0.42307692307692313,0.3,0.2,0.09999999999999998,0.6,1.6153846153846154,-1.0153846153846153,1.8,1.0615384615384615,0.7384615384615385,4.0,14.0,-10.0,10.0,65.0,-55.0,0.0,0.21428571428571427,-0.21428571428571427,0.0,0.21428571428571427,-0.21428571428571427,0.0,2.0,-2.0,51.0,2.0,49.0,10.624918300339484,3.299831645537222,7.325086654802262,1.0,1.0,0.0,33.45,576.45,-543.0,26.317073170731707,26.372093023255815,-0.055019852524107904,0.0,0.1,-0.1,,,,,0.625,,,,,0.0,0.0,0.0
2014-06-21,2014,NGA,BIH,2,0,0.26666666666666666,0.0,0.26666666666666666,0.2,0.0,0.2,1.1333333333333333,1.0,0.1333333333333333,1.4,2.0,-0.6000000000000001,5.0,1.0,4.0,15.0,1.0,14.0,0.0,0.0,0.0,0.0,0.0,0.0,0.0,0.0,0.0,,29.0,,,3.559026084010437,,0.0,1.0,-1.0,,140.85,,,27.419354838709676,,0.0,0.0,0.0,,,,,,,0.5432098765432098,,,0.0,0.0,0.0
2014-06-21,2014,BIH,NGA,0,0,0.0,0.26666666666666666,-0.26666666666666666,0.0,0.2,-0.2,1.0,1.1333333333333333,-0.1333333333333333,2.0,1.4,0.6000000000000001,1.0,5.0,-4.0,1.0,15.0,-14.0,0.0,0.0,0.0,0.0,0.0,0.0,0.0,0.0,0.0,29.0,,,3.559026084010437,,,1.0,0.0,1.0,140.85,,,27.419354838709676,,,0.0,0.0,0.0,,,,,,,,0.5432098765432098,,0.0,0.0,0.0
2014-06-21,2014,GER,GHA,1,0,0.6170212765957447,0.4,0.21702127659574466,0.19148936170212766,0.2,-0.008510638297872353,2.0851063829787235,1.0,1.0851063829787235,1.1063829787234043,1.2,-0.09361702127659566,16.0,3.0,13.0,94.0,10.0,84.0,0.6875,0.0,0.6875,0.4375,0.0,0.4375,3.0,0.0,3.0,1.0,37.0,-36.0,0.4714045207910317,2.6246692913372702,-2.1532647705462384,1.0,1.0,0.0,796.0,113.3,682.7,25.613636363636363,23.875,1.7386363636363633,0.44,0.16666666666666666,0.2733333333333333,0.4642857142857143,,,,,,,0.5151515151515151,,0.0,0.0,0.0
2014-06-21,2014,GHA,GER,1,0,0.4,0.6170212765957447,-0.21702127659574466,0.2,0.19148936170212766,0.008510638297872353,1.0,2.0851063829787235,-1.0851063829787235,1.2,1.1063829787234043,0.09361702127659566,3.0,16.0,-13.0,10.0,94.0,-84.0,0.0,0.6875,-0.6875,0.0,0.4375,-0.4375,0.0,3.0,-3.0,37.0,1.0,36.0,2.6246692913372702,0.4714045207910317,2.1532647705462384,1.0,1.0,0.0,113.3,796.0,-682.7,23.875,25.613636363636363,-1.7386363636363633,0.16666666666666666,0.44,-0.2733333333333333,,0.4642857142857143,,,,,0.5151515151515151,,,0.0,0.0,0.0
2014-06-22,2014,KOR,ALG,0,0,0.1724137931034483,0.2,-0.027586206896551724,0.3103448275862069,0.2,0.1103448275862069,1.0,0.7,0.30000000000000004,2.1379310344827585,1.4,0.7379310344827585,9.0,4.0,5.0,29.0,10.0,19.0,0.1111111111111111,0.0,0.1111111111111111,0.0,0.0,0.0,0.0,0.0,0.0,69.0,18.0,51.0,9.741092797468305,4.546060565661952,5.195032231806353,1.0,1.0,0.0,71.925,83.6,-11.674999999999997,25.25,25.771428571428572,-0.5214285714285722,0.0,0.0,0.0,,,,,,,,0.35185185185185186,,0.0,0.0,0.0
2014-06-22,2014,USA,POR,1,0,0.23076923076923078,0.5,-0.2692307692307692,0.19230769230769232,0.125,0.06730769230769232,1.0,1.625,-0.625,1.6923076923076923,1.0833333333333333,0.608974358974359,8.0,6.0,2.0,26.0,24.0,2.0,0.0,0.3333333333333333,-0.3333333333333333,0.0,0.0,0.0,0.0,0.0,0.0,27.0,7.0,20.0,8.379870059984357,0.9428090415820634,7.437061018402294,1.0,1.0,0.0,90.275,416.2,-325.92499999999995,25.50877192982456,25.6046511627907,-0.0958792329661371,0.1111111111111111,0.2631578947368421,-0.15204678362573099,,0.5357142857142857,,0.0,,,,,,0.0,0.0,0.0
2014-06-22,2014,ALG,KOR,2,0,0.2,0.1724137931034483,0.027586206896551724,0.2,0.3103448275862069,-0.1103448275862069,0.7,1.0,-0.30000000000000004,1.4,2.1379310344827585,-0.7379310344827585,4.0,9.0,-5.0,10.0,29.0,-19.0,0.0,0.1111111111111111,-0.1111111111111111,0.0,0.0,0.0,0.0,0.0,0.0,18.0,69.0,-51.0,4.546060565661952,9.741092797468305,-5.195032231806353,1.0,1.0,0.0,83.6,71.925,11.674999999999997,25.771428571428572,25.25,0.5214285714285722,0.0,0.0,0.0,,,,,,,0.35185185185185186,,,0.0,0.0,0.0
2014-06-22,2014,BEL,RUS,2,0,0.3333333333333333,0.2857142857142857,0.047619047619047616,0.2727272727272727,0.14285714285714285,0.12987012987012986,1.3636363636363635,1.7142857142857142,-0.35064935064935066,1.5757575757575757,1.5714285714285714,0.0043290043290042934,9.0,3.0,6.0,33.0,7.0,26.0,0.1111111111111111,0.0,0.1111111111111111,0.0,0.0,0.0,0.0,0.0,0.0,4.0,,,12.47219128924647,,,1.0,0.0,1.0,464.2,,,26.128205128205128,,,0.2,0.0,0.2,0.3333333333333333,0.2857142857142857,0.047619047619047616,,,,,,,0.0,0.0,0.0
2014-06-22,2014,RUS,BEL,0,0,0.2857142857142857,0.3333333333333333,-0.047619047619047616,0.14285714285714285,0.2727272727272727,-0.12987012987012986,1.7142857142857142,1.3636363636363635,0.35064935064935066,1.5714285714285714,1.5757575757575757,-0.0043290043290042934,3.0,9.0,-6.0,7.0,33.0,-26.0,0.0,0.1111111111111111,-0.1111111111111111,0.0,0.0,0.0,0.0,0.0,0.0,,4.0,,,12.47219128924647,,0.0,1.0,-1.0,,464.2,,,26.128205128205128,,0.0,0.2,-0.2,0.2857142857142857,0.3333333333333333,-0.047619047619047616,,,,,,,0.0,0.0,0.0
2014-06-22,2014,POR,USA,1,0,0.5,0.23076923076923078,0.2692307692307692,0.125,0.19230769230769232,-0.06730769230769232,1.625,1.0,0.625,1.0833333333333333,1.6923076923076923,-0.608974358974359,6.0,8.0,-2.0,24.0,26.0,-2.0,0.3333333333333333,0.0,0.3333333333333333,0.0,0.0,0.0,0.0,0.0,0.0,7.0,27.0,-20.0,0.9428090415820634,8.379870059984357,-7.437061018402294,1.0,1.0,0.0,416.2,90.275,325.92499999999995,25.6046511627907,25.50877192982456,0.0958792329661371,0.2631578947368421,0.1111111111111111,0.15204678362573099,0.5357142857142857,,,,0.0,,,,,0.0,0.0,0.0
2014-06-23,2014,CMR,BRA,0,0,0.18181818181818182,0.7032967032967034,-0.5214785214785216,0.3181818181818182,0.16483516483516483,0.15334665334665334,0.7727272727272727,2.120879120879121,-1.3481518481518482,1.7727272727272727,0.8021978021978022,0.9705294705294705,7.0,17.0,-10.0,22.0,91.0,-69.0,0.0,0.47058823529411764,-0.47058823529411764,0.0,0.35294117647058826,-0.35294117647058826,0.0,5.0,-5.0,,6.0,,,4.988876515698588,,0.0,1.0,-1.0,,691.35,,,25.50943396226415,,0.0,0.5,-0.5,,,,,0.5,,0.5211267605633803,,,0.0,1.0,-1.0
2014-06-23,2014,BRA,CMR,2,0,0.7032967032967034,0.18181818181818182,0.5214785214785216,0.16483516483516483,0.3181818181818182,-0.15334665334665334,2.120879120879121,0.7727272727272727,1.3481518481518482,0.8021978021978022,1.7727272727272727,-0.9705294705294705,17.0,7.0,10.0,91.0,22.0,69.0,0.47058823529411764,0.0,0.47058823529411764,0.35294117647058826,0.0,0.35294117647058826,5.0,0.0,5.0,6.0,,,4.988876515698588,,,1.0,0.0,1.0,691.35,,,25.50943396226415,,,0.5,0.0,0.5,,,,0.5,,,,0.5211267605633803,,1.0,0.0,1.0
2014-06-23,2014,CRO,MEX,0,0,0.4666666666666667,0.2708333333333333,0.19583333333333336,0.13333333333333333,0.2916666666666667,-0.15833333333333335,1.3333333333333333,1.0208333333333333,0.3125,0.9333333333333333,1.5833333333333333,-0.6499999999999999,4.0,14.0,-10.0,15.0,48.0,-33.0,0.25,0.0,0.25,0.0,0.0,0.0,0.0,0.0,0.0,19.0,20.0,-1.0,3.39934634239519,2.8284271247461903,0.5709192176489997,1.0,1.0,0.0,297.8,166.80000000000004,130.99999999999997,26.045454545454547,25.84313725490196,0.2023172905525854,0.21428571428571427,0.23529411764705882,-0.021008403361344546,0.42857142857142855,,,,0.47368421052631576,,,,,0.0,0.0,0.0
2014-06-23,2014,MEX,CRO,2,0,0.2708333333333333,0.4666666666666667,-0.19583333333333336,0.2916666666666667,0.13333333333333333,0.15833333333333335,1.0208333333333333,1.3333333333333333,-0.3125,1.5833333333333333,0.9333333333333333,0.6499999999999999,14.0,4.0,10.0,48.0,15.0,33.0,0.0,0.25,-0.25,0.0,0.0,0.0,0.0,0.0,0.0,20.0,19.0,1.0,2.8284271247461903,3.39934634239519,-0.5709192176489997,1.0,1.0,0.0,166.80000000000004,297.8,-130.99999999999997,25.84313725490196,26.045454545454547,-0.2023172905525854,0.23529411764705882,0.21428571428571427,0.021008403361344546,,0.42857142857142855,,0.47368421052631576,,,,,,0.0,0.0,0.0
2014-06-23,2014,NED,CHL,2,0,0.5581395348837209,0.32142857142857145,0.23671096345514947,0.23255813953488372,0.21428571428571427,0.018272425249169444,1.7906976744186047,1.2142857142857142,0.5764119601328905,0.9534883720930233,1.5357142857142858,-0.5822259136212625,8.0,8.0,0.0,43.0,28.0,15.0,0.5,0.125,0.375,0.375,0.0,0.375,0.0,0.0,0.0,5.0,,,3.0912061651652345,,,1.0,0.0,1.0,370.5,,,25.88095238095238,,,0.38095238095238093,0.09090909090909091,0.29004329004329,0.45714285714285713,,,,0.3333333333333333,,,,,0.0,0.0,0.0
2014-06-23,2014,CHL,NED,0,0,0.32142857142857145,0.5581395348837209,-0.23671096345514947,0.21428571428571427,0.23255813953488372,-0.018272425249169444,1.2142857142857142,1.7906976744186047,-0.5764119601328905,1.5357142857142858,0.9534883720930233,0.5822259136212625,8.0,8.0,0.0,28.0,43.0,-15.0,0.125,0.5,-0.375,0.0,0.375,-0.375,0.0,0.0,0.0,,5.0,,,3.0912061651652345,,0.0,1.0,-1.0,,370.5,,,25.88095238095238,,0.09090909090909091,0.38095238095238093,-0.29004329004329,,0.45714285714285713,,0.3333333333333333,,,,,,0.0,0.0,0.0
2014-06-23,2014,AUS,ESP,0,0,0.16666666666666666,0.4909090909090909,-0.3242424242424242,0.25,0.2,0.04999999999999999,0.9166666666666666,1.5454545454545454,-0.6287878787878788,1.9166666666666667,1.1454545454545455,0.7712121212121212,4.0,13.0,-9.0,12.0,55.0,-43.0,0.0,0.07692307692307693,-0.07692307692307693,0.0,0.07692307692307693,-0.07692307692307693,0.0,1.0,-1.0,100.0,9.0,91.0,14.445299120013633,0.0,14.445299120013633,1.0,1.0,0.0,39.9,933.0,-893.1,25.11627906976744,27.066666666666666,-1.9503875968992261,0.0,0.4117647058823529,-0.4117647058823529,,0.4444444444444444,,,,,,,,0.0,0.0,0.0
2014-06-23,2014,ESP,AUS,2,0,0.4909090909090909,0.16666666666666666,0.3242424242424242,0.2,0.25,-0.04999999999999999,1.5454545454545454,0.9166666666666666,0.6287878787878788,1.1454545454545455,1.9166666666666667,-0.7712121212121212,13.0,4.0,9.0,55.0,12.0,43.0,0.07692307692307693,0.0,0.07692307692307693,0.07692307692307693,0.0,0.07692307692307693,1.0,0.0,1.0,9.0,100.0,-91.0,0.0,14.445299120013633,-14.445299120013633,1.0,1.0,0.0,933.0,39.9,893.1,27.066666666666666,25.11627906976744,1.9503875968992261,0.4117647058823529,0.0,0.4117647058823529,0.4444444444444444,,,,,,,,,0.0,0.0,0.0
2014-06-24,2014,CRC,ENG,1,0,0.4166666666666667,0.4262295081967213,-0.0095628415300546,0.08333333333333333,0.3114754098360656,-0.22814207650273227,1.3333333333333333,1.2950819672131149,0.0382513661202184,1.8333333333333333,0.9180327868852459,0.9153005464480873,4.0,14.0,-10.0,12.0,61.0,-49.0,0.0,0.14285714285714285,-0.14285714285714285,0.0,0.07142857142857142,-0.07142857142857142,0.0,1.0,-1.0,,13.0,,,3.559026084010437,,0.0,1.0,-1.0,,556.0,,,26.38095238095238,,0.16666666666666666,0.15384615384615385,0.012820512820512803,,0.3333333333333333,,0.36363636363636365,,,,,,0.0,0.0,0.0
2014-06-24,2014,ENG,CRC,1,0,0.4262295081967213,0.4166666666666667,0.0095628415300546,0.3114754098360656,0.08333333333333333,0.22814207650273227,1.2950819672131149,1.3333333333333333,-0.0382513661202184,0.9180327868852459,1.8333333333333333,-0.9153005464480873,14.0,4.0,10.0,61.0,12.0,49.0,0.14285714285714285,0.0,0.14285714285714285,0.07142857142857142,0.0,0.07142857142857142,1.0,0.0,1.0,13.0,,,3.559026084010437,,,1.0,0.0,1.0,556.0,,,26.38095238095238,,,0.15384615384615385,0.16666666666666666,-0.012820512820512803,0.3333333333333333,,,,0.36363636363636365,,,,,0.0,0.0,0.0
2014-06-24,2014,ITA,URU,0,0,0.5068493150684932,0.3333333333333333,0.17351598173515986,0.273972602739726,0.26666666666666666,0.007305936073059349,1.4383561643835616,1.4222222222222223,0.016133942161339343,0.9315068493150684,1.4666666666666666,-0.5351598173515981,16.0,11.0,5.0,73.0,45.0,28.0,0.375,0.2727272727272727,0.10227272727272729,0.25,0.0,0.25,4.0,2.0,2.0,11.0,10.0,1.0,2.0548046676563256,5.2493385826745405,-3.194533915018215,1.0,1.0,0.0,,227.125,,,25.945945945945947,,0.25,0.0,0.25,0.3939393939393939,,,,0.4166666666666667,,,,,0.0,0.0,0.0
2014-06-24,2014,URU,ITA,2,0,0.3333333333333333,0.5068493150684932,-0.17351598173515986,0.26666666666666666,0.273972602739726,-0.007305936073059349,1.4222222222222223,1.4383561643835616,-0.016133942161339343,1.4666666666666666,0.9315068493150684,0.5351598173515981,11.0,16.0,-5.0,45.0,73.0,-28.0,0.2727272727272727,0.375,-0.10227272727272729,0.0,0.25,-0.25,2.0,4.0,-2.0,10.0,11.0,-1.0,5.2493385826745405,2.0548046676563256,3.194533915018215,1.0,1.0,0.0,227.125,,,25.945945945945947,,,0.0,0.25,-0.25,,0.3939393939393939,,0.4166666666666667,,,,,,0.0,0.0,0.0
2014-06-24,2014,JPN,COL,0,0,0.25,0.3333333333333333,-0.08333333333333331,0.25,0.13333333333333333,0.11666666666666667,0.8125,1.2666666666666666,-0.4541666666666666,1.125,1.6,-0.4750000000000001,5.0,5.0,0.0,16.0,15.0,1.0,0.0,0.0,0.0,0.0,0.0,0.0,0.0,0.0,0.0,54.0,3.0,51.0,12.552113589175153,14.854853303438128,-2.302739714262975,1.0,1.0,0.0,122.49999999999999,262.0,-139.5,25.29787234042553,26.157894736842106,-0.860022396416575,0.0,0.3333333333333333,-0.3333333333333333,,,,,0.631578947368421,,,,,0.0,0.0,0.0
2014-06-24,2014,GRE,CIV,2,0,0.125,0.375,-0.25,0.125,0.125,0.0,0.25,1.5,-1.25,2.25,1.5,0.75,3.0,3.0,0.0,8.0,8.0,0.0,0.0,0.0,0.0,0.0,0.0,0.0,0.0,0.0,0.0,,28.0,,,1.247219128924647,,0.0,1.0,-1.0,,168.45,,,24.178571428571427,,0.3,0.0,0.3,0.25,,,,,,,0.3880597014925373,,0.0,0.0,0.0
2014-06-24,2014,CIV,GRE,0,0,0.375,0.125,0.25,0.125,0.125,0.0,1.5,0.25,1.25,1.5,2.25,-0.75,3.0,3.0,0.0,8.0,8.0,0.0,0.0,0.0,0.0,0.0,0.0,0.0,0.0,0.0,0.0,28.0,,,1.247219128924647,,,1.0,0.0,1.0,168.45,,,24.178571428571427,,,0.0,0.3,-0.3,,0.25,,,,,0.3880597014925373,,,0.0,0.0,0.0
2014-06-24,2014,COL,JPN,2,0,0.3333333333333333,0.25,0.08333333333333331,0.13333333333333333,0.25,-0.11666666666666667,1.2666666666666666,0.8125,0.4541666666666666,1.6,1.125,0.4750000000000001,5.0,5.0,0.0,15.0,16.0,-1.0,0.0,0.0,0.0,0.0,0.0,0.0,0.0,0.0,0.0,3.0,54.0,-51.0,14.854853303438128,12.552113589175153,2.302739714262975,1.0,1.0,0.0,262.0,122.49999999999999,139.5,26.157894736842106,25.29787234042553,0.860022396416575,0.3333333333333333,0.0,0.3333333333333333,,,,0.631578947368421,,,,,,0.0,0.0,0.0
2014-06-25,2014,BIH,IRN,2,0,0.0,0.09090909090909091,-0.09090909090909091,0.0,0.2727272727272727,-0.2727272727272727,0.5,0.5454545454545454,-0.045454545454545414,1.5,1.7272727272727273,-0.2272727272727273,1.0,4.0,-3.0,2.0,11.0,-9.0,0.0,0.0,0.0,0.0,0.0,0.0,0.0,0.0,0.0,29.0,51.0,-22.0,3.559026084010437,10.624918300339484,-7.065892216329047,1.0,1.0,0.0,140.85,33.45,107.39999999999999,27.419354838709676,26.317073170731707,1.1022816679779694,0.0,0.0,0.0,,,,,,,,,,0.0,0.0,0.0
2014-06-25,2014,IRN,BIH,0,0,0.09090909090909091,0.0,0.09090909090909091,0.2727272727272727,0.0,0.2727272727272727,0.5454545454545454,0.5,0.045454545454545414,1.7272727272727273,1.5,0.2272727272727273,4.0,1.0,3.0,11.0,2.0,9.0,0.0,0.0,0.0,0.0,0.0,0.0,0.0,0.0,0.0,51.0,29.0,22.0,10.624918300339484,3.559026084010437,7.065892216329047,1.0,1.0,0.0,33.45,140.85,-107.39999999999999,26.317073170731707,27.419354838709676,-1.1022816679779694,0.0,0.0,0.0,,,,,,,,,,0.0,0.0,0.0
2014-06-25,2014,NGA,ARG,0,0,0.3125,0.5303030303030303,-0.21780303030303028,0.1875,0.19696969696969696,-0.009469696969696961,1.125,1.606060606060606,-0.48106060606060597,1.3125,1.0454545454545454,0.2670454545454546,5.0,14.0,-9.0,16.0,66.0,-50.0,0.0,0.21428571428571427,-0.21428571428571427,0.0,0.21428571428571427,-0.21428571428571427,0.0,2.0,-2.0,,2.0,,,3.299831645537222,,0.0,1.0,-1.0,,576.45,,,26.372093023255815,,0.0,0.1,-0.1,,,,,0.625,,0.5432098765432098,,,0.0,0.0,0.0
2014-06-25,2014,ARG,NGA,2,0,0.5303030303030303,0.3125,0.21780303030303028,0.19696969696969696,0.1875,0.009469696969696961,1.606060606060606,1.125,0.48106060606060597,1.0454545454545454,1.3125,-0.2670454545454546,14.0,5.0,9.0,66.0,16.0,50.0,0.21428571428571427,0.0,0.21428571428571427,0.21428571428571427,0.0,0.21428571428571427,2.0,0.0,2.0,2.0,,,3.299831645537222,,,1.0,0.0,1.0,576.45,,,26.372093023255815,,,0.1,0.0,0.1,,,,0.625,,,,0.5432098765432098,,0.0,0.0,0.0
2014-06-25,2014,HON,SUI,0,0,0.0,0.3076923076923077,-0.3076923076923077,0.375,0.19230769230769232,0.18269230769230768,0.375,1.2307692307692308,-0.8557692307692308,1.375,1.8461538461538463,-0.47115384615384626,3.0,8.0,-5.0,8.0,26.0,-18.0,0.0,0.0,0.0,0.0,0.0,0.0,0.0,0.0,0.0,,12.0,,,3.681787005729087,,0.0,1.0,-1.0,,202.3,,,25.88235294117647,,0.25,0.125,0.125,,0.1111111111111111,,0.5,,,,,,0.0,0.0,0.0
2014-06-25,2014,SUI,HON,2,0,0.3076923076923077,0.0,0.3076923076923077,0.19230769230769232,0.375,-0.18269230769230768,1.2307692307692308,0.375,0.8557692307692308,1.8461538461538463,1.375,0.47115384615384626,8.0,3.0,5.0,26.0,8.0,18.0,0.0,0.0,0.0,0.0,0.0,0.0,0.0,0.0,0.0,12.0,,,3.681787005729087,,,1.0,0.0,1.0,202.3,,,25.88235294117647,,,0.125,0.25,-0.125,0.1111111111111111,,,,0.5,,,,,0.0,0.0,0.0
2014-06-25,2014,ECU,FRA,1,0,0.4444444444444444,0.5,-0.05555555555555558,0.0,0.22,-0.22,1.1111111111111112,1.88,-0.7688888888888887,1.2222222222222223,1.2,0.022222222222222365,3.0,11.0,-8.0,9.0,50.0,-41.0,0.0,0.45454545454545453,-0.45454545454545453,0.0,0.18181818181818182,-0.18181818181818182,0.0,1.0,-1.0,26.0,7.0,19.0,12.027745701779143,2.0548046676563256,9.972941034122817,1.0,1.0,0.0,81.975,506.0,-424.025,25.0,25.657894736842106,-0.6578947368421062,0.0,0.35,-0.35,,0.375,,0.08333333333333333,,,,,,0.0,0.0,0.0
2014-06-25,2014,FRA,ECU,1,0,0.5,0.4444444444444444,0.05555555555555558,0.22,0.0,0.22,1.88,1.1111111111111112,0.7688888888888887,1.2,1.2222222222222223,-0.022222222222222365,11.0,3.0,8.0,50.0,9.0,41.0,0.45454545454545453,0.0,0.45454545454545453,0.18181818181818182,0.0,0.18181818181818182,1.0,0.0,1.0,7.0,26.0,-19.0,2.0548046676563256,12.027745701779143,-9.972941034122817,1.0,1.0,0.0,506.0,81.975,424.025,25.657894736842106,25.0,0.6578947368421062,0.35,0.0,0.35,0.375,,,,0.08333333333333333,,,,,0.0,0.0,0.0
2014-06-26,2014,POR,GHA,2,0,0.48,0.36363636363636365,0.11636363636363634,0.16,0.2727272727272727,-0.1127272727272727,1.64,1.0909090909090908,0.5490909090909091,1.12,1.2727272727272727,-0.1527272727272726,6.0,3.0,3.0,25.0,11.0,14.0,0.3333333333333333,0.0,0.3333333333333333,0.0,0.0,0.0,0.0,0.0,0.0,7.0,37.0,-30.0,0.9428090415820634,2.6246692913372702,-1.6818602497552069,1.0,1.0,0.0,416.2,113.3,302.9,25.6046511627907,23.875,1.7296511627906987,0.2631578947368421,0.14285714285714285,0.12030075187969924,0.5357142857142857,,,,,,,0.5151515151515151,,0.0,0.0,0.0
2014-06-26,2014,USA,GER,0,0,0.2222222222222222,0.6105263157894737,-0.3883040935672515,0.2222222222222222,0.2,0.0222222222222222,1.037037037037037,2.0842105263157893,-1.0471734892787523,1.7037037037037037,1.1157894736842104,0.5879142300194933,8.0,16.0,-8.0,27.0,95.0,-68.0,0.0,0.6875,-0.6875,0.0,0.4375,-0.4375,0.0,3.0,-3.0,27.0,1.0,26.0,8.379870059984357,0.4714045207910317,7.908465539193326,1.0,1.0,0.0,90.275,796.0,-705.725,25.50877192982456,25.613636363636363,-0.10486443381180166,0.1,0.44,-0.33999999999999997,,0.4642857142857143,,0.0,,,,,,0.0,0.0,0.0
2014-06-26,2014,GHA,POR,0,0,0.36363636363636365,0.48,-0.11636363636363634,0.2727272727272727,0.16,0.1127272727272727,1.0909090909090908,1.64,-0.5490909090909091,1.2727272727272727,1.12,0.1527272727272726,3.0,6.0,-3.0,11.0,25.0,-14.0,0.0,0.3333333333333333,-0.3333333333333333,0.0,0.0,0.0,0.0,0.0,0.0,37.0,7.0,30.0,2.6246692913372702,0.9428090415820634,1.6818602497552069,1.0,1.0,0.0,113.3,416.2,-302.9,23.875,25.6046511627907,-1.7296511627906987,0.14285714285714285,0.2631578947368421,-0.12030075187969924,,0.5357142857142857,,,,,0.5151515151515151,,,0.0,0.0,0.0
2014-06-26,2014,GER,USA,2,0,0.6105263157894737,0.2222222222222222,0.3883040935672515,0.2,0.2222222222222222,-0.0222222222222222,2.0842105263157893,1.037037037037037,1.0471734892787523,1.1157894736842104,1.7037037037037037,-0.5879142300194933,16.0,8.0,8.0,95.0,27.0,68.0,0.6875,0.0,0.6875,0.4375,0.0,0.4375,3.0,0.0,3.0,1.0,27.0,-26.0,0.4714045207910317,8.379870059984357,-7.908465539193326,1.0,1.0,0.0,796.0,90.275,705.725,25.613636363636363,25.50877192982456,0.10486443381180166,0.44,0.1,0.33999999999999997,0.4642857142857143,,,,0.0,,,,,0.0,0.0,0.0
2014-06-26,2014,KOR,BEL,0,0,0.16666666666666666,0.35294117647058826,-0.1862745098039216,0.3,0.2647058823529412,0.03529411764705881,1.0333333333333334,1.3529411764705883,-0.3196078431372549,2.2,1.5294117647058822,0.6705882352941179,9.0,9.0,0.0,30.0,34.0,-4.0,0.1111111111111111,0.1111111111111111,0.0,0.0,0.0,0.0,0.0,0.0,0.0,69.0,4.0,65.0,9.741092797468305,12.47219128924647,-2.731098491778166,1.0,1.0,0.0,71.925,464.2,-392.275,25.25,26.128205128205128,-0.8782051282051277,0.0,0.2,-0.2,,0.3333333333333333,,,,,,,,0.0,0.0,0.0
2014-06-26,2014,ALG,RUS,1,0,0.2727272727272727,0.25,0.022727272727272707,0.18181818181818182,0.125,0.05681818181818182,1.0,1.5,-0.5,1.4545454545454546,1.5,-0.045454545454545414,4.0,3.0,1.0,11.0,8.0,3.0,0.0,0.0,0.0,0.0,0.0,0.0,0.0,0.0,0.0,18.0,,,4.546060565661952,,,1.0,0.0,1.0,83.6,,,25.771428571428572,,,0.0,0.0,0.0,,0.2857142857142857,,,,,0.35185185185185186,,,0.0,0.0,0.0
2014-06-26,2014,RUS,ALG,1,0,0.25,0.2727272727272727,-0.022727272727272707,0.125,0.18181818181818182,-0.05681818181818182,1.5,1.0,0.5,1.5,1.4545454545454546,0.045454545454545414,3.0,4.0,-1.0,8.0,11.0,-3.0,0.0,0.0,0.0,0.0,0.0,0.0,0.0,0.0,0.0,,18.0,,,4.546060565661952,,0.0,1.0,-1.0,,83.6,,,25.771428571428572,,0.0,0.0,0.0,0.2857142857142857,,,,,,,0.35185185185185186,,0.0,0.0,0.0
2014-06-26,2014,BEL,KOR,2,0,0.35294117647058826,0.16666666666666666,0.1862745098039216,0.2647058823529412,0.3,-0.03529411764705881,1.3529411764705883,1.0333333333333334,0.3196078431372549,1.5294117647058822,2.2,-0.6705882352941179,9.0,9.0,0.0,34.0,30.0,4.0,0.1111111111111111,0.1111111111111111,0.0,0.0,0.0,0.0,0.0,0.0,0.0,4.0,69.0,-65.0,12.47219128924647,9.741092797468305,2.731098491778166,1.0,1.0,0.0,464.2,71.925,392.275,26.128205128205128,25.25,0.8782051282051277,0.2,0.0,0.2,0.3333333333333333,,,,,,,,,0.0,0.0,0.0
2014-06-28,2014,COL,URU,2,1,0.375,0.34782608695652173,0.02717391304347827,0.125,0.2608695652173913,-0.1358695652173913,1.4375,1.4130434782608696,0.024456521739130377,1.5625,1.434782608695652,0.1277173913043479,5.0,11.0,-6.0,16.0,46.0,-30.0,0.0,0.2727272727272727,-0.2727272727272727,0.0,0.0,0.0,0.0,2.0,-2.0,3.0,10.0,-7.0,14.854853303438128,5.2493385826745405,9.605514720763587,1.0,1.0,0.0,262.0,227.125,34.875,26.157894736842106,25.945945945945947,0.2119487908961588,0.3333333333333333,0.0,0.3333333333333333,,,,0.631578947368421,0.4166666666666667,0.21491228070175433,,,,0.0,0.0,0.0
2014-06-28,2014,URU,COL,0,1,0.34782608695652173,0.375,-0.02717391304347827,0.2608695652173913,0.125,0.1358695652173913,1.4130434782608696,1.4375,-0.024456521739130377,1.434782608695652,1.5625,-0.1277173913043479,11.0,5.0,6.0,46.0,16.0,30.0,0.2727272727272727,0.0,0.2727272727272727,0.0,0.0,0.0,2.0,0.0,2.0,10.0,3.0,7.0,5.2493385826745405,14.854853303438128,-9.605514720763587,1.0,1.0,0.0,227.125,262.0,-34.875,25.945945945945947,26.157894736842106,-0.2119487908961588,0.0,0.3333333333333333,-0.3333333333333333,,,,0.4166666666666667,0.631578947368421,-0.21491228070175433,,,,0.0,0.0,0.0
2014-06-28,2014,BRA,CHL,1,1,0.7065217391304348,0.3103448275862069,0.3961769115442279,0.16304347826086957,0.20689655172413793,-0.04385307346326836,2.141304347826087,1.1724137931034482,0.9688905547226387,0.8043478260869565,1.5517241379310345,-0.7473763118440779,17.0,8.0,9.0,92.0,29.0,63.0,0.47058823529411764,0.125,0.34558823529411764,0.35294117647058826,0.0,0.35294117647058826,5.0,0.0,5.0,6.0,,,4.988876515698588,,,1.0,0.0,1.0,691.35,,,25.50943396226415,,,0.5,0.08333333333333333,0.4166666666666667,,,,0.5,0.3333333333333333,0.16666666666666669,,,,1.0,0.0,1.0
2014-06-28,2014,CHL,BRA,1,1,0.3103448275862069,0.7065217391304348,-0.3961769115442279,0.20689655172413793,0.16304347826086957,0.04385307346326836,1.1724137931034482,2.141304347826087,-0.9688905547226387,1.5517241379310345,0.8043478260869565,0.7473763118440779,8.0,17.0,-9.0,29.0,92.0,-63.0,0.125,0.47058823529411764,-0.34558823529411764,0.0,0.35294117647058826,-0.35294117647058826,0.0,5.0,-5.0,,6.0,,,4.988876515698588,,0.0,1.0,-1.0,,691.35,,,25.50943396226415,,0.08333333333333333,0.5,-0.4166666666666667,,,,0.3333333333333333,0.5,-0.16666666666666669,,,,0.0,1.0,-1.0
2014-06-29,2014,NED,MEX,2,1,0.5681818181818182,0.2857142857142857,0.28246753246753253,0.22727272727272727,0.2857142857142857,-0.05844155844155843,1.7954545454545454,1.0612244897959184,0.734230055658627,0.9318181818181818,1.5714285714285714,-0.6396103896103896,8.0,14.0,-6.0,44.0,49.0,-5.0,0.5,0.0,0.5,0.375,0.0,0.375,0.0,0.0,0.0,5.0,20.0,-15.0,3.0912061651652345,2.8284271247461903,0.2627790404190442,1.0,1.0,0.0,370.5,166.80000000000004,203.69999999999996,25.88095238095238,25.84313725490196,0.03781512605041826,0.38095238095238093,0.23529411764705882,0.1456582633053221,0.45714285714285713,,,,0.47368421052631576,,,,,0.0,0.0,0.0
2014-06-29,2014,MEX,NED,0,1,0.2857142857142857,0.5681818181818182,-0.28246753246753253,0.2857142857142857,0.22727272727272727,0.05844155844155843,1.0612244897959184,1.7954545454545454,-0.734230055658627,1.5714285714285714,0.9318181818181818,0.6396103896103896,14.0,8.0,6.0,49.0,44.0,5.0,0.0,0.5,-0.5,0.0,0.375,-0.375,0.0,0.0,0.0,20.0,5.0,15.0,2.8284271247461903,3.0912061651652345,-0.2627790404190442,1.0,1.0,0.0,166.80000000000004,370.5,-203.69999999999996,25.84313725490196,25.88095238095238,-0.03781512605041826,0.23529411764705882,0.38095238095238093,-0.1456582633053221,,0.45714285714285713,,0.47368421052631576,,,,,,0.0,0.0,0.0
2014-06-29,2014,CRC,GRE,1,1,0.38461538461538464,0.2222222222222222,0.16239316239316243,0.15384615384615385,0.1111111111111111,0.04273504273504275,1.2307692307692308,0.4444444444444444,0.7863247863247864,1.6923076923076923,2.111111111111111,-0.41880341880341887,4.0,3.0,1.0,13.0,9.0,4.0,0.0,0.0,0.0,0.0,0.0,0.0,0.0,0.0,0.0,,,,,,,0.0,0.0,0.0,,,,,,,0.16666666666666666,0.3,-0.13333333333333333,,0.25,,0.36363636363636365,,,,,,0.0,0.0,0.0
2014-06-29,2014,GRE,CRC,1,1,0.2222222222222222,0.38461538461538464,-0.16239316239316243,0.1111111111111111,0.15384615384615385,-0.04273504273504275,0.4444444444444444,1.2307692307692308,-0.7863247863247864,2.111111111111111,1.6923076923076923,0.41880341880341887,3.0,4.0,-1.0,9.0,13.0,-4.0,0.0,0.0,0.0,0.0,0.0,0.0,0.0,0.0,0.0,,,,,,,0.0,0.0,0.0,,,,,,,0.3,0.16666666666666666,0.13333333333333333,0.25,,,,0.36363636363636365,,,,,0.0,0.0,0.0
2014-06-30,2014,GER,ALG,2,1,0.6145833333333334,0.25,0.36458333333333337,0.19791666666666666,0.25,-0.05208333333333334,2.0729166666666665,1.0,1.0729166666666665,1.1041666666666667,1.4166666666666667,-0.3125,16.0,4.0,12.0,96.0,12.0,84.0,0.6875,0.0,0.6875,0.4375,0.0,0.4375,3.0,0.0,3.0,1.0,18.0,-17.0,0.4714045207910317,4.546060565661952,-4.07465604487092,1.0,1.0,0.0,796.0,83.6,712.4,25.613636363636363,25.771428571428572,-0.15779220779220893,0.44,0.0,0.44,0.4642857142857143,,,,,,,0.35185185185185186,,0.0,0.0,0.0
2014-06-30,2014,ALG,GER,0,1,0.25,0.6145833333333334,-0.36458333333333337,0.25,0.19791666666666666,0.05208333333333334,1.0,2.0729166666666665,-1.0729166666666665,1.4166666666666667,1.1041666666666667,0.3125,4.0,16.0,-12.0,12.0,96.0,-84.0,0.0,0.6875,-0.6875,0.0,0.4375,-0.4375,0.0,3.0,-3.0,18.0,1.0,17.0,4.546060565661952,0.4714045207910317,4.07465604487092,1.0,1.0,0.0,83.6,796.0,-712.4,25.771428571428572,25.613636363636363,0.15779220779220893,0.0,0.44,-0.44,,0.4642857142857143,,,,,0.35185185185185186,,,0.0,0.0,0.0
2014-06-30,2014,FRA,NGA,2,1,0.49019607843137253,0.29411764705882354,0.196078431372549,0.23529411764705882,0.17647058823529413,0.05882352941176469,1.8431372549019607,1.1764705882352942,0.6666666666666665,1.1764705882352942,1.411764705882353,-0.23529411764705888,11.0,5.0,6.0,51.0,17.0,34.0,0.45454545454545453,0.0,0.45454545454545453,0.18181818181818182,0.0,0.18181818181818182,1.0,0.0,1.0,7.0,,,2.0548046676563256,,,1.0,0.0,1.0,506.0,,,25.657894736842106,,,0.35,0.0,0.35,0.375,,,,,,,0.5432098765432098,,0.0,0.0,0.0
2014-06-30,2014,NGA,FRA,0,1,0.29411764705882354,0.49019607843137253,-0.196078431372549,0.17647058823529413,0.23529411764705882,-0.05882352941176469,1.1764705882352942,1.8431372549019607,-0.6666666666666665,1.411764705882353,1.1764705882352942,0.23529411764705888,5.0,11.0,-6.0,17.0,51.0,-34.0,0.0,0.45454545454545453,-0.45454545454545453,0.0,0.18181818181818182,-0.18181818181818182,0.0,1.0,-1.0,,7.0,,,2.0548046676563256,,0.0,1.0,-1.0,,506.0,,,25.657894736842106,,0.0,0.35,-0.35,,0.375,,,,,0.5432098765432098,,,0.0,0.0,0.0
2014-07-01,2014,BEL,USA,2,1,0.37142857142857144,0.21428571428571427,0.15714285714285717,0.2571428571428571,0.21428571428571427,0.042857142857142844,1.3428571428571427,1.0,0.34285714285714275,1.4857142857142858,1.6785714285714286,-0.19285714285714284,9.0,8.0,1.0,35.0,28.0,7.0,0.1111111111111111,0.0,0.1111111111111111,0.0,0.0,0.0,0.0,0.0,0.0,4.0,27.0,-23.0,12.47219128924647,8.379870059984357,4.092321229262113,1.0,1.0,0.0,464.2,90.275,373.92499999999995,26.128205128205128,25.50877192982456,0.6194331983805661,0.2,0.09090909090909091,0.1090909090909091,0.3333333333333333,,,,0.0,,,,,0.0,0.0,0.0
2014-07-01,2014,USA,BEL,0,1,0.21428571428571427,0.37142857142857144,-0.15714285714285717,0.21428571428571427,0.2571428571428571,-0.042857142857142844,1.0,1.3428571428571427,-0.34285714285714275,1.6785714285714286,1.4857142857142858,0.19285714285714284,8.0,9.0,-1.0,28.0,35.0,-7.0,0.0,0.1111111111111111,-0.1111111111111111,0.0,0.0,0.0,0.0,0.0,0.0,27.0,4.0,23.0,8.379870059984357,12.47219128924647,-4.092321229262113,1.0,1.0,0.0,90.275,464.2,-373.92499999999995,25.50877192982456,26.128205128205128,-0.6194331983805661,0.09090909090909091,0.2,-0.1090909090909091,,0.3333333333333333,,0.0,,,,,,0.0,0.0,0.0
2014-07-01,2014,ARG,SUI,2,1,0.5373134328358209,0.3333333333333333,0.20398009950248758,0.19402985074626866,0.18518518518518517,0.008844665561083487,1.626865671641791,1.2962962962962963,0.3305693753454948,1.0597014925373134,1.7777777777777777,-0.7180762852404643,14.0,8.0,6.0,67.0,27.0,40.0,0.21428571428571427,0.0,0.21428571428571427,0.21428571428571427,0.0,0.21428571428571427,2.0,0.0,2.0,2.0,12.0,-10.0,3.299831645537222,3.681787005729087,-0.3819553601918648,1.0,1.0,0.0,576.45,202.3,374.15000000000003,26.372093023255815,25.88235294117647,0.4897400820793436,0.1,0.125,-0.024999999999999994,,0.1111111111111111,,0.625,,,,,,0.0,0.0,0.0
2014-07-01,2014,SUI,ARG,0,1,0.3333333333333333,0.5373134328358209,-0.20398009950248758,0.18518518518518517,0.19402985074626866,-0.008844665561083487,1.2962962962962963,1.626865671641791,-0.3305693753454948,1.7777777777777777,1.0597014925373134,0.7180762852404643,8.0,14.0,-6.0,27.0,67.0,-40.0,0.0,0.21428571428571427,-0.21428571428571427,0.0,0.21428571428571427,-0.21428571428571427,0.0,2.0,-2.0,12.0,2.0,10.0,3.681787005729087,3.299831645537222,0.3819553601918648,1.0,1.0,0.0,202.3,576.45,-374.15000000000003,25.88235294117647,26.372093023255815,-0.4897400820793436,0.125,0.1,0.024999999999999994,0.1111111111111111,,,,0.625,,,,,0.0,0.0,0.0
2014-07-04,2014,BRA,COL,2,1,0.6989247311827957,0.4117647058823529,0.2871600253004428,0.17204301075268819,0.11764705882352941,0.054395951929158776,2.129032258064516,1.4705882352941178,0.6584440227703983,0.8064516129032258,1.4705882352941178,-0.664136622390892,17.0,5.0,12.0,93.0,17.0,76.0,0.47058823529411764,0.0,0.47058823529411764,0.35294117647058826,0.0,0.35294117647058826,5.0,0.0,5.0,6.0,3.0,3.0,4.988876515698588,14.854853303438128,-9.865976787739541,1.0,1.0,0.0,691.35,262.0,429.35,25.50943396226415,26.157894736842106,-0.6484607745779556,0.5,0.42857142857142855,0.07142857142857145,,,,0.5,0.631578947368421,-0.13157894736842102,,,,1.0,0.0,1.0
2014-07-04,2014,COL,BRA,0,1,0.4117647058823529,0.6989247311827957,-0.2871600253004428,0.11764705882352941,0.17204301075268819,-0.054395951929158776,1.4705882352941178,2.129032258064516,-0.6584440227703983,1.4705882352941178,0.8064516129032258,0.664136622390892,5.0,17.0,-12.0,17.0,93.0,-76.0,0.0,0.47058823529411764,-0.47058823529411764,0.0,0.35294117647058826,-0.35294117647058826,0.0,5.0,-5.0,3.0,6.0,-3.0,14.854853303438128,4.988876515698588,9.865976787739541,1.0,1.0,0.0,262.0,691.35,-429.35,26.157894736842106,25.50943396226415,0.6484607745779556,0.42857142857142855,0.5,-0.07142857142857145,,,,0.631578947368421,0.5,0.13157894736842102,,,,0.0,1.0,-1.0
2014-07-04,2014,FRA,GER,0,1,0.5,0.6185567010309279,-0.11855670103092786,0.23076923076923078,0.1958762886597938,0.03489294210943697,1.8461538461538463,2.0721649484536084,-0.22601110229976218,1.1538461538461537,1.1030927835051547,0.05075337034099903,11.0,16.0,-5.0,52.0,97.0,-45.0,0.45454545454545453,0.6875,-0.23295454545454547,0.18181818181818182,0.4375,-0.2556818181818182,1.0,3.0,-2.0,7.0,1.0,6.0,2.0548046676563256,0.4714045207910317,1.5834001468652938,1.0,1.0,0.0,506.0,796.0,-290.0,25.657894736842106,25.613636363636363,0.044258373205742885,0.35,0.44,-0.09000000000000002,0.375,0.4642857142857143,-0.0892857142857143,,,,,,,0.0,0.0,0.0
2014-07-04,2014,GER,FRA,2,1,0.6185567010309279,0.5,0.11855670103092786,0.1958762886597938,0.23076923076923078,-0.03489294210943697,2.0721649484536084,1.8461538461538463,0.22601110229976218,1.1030927835051547,1.1538461538461537,-0.05075337034099903,16.0,11.0,5.0,97.0,52.0,45.0,0.6875,0.45454545454545453,0.23295454545454547,0.4375,0.18181818181818182,0.2556818181818182,3.0,1.0,2.0,1.0,7.0,-6.0,0.4714045207910317,2.0548046676563256,-1.5834001468652938,1.0,1.0,0.0,796.0,506.0,290.0,25.613636363636363,25.657894736842106,-0.044258373205742885,0.44,0.35,0.09000000000000002,0.4642857142857143,0.375,0.0892857142857143,,,,,,,0.0,0.0,0.0
2014-07-05,2014,NED,CRC,1,1,0.5777777777777777,0.35714285714285715,0.22063492063492057,0.2222222222222222,0.21428571428571427,0.007936507936507936,1.8,1.2142857142857142,0.5857142857142859,0.9333333333333333,1.6428571428571428,-0.7095238095238094,8.0,4.0,4.0,45.0,14.0,31.0,0.5,0.0,0.5,0.375,0.0,0.375,0.0,0.0,0.0,5.0,,,3.0912061651652345,,,1.0,0.0,1.0,370.5,,,25.88095238095238,,,0.38095238095238093,0.16666666666666666,0.21428571428571427,0.45714285714285713,,,,0.36363636363636365,,,,,0.0,0.0,0.0
2014-07-05,2014,CRC,NED,1,1,0.35714285714285715,0.5777777777777777,-0.22063492063492057,0.21428571428571427,0.2222222222222222,-0.007936507936507936,1.2142857142857142,1.8,-0.5857142857142859,1.6428571428571428,0.9333333333333333,0.7095238095238094,4.0,8.0,-4.0,14.0,45.0,-31.0,0.0,0.5,-0.5,0.0,0.375,-0.375,0.0,0.0,0.0,,5.0,,,3.0912061651652345,,0.0,1.0,-1.0,,370.5,,,25.88095238095238,,0.16666666666666666,0.38095238095238093,-0.21428571428571427,,0.45714285714285713,,0.36363636363636365,,,,,,0.0,0.0,0.0
2014-07-05,2014,ARG,BEL,2,1,0.5441176470588235,0.3888888888888889,0.1552287581699346,0.19117647058823528,0.25,-0.05882352941176472,1.6176470588235294,1.3611111111111112,0.2565359477124183,1.0441176470588236,1.4722222222222223,-0.4281045751633987,14.0,9.0,5.0,68.0,36.0,32.0,0.21428571428571427,0.1111111111111111,0.10317460317460317,0.21428571428571427,0.0,0.21428571428571427,2.0,0.0,2.0,2.0,4.0,-2.0,3.299831645537222,12.47219128924647,-9.17235964370925,1.0,1.0,0.0,576.45,464.2,112.25000000000006,26.372093023255815,26.128205128205128,0.24388789505068686,0.1,0.2,-0.1,,0.3333333333333333,,0.625,,,,,,0.0,0.0,0.0
2014-07-05,2014,BEL,ARG,0,1,0.3888888888888889,0.5441176470588235,-0.1552287581699346,0.25,0.19117647058823528,0.05882352941176472,1.3611111111111112,1.6176470588235294,-0.2565359477124183,1.4722222222222223,1.0441176470588236,0.4281045751633987,9.0,14.0,-5.0,36.0,68.0,-32.0,0.1111111111111111,0.21428571428571427,-0.10317460317460317,0.0,0.21428571428571427,-0.21428571428571427,0.0,2.0,-2.0,4.0,2.0,2.0,12.47219128924647,3.299831645537222,9.17235964370925,1.0,1.0,0.0,464.2,576.45,-112.25000000000006,26.128205128205128,26.372093023255815,-0.24388789505068686,0.2,0.1,0.1,0.3333333333333333,,,,0.625,,,,,0.0,0.0,0.0
2014-07-08,2014,BRA,GER,0,1,0.7021276595744681,0.6224489795918368,0.07967867998263134,0.1702127659574468,0.19387755102040816,-0.023664785062961352,2.127659574468085,2.061224489795918,0.06643508467216686,0.8085106382978723,1.0918367346938775,-0.28332609639600526,17.0,16.0,1.0,94.0,98.0,-4.0,0.47058823529411764,0.6875,-0.21691176470588236,0.35294117647058826,0.4375,-0.08455882352941174,5.0,3.0,2.0,6.0,1.0,5.0,4.988876515698588,0.4714045207910317,4.517471994907557,1.0,1.0,0.0,691.35,796.0,-104.64999999999998,25.50943396226415,25.613636363636363,-0.1042024013722127,0.5294117647058824,0.46153846153846156,0.0678733031674208,,0.4642857142857143,,0.5,,,,,,1.0,0.0,1.0
2014-07-08,2014,GER,BRA,2,1,0.6224489795918368,0.7021276595744681,-0.07967867998263134,0.19387755102040816,0.1702127659574468,0.023664785062961352,2.061224489795918,2.127659574468085,-0.06643508467216686,1.0918367346938775,0.8085106382978723,0.28332609639600526,16.0,17.0,-1.0,98.0,94.0,4.0,0.6875,0.47058823529411764,0.21691176470588236,0.4375,0.35294117647058826,0.08455882352941174,3.0,5.0,-2.0,1.0,6.0,-5.0,0.4714045207910317,4.988876515698588,-4.517471994907557,1.0,1.0,0.0,796.0,691.35,104.64999999999998,25.613636363636363,25.50943396226415,0.1042024013722127,0.46153846153846156,0.5294117647058824,-0.0678733031674208,0.4642857142857143,,,,0.5,,,,,0.0,1.0,-1.0
2014-07-09,2014,NED,ARG,1,1,0.5652173913043478,0.5507246376811594,0.01449275362318836,0.2391304347826087,0.18840579710144928,0.050724637681159424,1.7608695652173914,1.608695652173913,0.15217391304347827,0.9130434782608695,1.0289855072463767,-0.1159420289855072,8.0,14.0,-6.0,46.0,69.0,-23.0,0.5,0.21428571428571427,0.2857142857142857,0.375,0.21428571428571427,0.16071428571428573,0.0,2.0,-2.0,5.0,2.0,3.0,3.0912061651652345,3.299831645537222,-0.20862548037198758,1.0,1.0,0.0,370.5,576.45,-205.95000000000005,25.88095238095238,26.372093023255815,-0.491140642303435,0.38095238095238093,0.18181818181818182,0.1991341991341991,0.45714285714285713,,,,0.625,,,,,0.0,0.0,0.0
2014-07-09,2014,ARG,NED,1,1,0.5507246376811594,0.5652173913043478,-0.01449275362318836,0.18840579710144928,0.2391304347826087,-0.050724637681159424,1.608695652173913,1.7608695652173914,-0.15217391304347827,1.0289855072463767,0.9130434782608695,0.1159420289855072,14.0,8.0,6.0,69.0,46.0,23.0,0.21428571428571427,0.5,-0.2857142857142857,0.21428571428571427,0.375,-0.16071428571428573,2.0,0.0,2.0,2.0,5.0,-3.0,3.299831645537222,3.0912061651652345,0.20862548037198758,1.0,1.0,0.0,576.45,370.5,205.95000000000005,26.372093023255815,25.88095238095238,0.491140642303435,0.18181818181818182,0.38095238095238093,-0.1991341991341991,,0.45714285714285713,,0.625,,,,,,0.0,0.0,0.0
2014-07-12,2014,BRA,NED,0,1,0.6947368421052632,0.5531914893617021,0.14154535274356106,0.16842105263157894,0.2553191489361702,-0.08689809630459125,2.1157894736842104,1.7234042553191489,0.39238521836506157,0.8736842105263158,0.8936170212765957,-0.01993281075027986,17.0,8.0,9.0,95.0,47.0,48.0,0.5294117647058824,0.625,-0.09558823529411764,0.35294117647058826,0.375,-0.022058823529411742,5.0,0.0,5.0,6.0,5.0,1.0,4.988876515698588,3.0912061651652345,1.8976703505333536,1.0,1.0,0.0,691.35,370.5,320.85,25.50943396226415,25.88095238095238,-0.371518418688229,0.5,0.36363636363636365,0.13636363636363635,,0.45714285714285713,,0.5,,,,,,1.0,0.0,1.0
2014-07-12,2014,NED,BRA,2,1,0.5531914893617021,0.6947368421052632,-0.14154535274356106,0.2553191489361702,0.16842105263157894,0.08689809630459125,1.7234042553191489,2.1157894736842104,-0.39238521836506157,0.8936170212765957,0.8736842105263158,0.01993281075027986,8.0,17.0,-9.0,47.0,95.0,-48.0,0.625,0.5294117647058824,0.09558823529411764,0.375,0.35294117647058826,0.022058823529411742,0.0,5.0,-5.0,5.0,6.0,-1.0,3.0912061651652345,4.988876515698588,-1.8976703505333536,1.0,1.0,0.0,370.5,691.35,-320.85,25.88095238095238,25.50943396226415,0.371518418688229,0.36363636363636365,0.5,-0.13636363636363635,0.45714285714285713,,,,0.5,,,,,0.0,1.0,-1.0
2014-07-13,2014,GER,ARG,2,1,0.6262626262626263,0.5428571428571428,0.08340548340548348,0.1919191919191919,0.2,-0.008080808080808105,2.111111111111111,1.5857142857142856,0.5253968253968255,1.0909090909090908,1.0142857142857142,0.0766233766233766,16.0,14.0,2.0,99.0,70.0,29.0,0.75,0.2857142857142857,0.4642857142857143,0.4375,0.21428571428571427,0.22321428571428573,3.0,2.0,1.0,1.0,2.0,-1.0,0.4714045207910317,3.299831645537222,-2.8284271247461903,1.0,1.0,0.0,796.0,576.45,219.54999999999995,25.613636363636363,26.372093023255815,-0.7584566596194513,0.48148148148148145,0.16666666666666666,0.31481481481481477,0.4642857142857143,,,,0.625,,,,,0.0,0.0,0.0
2014-07-13,2014,ARG,GER,0,1,0.5428571428571428,0.6262626262626263,-0.08340548340548348,0.2,0.1919191919191919,0.008080808080808105,1.5857142857142856,2.111111111111111,-0.5253968253968255,1.0142857142857142,1.0909090909090908,-0.0766233766233766,14.0,16.0,-2.0,70.0,99.0,-29.0,0.2857142857142857,0.75,-0.4642857142857143,0.21428571428571427,0.4375,-0.22321428571428573,2.0,3.0,-1.0,2.0,1.0,1.0,3.299831645537222,0.4714045207910317,2.8284271247461903,1.0,1.0,0.0,576.45,796.0,-219.54999999999995,26.372093023255815,25.613636363636363,0.7584566596194513,0.16666666666666666,0.48148148148148145,-0.31481481481481477,,0.4642857142857143,,0.625,,,,,,0.0,0.0,0.0
2018-06-14,2018,RUS,KSA,2,0,0.2222222222222222,0.15384615384615385,0.06837606837606836,0.2222222222222222,0.15384615384615385,0.06837606837606836,1.4444444444444444,0.6923076923076923,0.7521367521367521,1.4444444444444444,2.4615384615384617,-1.0170940170940173,3.0,4.0,-1.0,9.0,13.0,-4.0,0.0,0.0,0.0,0.0,0.0,0.0,0.0,0.0,0.0,,69.0,,,10.780641085864152,,0.0,1.0,-1.0,,44.695,,,28.015625,,0.0,0.0,0.0,0.23529411764705882,,,,,,,,,1.0,0.0,1.0
2018-06-14,2018,KSA,RUS,0,0,0.15384615384615385,0.2222222222222222,-0.06837606837606836,0.15384615384615385,0.2222222222222222,-0.06837606837606836,0.6923076923076923,1.4444444444444444,-0.7521367521367521,2.4615384615384617,1.4444444444444444,1.0170940170940173,4.0,3.0,1.0,13.0,9.0,4.0,0.0,0.0,0.0,0.0,0.0,0.0,0.0,0.0,0.0,69.0,,,10.780641085864152,,,1.0,0.0,1.0,44.695,,,28.015625,,,0.0,0.0,0.0,,0.23529411764705882,,,,,,,,0.0,1.0,-1.0
2018-06-15,2018,MAR,IRN,0,0,0.15384615384615385,0.08333333333333333,0.07051282051282053,0.3076923076923077,0.25,0.05769230769230771,0.9230769230769231,0.5833333333333334,0.33974358974358976,1.3846153846153846,1.8333333333333333,-0.4487179487179487,4.0,4.0,0.0,13.0,12.0,1.0,0.0,0.0,0.0,0.0,0.0,0.0,0.0,0.0,0.0,40.0,29.0,11.0,14.29063407348401,6.944222218666553,7.3464118548174575,1.0,1.0,0.0,125.32500000000002,48.275000000000006,77.05000000000001,25.471698113207548,25.4390243902439,0.03267372296364712,0.0,0.0,0.0,,,,,,,0.35294117647058826,,,0.0,0.0,0.0
2018-06-15,2018,IRN,MAR,2,0,0.08333333333333333,0.15384615384615385,-0.07051282051282053,0.25,0.3076923076923077,-0.05769230769230771,0.5833333333333334,0.9230769230769231,-0.33974358974358976,1.8333333333333333,1.3846153846153846,0.4487179487179487,4.0,4.0,0.0,12.0,13.0,-1.0,0.0,0.0,0.0,0.0,0.0,0.0,0.0,0.0,0.0,29.0,40.0,-11.0,6.944222218666553,14.29063407348401,-7.3464118548174575,1.0,1.0,0.0,48.275000000000006,125.32500000000002,-77.05000000000001,25.4390243902439,25.471698113207548,-0.03267372296364712,0.0,0.0,0.0,,,,,,,,0.35294117647058826,,0.0,0.0,0.0
2018-06-15,2018,POR,ESP,1,0,0.5,0.5,0.0,0.15384615384615385,0.19642857142857142,-0.04258241758241757,1.6538461538461537,1.5714285714285714,0.08241758241758235,1.1153846153846154,1.125,-0.009615384615384581,6.0,13.0,-7.0,26.0,56.0,-30.0,0.3333333333333333,0.07692307692307693,0.2564102564102564,0.0,0.07692307692307693,-0.07692307692307693,0.0,1.0,-1.0,6.0,9.0,-3.0,2.160246899469287,2.8674417556808756,-0.7071948562115886,1.0,1.0,0.0,554.8,1565.5,-1010.7,25.704545454545453,27.325581395348838,-1.6210359408033845,0.25,0.4117647058823529,-0.16176470588235292,0.45714285714285713,0.45,0.0071428571428571175,,,,,,,0.0,0.0,0.0
2018-06-15,2018,EGY,URU,0,0,0.0,0.3404255319148936,-0.3404255319148936,0.6666666666666666,0.2553191489361702,0.41134751773049644,0.3333333333333333,1.3829787234042554,-1.0496453900709222,0.6666666666666666,1.446808510638298,-0.7801418439716313,1.0,11.0,-10.0,3.0,47.0,-44.0,0.0,0.2727272727272727,-0.2727272727272727,0.0,0.0,0.0,0.0,2.0,-2.0,56.0,7.0,49.0,11.264496832477201,5.2493385826745405,6.015158249802661,1.0,1.0,0.0,89.17500000000001,373.1,-283.925,25.933333333333334,25.542857142857144,0.3904761904761891,,0.0,,,,,,0.3870967741935484,,0.5432098765432098,,,0.0,0.0,0.0
2018-06-15,2018,URU,EGY,2,0,0.3404255319148936,0.0,0.3404255319148936,0.2553191489361702,0.6666666666666666,-0.41134751773049644,1.3829787234042554,0.3333333333333333,1.0496453900709222,1.446808510638298,0.6666666666666666,0.7801418439716313,11.0,1.0,10.0,47.0,3.0,44.0,0.2727272727272727,0.0,0.2727272727272727,0.0,0.0,0.0,2.0,0.0,2.0,7.0,56.0,-49.0,5.2493385826745405,11.264496832477201,-6.015158249802661,1.0,1.0,0.0,373.1,89.17500000000001,283.925,25.542857142857144,25.933333333333334,-0.3904761904761891,0.0,,,,,,0.3870967741935484,,,,0.5432098765432098,,0.0,0.0,0.0
2018-06-15,2018,ESP,POR,1,0,0.5,0.5,0.0,0.19642857142857142,0.15384615384615385,0.04258241758241757,1.5714285714285714,1.6538461538461537,-0.08241758241758235,1.125,1.1153846153846154,0.009615384615384581,13.0,6.0,7.0,56.0,26.0,30.0,0.07692307692307693,0.3333333333333333,-0.2564102564102564,0.07692307692307693,0.0,0.07692307692307693,1.0,0.0,1.0,9.0,6.0,3.0,2.8674417556808756,2.160246899469287,0.7071948562115886,1.0,1.0,0.0,1565.5,554.8,1010.7,27.325581395348838,25.704545454545453,1.6210359408033845,0.4117647058823529,0.25,0.16176470588235292,0.45,0.45714285714285713,-0.0071428571428571175,,,,,,,0.0,0.0,0.0
2018-06-16,2018,FRA,AUS,2,0,0.49056603773584906,0.15384615384615385,0.3367198838896952,0.22641509433962265,0.23076923076923078,-0.004354136429608135,1.8113207547169812,0.8461538461538461,0.965166908563135,1.150943396226415,2.0,-0.8490566037735849,11.0,4.0,7.0,53.0,13.0,40.0,0.45454545454545453,0.0,0.45454545454545453,0.18181818181818182,0.0,0.18181818181818182,1.0,0.0,1.0,2.0,41.0,-39.0,8.055363982396381,7.760297817881877,0.2950661645145036,1.0,1.0,0.0,1616.0,53.650000000000006,1562.35,26.72972972972973,25.80952380952381,0.9202059202059196,0.34782608695652173,0.0,0.34782608695652173,0.4358974358974359,,,,,,,,,0.0,0.0,0.0
2018-06-16,2018,ARG,ISL,1,0,0.5352112676056338,,,0.19718309859154928,,,1.5633802816901408,,,1.0140845070422535,,,14.0,0.0,14.0,71.0,0.0,71.0,0.2857142857142857,,,0.2857142857142857,,,2.0,0.0,2.0,11.0,,,1.247219128924647,,,1.0,0.0,1.0,900.25,,,25.946428571428573,,,0.14285714285714285,0.0,0.14285714285714285,,0.4,,0.6428571428571429,,,,,,0.0,0.0,0.0
2018-06-16,2018,AUS,FRA,0,0,0.15384615384615385,0.49056603773584906,-0.3367198838896952,0.23076923076923078,0.22641509433962265,0.004354136429608135,0.8461538461538461,1.8113207547169812,-0.965166908563135,2.0,1.150943396226415,0.8490566037735849,4.0,11.0,-7.0,13.0,53.0,-40.0,0.0,0.45454545454545453,-0.45454545454545453,0.0,0.18181818181818182,-0.18181818181818182,0.0,1.0,-1.0,41.0,2.0,39.0,7.760297817881877,8.055363982396381,-0.2950661645145036,1.0,1.0,0.0,53.650000000000006,1616.0,-1562.35,25.80952380952381,26.72972972972973,-0.9202059202059196,0.0,0.34782608695652173,-0.34782608695652173,,0.4358974358974359,,,,,,,,0.0,0.0,0.0
2018-06-16,2018,ISL,ARG,1,0,,0.5352112676056338,,,0.19718309859154928,,,1.5633802816901408,,,1.0140845070422535,,0.0,14.0,-14.0,0.0,71.0,-71.0,,0.2857142857142857,,,0.2857142857142857,,0.0,2.0,-2.0,,11.0,,,1.247219128924647,,0.0,1.0,-1.0,,900.25,,,25.946428571428573,,0.0,0.14285714285714285,-0.14285714285714285,0.4,,,,0.6428571428571429,,,,,0.0,0.0,0.0
2018-06-16,2018,CRO,NGA,2,0,0.4375,0.2777777777777778,0.1597222222222222,0.125,0.16666666666666666,-0.04166666666666666,1.3125,1.1111111111111112,0.20138888888888884,1.0625,1.4444444444444444,-0.3819444444444444,4.0,5.0,-1.0,16.0,18.0,-2.0,0.25,0.0,0.25,0.0,0.0,0.0,0.0,0.0,0.0,4.0,,,1.699673171197595,,,1.0,0.0,1.0,465.75,,,27.16216216216216,,,0.25,0.0,0.25,0.4444444444444444,,,,,,,0.5432098765432098,,0.0,0.0,0.0
2018-06-16,2018,PER,DEN,0,0,0.3076923076923077,0.5,-0.1923076923076923,0.23076923076923078,0.125,0.10576923076923078,1.3846153846153846,1.6875,-0.3028846153846154,2.076923076923077,1.5,0.5769230769230771,3.0,4.0,-1.0,13.0,16.0,-3.0,0.0,0.0,0.0,0.0,0.0,0.0,0.0,0.0,0.0,,10.0,,,15.173075568988056,,0.0,1.0,-1.0,,,,,,,0.18181818181818182,0.15384615384615385,0.02797202797202797,,0.25925925925925924,,0.39285714285714285,,,,,,0.0,0.0,0.0
2018-06-16,2018,NGA,CRO,0,0,0.2777777777777778,0.4375,-0.1597222222222222,0.16666666666666666,0.125,0.04166666666666666,1.1111111111111112,1.3125,-0.20138888888888884,1.4444444444444444,1.0625,0.3819444444444444,5.0,4.0,1.0,18.0,16.0,2.0,0.0,0.25,-0.25,0.0,0.0,0.0,0.0,0.0,0.0,,4.0,,,1.699673171197595,,0.0,1.0,-1.0,,465.75,,,27.16216216216216,,0.0,0.25,-0.25,,0.4444444444444444,,,,,0.5432098765432098,,,0.0,0.0,0.0
2018-06-16,2018,DEN,PER,2,0,0.5,0.3076923076923077,0.1923076923076923,0.125,0.23076923076923078,-0.10576923076923078,1.6875,1.3846153846153846,0.3028846153846154,1.5,2.076923076923077,-0.5769230769230771,4.0,3.0,1.0,16.0,13.0,3.0,0.0,0.0,0.0,0.0,0.0,0.0,0.0,0.0,0.0,10.0,,,15.173075568988056,,,1.0,0.0,1.0,,,,,,,0.15384615384615385,0.18181818181818182,-0.02797202797202797,0.25925925925925924,,,,0.39285714285714285,,,,,0.0,0.0,0.0
2018-06-17,2018,CRC,SRB,0,0,0.3333333333333333,0.3,0.033333333333333326,0.26666666666666666,0.1,0.16666666666666666,1.1333333333333333,0.9,0.23333333333333328,1.5333333333333334,1.7,-0.16666666666666652,4.0,3.0,1.0,15.0,10.0,5.0,0.0,0.0,0.0,0.0,0.0,0.0,0.0,0.0,0.0,,,,,,,0.0,0.0,0.0,,,,,,,0.25,0.25,0.0,,,,0.35714285714285715,,,,,,0.0,0.0,0.0
2018-06-17,2018,BRA,SUI,1,0,0.6875,0.32142857142857145,0.36607142857142855,0.16666666666666666,0.17857142857142858,-0.011904761904761918,2.09375,1.25,0.84375,0.8958333333333334,1.75,-0.8541666666666666,17.0,8.0,9.0,96.0,28.0,68.0,0.5294117647058824,0.0,0.5294117647058824,0.35294117647058826,0.0,0.35294117647058826,5.0,0.0,5.0,3.0,8.0,-5.0,1.8856180831641267,1.699673171197595,0.18594491196653173,1.0,1.0,0.0,907.25,229.45,677.8,25.458333333333332,25.195121951219512,0.2632113821138198,0.45,0.1,0.35,,0.15384615384615385,,0.48148148148148145,,,,,,0.0,0.0,0.0
2018-06-17,2018,SUI,BRA,1,0,0.32142857142857145,0.6875,-0.36607142857142855,0.17857142857142858,0.16666666666666666,0.011904761904761918,1.25,2.09375,-0.84375,1.75,0.8958333333333334,0.8541666666666666,8.0,17.0,-9.0,28.0,96.0,-68.0,0.0,0.5294117647058824,-0.5294117647058824,0.0,0.35294117647058826,-0.35294117647058826,0.0,5.0,-5.0,8.0,3.0,5.0,1.699673171197595,1.8856180831641267,-0.18594491196653173,1.0,1.0,0.0,229.45,907.25,-677.8,25.195121951219512,25.458333333333332,-0.2632113821138198,0.1,0.45,-0.35,0.15384615384615385,,,,0.48148148148148145,,,,,0.0,0.0,0.0
2018-06-17,2018,GER,MEX,0,0,0.63,0.28,0.35,0.19,0.28,-0.09000000000000002,2.1,1.06,1.04,1.08,1.58,-0.5,16.0,14.0,2.0,100.0,50.0,50.0,0.75,0.0,0.75,0.5,0.0,0.5,4.0,0.0,4.0,16.0,17.0,-1.0,1.247219128924647,2.494438257849294,-1.247219128924647,1.0,1.0,0.0,1302.0,218.05,1083.95,26.97142857142857,25.894736842105264,1.0766917293233078,0.4827586206896552,0.2631578947368421,0.2196007259528131,0.47058823529411764,,,,0.4230769230769231,,,,,0.0,0.0,0.0
2018-06-17,2018,MEX,GER,2,0,0.28,0.63,-0.35,0.28,0.19,0.09000000000000002,1.06,2.1,-1.04,1.58,1.08,0.5,14.0,16.0,-2.0,50.0,100.0,-50.0,0.0,0.75,-0.75,0.0,0.5,-0.5,0.0,4.0,-4.0,17.0,16.0,1.0,2.494438257849294,1.247219128924647,1.247219128924647,1.0,1.0,0.0,218.05,1302.0,-1083.95,25.894736842105264,26.97142857142857,-1.0766917293233078,0.2631578947368421,0.4827586206896552,-0.2196007259528131,,0.47058823529411764,,0.4230769230769231,,,,,,0.0,0.0,0.0
2018-06-17,2018,SRB,CRC,2,0,0.3,0.3333333333333333,-0.033333333333333326,0.1,0.26666666666666666,-0.16666666666666666,0.9,1.1333333333333333,-0.23333333333333328,1.7,1.5333333333333334,0.16666666666666652,3.0,4.0,-1.0,10.0,15.0,-5.0,0.0,0.0,0.0,0.0,0.0,0.0,0.0,0.0,0.0,,,,,,,0.0,0.0,0.0,,,,,,,0.25,0.25,0.0,,,,,0.35714285714285715,,,,,0.0,0.0,0.0
2018-06-18,2018,SWE,KOR,2,0,0.34146341463414637,0.16129032258064516,0.1801730920535012,0.3170731707317073,0.2903225806451613,0.02675059008654601,1.4390243902439024,1.0,0.4390243902439024,1.3658536585365855,2.161290322580645,-0.7954366640440595,9.0,9.0,0.0,41.0,31.0,10.0,0.2222222222222222,0.1111111111111111,0.1111111111111111,0.1111111111111111,0.0,0.1111111111111111,0.0,0.0,0.0,14.0,53.0,-39.0,9.741092797468305,9.46337971105226,0.2777130864160444,1.0,1.0,0.0,202.6,86.87499999999999,115.72500000000001,26.818181818181817,25.72222222222222,1.0959595959595951,0.0,0.0,0.0,0.25,,,,,,,,,0.0,0.0,0.0
2018-06-18,2018,BEL,PAN,2,0,0.3783783783783784,,,0.24324324324324326,,,1.3243243243243243,,,1.4594594594594594,,,9.0,0.0,9.0,37.0,0.0,37.0,0.1111111111111111,,,0.0,,,0.0,0.0,0.0,1.0,71.0,-70.0,1.8856180831641267,3.7416573867739413,-1.8560393036098146,1.0,1.0,0.0,977.1,12.125,964.975,27.487179487179485,25.254901960784313,2.2322775263951726,0.16666666666666666,0.0,0.16666666666666666,0.4117647058823529,,,,0.3333333333333333,,,,,0.0,0.0,0.0
2018-06-18,2018,KOR,SWE,0,0,0.16129032258064516,0.34146341463414637,-0.1801730920535012,0.2903225806451613,0.3170731707317073,-0.02675059008654601,1.0,1.4390243902439024,-0.4390243902439024,2.161290322580645,1.3658536585365855,0.7954366640440595,9.0,9.0,0.0,31.0,41.0,-10.0,0.1111111111111111,0.2222222222222222,-0.1111111111111111,0.0,0.1111111111111111,-0.1111111111111111,0.0,0.0,0.0,53.0,14.0,39.0,9.46337971105226,9.741092797468305,-0.2777130864160444,1.0,1.0,0.0,86.87499999999999,202.6,-115.72500000000001,25.72222222222222,26.818181818181817,-1.0959595959595951,0.0,0.0,0.0,,0.25,,,,,,,,0.0,0.0,0.0
2018-06-18,2018,TUN,ENG,0,0,0.08333333333333333,0.41935483870967744,-0.3360215053763441,0.3333333333333333,0.3225806451612903,0.010752688172043001,0.6666666666666666,1.2741935483870968,-0.6075268817204301,1.4166666666666667,0.9032258064516129,0.5134408602150539,4.0,14.0,-10.0,12.0,62.0,-50.0,0.0,0.14285714285714285,-0.14285714285714285,0.0,0.07142857142857142,-0.07142857142857142,0.0,1.0,-1.0,26.0,5.0,21.0,5.354126134736337,2.494438257849294,2.8596878768870426,1.0,1.0,0.0,42.54999999999999,753.75,-711.2,24.95744680851064,24.574468085106382,0.382978723404257,0.0,0.15384615384615385,-0.15384615384615385,,0.3225806451612903,,,,,0.3125,,,0.0,0.0,0.0
2018-06-18,2018,PAN,BEL,0,0,,0.3783783783783784,,,0.24324324324324326,,,1.3243243243243243,,,1.4594594594594594,,0.0,9.0,-9.0,0.0,37.0,-37.0,,0.1111111111111111,,,0.0,,0.0,0.0,0.0,71.0,1.0,70.0,3.7416573867739413,1.8856180831641267,1.8560393036098146,1.0,1.0,0.0,12.125,977.1,-964.975,25.254901960784313,27.487179487179485,-2.2322775263951726,0.0,0.16666666666666666,-0.16666666666666666,,0.4117647058823529,,0.3333333333333333,,,,,,0.0,0.0,0.0
2018-06-18,2018,ENG,TUN,2,0,0.41935483870967744,0.08333333333333333,0.3360215053763441,0.3225806451612903,0.3333333333333333,-0.010752688172043001,1.2741935483870968,0.6666666666666666,0.6075268817204301,0.9032258064516129,1.4166666666666667,-0.5134408602150539,14.0,4.0,10.0,62.0,12.0,50.0,0.14285714285714285,0.0,0.14285714285714285,0.07142857142857142,0.0,0.07142857142857142,1.0,0.0,1.0,5.0,26.0,-21.0,2.494438257849294,5.354126134736337,-2.8596878768870426,1.0,1.0,0.0,753.75,42.54999999999999,711.2,24.574468085106382,24.95744680851064,-0.382978723404257,0.15384615384615385,0.0,0.15384615384615385,0.3225806451612903,,,,,,,0.3125,,0.0,0.0,0.0
2018-06-19,2018,COL,JPN,0,0,0.3888888888888889,0.23529411764705882,0.15359477124183007,0.1111111111111111,0.23529411764705882,-0.12418300653594772,1.4444444444444444,0.8235294117647058,0.6209150326797386,1.5,1.2941176470588236,0.2058823529411764,5.0,5.0,0.0,18.0,17.0,1.0,0.0,0.0,0.0,0.0,0.0,0.0,0.0,0.0,0.0,12.0,50.0,-38.0,2.943920288775949,4.988876515698588,-2.0449562269226393,1.0,1.0,0.0,286.705,93.60000000000001,193.10499999999996,25.479166666666668,25.84,-0.360833333333332,0.4,0.0,0.4,,,,0.5517241379310345,,,,,,0.0,0.0,0.0
2018-06-19,2018,JPN,COL,2,0,0.23529411764705882,0.3888888888888889,-0.15359477124183007,0.23529411764705882,0.1111111111111111,0.12418300653594772,0.8235294117647058,1.4444444444444444,-0.6209150326797386,1.2941176470588236,1.5,-0.2058823529411764,5.0,5.0,0.0,17.0,18.0,-1.0,0.0,0.0,0.0,0.0,0.0,0.0,0.0,0.0,0.0,50.0,12.0,38.0,4.988876515698588,2.943920288775949,2.0449562269226393,1.0,1.0,0.0,93.60000000000001,286.705,-193.10499999999996,25.84,25.479166666666668,0.360833333333332,0.0,0.4,-0.4,,,,,0.5517241379310345,,,,,0.0,0.0,0.0
2018-06-19,2018,RUS,EGY,2,0,0.3,0.0,0.3,0.2,0.5,-0.3,1.8,0.25,1.55,1.3,0.75,0.55,4.0,2.0,2.0,10.0,4.0,6.0,0.0,0.0,0.0,0.0,0.0,0.0,0.0,0.0,0.0,,56.0,,,11.264496832477201,,0.0,1.0,-1.0,,89.17500000000001,,,25.933333333333334,,0.0,0.0,0.0,0.23529411764705882,,,,,,,0.5432098765432098,,1.0,0.0,1.0
2018-06-19,2018,EGY,RUS,0,0,0.0,0.3,-0.3,0.5,0.2,0.3,0.25,1.8,-1.55,0.75,1.3,-0.55,2.0,4.0,-2.0,4.0,10.0,-6.0,0.0,0.0,0.0,0.0,0.0,0.0,0.0,0.0,0.0,56.0,,,11.264496832477201,,,1.0,0.0,1.0,89.17500000000001,,,25.933333333333334,,,0.0,0.0,0.0,,0.23529411764705882,,,,,0.5432098765432098,,,0.0,1.0,-1.0
2018-06-19,2018,POL,SEN,0,0,0.5,0.4,0.09999999999999998,0.16666666666666666,0.4,-0.23333333333333336,1.3,1.4,-0.09999999999999987,1.1333333333333333,1.2,-0.06666666666666665,6.0,1.0,5.0,30.0,5.0,25.0,0.3333333333333333,0.0,0.3333333333333333,0.0,0.0,0.0,0.0,0.0,0.0,20.0,23.0,-3.0,11.32352516764202,8.576453553512405,2.7470716141296148,1.0,1.0,0.0,,285.29999999999995,,,25.302325581395348,,0.16666666666666666,0.5,-0.33333333333333337,0.18181818181818182,,,,,,,0.35135135135135137,,0.0,0.0,0.0
2018-06-19,2018,SEN,POL,2,0,0.4,0.5,-0.09999999999999998,0.4,0.16666666666666666,0.23333333333333336,1.4,1.3,0.09999999999999987,1.2,1.1333333333333333,0.06666666666666665,1.0,6.0,-5.0,5.0,30.0,-25.0,0.0,0.3333333333333333,-0.3333333333333333,0.0,0.0,0.0,0.0,0.0,0.0,23.0,20.0,3.0,8.576453553512405,11.32352516764202,-2.7470716141296148,1.0,1.0,0.0,285.29999999999995,,,25.302325581395348,,,0.5,0.16666666666666666,0.33333333333333337,,0.18181818181818182,,,,,0.35135135135135137,,,0.0,0.0,0.0
2018-06-20,2018,IRN,ESP,0,0,0.15384615384615385,0.49122807017543857,-0.3373819163292847,0.23076923076923078,0.21052631578947367,0.02024291497975711,0.6153846153846154,1.5964912280701755,-0.9811066126855601,1.6923076923076923,1.1578947368421053,0.534412955465587,5.0,14.0,-9.0,13.0,57.0,-44.0,0.0,0.07142857142857142,-0.07142857142857142,0.0,0.07142857142857142,-0.07142857142857142,0.0,1.0,-1.0,29.0,9.0,20.0,6.944222218666553,2.8674417556808756,4.076780462985678,1.0,1.0,0.0,48.275000000000006,1565.5,-1517.225,25.4390243902439,27.325581395348838,-1.8865570051049367,0.0,0.3888888888888889,-0.3888888888888889,,0.45,,,,,,,,0.0,0.0,0.0
2018-06-20,2018,ESP,IRN,2,0,0.49122807017543857,0.15384615384615385,0.3373819163292847,0.21052631578947367,0.23076923076923078,-0.02024291497975711,1.5964912280701755,0.6153846153846154,0.9811066126855601,1.1578947368421053,1.6923076923076923,-0.534412955465587,14.0,5.0,9.0,57.0,13.0,44.0,0.07142857142857142,0.0,0.07142857142857142,0.07142857142857142,0.0,0.07142857142857142,1.0,0.0,1.0,9.0,29.0,-20.0,2.8674417556808756,6.944222218666553,-4.076780462985678,1.0,1.0,0.0,1565.5,48.275000000000006,1517.225,27.325581395348838,25.4390243902439,1.8865570051049367,0.3888888888888889,0.0,0.3888888888888889,0.45,,,,,,,,,0.0,0.0,0.0
2018-06-20,2018,URU,KSA,2,0,0.3541666666666667,0.14285714285714285,0.21130952380952384,0.25,0.14285714285714285,0.10714285714285715,1.375,0.6428571428571429,0.7321428571428571,1.4166666666666667,2.642857142857143,-1.226190476190476,12.0,5.0,7.0,48.0,14.0,34.0,0.25,0.0,0.25,0.0,0.0,0.0,2.0,0.0,2.0,7.0,69.0,-62.0,5.2493385826745405,10.780641085864152,-5.531302503189612,1.0,1.0,0.0,373.1,44.695,328.40500000000003,25.542857142857144,28.015625,-2.4727678571428555,0.0,0.0,0.0,,,,0.3870967741935484,,,,,,0.0,0.0,0.0
2018-06-20,2018,KSA,URU,0,0,0.14285714285714285,0.3541666666666667,-0.21130952380952384,0.14285714285714285,0.25,-0.10714285714285715,0.6428571428571429,1.375,-0.7321428571428571,2.642857142857143,1.4166666666666667,1.226190476190476,5.0,12.0,-7.0,14.0,48.0,-34.0,0.0,0.25,-0.25,0.0,0.0,0.0,0.0,2.0,-2.0,69.0,7.0,62.0,10.780641085864152,5.2493385826745405,5.531302503189612,1.0,1.0,0.0,44.695,373.1,-328.40500000000003,28.015625,25.542857142857144,2.4727678571428555,0.0,0.0,0.0,,,,,0.3870967741935484,,,,,0.0,0.0,0.0
2018-06-20,2018,POR,MAR,2,0,0.48148148148148145,0.14285714285714285,0.3386243386243386,0.18518518518518517,0.2857142857142857,-0.10052910052910052,1.7037037037037037,0.8571428571428571,0.8465608465608466,1.1851851851851851,1.3571428571428572,-0.1719576719576721,7.0,5.0,2.0,27.0,14.0,13.0,0.2857142857142857,0.0,0.2857142857142857,0.0,0.0,0.0,0.0,0.0,0.0,6.0,40.0,-34.0,2.160246899469287,14.29063407348401,-12.130387174014723,1.0,1.0,0.0,554.8,125.32500000000002,429.4749999999999,25.704545454545453,25.471698113207548,0.23284734133790508,0.23809523809523808,0.0,0.23809523809523808,0.45714285714285713,,,,,,,0.35294117647058826,,0.0,0.0,0.0
2018-06-20,2018,MAR,POR,0,0,0.14285714285714285,0.48148148148148145,-0.3386243386243386,0.2857142857142857,0.18518518518518517,0.10052910052910052,0.8571428571428571,1.7037037037037037,-0.8465608465608466,1.3571428571428572,1.1851851851851851,0.1719576719576721,5.0,7.0,-2.0,14.0,27.0,-13.0,0.0,0.2857142857142857,-0.2857142857142857,0.0,0.0,0.0,0.0,0.0,0.0,40.0,6.0,34.0,14.29063407348401,2.160246899469287,12.130387174014723,1.0,1.0,0.0,125.32500000000002,554.8,-429.4749999999999,25.471698113207548,25.704545454545453,-0.23284734133790508,0.0,0.23809523809523808,-0.23809523809523808,,0.45714285714285713,,,,,0.35294117647058826,,,0.0,0.0,0.0
2018-06-21,2018,DEN,AUS,1,0,0.5294117647058824,0.14285714285714285,0.3865546218487395,0.11764705882352941,0.21428571428571427,-0.09663865546218486,1.6470588235294117,0.8571428571428571,0.7899159663865546,1.411764705882353,2.0,-0.588235294117647,5.0,5.0,0.0,17.0,14.0,3.0,0.0,0.0,0.0,0.0,0.0,0.0,0.0,0.0,0.0,10.0,41.0,-31.0,15.173075568988056,7.760297817881877,7.412777751106178,1.0,1.0,0.0,,53.650000000000006,,,25.80952380952381,,0.15384615384615385,0.0,0.15384615384615385,0.25925925925925924,,,,,,,,,0.0,0.0,0.0
2018-06-21,2018,AUS,DEN,1,0,0.14285714285714285,0.5294117647058824,-0.3865546218487395,0.21428571428571427,0.11764705882352941,0.09663865546218486,0.8571428571428571,1.6470588235294117,-0.7899159663865546,2.0,1.411764705882353,0.588235294117647,5.0,5.0,0.0,14.0,17.0,-3.0,0.0,0.0,0.0,0.0,0.0,0.0,0.0,0.0,0.0,41.0,10.0,31.0,7.760297817881877,15.173075568988056,-7.412777751106178,1.0,1.0,0.0,53.650000000000006,,,25.80952380952381,,,0.0,0.15384615384615385,-0.15384615384615385,,0.25925925925925924,,,,,,,,0.0,0.0,0.0
2018-06-21,2018,FRA,PER,2,0,0.5,0.2857142857142857,0.2142857142857143,0.2222222222222222,0.21428571428571427,0.007936507936507936,1.8148148148148149,1.2857142857142858,0.5291005291005291,1.1481481481481481,2.0,-0.8518518518518519,12.0,4.0,8.0,54.0,14.0,40.0,0.4166666666666667,0.0,0.4166666666666667,0.16666666666666666,0.0,0.16666666666666666,1.0,0.0,1.0,2.0,,,8.055363982396381,,,1.0,0.0,1.0,1616.0,,,26.72972972972973,,,0.34782608695652173,0.16666666666666666,0.18115942028985507,0.4358974358974359,,,,0.39285714285714285,,,,,0.0,0.0,0.0
2018-06-21,2018,ARG,CRO,0,0,0.5277777777777778,0.47058823529411764,0.05718954248366015,0.20833333333333334,0.11764705882352941,0.09068627450980393,1.5555555555555556,1.3529411764705883,0.20261437908496727,1.0138888888888888,1.0,0.01388888888888884,15.0,5.0,10.0,72.0,17.0,55.0,0.26666666666666666,0.2,0.06666666666666665,0.26666666666666666,0.0,0.26666666666666666,2.0,0.0,2.0,11.0,4.0,7.0,1.247219128924647,1.699673171197595,-0.45245404227294794,1.0,1.0,0.0,900.25,465.75,434.5,25.946428571428573,27.16216216216216,-1.2157335907335884,0.14285714285714285,0.25,-0.10714285714285715,,0.4444444444444444,,0.6428571428571429,,,,,,0.0,0.0,0.0
2018-06-21,2018,CRO,ARG,2,0,0.47058823529411764,0.5277777777777778,-0.05718954248366015,0.11764705882352941,0.20833333333333334,-0.09068627450980393,1.3529411764705883,1.5555555555555556,-0.20261437908496727,1.0,1.0138888888888888,-0.01388888888888884,5.0,15.0,-10.0,17.0,72.0,-55.0,0.2,0.26666666666666666,-0.06666666666666665,0.0,0.26666666666666666,-0.26666666666666666,0.0,2.0,-2.0,4.0,11.0,-7.0,1.699673171197595,1.247219128924647,0.45245404227294794,1.0,1.0,0.0,465.75,900.25,-434.5,27.16216216216216,25.946428571428573,1.2157335907335884,0.25,0.14285714285714285,0.10714285714285715,0.4444444444444444,,,,0.6428571428571429,,,,,0.0,0.0,0.0
2018-06-21,2018,PER,FRA,0,0,0.2857142857142857,0.5,-0.2142857142857143,0.21428571428571427,0.2222222222222222,-0.007936507936507936,1.2857142857142858,1.8148148148148149,-0.5291005291005291,2.0,1.1481481481481481,0.8518518518518519,4.0,12.0,-8.0,14.0,54.0,-40.0,0.0,0.4166666666666667,-0.4166666666666667,0.0,0.16666666666666666,-0.16666666666666666,0.0,1.0,-1.0,,2.0,,,8.055363982396381,,0.0,1.0,-1.0,,1616.0,,,26.72972972972973,,0.16666666666666666,0.34782608695652173,-0.18115942028985507,,0.4358974358974359,,0.39285714285714285,,,,,,0.0,0.0,0.0
2018-06-22,2018,SRB,SUI,0,0,0.36363636363636365,0.3103448275862069,0.05329153605015674,0.09090909090909091,0.20689655172413793,-0.11598746081504702,0.9090909090909091,1.2413793103448276,-0.33228840125391856,1.5454545454545454,1.7241379310344827,-0.17868338557993724,4.0,9.0,-5.0,11.0,29.0,-18.0,0.0,0.0,0.0,0.0,0.0,0.0,0.0,0.0,0.0,,8.0,,,1.699673171197595,,0.0,1.0,-1.0,,229.45,,,25.195121951219512,,0.25,0.09090909090909091,0.1590909090909091,,0.15384615384615385,,,,,,,,0.0,0.0,0.0
2018-06-22,2018,SUI,SRB,2,0,0.3103448275862069,0.36363636363636365,-0.05329153605015674,0.20689655172413793,0.09090909090909091,0.11598746081504702,1.2413793103448276,0.9090909090909091,0.33228840125391856,1.7241379310344827,1.5454545454545454,0.17868338557993724,9.0,4.0,5.0,29.0,11.0,18.0,0.0,0.0,0.0,0.0,0.0,0.0,0.0,0.0,0.0,8.0,,,1.699673171197595,,,1.0,0.0,1.0,229.45,,,25.195121951219512,,,0.09090909090909091,0.25,-0.1590909090909091,0.15384615384615385,,,,,,,,,0.0,0.0,0.0
2018-06-22,2018,NGA,ISL,2,0,0.2631578947368421,0.0,0.2631578947368421,0.15789473684210525,1.0,-0.8421052631578947,1.0526315789473684,1.0,0.05263157894736836,1.4736842105263157,1.0,0.4736842105263157,6.0,1.0,5.0,19.0,1.0,18.0,0.0,0.0,0.0,0.0,0.0,0.0,0.0,0.0,0.0,,,,,,,0.0,0.0,0.0,,,,,,,0.0,0.0,0.0,,0.4,,,,,0.5432098765432098,,,0.0,0.0,0.0
2018-06-22,2018,ISL,NGA,0,0,0.0,0.2631578947368421,-0.2631578947368421,1.0,0.15789473684210525,0.8421052631578947,1.0,1.0526315789473684,-0.05263157894736836,1.0,1.4736842105263157,-0.4736842105263157,1.0,6.0,-5.0,1.0,19.0,-18.0,0.0,0.0,0.0,0.0,0.0,0.0,0.0,0.0,0.0,,,,,,,0.0,0.0,0.0,,,,,,,0.0,0.0,0.0,0.4,,,,,,,0.5432098765432098,,0.0,0.0,0.0
2018-06-22,2018,BRA,CRC,2,0,0.6804123711340206,0.3125,0.36791237113402064,0.17525773195876287,0.25,-0.07474226804123713,2.082474226804124,1.0625,1.0199742268041239,0.8969072164948454,1.5,-0.6030927835051546,18.0,5.0,13.0,97.0,16.0,81.0,0.5,0.0,0.5,0.3333333333333333,0.0,0.3333333333333333,5.0,0.0,5.0,3.0,,,1.8856180831641267,,,1.0,0.0,1.0,907.25,,,25.458333333333332,,,0.42857142857142855,0.25,0.17857142857142855,,,,0.48148148148148145,0.35714285714285715,0.1243386243386243,,,,0.0,0.0,0.0
2018-06-22,2018,CRC,BRA,0,0,0.3125,0.6804123711340206,-0.36791237113402064,0.25,0.17525773195876287,0.07474226804123713,1.0625,2.082474226804124,-1.0199742268041239,1.5,0.8969072164948454,0.6030927835051546,5.0,18.0,-13.0,16.0,97.0,-81.0,0.0,0.5,-0.5,0.0,0.3333333333333333,-0.3333333333333333,0.0,5.0,-5.0,,3.0,,,1.8856180831641267,,0.0,1.0,-1.0,,907.25,,,25.458333333333332,,0.25,0.42857142857142855,-0.17857142857142855,,,,0.35714285714285715,0.48148148148148145,-0.1243386243386243,,,,0.0,0.0,0.0
2018-06-23,2018,BEL,TUN,2,0,0.39473684210526316,0.07692307692307693,0.31781376518218624,0.23684210526315788,0.3076923076923077,-0.07085020242914983,1.368421052631579,0.6923076923076923,0.6761133603238867,1.4210526315789473,1.4615384615384615,-0.04048582995951411,10.0,5.0,5.0,38.0,13.0,25.0,0.1,0.0,0.1,0.0,0.0,0.0,0.0,0.0,0.0,1.0,26.0,-25.0,1.8856180831641267,5.354126134736337,-3.46850805157221,1.0,1.0,0.0,977.1,42.54999999999999,934.5500000000001,27.487179487179485,24.95744680851064,2.5297326786688465,0.16666666666666666,0.0,0.16666666666666666,0.4117647058823529,,,,,,,0.3125,,0.0,0.0,0.0
2018-06-23,2018,TUN,BEL,0,0,0.07692307692307693,0.39473684210526316,-0.31781376518218624,0.3076923076923077,0.23684210526315788,0.07085020242914983,0.6923076923076923,1.368421052631579,-0.6761133603238867,1.4615384615384615,1.4210526315789473,0.04048582995951411,5.0,10.0,-5.0,13.0,38.0,-25.0,0.0,0.1,-0.1,0.0,0.0,0.0,0.0,0.0,0.0,26.0,1.0,25.0,5.354126134736337,1.8856180831641267,3.46850805157221,1.0,1.0,0.0,42.54999999999999,977.1,-934.5500000000001,24.95744680851064,27.487179487179485,-2.5297326786688465,0.0,0.16666666666666666,-0.16666666666666666,,0.4117647058823529,,,,,0.3125,,,0.0,0.0,0.0
2018-06-23,2018,KOR,MEX,0,0,0.15625,0.29411764705882354,-0.13786764705882354,0.28125,0.27450980392156865,0.006740196078431349,0.96875,1.0588235294117647,-0.09007352941176472,2.125,1.5490196078431373,0.5759803921568627,10.0,15.0,-5.0,32.0,51.0,-19.0,0.1,0.0,0.1,0.0,0.0,0.0,0.0,0.0,0.0,53.0,17.0,36.0,9.46337971105226,2.494438257849294,6.968941453202966,1.0,1.0,0.0,86.87499999999999,218.05,-131.175,25.72222222222222,25.894736842105264,-0.17251461988304229,0.0,0.2631578947368421,-0.2631578947368421,,,,,0.4230769230769231,,,,,0.0,0.0,0.0
2018-06-23,2018,GER,SWE,2,0,0.6237623762376238,0.35714285714285715,0.2666195190947666,0.18811881188118812,0.30952380952380953,-0.12140499764262142,2.0792079207920793,1.4285714285714286,0.6506364922206507,1.0792079207920793,1.3333333333333333,-0.254125412541254,17.0,10.0,7.0,101.0,42.0,59.0,0.7058823529411765,0.2,0.5058823529411764,0.47058823529411764,0.1,0.37058823529411766,4.0,0.0,4.0,16.0,14.0,2.0,1.247219128924647,9.741092797468305,-8.493873668543658,1.0,1.0,0.0,1302.0,202.6,1099.4,26.97142857142857,26.818181818181817,0.15324675324675496,0.4827586206896552,0.0,0.4827586206896552,0.47058823529411764,0.25,0.22058823529411764,,,,,,,0.0,0.0,0.0
2018-06-23,2018,SWE,GER,0,0,0.35714285714285715,0.6237623762376238,-0.2666195190947666,0.30952380952380953,0.18811881188118812,0.12140499764262142,1.4285714285714286,2.0792079207920793,-0.6506364922206507,1.3333333333333333,1.0792079207920793,0.254125412541254,10.0,17.0,-7.0,42.0,101.0,-59.0,0.2,0.7058823529411765,-0.5058823529411764,0.1,0.47058823529411764,-0.37058823529411766,0.0,4.0,-4.0,14.0,16.0,-2.0,9.741092797468305,1.247219128924647,8.493873668543658,1.0,1.0,0.0,202.6,1302.0,-1099.4,26.818181818181817,26.97142857142857,-0.15324675324675496,0.0,0.4827586206896552,-0.4827586206896552,0.25,0.47058823529411764,-0.22058823529411764,,,,,,,0.0,0.0,0.0
2018-06-23,2018,MEX,KOR,2,0,0.29411764705882354,0.15625,0.13786764705882354,0.27450980392156865,0.28125,-0.006740196078431349,1.0588235294117647,0.96875,0.09007352941176472,1.5490196078431373,2.125,-0.5759803921568627,15.0,10.0,5.0,51.0,32.0,19.0,0.0,0.1,-0.1,0.0,0.0,0.0,0.0,0.0,0.0,17.0,53.0,-36.0,2.494438257849294,9.46337971105226,-6.968941453202966,1.0,1.0,0.0,218.05,86.87499999999999,131.175,25.894736842105264,25.72222222222222,0.17251461988304229,0.2631578947368421,0.0,0.2631578947368421,,,,0.4230769230769231,,,,,,0.0,0.0,0.0
2018-06-24,2018,ENG,PAN,2,0,0.42857142857142855,0.0,0.42857142857142855,0.31746031746031744,0.0,0.31746031746031744,1.2857142857142858,0.0,1.2857142857142858,0.9047619047619048,3.0,-2.0952380952380953,15.0,1.0,14.0,63.0,1.0,62.0,0.13333333333333333,0.0,0.13333333333333333,0.06666666666666667,0.0,0.06666666666666667,1.0,0.0,1.0,5.0,71.0,-66.0,2.494438257849294,3.7416573867739413,-1.2472191289246473,1.0,1.0,0.0,753.75,12.125,741.625,24.574468085106382,25.254901960784313,-0.6804338756779309,0.15384615384615385,0.0,0.15384615384615385,0.3225806451612903,,,,0.3333333333333333,,,,,0.0,0.0,0.0
2018-06-24,2018,PAN,ENG,0,0,0.0,0.42857142857142855,-0.42857142857142855,0.0,0.31746031746031744,-0.31746031746031744,0.0,1.2857142857142858,-1.2857142857142858,3.0,0.9047619047619048,2.0952380952380953,1.0,15.0,-14.0,1.0,63.0,-62.0,0.0,0.13333333333333333,-0.13333333333333333,0.0,0.06666666666666667,-0.06666666666666667,0.0,1.0,-1.0,71.0,5.0,66.0,3.7416573867739413,2.494438257849294,1.2472191289246473,1.0,1.0,0.0,12.125,753.75,-741.625,25.254901960784313,24.574468085106382,0.6804338756779309,0.0,0.15384615384615385,-0.15384615384615385,,0.3225806451612903,,0.3333333333333333,,,,,,0.0,0.0,0.0
2018-06-24,2018,JPN,SEN,1,0,0.2777777777777778,0.5,-0.2222222222222222,0.2222222222222222,0.3333333333333333,-0.1111111111111111,0.8888888888888888,1.5,-0.6111111111111112,1.2777777777777777,1.1666666666666667,0.11111111111111094,6.0,2.0,4.0,18.0,6.0,12.0,0.0,0.0,0.0,0.0,0.0,0.0,0.0,0.0,0.0,50.0,23.0,27.0,4.988876515698588,8.576453553512405,-3.5875770378138165,1.0,1.0,0.0,93.60000000000001,285.29999999999995,-191.69999999999993,25.84,25.302325581395348,0.5376744186046523,0.0,0.5,-0.5,,,,,,,,0.35135135135135137,,0.0,0.0,0.0
2018-06-24,2018,SEN,JPN,1,0,0.5,0.2777777777777778,0.2222222222222222,0.3333333333333333,0.2222222222222222,0.1111111111111111,1.5,0.8888888888888888,0.6111111111111112,1.1666666666666667,1.2777777777777777,-0.11111111111111094,2.0,6.0,-4.0,6.0,18.0,-12.0,0.0,0.0,0.0,0.0,0.0,0.0,0.0,0.0,0.0,23.0,50.0,-27.0,8.576453553512405,4.988876515698588,3.5875770378138165,1.0,1.0,0.0,285.29999999999995,93.60000000000001,191.69999999999993,25.302325581395348,25.84,-0.5376744186046523,0.5,0.0,0.5,,,,,,,0.35135135135135137,,,0.0,0.0,0.0
2018-06-24,2018,POL,COL,0,0,0.4838709677419355,0.3684210526315789,0.11544991511035657,0.16129032258064516,0.10526315789473684,0.05602716468590832,1.2903225806451613,1.4210526315789473,-0.1307300509337861,1.1612903225806452,1.5263157894736843,-0.36502546689303905,7.0,6.0,1.0,31.0,19.0,12.0,0.2857142857142857,0.0,0.2857142857142857,0.0,0.0,0.0,0.0,0.0,0.0,20.0,12.0,8.0,11.32352516764202,2.943920288775949,8.37960487886607,1.0,1.0,0.0,,286.705,,,25.479166666666668,,0.16666666666666666,0.4,-0.23333333333333336,0.18181818181818182,,,,0.5517241379310345,,,,,0.0,0.0,0.0
2018-06-24,2018,COL,POL,2,0,0.3684210526315789,0.4838709677419355,-0.11544991511035657,0.10526315789473684,0.16129032258064516,-0.05602716468590832,1.4210526315789473,1.2903225806451613,0.1307300509337861,1.5263157894736843,1.1612903225806452,0.36502546689303905,6.0,7.0,-1.0,19.0,31.0,-12.0,0.0,0.2857142857142857,-0.2857142857142857,0.0,0.0,0.0,0.0,0.0,0.0,12.0,20.0,-8.0,2.943920288775949,11.32352516764202,-8.37960487886607,1.0,1.0,0.0,286.705,,,25.479166666666668,,,0.4,0.16666666666666666,0.23333333333333336,,0.18181818181818182,,0.5517241379310345,,,,,,0.0,0.0,0.0
2018-06-25,2018,URU,RUS,2,0,0.3673469387755102,0.36363636363636365,0.003710575139146577,0.24489795918367346,0.18181818181818182,0.06307977736549164,1.3673469387755102,1.9090909090909092,-0.541743970315399,1.3877551020408163,1.2727272727272727,0.1150278293135436,12.0,4.0,8.0,49.0,11.0,38.0,0.25,0.0,0.25,0.0,0.0,0.0,2.0,0.0,2.0,7.0,,,5.2493385826745405,,,1.0,0.0,1.0,373.1,,,25.542857142857144,,,0.0,0.0,0.0,,0.23529411764705882,,0.3870967741935484,,,,,,0.0,1.0,-1.0
2018-06-25,2018,KSA,EGY,2,0,0.13333333333333333,0.0,0.13333333333333333,0.13333333333333333,0.4,-0.2666666666666667,0.6,0.4,0.19999999999999996,2.533333333333333,1.2,1.3333333333333333,5.0,2.0,3.0,15.0,5.0,10.0,0.0,0.0,0.0,0.0,0.0,0.0,0.0,0.0,0.0,69.0,56.0,13.0,10.780641085864152,11.264496832477201,-0.48385574661304886,1.0,1.0,0.0,44.695,89.17500000000001,-44.48000000000001,28.015625,25.933333333333334,2.0822916666666664,0.0,0.0,0.0,,,,,,,,0.5432098765432098,,0.0,0.0,0.0
2018-06-25,2018,EGY,KSA,0,0,0.0,0.13333333333333333,-0.13333333333333333,0.4,0.13333333333333333,0.2666666666666667,0.4,0.6,-0.19999999999999996,1.2,2.533333333333333,-1.3333333333333333,2.0,5.0,-3.0,5.0,15.0,-10.0,0.0,0.0,0.0,0.0,0.0,0.0,0.0,0.0,0.0,56.0,69.0,-13.0,11.264496832477201,10.780641085864152,0.48385574661304886,1.0,1.0,0.0,89.17500000000001,44.695,44.48000000000001,25.933333333333334,28.015625,-2.0822916666666664,0.0,0.0,0.0,,,,,,,0.5432098765432098,,,0.0,0.0,0.0
2018-06-25,2018,RUS,URU,0,0,0.36363636363636365,0.3673469387755102,-0.003710575139146577,0.18181818181818182,0.24489795918367346,-0.06307977736549164,1.9090909090909092,1.3673469387755102,0.541743970315399,1.2727272727272727,1.3877551020408163,-0.1150278293135436,4.0,12.0,-8.0,11.0,49.0,-38.0,0.0,0.25,-0.25,0.0,0.0,0.0,0.0,2.0,-2.0,,7.0,,,5.2493385826745405,,0.0,1.0,-1.0,,373.1,,,25.542857142857144,,0.0,0.0,0.0,0.23529411764705882,,,,0.3870967741935484,,,,,1.0,0.0,1.0
2018-06-25,2018,ESP,MAR,1,0,0.5,0.13333333333333333,0.3666666666666667,0.20689655172413793,0.26666666666666666,-0.059770114942528735,1.5862068965517242,0.8,0.7862068965517242,1.1379310344827587,1.3333333333333333,-0.19540229885057459,14.0,5.0,9.0,58.0,15.0,43.0,0.07142857142857142,0.0,0.07142857142857142,0.07142857142857142,0.0,0.07142857142857142,1.0,0.0,1.0,9.0,40.0,-31.0,2.8674417556808756,14.29063407348401,-11.423192317803135,1.0,1.0,0.0,1565.5,125.32500000000002,1440.175,27.325581395348838,25.471698113207548,1.8538832821412896,0.3888888888888889,0.0,0.3888888888888889,0.45,,,,,,,0.35294117647058826,,0.0,0.0,0.0
2018-06-25,2018,MAR,ESP,1,0,0.13333333333333333,0.5,-0.3666666666666667,0.26666666666666666,0.20689655172413793,0.059770114942528735,0.8,1.5862068965517242,-0.7862068965517242,1.3333333333333333,1.1379310344827587,0.19540229885057459,5.0,14.0,-9.0,15.0,58.0,-43.0,0.0,0.07142857142857142,-0.07142857142857142,0.0,0.07142857142857142,-0.07142857142857142,0.0,1.0,-1.0,40.0,9.0,31.0,14.29063407348401,2.8674417556808756,11.423192317803135,1.0,1.0,0.0,125.32500000000002,1565.5,-1440.175,25.471698113207548,27.325581395348838,-1.8538832821412896,0.0,0.3888888888888889,-0.3888888888888889,,0.45,,,,,0.35294117647058826,,,0.0,0.0,0.0
2018-06-25,2018,IRN,POR,1,0,0.14285714285714285,0.5,-0.35714285714285715,0.21428571428571427,0.17857142857142858,0.0357142857142857,0.5714285714285714,1.6785714285714286,-1.1071428571428572,1.6428571428571428,1.1428571428571428,0.5,5.0,7.0,-2.0,14.0,28.0,-14.0,0.0,0.2857142857142857,-0.2857142857142857,0.0,0.0,0.0,0.0,0.0,0.0,29.0,6.0,23.0,6.944222218666553,2.160246899469287,4.783975319197266,1.0,1.0,0.0,48.275000000000006,554.8,-506.525,25.4390243902439,25.704545454545453,-0.2655210643015522,0.0,0.23809523809523808,-0.23809523809523808,,0.45714285714285713,,,,,,,,0.0,0.0,0.0
2018-06-25,2018,POR,IRN,1,0,0.5,0.14285714285714285,0.35714285714285715,0.17857142857142858,0.21428571428571427,-0.0357142857142857,1.6785714285714286,0.5714285714285714,1.1071428571428572,1.1428571428571428,1.6428571428571428,-0.5,7.0,5.0,2.0,28.0,14.0,14.0,0.2857142857142857,0.0,0.2857142857142857,0.0,0.0,0.0,0.0,0.0,0.0,6.0,29.0,-23.0,2.160246899469287,6.944222218666553,-4.783975319197266,1.0,1.0,0.0,554.8,48.275000000000006,506.525,25.704545454545453,25.4390243902439,0.2655210643015522,0.23809523809523808,0.0,0.23809523809523808,0.45714285714285713,,,,,,,,,0.0,0.0,0.0
2018-06-26,2018,NGA,ARG,0,0,0.3,0.5205479452054794,-0.22054794520547943,0.15,0.2054794520547945,-0.055479452054794515,1.1,1.5342465753424657,-0.4342465753424656,1.4,1.0410958904109588,0.35890410958904106,6.0,15.0,-9.0,20.0,73.0,-53.0,0.0,0.26666666666666666,-0.26666666666666666,0.0,0.26666666666666666,-0.26666666666666666,0.0,2.0,-2.0,,11.0,,,1.247219128924647,,0.0,1.0,-1.0,,900.25,,,25.946428571428573,,0.0,0.13333333333333333,-0.13333333333333333,,,,,0.6428571428571429,,0.5432098765432098,,,0.0,0.0,0.0
2018-06-26,2018,ARG,NGA,2,0,0.5205479452054794,0.3,0.22054794520547943,0.2054794520547945,0.15,0.055479452054794515,1.5342465753424657,1.1,0.4342465753424656,1.0410958904109588,1.4,-0.35890410958904106,15.0,6.0,9.0,73.0,20.0,53.0,0.26666666666666666,0.0,0.26666666666666666,0.26666666666666666,0.0,0.26666666666666666,2.0,0.0,2.0,11.0,,,1.247219128924647,,,1.0,0.0,1.0,900.25,,,25.946428571428573,,,0.13333333333333333,0.0,0.13333333333333333,,,,0.6428571428571429,,,,0.5432098765432098,,0.0,0.0,0.0
2018-06-26,2018,ISL,CRO,0,0,0.0,0.5,-0.5,0.5,0.1111111111111111,0.3888888888888889,0.5,1.4444444444444444,-0.9444444444444444,1.5,0.9444444444444444,0.5555555555555556,1.0,5.0,-4.0,2.0,18.0,-16.0,0.0,0.2,-0.2,0.0,0.0,0.0,0.0,0.0,0.0,,4.0,,,1.699673171197595,,0.0,1.0,-1.0,,465.75,,,27.16216216216216,,0.0,0.25,-0.25,0.4,0.4444444444444444,-0.0444444444444444,,,,,,,0.0,0.0,0.0
2018-06-26,2018,CRO,ISL,2,0,0.5,0.0,0.5,0.1111111111111111,0.5,-0.3888888888888889,1.4444444444444444,0.5,0.9444444444444444,0.9444444444444444,1.5,-0.5555555555555556,5.0,1.0,4.0,18.0,2.0,16.0,0.2,0.0,0.2,0.0,0.0,0.0,0.0,0.0,0.0,4.0,,,1.699673171197595,,,1.0,0.0,1.0,465.75,,,27.16216216216216,,,0.25,0.0,0.25,0.4444444444444444,0.4,0.0444444444444444,,,,,,,0.0,0.0,0.0
2018-06-26,2018,DEN,FRA,1,0,0.5,0.509090909090909,-0.009090909090909038,0.16666666666666666,0.21818181818181817,-0.051515151515151514,1.6111111111111112,1.8,-0.18888888888888888,1.3888888888888888,1.1272727272727272,0.26161616161616164,5.0,12.0,-7.0,18.0,55.0,-37.0,0.0,0.4166666666666667,-0.4166666666666667,0.0,0.16666666666666666,-0.16666666666666666,0.0,1.0,-1.0,10.0,2.0,8.0,15.173075568988056,8.055363982396381,7.117711586591675,1.0,1.0,0.0,,1616.0,,,26.72972972972973,,0.15384615384615385,0.34782608695652173,-0.19397993311036787,0.25925925925925924,0.4358974358974359,-0.17663817663817666,,,,,,,0.0,0.0,0.0
2018-06-26,2018,FRA,DEN,1,0,0.509090909090909,0.5,0.009090909090909038,0.21818181818181817,0.16666666666666666,0.051515151515151514,1.8,1.6111111111111112,0.18888888888888888,1.1272727272727272,1.3888888888888888,-0.26161616161616164,12.0,5.0,7.0,55.0,18.0,37.0,0.4166666666666667,0.0,0.4166666666666667,0.16666666666666666,0.0,0.16666666666666666,1.0,0.0,1.0,2.0,10.0,-8.0,8.055363982396381,15.173075568988056,-7.117711586591675,1.0,1.0,0.0,1616.0,,,26.72972972972973,,,0.34782608695652173,0.15384615384615385,0.19397993311036787,0.4358974358974359,0.25925925925925924,0.17663817663817666,,,,,,,0.0,0.0,0.0
2018-06-26,2018,AUS,PER,0,0,0.13333333333333333,0.26666666666666666,-0.13333333333333333,0.26666666666666666,0.2,0.06666666666666665,0.8666666666666667,1.2,-0.33333333333333326,1.9333333333333333,1.9333333333333333,0.0,5.0,4.0,1.0,15.0,15.0,0.0,0.0,0.0,0.0,0.0,0.0,0.0,0.0,0.0,0.0,41.0,,,7.760297817881877,,,1.0,0.0,1.0,53.650000000000006,,,25.80952380952381,,,0.0,0.15384615384615385,-0.15384615384615385,,,,,0.39285714285714285,,,,,0.0,0.0,0.0
2018-06-26,2018,PER,AUS,2,0,0.26666666666666666,0.13333333333333333,0.13333333333333333,0.2,0.26666666666666666,-0.06666666666666665,1.2,0.8666666666666667,0.33333333333333326,1.9333333333333333,1.9333333333333333,0.0,4.0,5.0,-1.0,15.0,15.0,0.0,0.0,0.0,0.0,0.0,0.0,0.0,0.0,0.0,0.0,,41.0,,,7.760297817881877,,0.0,1.0,-1.0,,53.650000000000006,,,25.80952380952381,,0.15384615384615385,0.0,0.15384615384615385,,,,0.39285714285714285,,,,,,0.0,0.0,0.0
2018-06-27,2018,KOR,GER,2,0,0.15151515151515152,0.6274509803921569,-0.47593582887700536,0.2727272727272727,0.18627450980392157,0.08645276292335113,0.9696969696969697,2.0784313725490198,-1.10873440285205,2.121212121212121,1.0784313725490196,1.0427807486631016,10.0,17.0,-7.0,33.0,102.0,-69.0,0.1,0.7058823529411765,-0.6058823529411765,0.0,0.47058823529411764,-0.47058823529411764,0.0,4.0,-4.0,53.0,16.0,37.0,9.46337971105226,1.247219128924647,8.216160582127614,1.0,1.0,0.0,86.87499999999999,1302.0,-1215.125,25.72222222222222,26.97142857142857,-1.24920634920635,0.0,0.4827586206896552,-0.4827586206896552,,0.47058823529411764,,,,,,,,0.0,0.0,0.0
2018-06-27,2018,MEX,SWE,0,0,0.3076923076923077,0.3488372093023256,-0.04114490161001788,0.2692307692307692,0.3023255813953488,-0.0330948121645796,1.0769230769230769,1.4186046511627908,-0.3416815742397139,1.5384615384615385,1.3488372093023255,0.189624329159213,15.0,10.0,5.0,52.0,43.0,9.0,0.0,0.2,-0.2,0.0,0.1,-0.1,0.0,0.0,0.0,17.0,14.0,3.0,2.494438257849294,9.741092797468305,-7.24665453961901,1.0,1.0,0.0,218.05,202.6,15.450000000000017,25.894736842105264,26.818181818181817,-0.9234449760765528,0.2631578947368421,0.0,0.2631578947368421,,0.25,,0.4230769230769231,,,,,,0.0,0.0,0.0
2018-06-27,2018,GER,KOR,0,0,0.6274509803921569,0.15151515151515152,0.47593582887700536,0.18627450980392157,0.2727272727272727,-0.08645276292335113,2.0784313725490198,0.9696969696969697,1.10873440285205,1.0784313725490196,2.121212121212121,-1.0427807486631016,17.0,10.0,7.0,102.0,33.0,69.0,0.7058823529411765,0.1,0.6058823529411765,0.47058823529411764,0.0,0.47058823529411764,4.0,0.0,4.0,16.0,53.0,-37.0,1.247219128924647,9.46337971105226,-8.216160582127614,1.0,1.0,0.0,1302.0,86.87499999999999,1215.125,26.97142857142857,25.72222222222222,1.24920634920635,0.4827586206896552,0.0,0.4827586206896552,0.47058823529411764,,,,,,,,,0.0,0.0,0.0
2018-06-27,2018,SUI,CRC,1,0,0.3333333333333333,0.29411764705882354,0.039215686274509776,0.2,0.23529411764705882,-0.03529411764705881,1.2666666666666666,1.0,0.2666666666666666,1.7,1.5294117647058822,0.1705882352941177,9.0,5.0,4.0,30.0,17.0,13.0,0.0,0.0,0.0,0.0,0.0,0.0,0.0,0.0,0.0,8.0,,,1.699673171197595,,,1.0,0.0,1.0,229.45,,,25.195121951219512,,,0.09090909090909091,0.2222222222222222,-0.1313131313131313,0.15384615384615385,,,,0.35714285714285715,,,,,0.0,0.0,0.0
2018-06-27,2018,CRC,SUI,1,0,0.29411764705882354,0.3333333333333333,-0.039215686274509776,0.23529411764705882,0.2,0.03529411764705881,1.0,1.2666666666666666,-0.2666666666666666,1.5294117647058822,1.7,-0.1705882352941177,5.0,9.0,-4.0,17.0,30.0,-13.0,0.0,0.0,0.0,0.0,0.0,0.0,0.0,0.0,0.0,,8.0,,,1.699673171197595,,0.0,1.0,-1.0,,229.45,,,25.195121951219512,,0.2222222222222222,0.09090909090909091,0.1313131313131313,,0.15384615384615385,,0.35714285714285715,,,,,,0.0,0.0,0.0
2018-06-27,2018,SRB,BRA,0,0,0.3333333333333333,0.6836734693877551,-0.35034013605442177,0.08333333333333333,0.17346938775510204,-0.09013605442176871,0.9166666666666666,2.0816326530612246,-1.164965986394558,1.5833333333333333,0.8877551020408163,0.695578231292517,4.0,18.0,-14.0,12.0,98.0,-86.0,0.0,0.5,-0.5,0.0,0.3333333333333333,-0.3333333333333333,0.0,5.0,-5.0,,3.0,,,1.8856180831641267,,0.0,1.0,-1.0,,907.25,,,25.458333333333332,,0.2,0.42857142857142855,-0.22857142857142854,,,,,0.48148148148148145,,,,,0.0,0.0,0.0
2018-06-27,2018,BRA,SRB,2,0,0.6836734693877551,0.3333333333333333,0.35034013605442177,0.17346938775510204,0.08333333333333333,0.09013605442176871,2.0816326530612246,0.9166666666666666,1.164965986394558,0.8877551020408163,1.5833333333333333,-0.695578231292517,18.0,4.0,14.0,98.0,12.0,86.0,0.5,0.0,0.5,0.3333333333333333,0.0,0.3333333333333333,5.0,0.0,5.0,3.0,,,1.8856180831641267,,,1.0,0.0,1.0,907.25,,,25.458333333333332,,,0.42857142857142855,0.2,0.22857142857142854,,,,0.48148148148148145,,,,,,0.0,0.0,0.0
2018-06-27,2018,SWE,MEX,2,0,0.3488372093023256,0.3076923076923077,0.04114490161001788,0.3023255813953488,0.2692307692307692,0.0330948121645796,1.4186046511627908,1.0769230769230769,0.3416815742397139,1.3488372093023255,1.5384615384615385,-0.189624329159213,10.0,15.0,-5.0,43.0,52.0,-9.0,0.2,0.0,0.2,0.1,0.0,0.1,0.0,0.0,0.0,14.0,17.0,-3.0,9.741092797468305,2.494438257849294,7.24665453961901,1.0,1.0,0.0,202.6,218.05,-15.450000000000017,26.818181818181817,25.894736842105264,0.9234449760765528,0.0,0.2631578947368421,-0.2631578947368421,0.25,,,,0.4230769230769231,,,,,0.0,0.0,0.0
2018-06-28,2018,JPN,POL,0,0,0.2631578947368421,0.46875,-0.2055921052631579,0.2631578947368421,0.15625,0.10690789473684209,0.9473684210526315,1.25,-0.3026315789473685,1.3157894736842106,1.21875,0.09703947368421062,6.0,7.0,-1.0,19.0,32.0,-13.0,0.0,0.2857142857142857,-0.2857142857142857,0.0,0.0,0.0,0.0,0.0,0.0,50.0,20.0,30.0,4.988876515698588,11.32352516764202,-6.334648651943431,1.0,1.0,0.0,93.60000000000001,,,25.84,,,0.0,0.16666666666666666,-0.16666666666666666,,0.18181818181818182,,,,,,,,0.0,0.0,0.0
2018-06-28,2018,POL,JPN,2,0,0.46875,0.2631578947368421,0.2055921052631579,0.15625,0.2631578947368421,-0.10690789473684209,1.25,0.9473684210526315,0.3026315789473685,1.21875,1.3157894736842106,-0.09703947368421062,7.0,6.0,1.0,32.0,19.0,13.0,0.2857142857142857,0.0,0.2857142857142857,0.0,0.0,0.0,0.0,0.0,0.0,20.0,50.0,-30.0,11.32352516764202,4.988876515698588,6.334648651943431,1.0,1.0,0.0,,93.60000000000001,,,25.84,,0.16666666666666666,0.0,0.16666666666666666,0.18181818181818182,,,,,,,,,0.0,0.0,0.0
2018-06-28,2018,PAN,TUN,0,0,0.0,0.07142857142857142,-0.07142857142857142,0.0,0.2857142857142857,-0.2857142857142857,0.5,0.7857142857142857,-0.2857142857142857,4.5,1.7142857142857142,2.7857142857142856,1.0,5.0,-4.0,2.0,14.0,-12.0,0.0,0.0,0.0,0.0,0.0,0.0,0.0,0.0,0.0,71.0,26.0,45.0,3.7416573867739413,5.354126134736337,-1.6124687479623954,1.0,1.0,0.0,12.125,42.54999999999999,-30.42499999999999,25.254901960784313,24.95744680851064,0.2974551522736739,0.0,0.0,0.0,,,,0.3333333333333333,,,,0.3125,,0.0,0.0,0.0
2018-06-28,2018,TUN,PAN,2,0,0.07142857142857142,0.0,0.07142857142857142,0.2857142857142857,0.0,0.2857142857142857,0.7857142857142857,0.5,0.2857142857142857,1.7142857142857142,4.5,-2.7857142857142856,5.0,1.0,4.0,14.0,2.0,12.0,0.0,0.0,0.0,0.0,0.0,0.0,0.0,0.0,0.0,26.0,71.0,-45.0,5.354126134736337,3.7416573867739413,1.6124687479623954,1.0,1.0,0.0,42.54999999999999,12.125,30.42499999999999,24.95744680851064,25.254901960784313,-0.2974551522736739,0.0,0.0,0.0,,,,,0.3333333333333333,,0.3125,,,0.0,0.0,0.0
2018-06-28,2018,ENG,BEL,0,0,0.4375,0.41025641025641024,0.027243589743589758,0.3125,0.23076923076923078,0.08173076923076922,1.359375,1.4615384615384615,-0.10216346153846145,0.90625,1.435897435897436,-0.5296474358974359,15.0,10.0,5.0,64.0,39.0,25.0,0.13333333333333333,0.1,0.033333333333333326,0.06666666666666667,0.0,0.06666666666666667,1.0,0.0,1.0,5.0,1.0,4.0,2.494438257849294,1.8856180831641267,0.6088201746851674,1.0,1.0,0.0,753.75,977.1,-223.35000000000002,24.574468085106382,27.487179487179485,-2.9127114020731035,0.15384615384615385,0.16666666666666666,-0.012820512820512803,0.3225806451612903,0.4117647058823529,-0.08918406072106261,,,,,,,0.0,0.0,0.0
2018-06-28,2018,BEL,ENG,2,0,0.41025641025641024,0.4375,-0.027243589743589758,0.23076923076923078,0.3125,-0.08173076923076922,1.4615384615384615,1.359375,0.10216346153846145,1.435897435897436,0.90625,0.5296474358974359,10.0,15.0,-5.0,39.0,64.0,-25.0,0.1,0.13333333333333333,-0.033333333333333326,0.0,0.06666666666666667,-0.06666666666666667,0.0,1.0,-1.0,1.0,5.0,-4.0,1.8856180831641267,2.494438257849294,-0.6088201746851674,1.0,1.0,0.0,977.1,753.75,223.35000000000002,27.487179487179485,24.574468085106382,2.9127114020731035,0.16666666666666666,0.15384615384615385,0.012820512820512803,0.4117647058823529,0.3225806451612903,0.08918406072106261,,,,,,,0.0,0.0,0.0
2018-06-28,2018,SEN,COL,0,0,0.42857142857142855,0.4,0.028571428571428525,0.42857142857142855,0.1,0.3285714285714285,1.5714285714285714,1.5,0.0714285714285714,1.2857142857142858,1.45,-0.16428571428571415,2.0,6.0,-4.0,7.0,20.0,-13.0,0.0,0.0,0.0,0.0,0.0,0.0,0.0,0.0,0.0,23.0,12.0,11.0,8.576453553512405,2.943920288775949,5.632533264736455,1.0,1.0,0.0,285.29999999999995,286.705,-1.4050000000000296,25.302325581395348,25.479166666666668,-0.17684108527132025,0.5,0.4,0.09999999999999998,,,,,0.5517241379310345,,0.35135135135135137,,,0.0,0.0,0.0
2018-06-28,2018,COL,SEN,2,0,0.4,0.42857142857142855,-0.028571428571428525,0.1,0.42857142857142855,-0.3285714285714285,1.5,1.5714285714285714,-0.0714285714285714,1.45,1.2857142857142858,0.16428571428571415,6.0,2.0,4.0,20.0,7.0,13.0,0.0,0.0,0.0,0.0,0.0,0.0,0.0,0.0,0.0,12.0,23.0,-11.0,2.943920288775949,8.576453553512405,-5.632533264736455,1.0,1.0,0.0,286.705,285.29999999999995,1.4050000000000296,25.479166666666668,25.302325581395348,0.17684108527132025,0.4,0.5,-0.09999999999999998,,,,0.5517241379310345,,,,0.35135135135135137,,0.0,0.0,0.0
2018-06-30,2018,FRA,ARG,2,1,0.5,0.527027027027027,-0.027027027027026973,0.23214285714285715,0.20270270270270271,0.029440154440154437,1.7678571428571428,1.5405405405405406,0.22731660231660222,1.1071428571428572,1.0405405405405406,0.06660231660231664,12.0,15.0,-3.0,56.0,74.0,-18.0,0.4166666666666667,0.26666666666666666,0.15000000000000002,0.16666666666666666,0.26666666666666666,-0.1,1.0,2.0,-1.0,2.0,11.0,-9.0,8.055363982396381,1.247219128924647,6.808144853471734,1.0,1.0,0.0,1616.0,900.25,715.75,26.72972972972973,25.946428571428573,0.7833011583011569,0.3333333333333333,0.13333333333333333,0.19999999999999998,0.4358974358974359,,,,0.6428571428571429,,,,,0.0,0.0,0.0
2018-06-30,2018,ARG,FRA,0,1,0.527027027027027,0.5,0.027027027027026973,0.20270270270270271,0.23214285714285715,-0.029440154440154437,1.5405405405405406,1.7678571428571428,-0.22731660231660222,1.0405405405405406,1.1071428571428572,-0.06660231660231664,15.0,12.0,3.0,74.0,56.0,18.0,0.26666666666666666,0.4166666666666667,-0.15000000000000002,0.26666666666666666,0.16666666666666666,0.1,2.0,1.0,1.0,11.0,2.0,9.0,1.247219128924647,8.055363982396381,-6.808144853471734,1.0,1.0,0.0,900.25,1616.0,-715.75,25.946428571428573,26.72972972972973,-0.7833011583011569,0.13333333333333333,0.3333333333333333,-0.19999999999999998,,0.4358974358974359,,0.6428571428571429,,,,,,0.0,0.0,0.0
2018-06-30,2018,URU,POR,2,1,0.38,0.4827586206896552,-0.10275862068965519,0.24,0.20689655172413793,0.03310344827586206,1.4,1.6551724137931034,-0.2551724137931035,1.36,1.1379310344827587,0.22206896551724142,12.0,7.0,5.0,50.0,29.0,21.0,0.25,0.2857142857142857,-0.0357142857142857,0.0,0.0,0.0,2.0,0.0,2.0,7.0,6.0,1.0,5.2493385826745405,2.160246899469287,3.0890916832052535,1.0,1.0,0.0,373.1,554.8,-181.69999999999993,25.542857142857144,25.704545454545453,-0.16168831168830877,0.0,0.23809523809523808,-0.23809523809523808,,0.45714285714285713,,0.3870967741935484,,,,,,0.0,0.0,0.0
2018-06-30,2018,POR,URU,0,1,0.4827586206896552,0.38,0.10275862068965519,0.20689655172413793,0.24,-0.03310344827586206,1.6551724137931034,1.4,0.2551724137931035,1.1379310344827587,1.36,-0.22206896551724142,7.0,12.0,-5.0,29.0,50.0,-21.0,0.2857142857142857,0.25,0.0357142857142857,0.0,0.0,0.0,0.0,2.0,-2.0,6.0,7.0,-1.0,2.160246899469287,5.2493385826745405,-3.0890916832052535,1.0,1.0,0.0,554.8,373.1,181.69999999999993,25.704545454545453,25.542857142857144,0.16168831168830877,0.23809523809523808,0.0,0.23809523809523808,0.45714285714285713,,,,0.3870967741935484,,,,,0.0,0.0,0.0
2018-07-01,2018,CRO,DEN,1,1,0.5263157894736842,0.47368421052631576,0.05263157894736842,0.10526315789473684,0.21052631578947367,-0.10526315789473684,1.4736842105263157,1.5263157894736843,-0.052631578947368585,0.9473684210526315,1.3157894736842106,-0.3684210526315791,5.0,5.0,0.0,19.0,19.0,0.0,0.2,0.0,0.2,0.0,0.0,0.0,0.0,0.0,0.0,4.0,10.0,-6.0,1.699673171197595,15.173075568988056,-13.47340239779046,1.0,1.0,0.0,465.75,,,27.16216216216216,,,0.25,0.14285714285714285,0.10714285714285715,0.4444444444444444,0.25925925925925924,0.18518518518518517,,,,,,,0.0,0.0,0.0
2018-07-01,2018,DEN,CRO,1,1,0.47368421052631576,0.5263157894736842,-0.05263157894736842,0.21052631578947367,0.10526315789473684,0.10526315789473684,1.5263157894736843,1.4736842105263157,0.052631578947368585,1.3157894736842106,0.9473684210526315,0.3684210526315791,5.0,5.0,0.0,19.0,19.0,0.0,0.0,0.2,-0.2,0.0,0.0,0.0,0.0,0.0,0.0,10.0,4.0,6.0,15.173075568988056,1.699673171197595,13.47340239779046,1.0,1.0,0.0,,465.75,,,27.16216216216216,,0.14285714285714285,0.25,-0.10714285714285715,0.25925925925925924,0.4444444444444444,-0.18518518518518517,,,,,,,0.0,0.0,0.0
2018-07-01,2018,ESP,RUS,1,1,0.4915254237288136,0.3333333333333333,0.15819209039548027,0.22033898305084745,0.16666666666666666,0.053672316384180796,1.5932203389830508,1.75,-0.15677966101694918,1.152542372881356,1.4166666666666667,-0.26412429378531077,14.0,4.0,10.0,59.0,12.0,47.0,0.07142857142857142,0.0,0.07142857142857142,0.07142857142857142,0.0,0.07142857142857142,1.0,0.0,1.0,9.0,,,2.8674417556808756,,,1.0,0.0,1.0,1565.5,,,27.325581395348838,,,0.3888888888888889,0.0,0.3888888888888889,0.45,0.23529411764705882,0.2147058823529412,,,,,,,0.0,1.0,-1.0
2018-07-01,2018,RUS,ESP,1,1,0.3333333333333333,0.4915254237288136,-0.15819209039548027,0.16666666666666666,0.22033898305084745,-0.053672316384180796,1.75,1.5932203389830508,0.15677966101694918,1.4166666666666667,1.152542372881356,0.26412429378531077,4.0,14.0,-10.0,12.0,59.0,-47.0,0.0,0.07142857142857142,-0.07142857142857142,0.0,0.07142857142857142,-0.07142857142857142,0.0,1.0,-1.0,,9.0,,,2.8674417556808756,,0.0,1.0,-1.0,,1565.5,,,27.325581395348838,,0.0,0.3888888888888889,-0.3888888888888889,0.23529411764705882,0.45,-0.2147058823529412,,,,,,,1.0,0.0,1.0
2018-07-02,2018,BRA,MEX,2,1,0.6868686868686869,0.3018867924528302,0.3849818944158567,0.1717171717171717,0.2641509433962264,-0.0924337716790547,2.080808080808081,1.0566037735849056,1.0242043072231752,0.8787878787878788,1.5660377358490567,-0.6872498570611779,18.0,15.0,3.0,99.0,53.0,46.0,0.5,0.0,0.5,0.3333333333333333,0.0,0.3333333333333333,5.0,0.0,5.0,3.0,17.0,-14.0,1.8856180831641267,2.494438257849294,-0.6088201746851674,1.0,1.0,0.0,907.25,218.05,689.2,25.458333333333332,25.894736842105264,-0.43640350877193157,0.42857142857142855,0.2631578947368421,0.16541353383458646,,,,0.48148148148148145,0.4230769230769231,0.05840455840455838,,,,0.0,0.0,0.0
2018-07-02,2018,BEL,JPN,2,1,0.425,0.25,0.175,0.225,0.25,-0.024999999999999994,1.45,0.9,0.5499999999999999,1.4,1.3,0.09999999999999987,10.0,6.0,4.0,40.0,20.0,20.0,0.1,0.0,0.1,0.0,0.0,0.0,0.0,0.0,0.0,1.0,50.0,-49.0,1.8856180831641267,4.988876515698588,-3.1032584325344614,1.0,1.0,0.0,977.1,93.60000000000001,883.5,27.487179487179485,25.84,1.6471794871794856,0.2857142857142857,0.0,0.2857142857142857,0.4117647058823529,,,,,,,,,0.0,0.0,0.0
2018-07-02,2018,JPN,BEL,0,1,0.25,0.425,-0.175,0.25,0.225,0.024999999999999994,0.9,1.45,-0.5499999999999999,1.3,1.4,-0.09999999999999987,6.0,10.0,-4.0,20.0,40.0,-20.0,0.0,0.1,-0.1,0.0,0.0,0.0,0.0,0.0,0.0,50.0,1.0,49.0,4.988876515698588,1.8856180831641267,3.1032584325344614,1.0,1.0,0.0,93.60000000000001,977.1,-883.5,25.84,27.487179487179485,-1.6471794871794856,0.0,0.2857142857142857,-0.2857142857142857,,0.4117647058823529,,,,,,,,0.0,0.0,0.0
2018-07-02,2018,MEX,BRA,0,1,0.3018867924528302,0.6868686868686869,-0.3849818944158567,0.2641509433962264,0.1717171717171717,0.0924337716790547,1.0566037735849056,2.080808080808081,-1.0242043072231752,1.5660377358490567,0.8787878787878788,0.6872498570611779,15.0,18.0,-3.0,53.0,99.0,-46.0,0.0,0.5,-0.5,0.0,0.3333333333333333,-0.3333333333333333,0.0,5.0,-5.0,17.0,3.0,14.0,2.494438257849294,1.8856180831641267,0.6088201746851674,1.0,1.0,0.0,218.05,907.25,-689.2,25.894736842105264,25.458333333333332,0.43640350877193157,0.2631578947368421,0.42857142857142855,-0.16541353383458646,,,,0.4230769230769231,0.48148148148148145,-0.05840455840455838,,,,0.0,0.0,0.0
2018-07-03,2018,SWE,SUI,2,1,0.36363636363636365,0.3225806451612903,0.04105571847507333,0.29545454545454547,0.22580645161290322,0.06964809384164225,1.4545454545454546,1.2903225806451613,0.16422287390029333,1.3181818181818181,1.7096774193548387,-0.3914956011730206,10.0,9.0,1.0,44.0,31.0,13.0,0.2,0.0,0.2,0.1,0.0,0.1,0.0,0.0,0.0,14.0,8.0,6.0,9.741092797468305,1.699673171197595,8.04141962627071,1.0,1.0,0.0,202.6,229.45,-26.849999999999994,26.818181818181817,25.195121951219512,1.6230598669623042,0.0,0.09090909090909091,-0.09090909090909091,0.25,0.15384615384615385,0.09615384615384615,,,,,,,0.0,0.0,0.0
2018-07-03,2018,SUI,SWE,0,1,0.3225806451612903,0.36363636363636365,-0.04105571847507333,0.22580645161290322,0.29545454545454547,-0.06964809384164225,1.2903225806451613,1.4545454545454546,-0.16422287390029333,1.7096774193548387,1.3181818181818181,0.3914956011730206,9.0,10.0,-1.0,31.0,44.0,-13.0,0.0,0.2,-0.2,0.0,0.1,-0.1,0.0,0.0,0.0,8.0,14.0,-6.0,1.699673171197595,9.741092797468305,-8.04141962627071,1.0,1.0,0.0,229.45,202.6,26.849999999999994,25.195121951219512,26.818181818181817,-1.6230598669623042,0.09090909090909091,0.0,0.09090909090909091,0.15384615384615385,0.25,-0.09615384615384615,,,,,,,0.0,0.0,0.0
2018-07-03,2018,COL,ENG,1,1,0.42857142857142855,0.4307692307692308,-0.0021978021978022455,0.09523809523809523,0.3076923076923077,-0.21245421245421248,1.4761904761904763,1.3384615384615384,0.1377289377289379,1.380952380952381,0.9076923076923077,0.47326007326007324,6.0,15.0,-9.0,21.0,65.0,-44.0,0.0,0.13333333333333333,-0.13333333333333333,0.0,0.06666666666666667,-0.06666666666666667,0.0,1.0,-1.0,12.0,5.0,7.0,2.943920288775949,2.494438257849294,0.44948203092665473,1.0,1.0,0.0,286.705,753.75,-467.045,25.479166666666668,24.574468085106382,0.9046985815602859,0.4,0.14285714285714285,0.2571428571428572,,0.3225806451612903,,0.5517241379310345,,,,,,0.0,0.0,0.0
2018-07-03,2018,ENG,COL,1,1,0.4307692307692308,0.42857142857142855,0.0021978021978022455,0.3076923076923077,0.09523809523809523,0.21245421245421248,1.3384615384615384,1.4761904761904763,-0.1377289377289379,0.9076923076923077,1.380952380952381,-0.47326007326007324,15.0,6.0,9.0,65.0,21.0,44.0,0.13333333333333333,0.0,0.13333333333333333,0.06666666666666667,0.0,0.06666666666666667,1.0,0.0,1.0,5.0,12.0,-7.0,2.494438257849294,2.943920288775949,-0.44948203092665473,1.0,1.0,0.0,753.75,286.705,467.045,24.574468085106382,25.479166666666668,-0.9046985815602859,0.14285714285714285,0.4,-0.2571428571428572,0.3225806451612903,,,,0.5517241379310345,,,,,0.0,0.0,0.0
2018-07-06,2018,URU,FRA,0,1,0.39215686274509803,0.5087719298245614,-0.1166150670794634,0.23529411764705882,0.22807017543859648,0.007223942208462342,1.411764705882353,1.8070175438596492,-0.39525283797729616,1.3529411764705883,1.1403508771929824,0.21259029927760587,12.0,12.0,0.0,51.0,57.0,-6.0,0.25,0.4166666666666667,-0.16666666666666669,0.0,0.16666666666666666,-0.16666666666666666,2.0,1.0,1.0,7.0,2.0,5.0,5.2493385826745405,8.055363982396381,-2.8060253997218405,1.0,1.0,0.0,373.1,1616.0,-1242.9,25.542857142857144,26.72972972972973,-1.1868725868725853,0.08333333333333333,0.3333333333333333,-0.25,,0.4358974358974359,,0.3870967741935484,,,,,,0.0,0.0,0.0
2018-07-06,2018,FRA,URU,2,1,0.5087719298245614,0.39215686274509803,0.1166150670794634,0.22807017543859648,0.23529411764705882,-0.007223942208462342,1.8070175438596492,1.411764705882353,0.39525283797729616,1.1403508771929824,1.3529411764705883,-0.21259029927760587,12.0,12.0,0.0,57.0,51.0,6.0,0.4166666666666667,0.25,0.16666666666666669,0.16666666666666666,0.0,0.16666666666666666,1.0,2.0,-1.0,2.0,7.0,-5.0,8.055363982396381,5.2493385826745405,2.8060253997218405,1.0,1.0,0.0,1616.0,373.1,1242.9,26.72972972972973,25.542857142857144,1.1868725868725853,0.3333333333333333,0.08333333333333333,0.25,0.4358974358974359,,,,0.3870967741935484,,,,,0.0,0.0,0.0
2018-07-06,2018,BRA,BEL,0,1,0.69,0.43902439024390244,0.2509756097560975,0.17,0.21951219512195122,-0.04951219512195121,2.08,1.4878048780487805,0.5921951219512196,0.87,1.4146341463414633,-0.5446341463414633,18.0,10.0,8.0,100.0,41.0,59.0,0.5,0.1,0.4,0.3333333333333333,0.0,0.3333333333333333,5.0,0.0,5.0,3.0,1.0,2.0,1.8856180831641267,1.8856180831641267,0.0,1.0,1.0,0.0,907.25,977.1,-69.85000000000002,25.458333333333332,27.487179487179485,-2.0288461538461533,0.42857142857142855,0.2857142857142857,0.14285714285714285,,0.4117647058823529,,0.48148148148148145,,,,,,0.0,0.0,0.0
2018-07-06,2018,BEL,BRA,2,1,0.43902439024390244,0.69,-0.2509756097560975,0.21951219512195122,0.17,0.04951219512195121,1.4878048780487805,2.08,-0.5921951219512196,1.4146341463414633,0.87,0.5446341463414633,10.0,18.0,-8.0,41.0,100.0,-59.0,0.1,0.5,-0.4,0.0,0.3333333333333333,-0.3333333333333333,0.0,5.0,-5.0,1.0,3.0,-2.0,1.8856180831641267,1.8856180831641267,0.0,1.0,1.0,0.0,977.1,907.25,69.85000000000002,27.487179487179485,25.458333333333332,2.0288461538461533,0.2857142857142857,0.42857142857142855,-0.14285714285714285,0.4117647058823529,,,,0.48148148148148145,,,,,0.0,0.0,0.0
2018-07-07,2018,RUS,CRO,1,1,0.3076923076923077,0.5,-0.1923076923076923,0.23076923076923078,0.15,0.08076923076923079,1.6923076923076923,1.45,0.24230769230769234,1.3846153846153846,0.95,0.4346153846153846,4.0,5.0,-1.0,13.0,20.0,-7.0,0.0,0.2,-0.2,0.0,0.0,0.0,0.0,0.0,0.0,,4.0,,,1.699673171197595,,0.0,1.0,-1.0,,465.75,,,27.16216216216216,,0.0,0.23529411764705882,-0.23529411764705882,0.23529411764705882,0.4444444444444444,-0.2091503267973856,,,,,,,1.0,0.0,1.0
2018-07-07,2018,CRO,RUS,1,1,0.5,0.3076923076923077,0.1923076923076923,0.15,0.23076923076923078,-0.08076923076923079,1.45,1.6923076923076923,-0.24230769230769234,0.95,1.3846153846153846,-0.4346153846153846,5.0,4.0,1.0,20.0,13.0,7.0,0.2,0.0,0.2,0.0,0.0,0.0,0.0,0.0,0.0,4.0,,,1.699673171197595,,,1.0,0.0,1.0,465.75,,,27.16216216216216,,,0.23529411764705882,0.0,0.23529411764705882,0.4444444444444444,0.23529411764705882,0.2091503267973856,,,,,,,0.0,1.0,-1.0
2018-07-07,2018,SWE,ENG,0,1,0.37777777777777777,0.42424242424242425,-0.046464646464646486,0.28888888888888886,0.3181818181818182,-0.029292929292929315,1.4444444444444444,1.3333333333333333,0.11111111111111116,1.288888888888889,0.9090909090909091,0.3797979797979799,10.0,15.0,-5.0,45.0,66.0,-21.0,0.2,0.13333333333333333,0.06666666666666668,0.1,0.06666666666666667,0.03333333333333334,0.0,1.0,-1.0,14.0,5.0,9.0,9.741092797468305,2.494438257849294,7.24665453961901,1.0,1.0,0.0,202.6,753.75,-551.15,26.818181818181817,24.574468085106382,2.2437137330754346,0.07692307692307693,0.14285714285714285,-0.06593406593406592,0.25,0.3225806451612903,-0.07258064516129031,,,,,,,0.0,0.0,0.0
2018-07-07,2018,ENG,SWE,2,1,0.42424242424242425,0.37777777777777777,0.046464646464646486,0.3181818181818182,0.28888888888888886,0.029292929292929315,1.3333333333333333,1.4444444444444444,-0.11111111111111116,0.9090909090909091,1.288888888888889,-0.3797979797979799,15.0,10.0,5.0,66.0,45.0,21.0,0.13333333333333333,0.2,-0.06666666666666668,0.06666666666666667,0.1,-0.03333333333333334,1.0,0.0,1.0,5.0,14.0,-9.0,2.494438257849294,9.741092797468305,-7.24665453961901,1.0,1.0,0.0,753.75,202.6,551.15,24.574468085106382,26.818181818181817,-2.2437137330754346,0.14285714285714285,0.07692307692307693,0.06593406593406592,0.3225806451612903,0.25,0.07258064516129031,,,,,,,0.0,0.0,0.0
2018-07-10,2018,FRA,BEL,2,1,0.5172413793103449,0.4523809523809524,0.06486042692939248,0.22413793103448276,0.21428571428571427,0.009852216748768489,1.8103448275862069,1.5,0.31034482758620685,1.1206896551724137,1.4047619047619047,-0.28407224958949095,12.0,10.0,2.0,58.0,42.0,16.0,0.4166666666666667,0.1,0.31666666666666665,0.16666666666666666,0.0,0.16666666666666666,1.0,0.0,1.0,2.0,1.0,1.0,8.055363982396381,1.8856180831641267,6.169745899232254,1.0,1.0,0.0,1616.0,977.1,638.9,26.72972972972973,27.487179487179485,-0.7574497574497556,0.36,0.375,-0.015000000000000013,0.4358974358974359,0.4117647058823529,0.02413273001508298,,,,,,,0.0,0.0,0.0
2018-07-10,2018,BEL,FRA,0,1,0.4523809523809524,0.5172413793103449,-0.06486042692939248,0.21428571428571427,0.22413793103448276,-0.009852216748768489,1.5,1.8103448275862069,-0.31034482758620685,1.4047619047619047,1.1206896551724137,0.28407224958949095,10.0,12.0,-2.0,42.0,58.0,-16.0,0.1,0.4166666666666667,-0.31666666666666665,0.0,0.16666666666666666,-0.16666666666666666,0.0,1.0,-1.0,1.0,2.0,-1.0,1.8856180831641267,8.055363982396381,-6.169745899232254,1.0,1.0,0.0,977.1,1616.0,-638.9,27.487179487179485,26.72972972972973,0.7574497574497556,0.375,0.36,0.015000000000000013,0.4117647058823529,0.4358974358974359,-0.02413273001508298,,,,,,,0.0,0.0,0.0
2018-07-11,2018,CRO,ENG,2,1,0.47619047619047616,0.43283582089552236,0.0433546552949538,0.19047619047619047,0.31343283582089554,-0.12295664534470507,1.4761904761904763,1.3432835820895523,0.13290689410092393,1.0,0.8955223880597015,0.10447761194029848,5.0,15.0,-10.0,21.0,67.0,-46.0,0.2,0.13333333333333333,0.06666666666666668,0.0,0.06666666666666667,-0.06666666666666667,0.0,1.0,-1.0,4.0,5.0,-1.0,1.699673171197595,2.494438257849294,-0.7947650866516991,1.0,1.0,0.0,465.75,753.75,-288.0,27.16216216216216,24.574468085106382,2.5876940770557795,0.23529411764705882,0.14285714285714285,0.09243697478991597,0.4444444444444444,0.3225806451612903,0.1218637992831541,,,,,,,0.0,0.0,0.0
2018-07-11,2018,ENG,CRO,0,1,0.43283582089552236,0.47619047619047616,-0.0433546552949538,0.31343283582089554,0.19047619047619047,0.12295664534470507,1.3432835820895523,1.4761904761904763,-0.13290689410092393,0.8955223880597015,1.0,-0.10447761194029848,15.0,5.0,10.0,67.0,21.0,46.0,0.13333333333333333,0.2,-0.06666666666666668,0.06666666666666667,0.0,0.06666666666666667,1.0,0.0,1.0,5.0,4.0,1.0,2.494438257849294,1.699673171197595,0.7947650866516991,1.0,1.0,0.0,753.75,465.75,288.0,24.574468085106382,27.16216216216216,-2.5876940770557795,0.14285714285714285,0.23529411764705882,-0.09243697478991597,0.3225806451612903,0.4444444444444444,-0.1218637992831541,,,,,,,0.0,0.0,0.0
2018-07-14,2018,BEL,ENG,2,1,0.4418604651162791,0.4264705882352941,0.015389876880984976,0.20930232558139536,0.3088235294117647,-0.09952120383036936,1.4651162790697674,1.338235294117647,0.1268809849521204,1.3953488372093024,0.9117647058823529,0.48358413132694944,10.0,15.0,-5.0,43.0,68.0,-25.0,0.2,0.2,0.0,0.0,0.06666666666666667,-0.06666666666666667,0.0,1.0,-1.0,1.0,5.0,-4.0,1.8856180831641267,2.494438257849294,-0.6088201746851674,1.0,1.0,0.0,977.1,753.75,223.35000000000002,27.487179487179485,24.574468085106382,2.9127114020731035,0.3333333333333333,0.13333333333333333,0.19999999999999998,0.4117647058823529,0.3225806451612903,0.08918406072106261,,,,,,,0.0,0.0,0.0
2018-07-14,2018,ENG,BEL,0,1,0.4264705882352941,0.4418604651162791,-0.015389876880984976,0.3088235294117647,0.20930232558139536,0.09952120383036936,1.338235294117647,1.4651162790697674,-0.1268809849521204,0.9117647058823529,1.3953488372093024,-0.48358413132694944,15.0,10.0,5.0,68.0,43.0,25.0,0.2,0.2,0.0,0.06666666666666667,0.0,0.06666666666666667,1.0,0.0,1.0,5.0,1.0,4.0,2.494438257849294,1.8856180831641267,0.6088201746851674,1.0,1.0,0.0,753.75,977.1,-223.35000000000002,24.574468085106382,27.487179487179485,-2.9127114020731035,0.13333333333333333,0.3333333333333333,-0.19999999999999998,0.3225806451612903,0.4117647058823529,-0.08918406072106261,,,,,,,0.0,0.0,0.0
2018-07-15,2018,FRA,CRO,2,1,0.5254237288135594,0.5,0.025423728813559365,0.22033898305084745,0.18181818181818182,0.03852080123266563,1.7966101694915255,1.5,0.2966101694915255,1.1016949152542372,1.0,0.10169491525423724,12.0,5.0,7.0,59.0,22.0,37.0,0.5,0.4,0.09999999999999998,0.16666666666666666,0.0,0.16666666666666666,1.0,0.0,1.0,2.0,4.0,-2.0,8.055363982396381,1.699673171197595,6.3556908111987855,1.0,1.0,0.0,1616.0,465.75,1150.25,26.72972972972973,27.16216216216216,-0.43243243243243157,0.38461538461538464,0.2777777777777778,0.10683760683760685,0.4358974358974359,0.4444444444444444,-0.008547008547008517,,,,,,,0.0,0.0,0.0
2018-07-15,2018,CRO,FRA,0,1,0.5,0.5254237288135594,-0.025423728813559365,0.18181818181818182,0.22033898305084745,-0.03852080123266563,1.5,1.7966101694915255,-0.2966101694915255,1.0,1.1016949152542372,-0.10169491525423724,5.0,12.0,-7.0,22.0,59.0,-37.0,0.4,0.5,-0.09999999999999998,0.0,0.16666666666666666,-0.16666666666666666,0.0,1.0,-1.0,4.0,2.0,2.0,1.699673171197595,8.055363982396381,-6.3556908111987855,1.0,1.0,0.0,465.75,1616.0,-1150.25,27.16216216216216,26.72972972972973,0.43243243243243157,0.2777777777777778,0.38461538461538464,-0.10683760683760685,0.4444444444444444,0.4358974358974359,0.008547008547008517,,,,,,,0.0,0.0,0.0
2022-11-20,2022,QAT,ECU,0,0,,0.4,,,0.1,,,1.0,,,1.1,,0.0,3.0,-3.0,0.0,10.0,-10.0,,0.0,,,0.0,,0.0,0.0,0.0,60.0,41.0,19.0,4.189935029992179,6.97614984548545,-2.7862148154932713,1.0,1.0,0.0,16.15,102.60000000000001,-86.45000000000002,26.742857142857144,24.08695652173913,2.6559006211180147,0.0,0.0,0.0,,,,0.0,0.1111111111111111,-0.1111111111111111,,,,1.0,0.0,1.0
2022-11-20,2022,ECU,QAT,2,0,0.4,,,0.1,,,1.0,,,1.1,,,3.0,0.0,3.0,10.0,0.0,10.0,0.0,,,0.0,,,0.0,0.0,0.0,41.0,60.0,-19.0,6.97614984548545,4.189935029992179,2.7862148154932713,1.0,1.0,0.0,102.60000000000001,16.15,86.45000000000002,24.08695652173913,26.742857142857144,-2.6559006211180147,0.0,0.0,0.0,,,,0.1111111111111111,0.0,0.1111111111111111,,,,0.0,1.0,-1.0
2022-11-21,2022,ENG,IRN,2,0,0.42028985507246375,0.13333333333333333,0.28695652173913044,0.30434782608695654,0.26666666666666666,0.03768115942028988,1.318840579710145,0.6,0.718840579710145,0.927536231884058,1.6,-0.6724637681159421,15.0,5.0,10.0,69.0,15.0,54.0,0.2,0.0,0.2,0.06666666666666667,0.0,0.06666666666666667,1.0,0.0,1.0,5.0,24.0,-19.0,0.0,4.988876515698588,-4.988876515698588,1.0,1.0,0.0,1817.5,86.72500000000001,1730.775,26.69047619047619,25.943396226415093,0.747079964061097,0.11764705882352941,0.0,0.11764705882352941,0.3684210526315789,,,,,,,,,0.0,0.0,0.0
2022-11-21,2022,SEN,NED,0,0,0.375,0.5625,-0.1875,0.375,0.25,0.125,1.375,1.75,-0.375,1.25,0.875,0.375,2.0,8.0,-6.0,8.0,48.0,-40.0,0.0,0.625,-0.625,0.0,0.375,-0.375,0.0,0.0,0.0,19.0,6.0,13.0,0.0,1.8856180831641267,-1.8856180831641267,1.0,1.0,0.0,389.5,781.175,-391.67499999999995,25.675,25.40909090909091,0.26590909090909065,0.5,0.391304347826087,0.10869565217391303,,0.48717948717948717,,,,,0.35135135135135137,,,0.0,0.0,0.0
2022-11-21,2022,IRN,ENG,0,0,0.13333333333333333,0.42028985507246375,-0.28695652173913044,0.26666666666666666,0.30434782608695654,-0.03768115942028988,0.6,1.318840579710145,-0.718840579710145,1.6,0.927536231884058,0.6724637681159421,5.0,15.0,-10.0,15.0,69.0,-54.0,0.0,0.2,-0.2,0.0,0.06666666666666667,-0.06666666666666667,0.0,1.0,-1.0,24.0,5.0,19.0,4.988876515698588,0.0,4.988876515698588,1.0,1.0,0.0,86.72500000000001,1817.5,-1730.775,25.943396226415093,26.69047619047619,-0.747079964061097,0.0,0.11764705882352941,-0.11764705882352941,,0.3684210526315789,,,,,,,,0.0,0.0,0.0
2022-11-21,2022,USA,WAL,1,0,0.20689655172413793,0.2,0.006896551724137917,0.20689655172413793,0.6,-0.3931034482758621,1.0,0.8,0.19999999999999996,1.6896551724137931,0.8,0.8896551724137931,8.0,1.0,7.0,29.0,5.0,24.0,0.0,0.0,0.0,0.0,0.0,0.0,0.0,0.0,0.0,13.0,28.0,-15.0,5.185449728701348,1.699673171197595,3.4857765575037534,1.0,1.0,0.0,332.79999999999995,,,23.72093023255814,,,0.06666666666666667,0.3333333333333333,-0.26666666666666666,,0.5,,0.3333333333333333,,,,,,0.0,0.0,0.0
2022-11-21,2022,WAL,USA,1,0,0.2,0.20689655172413793,-0.006896551724137917,0.6,0.20689655172413793,0.3931034482758621,0.8,1.0,-0.19999999999999996,0.8,1.6896551724137931,-0.8896551724137931,1.0,8.0,-7.0,5.0,29.0,-24.0,0.0,0.0,0.0,0.0,0.0,0.0,0.0,0.0,0.0,28.0,13.0,15.0,1.699673171197595,5.185449728701348,-3.4857765575037534,1.0,1.0,0.0,,332.79999999999995,,,23.72093023255814,,0.3333333333333333,0.06666666666666667,0.26666666666666666,0.5,,,,0.3333333333333333,,,,,0.0,0.0,0.0
2022-11-21,2022,NED,SEN,2,0,0.5625,0.375,0.1875,0.25,0.375,-0.125,1.75,1.375,0.375,0.875,1.25,-0.375,8.0,2.0,6.0,48.0,8.0,40.0,0.625,0.0,0.625,0.375,0.0,0.375,0.0,0.0,0.0,6.0,19.0,-13.0,1.8856180831641267,0.0,1.8856180831641267,1.0,1.0,0.0,781.175,389.5,391.67499999999995,25.40909090909091,25.675,-0.26590909090909065,0.391304347826087,0.5,-0.10869565217391303,0.48717948717948717,,,,,,,0.35135135135135137,,0.0,0.0,0.0
2022-11-22,2022,DEN,TUN,1,0,0.45,0.13333333333333333,0.31666666666666665,0.25,0.26666666666666666,-0.016666666666666663,1.5,0.8666666666666667,0.6333333333333333,1.3,1.6666666666666667,-0.3666666666666667,5.0,5.0,0.0,20.0,15.0,5.0,0.0,0.0,0.0,0.0,0.0,0.0,0.0,0.0,0.0,18.0,30.0,-12.0,2.8674417556808756,1.699673171197595,1.1677685844832806,1.0,1.0,0.0,,79.07500000000002,,,25.895833333333332,,0.11764705882352941,0.0,0.11764705882352941,0.30303030303030304,,,,,,,0.3125,,0.0,0.0,0.0
2022-11-22,2022,TUN,DEN,1,0,0.13333333333333333,0.45,-0.31666666666666665,0.26666666666666666,0.25,0.016666666666666663,0.8666666666666667,1.5,-0.6333333333333333,1.6666666666666667,1.3,0.3666666666666667,5.0,5.0,0.0,15.0,20.0,-5.0,0.0,0.0,0.0,0.0,0.0,0.0,0.0,0.0,0.0,30.0,18.0,12.0,1.699673171197595,2.8674417556808756,-1.1677685844832806,1.0,1.0,0.0,79.07500000000002,,,25.895833333333332,,,0.0,0.11764705882352941,-0.11764705882352941,,0.30303030303030304,,,,,0.3125,,,0.0,0.0,0.0
2022-11-22,2022,ARG,KSA,0,0,0.52,0.1875,0.3325,0.2,0.125,0.07500000000000001,1.56,0.6875,0.8725,1.08,2.4375,-1.3575,15.0,5.0,10.0,75.0,16.0,59.0,0.26666666666666666,0.0,0.26666666666666666,0.26666666666666666,0.0,0.26666666666666666,2.0,0.0,2.0,2.0,49.0,-47.0,1.632993161855452,7.542472332656507,-5.909479170801054,1.0,1.0,0.0,836.0,37.45,798.55,26.375,27.068181818181817,-0.6931818181818166,0.1111111111111111,0.0,0.1111111111111111,,,,0.6410256410256411,,,,,,0.0,0.0,0.0
2022-11-22,2022,KSA,ARG,2,0,0.1875,0.52,-0.3325,0.125,0.2,-0.07500000000000001,0.6875,1.56,-0.8725,2.4375,1.08,1.3575,5.0,15.0,-10.0,16.0,75.0,-59.0,0.0,0.26666666666666666,-0.26666666666666666,0.0,0.26666666666666666,-0.26666666666666666,0.0,2.0,-2.0,49.0,2.0,47.0,7.542472332656507,1.632993161855452,5.909479170801054,1.0,1.0,0.0,37.45,836.0,-798.55,27.068181818181817,26.375,0.6931818181818166,0.0,0.1111111111111111,-0.1111111111111111,,,,,0.6410256410256411,,,,,0.0,0.0,0.0
2022-11-22,2022,MEX,POL,1,0,0.2962962962962963,0.48484848484848486,-0.18855218855218858,0.25925925925925924,0.15151515151515152,0.10774410774410773,1.037037037037037,1.2424242424242424,-0.20538720538720545,1.5740740740740742,1.1818181818181819,0.3922558922558923,15.0,7.0,8.0,54.0,33.0,21.0,0.0,0.2857142857142857,-0.2857142857142857,0.0,0.0,0.0,0.0,0.0,0.0,15.0,22.0,-7.0,2.0548046676563256,3.7712361663282534,-1.7164314986719278,1.0,1.0,0.0,283.7,,,25.410714285714285,,,0.25,0.14285714285714285,0.10714285714285715,,0.14285714285714285,,0.4230769230769231,,,,,,0.0,0.0,0.0
2022-11-22,2022,FRA,AUS,2,0,0.5333333333333333,0.125,0.4083333333333333,0.21666666666666667,0.25,-0.033333333333333326,1.8333333333333333,0.8125,1.0208333333333333,1.1166666666666667,1.9375,-0.8208333333333333,12.0,5.0,7.0,60.0,16.0,44.0,0.5,0.0,0.5,0.25,0.0,0.25,2.0,0.0,2.0,3.0,27.0,-24.0,0.4714045207910317,3.0912061651652345,-2.6198016443742027,1.0,1.0,0.0,1598.0,56.025,1541.975,27.075,26.80851063829787,0.2664893617021278,0.39285714285714285,0.0,0.39285714285714285,0.4186046511627907,,,,,,,,,0.0,0.0,0.0
2022-11-22,2022,AUS,FRA,0,0,0.125,0.5333333333333333,-0.4083333333333333,0.25,0.21666666666666667,0.033333333333333326,0.8125,1.8333333333333333,-1.0208333333333333,1.9375,1.1166666666666667,0.8208333333333333,5.0,12.0,-7.0,16.0,60.0,-44.0,0.0,0.5,-0.5,0.0,0.25,-0.25,0.0,2.0,-2.0,27.0,3.0,24.0,3.0912061651652345,0.4714045207910317,2.6198016443742027,1.0,1.0,0.0,56.025,1598.0,-1541.975,26.80851063829787,27.075,-0.2664893617021278,0.0,0.39285714285714285,-0.39285714285714285,,0.4186046511627907,,,,,,,,0.0,0.0,0.0
2022-11-22,2022,POL,MEX,1,0,0.48484848484848486,0.2962962962962963,0.18855218855218858,0.15151515151515152,0.25925925925925924,-0.10774410774410773,1.2424242424242424,1.037037037037037,0.20538720538720545,1.1818181818181819,1.5740740740740742,-0.3922558922558923,7.0,15.0,-8.0,33.0,54.0,-21.0,0.2857142857142857,0.0,0.2857142857142857,0.0,0.0,0.0,0.0,0.0,0.0,22.0,15.0,7.0,3.7712361663282534,2.0548046676563256,1.7164314986719278,1.0,1.0,0.0,,283.7,,,25.410714285714285,,0.14285714285714285,0.25,-0.10714285714285715,0.14285714285714285,,,,0.4230769230769231,,,,,0.0,0.0,0.0
2022-11-23,2022,GER,JPN,0,0,0.6213592233009708,0.23809523809523808,0.38326398520573274,0.18446601941747573,0.23809523809523808,-0.05362921867776235,2.058252427184466,0.9523809523809523,1.1058714748035137,1.087378640776699,1.380952380952381,-0.29357374017568194,17.0,6.0,11.0,103.0,21.0,82.0,0.7058823529411765,0.0,0.7058823529411765,0.47058823529411764,0.0,0.47058823529411764,4.0,0.0,4.0,14.0,20.0,-6.0,1.247219128924647,0.816496580927726,0.430722547996921,1.0,1.0,0.0,980.0,155.05,824.95,27.405405405405407,25.89090909090909,1.5144963144963164,0.46875,0.0,0.46875,0.4473684210526316,,,,0.0,,,,,0.0,0.0,0.0
2022-11-23,2022,ESP,CRC,2,0,0.48333333333333334,0.2777777777777778,0.20555555555555555,0.23333333333333334,0.2777777777777778,-0.04444444444444445,1.5833333333333333,1.0555555555555556,0.5277777777777777,1.15,1.5555555555555556,-0.40555555555555567,14.0,5.0,9.0,60.0,18.0,42.0,0.07142857142857142,0.0,0.07142857142857142,0.07142857142857142,0.0,0.07142857142857142,1.0,0.0,1.0,10.0,,,0.816496580927726,,,1.0,0.0,1.0,991.5,,,24.96969696969697,,,0.3684210526315789,0.2,0.16842105263157892,0.41304347826086957,,,,0.35714285714285715,,,,,0.0,0.0,0.0
2022-11-23,2022,CRC,ESP,0,0,0.2777777777777778,0.48333333333333334,-0.20555555555555555,0.2777777777777778,0.23333333333333334,0.04444444444444445,1.0555555555555556,1.5833333333333333,-0.5277777777777777,1.5555555555555556,1.15,0.40555555555555567,5.0,14.0,-9.0,18.0,60.0,-42.0,0.0,0.07142857142857142,-0.07142857142857142,0.0,0.07142857142857142,-0.07142857142857142,0.0,1.0,-1.0,,10.0,,,0.816496580927726,,0.0,1.0,-1.0,,991.5,,,24.96969696969697,,0.2,0.3684210526315789,-0.16842105263157892,,0.41304347826086957,,0.35714285714285715,,,,,,0.0,0.0,0.0
2022-11-23,2022,JPN,GER,2,0,0.23809523809523808,0.6213592233009708,-0.38326398520573274,0.23809523809523808,0.18446601941747573,0.05362921867776235,0.9523809523809523,2.058252427184466,-1.1058714748035137,1.380952380952381,1.087378640776699,0.29357374017568194,6.0,17.0,-11.0,21.0,103.0,-82.0,0.0,0.7058823529411765,-0.7058823529411765,0.0,0.47058823529411764,-0.47058823529411764,0.0,4.0,-4.0,20.0,14.0,6.0,0.816496580927726,1.247219128924647,-0.430722547996921,1.0,1.0,0.0,155.05,980.0,-824.95,25.89090909090909,27.405405405405407,-1.5144963144963164,0.0,0.46875,-0.46875,,0.4473684210526316,,0.0,,,,,,0.0,0.0,0.0
2022-11-23,2022,BEL,CAN,2,0,0.45454545454545453,0.0,0.45454545454545453,0.20454545454545456,0.0,0.20454545454545456,1.4772727272727273,0.0,1.4772727272727273,1.3636363636363635,1.6666666666666667,-0.3030303030303032,10.0,1.0,9.0,44.0,3.0,41.0,0.2,0.0,0.2,0.0,0.0,0.0,0.0,0.0,0.0,4.0,53.0,-49.0,0.0,15.326085243430198,-15.326085243430198,1.0,1.0,0.0,654.4,197.17499999999998,457.225,28.0,25.071428571428573,2.928571428571427,0.4166666666666667,,,0.5,,,,,,,,,0.0,0.0,0.0
2022-11-23,2022,MAR,CRO,1,0,0.125,0.4782608695652174,-0.3532608695652174,0.3125,0.17391304347826086,0.13858695652173914,0.875,1.5217391304347827,-0.6467391304347827,1.375,1.1304347826086956,0.24456521739130443,5.0,5.0,0.0,16.0,23.0,-7.0,0.0,0.4,-0.4,0.0,0.2,-0.2,0.0,0.0,0.0,11.0,7.0,4.0,6.128258770283412,3.681787005729087,2.446471764554325,1.0,1.0,0.0,308.34999999999997,407.1,-98.75000000000006,25.866666666666667,26.2,-0.33333333333333215,0.0,0.23809523809523808,-0.23809523809523808,,0.4090909090909091,,,,,0.35294117647058826,,,0.0,0.0,0.0
2022-11-23,2022,CRO,MAR,1,0,0.4782608695652174,0.125,0.3532608695652174,0.17391304347826086,0.3125,-0.13858695652173914,1.5217391304347827,0.875,0.6467391304347827,1.1304347826086956,1.375,-0.24456521739130443,5.0,5.0,0.0,23.0,16.0,7.0,0.4,0.0,0.4,0.2,0.0,0.2,0.0,0.0,0.0,7.0,11.0,-4.0,3.681787005729087,6.128258770283412,-2.446471764554325,1.0,1.0,0.0,407.1,308.34999999999997,98.75000000000006,26.2,25.866666666666667,0.33333333333333215,0.23809523809523808,0.0,0.23809523809523808,0.4090909090909091,,,,,,,0.35294117647058826,,0.0,0.0,0.0
2022-11-23,2022,CAN,BEL,0,0,0.0,0.45454545454545453,-0.45454545454545453,0.0,0.20454545454545456,-0.20454545454545456,0.0,1.4772727272727273,-1.4772727272727273,1.6666666666666667,1.3636363636363635,0.3030303030303032,1.0,10.0,-9.0,3.0,44.0,-41.0,0.0,0.2,-0.2,0.0,0.0,0.0,0.0,0.0,0.0,53.0,4.0,49.0,15.326085243430198,0.0,15.326085243430198,1.0,1.0,0.0,197.17499999999998,654.4,-457.225,25.071428571428573,28.0,-2.928571428571427,,0.4166666666666667,,,0.5,,,,,,,,0.0,0.0,0.0
2022-11-24,2022,POR,GHA,2,0,0.4666666666666667,0.3333333333333333,0.13333333333333336,0.2,0.25,-0.04999999999999999,1.6333333333333333,1.0833333333333333,0.55,1.1666666666666667,1.3333333333333333,-0.16666666666666652,7.0,3.0,4.0,30.0,12.0,18.0,0.2857142857142857,0.0,0.2857142857142857,0.0,0.0,0.0,0.0,0.0,0.0,9.0,58.0,-49.0,1.247219128924647,2.357022603955158,-1.109803475030511,1.0,1.0,0.0,957.6,215.575,742.0250000000001,26.157894736842106,24.26,1.8978947368421046,0.20833333333333334,0.125,0.08333333333333334,0.4358974358974359,,,,,,,0.5217391304347826,,0.0,0.0,0.0
2022-11-24,2022,GHA,POR,0,0,0.3333333333333333,0.4666666666666667,-0.13333333333333336,0.25,0.2,0.04999999999999999,1.0833333333333333,1.6333333333333333,-0.55,1.3333333333333333,1.1666666666666667,0.16666666666666652,3.0,7.0,-4.0,12.0,30.0,-18.0,0.0,0.2857142857142857,-0.2857142857142857,0.0,0.0,0.0,0.0,0.0,0.0,58.0,9.0,49.0,2.357022603955158,1.247219128924647,1.109803475030511,1.0,1.0,0.0,215.575,957.6,-742.0250000000001,24.26,26.157894736842106,-1.8978947368421046,0.125,0.20833333333333334,-0.08333333333333334,,0.4358974358974359,,,,,0.5217391304347826,,,0.0,0.0,0.0
2022-11-24,2022,URU,KOR,1,0,0.38461538461538464,0.17647058823529413,0.2081447963800905,0.23076923076923078,0.2647058823529412,-0.0339366515837104,1.3846153846153846,1.0,0.3846153846153846,1.3653846153846154,2.0588235294117645,-0.6934389140271491,12.0,10.0,2.0,52.0,34.0,18.0,0.25,0.1,0.15,0.0,0.0,0.0,2.0,0.0,2.0,16.0,25.0,-9.0,5.0990195135927845,2.943920288775949,2.1550992248168357,1.0,1.0,0.0,438.0,163.525,274.475,26.63157894736842,25.444444444444443,1.1871345029239784,0.07142857142857142,0.0,0.07142857142857142,,,,0.4,,,,,,0.0,0.0,0.0
2022-11-24,2022,KOR,URU,1,0,0.17647058823529413,0.38461538461538464,-0.2081447963800905,0.2647058823529412,0.23076923076923078,0.0339366515837104,1.0,1.3846153846153846,-0.3846153846153846,2.0588235294117645,1.3653846153846154,0.6934389140271491,10.0,12.0,-2.0,34.0,52.0,-18.0,0.1,0.25,-0.15,0.0,0.0,0.0,0.0,2.0,-2.0,25.0,16.0,9.0,2.943920288775949,5.0990195135927845,-2.1550992248168357,1.0,1.0,0.0,163.525,438.0,-274.475,25.444444444444443,26.63157894736842,-1.1871345029239784,0.0,0.07142857142857142,-0.07142857142857142,,,,,0.4,,,,,0.0,0.0,0.0
2022-11-24,2022,SUI,CMR,2,0,0.3125,0.17391304347826086,0.13858695652173914,0.21875,0.30434782608695654,-0.08559782608695654,1.25,0.782608695652174,0.46739130434782605,1.6875,1.8695652173913044,-0.18206521739130443,9.0,7.0,2.0,32.0,23.0,9.0,0.0,0.0,0.0,0.0,0.0,0.0,0.0,0.0,0.0,12.0,,,1.699673171197595,,,1.0,0.0,1.0,333.35,,,27.31578947368421,,,0.07142857142857142,0.0,0.07142857142857142,0.16666666666666666,,,,,,,0.5211267605633803,,0.0,0.0,0.0
2022-11-24,2022,CMR,SUI,0,0,0.17391304347826086,0.3125,-0.13858695652173914,0.30434782608695654,0.21875,0.08559782608695654,0.782608695652174,1.25,-0.46739130434782605,1.8695652173913044,1.6875,0.18206521739130443,7.0,9.0,-2.0,23.0,32.0,-9.0,0.0,0.0,0.0,0.0,0.0,0.0,0.0,0.0,0.0,,12.0,,,1.699673171197595,,0.0,1.0,-1.0,,333.35,,,27.31578947368421,,0.0,0.07142857142857142,-0.07142857142857142,,0.16666666666666666,,,,,0.5211267605633803,,,0.0,0.0,0.0
2022-11-24,2022,BRA,SRB,2,0,0.6831683168316832,0.3076923076923077,0.3754760091393755,0.16831683168316833,0.07692307692307693,0.0913937547600914,2.0693069306930694,0.8461538461538461,1.2231530845392231,0.8811881188118812,1.6153846153846154,-0.7341964965727342,18.0,4.0,14.0,101.0,13.0,88.0,0.5,0.0,0.5,0.3333333333333333,0.0,0.3333333333333333,5.0,0.0,5.0,1.0,,,0.4714045207910317,,,1.0,0.0,1.0,1284.5,,,26.476190476190474,,,0.43478260869565216,0.16666666666666666,0.2681159420289855,,,,0.5526315789473685,,,,,,0.0,0.0,0.0
2022-11-24,2022,SRB,BRA,0,0,0.3076923076923077,0.6831683168316832,-0.3754760091393755,0.07692307692307693,0.16831683168316833,-0.0913937547600914,0.8461538461538461,2.0693069306930694,-1.2231530845392231,1.6153846153846154,0.8811881188118812,0.7341964965727342,4.0,18.0,-14.0,13.0,101.0,-88.0,0.0,0.5,-0.5,0.0,0.3333333333333333,-0.3333333333333333,0.0,5.0,-5.0,,1.0,,,0.4714045207910317,,0.0,1.0,-1.0,,1284.5,,,26.476190476190474,,0.16666666666666666,0.43478260869565216,-0.2681159420289855,,,,,0.5526315789473685,,,,,0.0,0.0,0.0
2022-11-25,2022,QAT,SEN,0,0,0.0,0.3333333333333333,-0.3333333333333333,0.0,0.3333333333333333,-0.3333333333333333,0.0,1.2222222222222223,-1.2222222222222223,2.0,1.3333333333333333,0.6666666666666667,1.0,3.0,-2.0,1.0,9.0,-8.0,0.0,0.0,0.0,0.0,0.0,0.0,0.0,0.0,0.0,60.0,19.0,41.0,4.189935029992179,0.0,4.189935029992179,1.0,1.0,0.0,16.15,389.5,-373.35,26.742857142857144,25.675,1.067857142857143,0.0,0.3333333333333333,-0.3333333333333333,,,,0.0,,,,0.35135135135135137,,1.0,0.0,1.0
2022-11-25,2022,WAL,IRN,0,0,0.16666666666666666,0.125,0.04166666666666666,0.6666666666666666,0.25,0.41666666666666663,0.8333333333333334,0.6875,0.14583333333333337,0.8333333333333334,1.875,-1.0416666666666665,2.0,6.0,-4.0,6.0,16.0,-10.0,0.0,0.0,0.0,0.0,0.0,0.0,0.0,0.0,0.0,28.0,24.0,4.0,1.699673171197595,4.988876515698588,-3.289203344500993,1.0,1.0,0.0,,86.72500000000001,,,25.943396226415093,,0.3333333333333333,0.0,0.3333333333333333,0.5,,,,,,,,,0.0,0.0,0.0
2022-11-25,2022,SEN,QAT,2,0,0.3333333333333333,0.0,0.3333333333333333,0.3333333333333333,0.0,0.3333333333333333,1.2222222222222223,0.0,1.2222222222222223,1.3333333333333333,2.0,-0.6666666666666667,3.0,1.0,2.0,9.0,1.0,8.0,0.0,0.0,0.0,0.0,0.0,0.0,0.0,0.0,0.0,19.0,60.0,-41.0,0.0,4.189935029992179,-4.189935029992179,1.0,1.0,0.0,389.5,16.15,373.35,25.675,26.742857142857144,-1.067857142857143,0.3333333333333333,0.0,0.3333333333333333,,,,,0.0,,0.35135135135135137,,,0.0,1.0,-1.0
2022-11-25,2022,IRN,WAL,2,0,0.125,0.16666666666666666,-0.04166666666666666,0.25,0.6666666666666666,-0.41666666666666663,0.6875,0.8333333333333334,-0.14583333333333337,1.875,0.8333333333333334,1.0416666666666665,6.0,2.0,4.0,16.0,6.0,10.0,0.0,0.0,0.0,0.0,0.0,0.0,0.0,0.0,0.0,24.0,28.0,-4.0,4.988876515698588,1.699673171197595,3.289203344500993,1.0,1.0,0.0,86.72500000000001,,,25.943396226415093,,,0.0,0.3333333333333333,-0.3333333333333333,,0.5,,,,,,,,0.0,0.0,0.0
2022-11-25,2022,NED,ECU,1,0,0.5714285714285714,0.45454545454545453,0.11688311688311687,0.24489795918367346,0.09090909090909091,0.15398886827458255,1.7551020408163265,1.0909090909090908,0.6641929499072357,0.8571428571428571,1.0,-0.1428571428571429,9.0,4.0,5.0,49.0,11.0,38.0,0.5555555555555556,0.0,0.5555555555555556,0.3333333333333333,0.0,0.3333333333333333,0.0,0.0,0.0,6.0,41.0,-35.0,1.8856180831641267,6.97614984548545,-5.090531762321323,1.0,1.0,0.0,781.175,102.60000000000001,678.5749999999999,25.40909090909091,24.08695652173913,1.322134387351781,0.391304347826087,0.0,0.391304347826087,0.48717948717948717,,,,0.1111111111111111,,,,,0.0,0.0,0.0
2022-11-25,2022,ENG,USA,1,0,0.42857142857142855,0.2,0.22857142857142854,0.3,0.23333333333333334,0.06666666666666665,1.3857142857142857,1.0,0.3857142857142857,0.9428571428571428,1.6666666666666667,-0.7238095238095239,16.0,9.0,7.0,70.0,30.0,40.0,0.1875,0.0,0.1875,0.0625,0.0,0.0625,1.0,0.0,1.0,5.0,13.0,-8.0,0.0,5.185449728701348,-5.185449728701348,1.0,1.0,0.0,1817.5,332.79999999999995,1484.7,26.69047619047619,23.72093023255814,2.9695459579180508,0.11764705882352941,0.06666666666666667,0.050980392156862744,0.3684210526315789,,,,0.3333333333333333,,,,,0.0,0.0,0.0
2022-11-25,2022,USA,ENG,1,0,0.2,0.42857142857142855,-0.22857142857142854,0.23333333333333334,0.3,-0.06666666666666665,1.0,1.3857142857142857,-0.3857142857142857,1.6666666666666667,0.9428571428571428,0.7238095238095239,9.0,16.0,-7.0,30.0,70.0,-40.0,0.0,0.1875,-0.1875,0.0,0.0625,-0.0625,0.0,1.0,-1.0,13.0,5.0,8.0,5.185449728701348,0.0,5.185449728701348,1.0,1.0,0.0,332.79999999999995,1817.5,-1484.7,23.72093023255814,26.69047619047619,-2.9695459579180508,0.06666666666666667,0.11764705882352941,-0.050980392156862744,,0.3684210526315789,,0.3333333333333333,,,,,,0.0,0.0,0.0
2022-11-25,2022,ECU,NED,1,0,0.45454545454545453,0.5714285714285714,-0.11688311688311687,0.09090909090909091,0.24489795918367346,-0.15398886827458255,1.0909090909090908,1.7551020408163265,-0.6641929499072357,1.0,0.8571428571428571,0.1428571428571429,4.0,9.0,-5.0,11.0,49.0,-38.0,0.0,0.5555555555555556,-0.5555555555555556,0.0,0.3333333333333333,-0.3333333333333333,0.0,0.0,0.0,41.0,6.0,35.0,6.97614984548545,1.8856180831641267,5.090531762321323,1.0,1.0,0.0,102.60000000000001,781.175,-678.5749999999999,24.08695652173913,25.40909090909091,-1.322134387351781,0.0,0.391304347826087,-0.391304347826087,,0.48717948717948717,,0.1111111111111111,,,,,,0.0,0.0,0.0
2022-11-26,2022,ARG,MEX,2,0,0.5131578947368421,0.2909090909090909,0.22224880382775125,0.19736842105263158,0.2727272727272727,-0.07535885167464113,1.5526315789473684,1.018181818181818,0.5344497607655503,1.0921052631578947,1.5454545454545454,-0.4533492822966507,16.0,16.0,0.0,76.0,55.0,21.0,0.25,0.0,0.25,0.25,0.0,0.25,2.0,0.0,2.0,2.0,15.0,-13.0,1.632993161855452,2.0548046676563256,-0.42181150580087357,1.0,1.0,0.0,836.0,283.7,552.3,26.375,25.410714285714285,0.9642857142857153,0.1111111111111111,0.25,-0.1388888888888889,,,,0.6410256410256411,0.4230769230769231,0.217948717948718,,,,0.0,0.0,0.0
2022-11-26,2022,MEX,ARG,0,0,0.2909090909090909,0.5131578947368421,-0.22224880382775125,0.2727272727272727,0.19736842105263158,0.07535885167464113,1.018181818181818,1.5526315789473684,-0.5344497607655503,1.5454545454545454,1.0921052631578947,0.4533492822966507,16.0,16.0,0.0,55.0,76.0,-21.0,0.0,0.25,-0.25,0.0,0.25,-0.25,0.0,2.0,-2.0,15.0,2.0,13.0,2.0548046676563256,1.632993161855452,0.42181150580087357,1.0,1.0,0.0,283.7,836.0,-552.3,25.410714285714285,26.375,-0.9642857142857153,0.25,0.1111111111111111,0.1388888888888889,,,,0.4230769230769231,0.6410256410256411,-0.217948717948718,,,,0.0,0.0,0.0
2022-11-26,2022,FRA,DEN,2,0,0.5409836065573771,0.42857142857142855,0.11241217798594855,0.21311475409836064,0.2857142857142857,-0.07259953161592506,1.8688524590163935,1.4285714285714286,0.4402810304449649,1.1147540983606556,1.2380952380952381,-0.1233411397345825,13.0,6.0,7.0,61.0,21.0,40.0,0.46153846153846156,0.0,0.46153846153846156,0.23076923076923078,0.0,0.23076923076923078,2.0,0.0,2.0,3.0,18.0,-15.0,0.4714045207910317,2.8674417556808756,-2.3960372348898438,1.0,1.0,0.0,1598.0,,,27.075,,,0.39285714285714285,0.11764705882352941,0.27521008403361347,0.4186046511627907,0.30303030303030304,0.11557434813248768,,,,,,,0.0,0.0,0.0
2022-11-26,2022,DEN,FRA,0,0,0.42857142857142855,0.5409836065573771,-0.11241217798594855,0.2857142857142857,0.21311475409836064,0.07259953161592506,1.4285714285714286,1.8688524590163935,-0.4402810304449649,1.2380952380952381,1.1147540983606556,0.1233411397345825,6.0,13.0,-7.0,21.0,61.0,-40.0,0.0,0.46153846153846156,-0.46153846153846156,0.0,0.23076923076923078,-0.23076923076923078,0.0,2.0,-2.0,18.0,3.0,15.0,2.8674417556808756,0.4714045207910317,2.3960372348898438,1.0,1.0,0.0,,1598.0,,,27.075,,0.11764705882352941,0.39285714285714285,-0.27521008403361347,0.30303030303030304,0.4186046511627907,-0.11557434813248768,,,,,,,0.0,0.0,0.0
2022-11-26,2022,POL,KSA,2,0,0.47058823529411764,0.23529411764705882,0.23529411764705882,0.17647058823529413,0.11764705882352941,0.05882352941176472,1.2058823529411764,0.7647058823529411,0.4411764705882353,1.1470588235294117,2.3529411764705883,-1.2058823529411766,8.0,6.0,2.0,34.0,17.0,17.0,0.25,0.0,0.25,0.0,0.0,0.0,0.0,0.0,0.0,22.0,49.0,-27.0,3.7712361663282534,7.542472332656507,-3.7712361663282534,1.0,1.0,0.0,,37.45,,,27.068181818181817,,0.14285714285714285,0.16666666666666666,-0.023809523809523808,0.14285714285714285,,,,,,,,,0.0,0.0,0.0
2022-11-26,2022,KSA,POL,0,0,0.23529411764705882,0.47058823529411764,-0.23529411764705882,0.11764705882352941,0.17647058823529413,-0.05882352941176472,0.7647058823529411,1.2058823529411764,-0.4411764705882353,2.3529411764705883,1.1470588235294117,1.2058823529411766,6.0,8.0,-2.0,17.0,34.0,-17.0,0.0,0.25,-0.25,0.0,0.0,0.0,0.0,0.0,0.0,49.0,22.0,27.0,7.542472332656507,3.7712361663282534,3.7712361663282534,1.0,1.0,0.0,37.45,,,27.068181818181817,,,0.16666666666666666,0.14285714285714285,0.023809523809523808,,0.14285714285714285,,,,,,,,0.0,0.0,0.0
2022-11-26,2022,TUN,AUS,0,0,0.125,0.11764705882352941,0.00735294117647059,0.3125,0.23529411764705882,0.07720588235294118,0.8125,0.8235294117647058,-0.011029411764705843,1.5625,2.0588235294117645,-0.4963235294117645,6.0,6.0,0.0,16.0,17.0,-1.0,0.0,0.0,0.0,0.0,0.0,0.0,0.0,0.0,0.0,30.0,27.0,3.0,1.699673171197595,3.0912061651652345,-1.3915329939676395,1.0,1.0,0.0,79.07500000000002,56.025,23.05000000000002,25.895833333333332,26.80851063829787,-0.9126773049645394,0.0,0.0,0.0,,,,,,,0.3125,,,0.0,0.0,0.0
2022-11-26,2022,AUS,TUN,2,0,0.11764705882352941,0.125,-0.00735294117647059,0.23529411764705882,0.3125,-0.07720588235294118,0.8235294117647058,0.8125,0.011029411764705843,2.0588235294117645,1.5625,0.4963235294117645,6.0,6.0,0.0,17.0,16.0,1.0,0.0,0.0,0.0,0.0,0.0,0.0,0.0,0.0,0.0,27.0,30.0,-3.0,3.0912061651652345,1.699673171197595,1.3915329939676395,1.0,1.0,0.0,56.025,79.07500000000002,-23.05000000000002,26.80851063829787,25.895833333333332,0.9126773049645394,0.0,0.0,0.0,,,,,,,,0.3125,,0.0,0.0,0.0
2022-11-27,2022,ESP,GER,1,0,0.4918032786885246,0.6153846153846154,-0.12358133669609084,0.22950819672131148,0.18269230769230768,0.0468158890290038,1.6721311475409837,2.048076923076923,-0.3759457755359392,1.1311475409836065,1.0961538461538463,0.034993694829760225,15.0,18.0,-3.0,61.0,104.0,-43.0,0.06666666666666667,0.6666666666666666,-0.6,0.06666666666666667,0.4444444444444444,-0.37777777777777777,1.0,4.0,-3.0,10.0,14.0,-4.0,0.816496580927726,1.247219128924647,-0.430722547996921,1.0,1.0,0.0,991.5,980.0,11.5,24.96969696969697,27.405405405405407,-2.435708435708438,0.3684210526315789,0.46875,-0.10032894736842107,0.41304347826086957,0.4473684210526316,-0.034324942791762014,,,,,,,0.0,0.0,0.0
2022-11-27,2022,GER,ESP,1,0,0.6153846153846154,0.4918032786885246,0.12358133669609084,0.18269230769230768,0.22950819672131148,-0.0468158890290038,2.048076923076923,1.6721311475409837,0.3759457755359392,1.0961538461538463,1.1311475409836065,-0.034993694829760225,18.0,15.0,3.0,104.0,61.0,43.0,0.6666666666666666,0.06666666666666667,0.6,0.4444444444444444,0.06666666666666667,0.37777777777777777,4.0,1.0,3.0,14.0,10.0,4.0,1.247219128924647,0.816496580927726,0.430722547996921,1.0,1.0,0.0,980.0,991.5,-11.5,27.405405405405407,24.96969696969697,2.435708435708438,0.46875,0.3684210526315789,0.10032894736842107,0.4473684210526316,0.41304347826086957,0.034324942791762014,,,,,,,0.0,0.0,0.0
2022-11-27,2022,BEL,MAR,0,0,0.4666666666666667,0.11764705882352941,0.34901960784313724,0.2,0.35294117647058826,-0.15294117647058825,1.4666666666666666,0.8235294117647058,0.6431372549019607,1.3333333333333333,1.2941176470588236,0.039215686274509665,11.0,6.0,5.0,45.0,17.0,28.0,0.18181818181818182,0.0,0.18181818181818182,0.0,0.0,0.0,0.0,0.0,0.0,4.0,11.0,-7.0,0.0,6.128258770283412,-6.128258770283412,1.0,1.0,0.0,654.4,308.34999999999997,346.05,28.0,25.866666666666667,2.133333333333333,0.4166666666666667,0.0,0.4166666666666667,0.5,,,,,,,0.35294117647058826,,0.0,0.0,0.0
2022-11-27,2022,MAR,BEL,2,0,0.11764705882352941,0.4666666666666667,-0.34901960784313724,0.35294117647058826,0.2,0.15294117647058825,0.8235294117647058,1.4666666666666666,-0.6431372549019607,1.2941176470588236,1.3333333333333333,-0.039215686274509665,6.0,11.0,-5.0,17.0,45.0,-28.0,0.0,0.18181818181818182,-0.18181818181818182,0.0,0.0,0.0,0.0,0.0,0.0,11.0,4.0,7.0,6.128258770283412,0.0,6.128258770283412,1.0,1.0,0.0,308.34999999999997,654.4,-346.05,25.866666666666667,28.0,-2.133333333333333,0.0,0.4166666666666667,-0.4166666666666667,,0.5,,,,,0.35294117647058826,,,0.0,0.0,0.0
2022-11-27,2022,CRO,CAN,2,0,0.4583333333333333,0.0,0.4583333333333333,0.20833333333333334,0.0,0.20833333333333334,1.4583333333333333,0.0,1.4583333333333333,1.0833333333333333,1.5,-0.41666666666666674,6.0,2.0,4.0,24.0,4.0,20.0,0.3333333333333333,0.0,0.3333333333333333,0.16666666666666666,0.0,0.16666666666666666,0.0,0.0,0.0,7.0,53.0,-46.0,3.681787005729087,15.326085243430198,-11.644298237701111,1.0,1.0,0.0,407.1,197.17499999999998,209.92500000000004,26.2,25.071428571428573,1.1285714285714263,0.23809523809523808,0.0,0.23809523809523808,0.4090909090909091,,,,,,,,,0.0,0.0,0.0
2022-11-27,2022,JPN,CRC,0,0,0.2727272727272727,0.2631578947368421,0.009569377990430616,0.22727272727272727,0.2631578947368421,-0.035885167464114825,1.0,1.0,0.0,1.3636363636363635,1.8421052631578947,-0.47846889952153115,7.0,6.0,1.0,22.0,19.0,3.0,0.0,0.0,0.0,0.0,0.0,0.0,0.0,0.0,0.0,20.0,,,0.816496580927726,,,1.0,0.0,1.0,155.05,,,25.89090909090909,,,0.0,0.18181818181818182,-0.18181818181818182,,,,0.0,0.35714285714285715,-0.35714285714285715,,,,0.0,0.0,0.0
2022-11-27,2022,CRC,JPN,2,0,0.2631578947368421,0.2727272727272727,-0.009569377990430616,0.2631578947368421,0.22727272727272727,0.035885167464114825,1.0,1.0,0.0,1.8421052631578947,1.3636363636363635,0.47846889952153115,6.0,7.0,-1.0,19.0,22.0,-3.0,0.0,0.0,0.0,0.0,0.0,0.0,0.0,0.0,0.0,,20.0,,,0.816496580927726,,0.0,1.0,-1.0,,155.05,,,25.89090909090909,,0.18181818181818182,0.0,0.18181818181818182,,,,0.35714285714285715,0.0,0.35714285714285715,,,,0.0,0.0,0.0
2022-11-27,2022,CAN,CRO,0,0,0.0,0.4583333333333333,-0.4583333333333333,0.0,0.20833333333333334,-0.20833333333333334,0.0,1.4583333333333333,-1.4583333333333333,1.5,1.0833333333333333,0.41666666666666674,2.0,6.0,-4.0,4.0,24.0,-20.0,0.0,0.3333333333333333,-0.3333333333333333,0.0,0.16666666666666666,-0.16666666666666666,0.0,0.0,0.0,53.0,7.0,46.0,15.326085243430198,3.681787005729087,11.644298237701111,1.0,1.0,0.0,197.17499999999998,407.1,-209.92500000000004,25.071428571428573,26.2,-1.1285714285714263,0.0,0.23809523809523808,-0.23809523809523808,,0.4090909090909091,,,,,,,,0.0,0.0,0.0
2022-11-28,2022,POR,URU,2,0,0.4838709677419355,0.37735849056603776,0.10651247717589774,0.1935483870967742,0.24528301886792453,-0.05173463177115034,1.6774193548387097,1.3584905660377358,0.318928788800974,1.1935483870967742,1.3396226415094339,-0.14607425441265964,8.0,13.0,-5.0,31.0,53.0,-22.0,0.25,0.23076923076923078,0.019230769230769218,0.0,0.0,0.0,0.0,2.0,-2.0,9.0,16.0,-7.0,1.247219128924647,5.0990195135927845,-3.8518003846681372,1.0,1.0,0.0,957.6,438.0,519.6,26.157894736842106,26.63157894736842,-0.47368421052631504,0.20833333333333334,0.07142857142857142,0.13690476190476192,0.4358974358974359,,,,0.4,,,,,0.0,0.0,0.0
2022-11-28,2022,URU,POR,0,0,0.37735849056603776,0.4838709677419355,-0.10651247717589774,0.24528301886792453,0.1935483870967742,0.05173463177115034,1.3584905660377358,1.6774193548387097,-0.318928788800974,1.3396226415094339,1.1935483870967742,0.14607425441265964,13.0,8.0,5.0,53.0,31.0,22.0,0.23076923076923078,0.25,-0.019230769230769218,0.0,0.0,0.0,2.0,0.0,2.0,16.0,9.0,7.0,5.0990195135927845,1.247219128924647,3.8518003846681372,1.0,1.0,0.0,438.0,957.6,-519.6,26.63157894736842,26.157894736842106,0.47368421052631504,0.07142857142857142,0.20833333333333334,-0.13690476190476192,,0.4358974358974359,,0.4,,,,,,0.0,0.0,0.0
2022-11-28,2022,BRA,SUI,2,0,0.6862745098039216,0.3333333333333333,0.35294117647058826,0.16666666666666666,0.21212121212121213,-0.04545454545454547,2.0686274509803924,1.2424242424242424,0.8262032085561499,0.8725490196078431,1.6363636363636365,-0.7638146167557933,19.0,10.0,9.0,102.0,33.0,69.0,0.47368421052631576,0.0,0.47368421052631576,0.3157894736842105,0.0,0.3157894736842105,5.0,0.0,5.0,1.0,12.0,-11.0,0.4714045207910317,1.699673171197595,-1.2282686504065632,1.0,1.0,0.0,1284.5,333.35,951.15,26.476190476190474,27.31578947368421,-0.8395989974937343,0.43478260869565216,0.07142857142857142,0.3633540372670807,,0.16666666666666666,,0.5526315789473685,,,,,,0.0,0.0,0.0
2022-11-28,2022,SUI,BRA,0,0,0.3333333333333333,0.6862745098039216,-0.35294117647058826,0.21212121212121213,0.16666666666666666,0.04545454545454547,1.2424242424242424,2.0686274509803924,-0.8262032085561499,1.6363636363636365,0.8725490196078431,0.7638146167557933,10.0,19.0,-9.0,33.0,102.0,-69.0,0.0,0.47368421052631576,-0.47368421052631576,0.0,0.3157894736842105,-0.3157894736842105,0.0,5.0,-5.0,12.0,1.0,11.0,1.699673171197595,0.4714045207910317,1.2282686504065632,1.0,1.0,0.0,333.35,1284.5,-951.15,27.31578947368421,26.476190476190474,0.8395989974937343,0.07142857142857142,0.43478260869565216,-0.3633540372670807,0.16666666666666666,,,,0.5526315789473685,,,,,0.0,0.0,0.0
2022-11-28,2022,KOR,GHA,0,0,0.17142857142857143,0.3076923076923077,-0.13626373626373628,0.2857142857142857,0.23076923076923078,0.054945054945054916,0.9714285714285714,1.1538461538461537,-0.18241758241758232,2.0,1.4615384615384615,0.5384615384615385,11.0,4.0,7.0,35.0,13.0,22.0,0.09090909090909091,0.0,0.09090909090909091,0.0,0.0,0.0,0.0,0.0,0.0,25.0,58.0,-33.0,2.943920288775949,2.357022603955158,0.5868976848207907,1.0,1.0,0.0,163.525,215.575,-52.04999999999998,25.444444444444443,24.26,1.1844444444444413,0.0,0.1111111111111111,-0.1111111111111111,,,,,,,,0.5217391304347826,,0.0,0.0,0.0
2022-11-28,2022,GHA,KOR,2,0,0.3076923076923077,0.17142857142857143,0.13626373626373628,0.23076923076923078,0.2857142857142857,-0.054945054945054916,1.1538461538461537,0.9714285714285714,0.18241758241758232,1.4615384615384615,2.0,-0.5384615384615385,4.0,11.0,-7.0,13.0,35.0,-22.0,0.0,0.09090909090909091,-0.09090909090909091,0.0,0.0,0.0,0.0,0.0,0.0,58.0,25.0,33.0,2.357022603955158,2.943920288775949,-0.5868976848207907,1.0,1.0,0.0,215.575,163.525,52.04999999999998,24.26,25.444444444444443,-1.1844444444444413,0.1111111111111111,0.0,0.1111111111111111,,,,,,,0.5217391304347826,,,0.0,0.0,0.0
2022-11-28,2022,CMR,SRB,1,0,0.16666666666666666,0.2857142857142857,-0.11904761904761904,0.2916666666666667,0.07142857142857142,0.22023809523809526,0.75,0.7857142857142857,-0.0357142857142857,1.8333333333333333,1.6428571428571428,0.19047619047619047,8.0,5.0,3.0,24.0,14.0,10.0,0.0,0.0,0.0,0.0,0.0,0.0,0.0,0.0,0.0,,,,,,,0.0,0.0,0.0,,,,,,,0.0,0.14285714285714285,-0.14285714285714285,,,,,,,0.5211267605633803,,,0.0,0.0,0.0
2022-11-28,2022,SRB,CMR,1,0,0.2857142857142857,0.16666666666666666,0.11904761904761904,0.07142857142857142,0.2916666666666667,-0.22023809523809526,0.7857142857142857,0.75,0.0357142857142857,1.6428571428571428,1.8333333333333333,-0.19047619047619047,5.0,8.0,-3.0,14.0,24.0,-10.0,0.0,0.0,0.0,0.0,0.0,0.0,0.0,0.0,0.0,,,,,,,0.0,0.0,0.0,,,,,,,0.14285714285714285,0.0,0.14285714285714285,,,,,,,,0.5211267605633803,,0.0,0.0,0.0
2022-11-29,2022,ECU,SEN,0,0,0.4166666666666667,0.4,0.016666666666666663,0.16666666666666666,0.3,-0.13333333333333333,1.0833333333333333,1.4,-0.31666666666666665,1.0,1.3,-0.30000000000000004,4.0,3.0,1.0,12.0,10.0,2.0,0.0,0.0,0.0,0.0,0.0,0.0,0.0,0.0,0.0,41.0,19.0,22.0,6.97614984548545,0.0,6.97614984548545,1.0,1.0,0.0,102.60000000000001,389.5,-286.9,24.08695652173913,25.675,-1.5880434782608717,0.0,0.3333333333333333,-0.3333333333333333,,,,0.1111111111111111,,,,0.35135135135135137,,0.0,0.0,0.0
2022-11-29,2022,SEN,ECU,2,0,0.4,0.4166666666666667,-0.016666666666666663,0.3,0.16666666666666666,0.13333333333333333,1.4,1.0833333333333333,0.31666666666666665,1.3,1.0,0.30000000000000004,3.0,4.0,-1.0,10.0,12.0,-2.0,0.0,0.0,0.0,0.0,0.0,0.0,0.0,0.0,0.0,19.0,41.0,-22.0,0.0,6.97614984548545,-6.97614984548545,1.0,1.0,0.0,389.5,102.60000000000001,286.9,25.675,24.08695652173913,1.5880434782608717,0.3333333333333333,0.0,0.3333333333333333,,,,,0.1111111111111111,,0.35135135135135137,,,0.0,0.0,0.0
2022-11-29,2022,NED,QAT,2,0,0.56,0.0,0.56,0.26,0.0,0.26,1.74,0.5,1.24,0.86,2.5,-1.6400000000000001,9.0,1.0,8.0,50.0,2.0,48.0,0.5555555555555556,0.0,0.5555555555555556,0.3333333333333333,0.0,0.3333333333333333,0.0,0.0,0.0,6.0,60.0,-54.0,1.8856180831641267,4.189935029992179,-2.304316946828052,1.0,1.0,0.0,781.175,16.15,765.025,25.40909090909091,26.742857142857144,-1.3337662337662337,0.391304347826087,0.0,0.391304347826087,0.48717948717948717,,,,0.0,,,,,0.0,1.0,-1.0
2022-11-29,2022,QAT,NED,0,0,0.0,0.56,-0.56,0.0,0.26,-0.26,0.5,1.74,-1.24,2.5,0.86,1.6400000000000001,1.0,9.0,-8.0,2.0,50.0,-48.0,0.0,0.5555555555555556,-0.5555555555555556,0.0,0.3333333333333333,-0.3333333333333333,0.0,0.0,0.0,60.0,6.0,54.0,4.189935029992179,1.8856180831641267,2.304316946828052,1.0,1.0,0.0,16.15,781.175,-765.025,26.742857142857144,25.40909090909091,1.3337662337662337,0.0,0.391304347826087,-0.391304347826087,,0.48717948717948717,,0.0,,,,,,1.0,0.0,1.0
2022-11-29,2022,IRN,USA,0,0,0.17647058823529413,0.1935483870967742,-0.01707779886148006,0.23529411764705882,0.25806451612903225,-0.02277039848197343,0.7647058823529411,0.967741935483871,-0.20303605313092987,1.7647058823529411,1.6129032258064515,0.1518026565464896,6.0,9.0,-3.0,17.0,31.0,-14.0,0.0,0.0,0.0,0.0,0.0,0.0,0.0,0.0,0.0,24.0,13.0,11.0,4.988876515698588,5.185449728701348,-0.1965732130027602,1.0,1.0,0.0,86.72500000000001,332.79999999999995,-246.07499999999993,25.943396226415093,23.72093023255814,2.2224659938569538,0.0,0.0625,-0.0625,,,,,0.3333333333333333,,,,,0.0,0.0,0.0
2022-11-29,2022,WAL,ENG,0,0,0.14285714285714285,0.4225352112676056,-0.2796780684104628,0.5714285714285714,0.30985915492957744,0.26156941649899396,0.7142857142857143,1.3661971830985915,-0.6519114688128772,1.0,0.9295774647887324,0.07042253521126762,2.0,16.0,-14.0,7.0,71.0,-64.0,0.0,0.1875,-0.1875,0.0,0.0625,-0.0625,0.0,1.0,-1.0,28.0,5.0,23.0,1.699673171197595,0.0,1.699673171197595,1.0,1.0,0.0,,1817.5,,,26.69047619047619,,0.3333333333333333,0.11764705882352941,0.2156862745098039,0.5,0.3684210526315789,0.13157894736842107,,,,,,,0.0,0.0,0.0
2022-11-29,2022,ENG,WAL,2,0,0.4225352112676056,0.14285714285714285,0.2796780684104628,0.30985915492957744,0.5714285714285714,-0.26156941649899396,1.3661971830985915,0.7142857142857143,0.6519114688128772,0.9295774647887324,1.0,-0.07042253521126762,16.0,2.0,14.0,71.0,7.0,64.0,0.1875,0.0,0.1875,0.0625,0.0,0.0625,1.0,0.0,1.0,5.0,28.0,-23.0,0.0,1.699673171197595,-1.699673171197595,1.0,1.0,0.0,1817.5,,,26.69047619047619,,,0.11764705882352941,0.3333333333333333,-0.2156862745098039,0.3684210526315789,0.5,-0.13157894736842107,,,,,,,0.0,0.0,0.0
2022-11-29,2022,USA,IRN,2,0,0.1935483870967742,0.17647058823529413,0.01707779886148006,0.25806451612903225,0.23529411764705882,0.02277039848197343,0.967741935483871,0.7647058823529411,0.20303605313092987,1.6129032258064515,1.7647058823529411,-0.1518026565464896,9.0,6.0,3.0,31.0,17.0,14.0,0.0,0.0,0.0,0.0,0.0,0.0,0.0,0.0,0.0,13.0,24.0,-11.0,5.185449728701348,4.988876515698588,0.1965732130027602,1.0,1.0,0.0,332.79999999999995,86.72500000000001,246.07499999999993,23.72093023255814,25.943396226415093,-2.2224659938569538,0.0625,0.0,0.0625,,,,0.3333333333333333,,,,,,0.0,0.0,0.0
2022-11-30,2022,AUS,DEN,2,0,0.16666666666666666,0.4090909090909091,-0.24242424242424246,0.2222222222222222,0.2727272727272727,-0.0505050505050505,0.8333333333333334,1.4090909090909092,-0.5757575757575758,1.9444444444444444,1.2727272727272727,0.6717171717171717,6.0,6.0,0.0,18.0,22.0,-4.0,0.0,0.0,0.0,0.0,0.0,0.0,0.0,0.0,0.0,27.0,18.0,9.0,3.0912061651652345,2.8674417556808756,0.22376440948435894,1.0,1.0,0.0,56.025,,,26.80851063829787,,,0.0,0.1111111111111111,-0.1111111111111111,,0.30303030303030304,,,,,,,,0.0,0.0,0.0
2022-11-30,2022,DEN,AUS,0,0,0.4090909090909091,0.16666666666666666,0.24242424242424246,0.2727272727272727,0.2222222222222222,0.0505050505050505,1.4090909090909092,0.8333333333333334,0.5757575757575758,1.2727272727272727,1.9444444444444444,-0.6717171717171717,6.0,6.0,0.0,22.0,18.0,4.0,0.0,0.0,0.0,0.0,0.0,0.0,0.0,0.0,0.0,18.0,27.0,-9.0,2.8674417556808756,3.0912061651652345,-0.22376440948435894,1.0,1.0,0.0,,56.025,,,26.80851063829787,,0.1111111111111111,0.0,0.1111111111111111,0.30303030303030304,,,,,,,,,0.0,0.0,0.0
2022-11-30,2022,KSA,MEX,0,0,0.2222222222222222,0.2857142857142857,-0.06349206349206349,0.1111111111111111,0.26785714285714285,-0.15674603174603174,0.7222222222222222,1.0,-0.2777777777777778,2.3333333333333335,1.5535714285714286,0.7797619047619049,6.0,16.0,-10.0,18.0,56.0,-38.0,0.0,0.0,0.0,0.0,0.0,0.0,0.0,0.0,0.0,49.0,15.0,34.0,7.542472332656507,2.0548046676563256,5.487667665000181,1.0,1.0,0.0,37.45,283.7,-246.25,27.068181818181817,25.410714285714285,1.6574675324675319,0.16666666666666666,0.23809523809523808,-0.07142857142857142,,,,,0.4230769230769231,,,,,0.0,0.0,0.0
2022-11-30,2022,MEX,KSA,2,0,0.2857142857142857,0.2222222222222222,0.06349206349206349,0.26785714285714285,0.1111111111111111,0.15674603174603174,1.0,0.7222222222222222,0.2777777777777778,1.5535714285714286,2.3333333333333335,-0.7797619047619049,16.0,6.0,10.0,56.0,18.0,38.0,0.0,0.0,0.0,0.0,0.0,0.0,0.0,0.0,0.0,15.0,49.0,-34.0,2.0548046676563256,7.542472332656507,-5.487667665000181,1.0,1.0,0.0,283.7,37.45,246.25,25.410714285714285,27.068181818181817,-1.6574675324675319,0.23809523809523808,0.16666666666666666,0.07142857142857142,,,,0.4230769230769231,,,,,,0.0,0.0,0.0
2022-11-30,2022,POL,ARG,0,0,0.4857142857142857,0.5194805194805194,-0.03376623376623372,0.17142857142857143,0.19480519480519481,-0.023376623376623384,1.2285714285714286,1.5584415584415585,-0.32987012987012987,1.1142857142857143,1.077922077922078,0.036363636363636376,8.0,16.0,-8.0,35.0,77.0,-42.0,0.25,0.25,0.0,0.0,0.25,-0.25,0.0,2.0,-2.0,22.0,2.0,20.0,3.7712361663282534,1.632993161855452,2.1382430044728014,1.0,1.0,0.0,,836.0,,,26.375,,0.14285714285714285,0.1111111111111111,0.031746031746031744,0.14285714285714285,,,,0.6410256410256411,,,,,0.0,0.0,0.0
2022-11-30,2022,ARG,POL,2,0,0.5194805194805194,0.4857142857142857,0.03376623376623372,0.19480519480519481,0.17142857142857143,0.023376623376623384,1.5584415584415585,1.2285714285714286,0.32987012987012987,1.077922077922078,1.1142857142857143,-0.036363636363636376,16.0,8.0,8.0,77.0,35.0,42.0,0.25,0.25,0.0,0.25,0.0,0.25,2.0,0.0,2.0,2.0,22.0,-20.0,1.632993161855452,3.7712361663282534,-2.1382430044728014,1.0,1.0,0.0,836.0,,,26.375,,,0.1111111111111111,0.14285714285714285,-0.031746031746031744,,0.14285714285714285,,0.6410256410256411,,,,,,0.0,0.0,0.0
2022-11-30,2022,TUN,FRA,2,0,0.11764705882352941,0.5483870967741935,-0.43074003795066407,0.29411764705882354,0.20967741935483872,0.08444022770398482,0.7647058823529411,1.8709677419354838,-1.1062618595825426,1.5294117647058822,1.1129032258064515,0.41650853889943074,6.0,13.0,-7.0,17.0,62.0,-45.0,0.0,0.46153846153846156,-0.46153846153846156,0.0,0.23076923076923078,-0.23076923076923078,0.0,2.0,-2.0,30.0,3.0,27.0,1.699673171197595,0.4714045207910317,1.2282686504065632,1.0,1.0,0.0,79.07500000000002,1598.0,-1518.925,25.895833333333332,27.075,-1.1791666666666671,0.0,0.39285714285714285,-0.39285714285714285,,0.4186046511627907,,,,,0.3125,,,0.0,0.0,0.0
2022-11-30,2022,FRA,TUN,0,0,0.5483870967741935,0.11764705882352941,0.43074003795066407,0.20967741935483872,0.29411764705882354,-0.08444022770398482,1.8709677419354838,0.7647058823529411,1.1062618595825426,1.1129032258064515,1.5294117647058822,-0.41650853889943074,13.0,6.0,7.0,62.0,17.0,45.0,0.46153846153846156,0.0,0.46153846153846156,0.23076923076923078,0.0,0.23076923076923078,2.0,0.0,2.0,3.0,30.0,-27.0,0.4714045207910317,1.699673171197595,-1.2282686504065632,1.0,1.0,0.0,1598.0,79.07500000000002,1518.925,27.075,25.895833333333332,1.1791666666666671,0.39285714285714285,0.0,0.39285714285714285,0.4186046511627907,,,,,,,0.3125,,0.0,0.0,0.0
2022-12-01,2022,CAN,MAR,0,0,0.0,0.16666666666666666,-0.16666666666666666,0.0,0.3333333333333333,-0.3333333333333333,0.2,0.8888888888888888,-0.6888888888888889,2.0,1.2222222222222223,0.7777777777777777,2.0,6.0,-4.0,5.0,18.0,-13.0,0.0,0.0,0.0,0.0,0.0,0.0,0.0,0.0,0.0,53.0,11.0,42.0,15.326085243430198,6.128258770283412,9.197826473146787,1.0,1.0,0.0,197.17499999999998,308.34999999999997,-111.17499999999998,25.071428571428573,25.866666666666667,-0.7952380952380942,0.0,0.16666666666666666,-0.16666666666666666,,,,,,,,0.35294117647058826,,0.0,0.0,0.0
2022-12-01,2022,MAR,CAN,2,0,0.16666666666666666,0.0,0.16666666666666666,0.3333333333333333,0.0,0.3333333333333333,0.8888888888888888,0.2,0.6888888888888889,1.2222222222222223,2.0,-0.7777777777777777,6.0,2.0,4.0,18.0,5.0,13.0,0.0,0.0,0.0,0.0,0.0,0.0,0.0,0.0,0.0,11.0,53.0,-42.0,6.128258770283412,15.326085243430198,-9.197826473146787,1.0,1.0,0.0,308.34999999999997,197.17499999999998,111.17499999999998,25.866666666666667,25.071428571428573,0.7952380952380942,0.16666666666666666,0.0,0.16666666666666666,,,,,,,0.35294117647058826,,,0.0,0.0,0.0
2022-12-01,2022,CRO,BEL,1,0,0.48,0.45652173913043476,0.023478260869565226,0.2,0.1956521739130435,0.004347826086956524,1.56,1.434782608695652,0.12521739130434795,1.08,1.3478260869565217,-0.26782608695652166,6.0,11.0,-5.0,25.0,46.0,-21.0,0.3333333333333333,0.18181818181818182,0.1515151515151515,0.16666666666666666,0.0,0.16666666666666666,0.0,0.0,0.0,7.0,4.0,3.0,3.681787005729087,0.0,3.681787005729087,1.0,1.0,0.0,407.1,654.4,-247.29999999999995,26.2,28.0,-1.8000000000000007,0.23809523809523808,0.4166666666666667,-0.1785714285714286,0.4090909090909091,0.5,-0.09090909090909088,,,,,,,0.0,0.0,0.0
2022-12-01,2022,BEL,CRO,1,0,0.45652173913043476,0.48,-0.023478260869565226,0.1956521739130435,0.2,-0.004347826086956524,1.434782608695652,1.56,-0.12521739130434795,1.3478260869565217,1.08,0.26782608695652166,11.0,6.0,5.0,46.0,25.0,21.0,0.18181818181818182,0.3333333333333333,-0.1515151515151515,0.0,0.16666666666666666,-0.16666666666666666,0.0,0.0,0.0,4.0,7.0,-3.0,0.0,3.681787005729087,-3.681787005729087,1.0,1.0,0.0,654.4,407.1,247.29999999999995,28.0,26.2,1.8000000000000007,0.4166666666666667,0.23809523809523808,0.1785714285714286,0.5,0.4090909090909091,0.09090909090909088,,,,,,,0.0,0.0,0.0
2022-12-01,2022,CRC,GER,0,0,0.3,0.6095238095238096,-0.3095238095238096,0.25,0.19047619047619047,0.059523809523809534,1.0,2.038095238095238,-1.038095238095238,1.75,1.0952380952380953,0.6547619047619047,6.0,18.0,-12.0,20.0,105.0,-85.0,0.0,0.6666666666666666,-0.6666666666666666,0.0,0.4444444444444444,-0.4444444444444444,0.0,4.0,-4.0,,14.0,,,1.247219128924647,,0.0,1.0,-1.0,,980.0,,,27.405405405405407,,0.18181818181818182,0.45454545454545453,-0.2727272727272727,,0.4473684210526316,,0.35714285714285715,,,,,,0.0,0.0,0.0
2022-12-01,2022,JPN,ESP,2,0,0.2608695652173913,0.4838709677419355,-0.2230014025245442,0.21739130434782608,0.24193548387096775,-0.024544179523141668,0.9565217391304348,1.6612903225806452,-0.7047685834502104,1.3478260869565217,1.1290322580645162,0.2187938288920055,7.0,15.0,-8.0,23.0,62.0,-39.0,0.0,0.06666666666666667,-0.06666666666666667,0.0,0.06666666666666667,-0.06666666666666667,0.0,1.0,-1.0,20.0,10.0,10.0,0.816496580927726,0.816496580927726,0.0,1.0,1.0,0.0,155.05,991.5,-836.45,25.89090909090909,24.96969696969697,0.9212121212121218,0.0,0.3684210526315789,-0.3684210526315789,,0.41304347826086957,,0.0,,,,,,0.0,0.0,0.0
2022-12-01,2022,ESP,JPN,0,0,0.4838709677419355,0.2608695652173913,0.2230014025245442,0.24193548387096775,0.21739130434782608,0.024544179523141668,1.6612903225806452,0.9565217391304348,0.7047685834502104,1.1290322580645162,1.3478260869565217,-0.2187938288920055,15.0,7.0,8.0,62.0,23.0,39.0,0.06666666666666667,0.0,0.06666666666666667,0.06666666666666667,0.0,0.06666666666666667,1.0,0.0,1.0,10.0,20.0,-10.0,0.816496580927726,0.816496580927726,0.0,1.0,1.0,0.0,991.5,155.05,836.45,24.96969696969697,25.89090909090909,-0.9212121212121218,0.3684210526315789,0.0,0.3684210526315789,0.41304347826086957,,,,0.0,,,,,0.0,0.0,0.0
2022-12-01,2022,GER,CRC,2,0,0.6095238095238096,0.3,0.3095238095238096,0.19047619047619047,0.25,-0.059523809523809534,2.038095238095238,1.0,1.038095238095238,1.0952380952380953,1.75,-0.6547619047619047,18.0,6.0,12.0,105.0,20.0,85.0,0.6666666666666666,0.0,0.6666666666666666,0.4444444444444444,0.0,0.4444444444444444,4.0,0.0,4.0,14.0,,,1.247219128924647,,,1.0,0.0,1.0,980.0,,,27.405405405405407,,,0.45454545454545453,0.18181818181818182,0.2727272727272727,0.4473684210526316,,,,0.35714285714285715,,,,,0.0,0.0,0.0
2022-12-02,2022,SRB,SUI,0,0,0.26666666666666666,0.3235294117647059,-0.056862745098039236,0.13333333333333333,0.20588235294117646,-0.07254901960784313,0.9333333333333333,1.2058823529411764,-0.27254901960784306,1.7333333333333334,1.6176470588235294,0.11568627450980395,5.0,10.0,-5.0,15.0,34.0,-19.0,0.0,0.0,0.0,0.0,0.0,0.0,0.0,0.0,0.0,,12.0,,,1.699673171197595,,0.0,1.0,-1.0,,333.35,,,27.31578947368421,,0.14285714285714285,0.06666666666666667,0.07619047619047618,,0.16666666666666666,,,,,,,,0.0,0.0,0.0
2022-12-02,2022,SUI,SRB,2,0,0.3235294117647059,0.26666666666666666,0.056862745098039236,0.20588235294117646,0.13333333333333333,0.07254901960784313,1.2058823529411764,0.9333333333333333,0.27254901960784306,1.6176470588235294,1.7333333333333334,-0.11568627450980395,10.0,5.0,5.0,34.0,15.0,19.0,0.0,0.0,0.0,0.0,0.0,0.0,0.0,0.0,0.0,12.0,,,1.699673171197595,,,1.0,0.0,1.0,333.35,,,27.31578947368421,,,0.06666666666666667,0.14285714285714285,-0.07619047619047618,0.16666666666666666,,,,,,,,,0.0,0.0,0.0
2022-12-02,2022,CMR,BRA,2,0,0.16,0.6893203883495146,-0.5293203883495146,0.32,0.1650485436893204,0.1549514563106796,0.84,2.058252427184466,-1.2182524271844661,1.88,0.8640776699029126,1.0159223300970872,8.0,19.0,-11.0,25.0,103.0,-78.0,0.0,0.47368421052631576,-0.47368421052631576,0.0,0.3157894736842105,-0.3157894736842105,0.0,5.0,-5.0,,1.0,,,0.4714045207910317,,0.0,1.0,-1.0,,1284.5,,,26.476190476190474,,0.0,0.43478260869565216,-0.43478260869565216,,,,,0.5526315789473685,,0.5211267605633803,,,0.0,0.0,0.0
2022-12-02,2022,BRA,CMR,0,0,0.6893203883495146,0.16,0.5293203883495146,0.1650485436893204,0.32,-0.1549514563106796,2.058252427184466,0.84,1.2182524271844661,0.8640776699029126,1.88,-1.0159223300970872,19.0,8.0,11.0,103.0,25.0,78.0,0.47368421052631576,0.0,0.47368421052631576,0.3157894736842105,0.0,0.3157894736842105,5.0,0.0,5.0,1.0,,,0.4714045207910317,,,1.0,0.0,1.0,1284.5,,,26.476190476190474,,,0.43478260869565216,0.0,0.43478260869565216,,,,0.5526315789473685,,,,0.5211267605633803,,0.0,0.0,0.0
2022-12-02,2022,GHA,URU,0,0,0.35714285714285715,0.37037037037037035,-0.013227513227513199,0.21428571428571427,0.24074074074074073,-0.026455026455026454,1.2857142857142858,1.3333333333333333,-0.04761904761904745,1.5,1.3518518518518519,0.14814814814814814,4.0,13.0,-9.0,14.0,54.0,-40.0,0.0,0.23076923076923078,-0.23076923076923078,0.0,0.0,0.0,0.0,2.0,-2.0,58.0,16.0,42.0,2.357022603955158,5.0990195135927845,-2.7419969096376264,1.0,1.0,0.0,215.575,438.0,-222.425,24.26,26.63157894736842,-2.3715789473684197,0.1111111111111111,0.06666666666666667,0.04444444444444444,,,,,0.4,,0.5217391304347826,,,0.0,0.0,0.0
2022-12-02,2022,URU,GHA,2,0,0.37037037037037035,0.35714285714285715,0.013227513227513199,0.24074074074074073,0.21428571428571427,0.026455026455026454,1.3333333333333333,1.2857142857142858,0.04761904761904745,1.3518518518518519,1.5,-0.14814814814814814,13.0,4.0,9.0,54.0,14.0,40.0,0.23076923076923078,0.0,0.23076923076923078,0.0,0.0,0.0,2.0,0.0,2.0,16.0,58.0,-42.0,5.0990195135927845,2.357022603955158,2.7419969096376264,1.0,1.0,0.0,438.0,215.575,222.425,26.63157894736842,24.26,2.3715789473684197,0.06666666666666667,0.1111111111111111,-0.04444444444444444,,,,0.4,,,,0.5217391304347826,,0.0,0.0,0.0
2022-12-02,2022,KOR,POR,2,0,0.16666666666666666,0.5,-0.33333333333333337,0.2777777777777778,0.1875,0.09027777777777779,1.0,1.6875,-0.6875,2.0277777777777777,1.15625,0.8715277777777777,11.0,8.0,3.0,36.0,32.0,4.0,0.09090909090909091,0.25,-0.1590909090909091,0.0,0.0,0.0,0.0,0.0,0.0,25.0,9.0,16.0,2.943920288775949,1.247219128924647,1.6967011598513018,1.0,1.0,0.0,163.525,957.6,-794.075,25.444444444444443,26.157894736842106,-0.7134502923976633,0.0,0.20833333333333334,-0.20833333333333334,,0.4358974358974359,,,,,,,,0.0,0.0,0.0
2022-12-02,2022,POR,KOR,0,0,0.5,0.16666666666666666,0.33333333333333337,0.1875,0.2777777777777778,-0.09027777777777779,1.6875,1.0,0.6875,1.15625,2.0277777777777777,-0.8715277777777777,8.0,11.0,-3.0,32.0,36.0,-4.0,0.25,0.09090909090909091,0.1590909090909091,0.0,0.0,0.0,0.0,0.0,0.0,9.0,25.0,-16.0,1.247219128924647,2.943920288775949,-1.6967011598513018,1.0,1.0,0.0,957.6,163.525,794.075,26.157894736842106,25.444444444444443,0.7134502923976633,0.20833333333333334,0.0,0.20833333333333334,0.4358974358974359,,,,,,,,,0.0,0.0,0.0
2022-12-03,2022,NED,USA,2,1,0.5686274509803921,0.21875,0.34987745098039214,0.2549019607843137,0.25,0.004901960784313708,1.7450980392156863,0.96875,0.7763480392156863,0.8431372549019608,1.5625,-0.7193627450980392,9.0,9.0,0.0,51.0,32.0,19.0,0.5555555555555556,0.0,0.5555555555555556,0.3333333333333333,0.0,0.3333333333333333,0.0,0.0,0.0,6.0,13.0,-7.0,1.8856180831641267,5.185449728701348,-3.2998316455372216,1.0,1.0,0.0,781.175,332.79999999999995,448.375,25.40909090909091,23.72093023255814,1.688160676532771,0.391304347826087,0.0625,0.328804347826087,0.48717948717948717,,,,0.3333333333333333,,,,,0.0,0.0,0.0
2022-12-03,2022,USA,NED,0,1,0.21875,0.5686274509803921,-0.34987745098039214,0.25,0.2549019607843137,-0.004901960784313708,0.96875,1.7450980392156863,-0.7763480392156863,1.5625,0.8431372549019608,0.7193627450980392,9.0,9.0,0.0,32.0,51.0,-19.0,0.0,0.5555555555555556,-0.5555555555555556,0.0,0.3333333333333333,-0.3333333333333333,0.0,0.0,0.0,13.0,6.0,7.0,5.185449728701348,1.8856180831641267,3.2998316455372216,1.0,1.0,0.0,332.79999999999995,781.175,-448.375,23.72093023255814,25.40909090909091,-1.688160676532771,0.0625,0.391304347826087,-0.328804347826087,,0.48717948717948717,,0.3333333333333333,,,,,,0.0,0.0,0.0
2022-12-03,2022,ARG,AUS,2,1,0.5256410256410257,0.21052631578947367,0.315114709851552,0.19230769230769232,0.21052631578947367,-0.018218623481781354,1.564102564102564,0.8421052631578947,0.7219973009446694,1.064102564102564,1.8421052631578947,-0.7780026990553306,16.0,6.0,10.0,78.0,19.0,59.0,0.25,0.0,0.25,0.25,0.0,0.25,2.0,0.0,2.0,2.0,27.0,-25.0,1.632993161855452,3.0912061651652345,-1.4582130033097824,1.0,1.0,0.0,836.0,56.025,779.975,26.375,26.80851063829787,-0.4335106382978715,0.1111111111111111,0.0,0.1111111111111111,,,,0.6410256410256411,,,,,,0.0,0.0,0.0
2022-12-03,2022,AUS,ARG,0,1,0.21052631578947367,0.5256410256410257,-0.315114709851552,0.21052631578947367,0.19230769230769232,0.018218623481781354,0.8421052631578947,1.564102564102564,-0.7219973009446694,1.8421052631578947,1.064102564102564,0.7780026990553306,6.0,16.0,-10.0,19.0,78.0,-59.0,0.0,0.25,-0.25,0.0,0.25,-0.25,0.0,2.0,-2.0,27.0,2.0,25.0,3.0912061651652345,1.632993161855452,1.4582130033097824,1.0,1.0,0.0,56.025,836.0,-779.975,26.80851063829787,26.375,0.4335106382978715,0.0,0.1111111111111111,-0.1111111111111111,,,,,0.6410256410256411,,,,,0.0,0.0,0.0
2022-12-04,2022,FRA,POL,2,1,0.5396825396825397,0.4722222222222222,0.06746031746031744,0.20634920634920634,0.16666666666666666,0.03968253968253968,1.8412698412698412,1.1944444444444444,0.6468253968253967,1.1111111111111112,1.1388888888888888,-0.02777777777777768,13.0,8.0,5.0,63.0,36.0,27.0,0.46153846153846156,0.25,0.21153846153846156,0.23076923076923078,0.0,0.23076923076923078,2.0,0.0,2.0,3.0,22.0,-19.0,0.4714045207910317,3.7712361663282534,-3.2998316455372216,1.0,1.0,0.0,1598.0,,,27.075,,,0.39285714285714285,0.125,0.26785714285714285,0.4186046511627907,0.14285714285714285,0.27574750830564787,,,,,,,0.0,0.0,0.0
2022-12-04,2022,POL,FRA,0,1,0.4722222222222222,0.5396825396825397,-0.06746031746031744,0.16666666666666666,0.20634920634920634,-0.03968253968253968,1.1944444444444444,1.8412698412698412,-0.6468253968253967,1.1388888888888888,1.1111111111111112,0.02777777777777768,8.0,13.0,-5.0,36.0,63.0,-27.0,0.25,0.46153846153846156,-0.21153846153846156,0.0,0.23076923076923078,-0.23076923076923078,0.0,2.0,-2.0,22.0,3.0,19.0,3.7712361663282534,0.4714045207910317,3.2998316455372216,1.0,1.0,0.0,,1598.0,,,27.075,,0.125,0.39285714285714285,-0.26785714285714285,0.14285714285714285,0.4186046511627907,-0.27574750830564787,,,,,,,0.0,0.0,0.0
2022-12-04,2022,ENG,SEN,2,1,0.4305555555555556,0.45454545454545453,-0.02398989898989895,0.3055555555555556,0.2727272727272727,0.03282828282828287,1.3888888888888888,1.4545454545454546,-0.06565656565656575,0.9166666666666666,1.2727272727272727,-0.3560606060606061,16.0,3.0,13.0,72.0,11.0,61.0,0.1875,0.0,0.1875,0.0625,0.0,0.0625,1.0,0.0,1.0,5.0,19.0,-14.0,0.0,0.0,0.0,1.0,1.0,0.0,1817.5,389.5,1428.0,26.69047619047619,25.675,1.015476190476189,0.11764705882352941,0.3333333333333333,-0.2156862745098039,0.3684210526315789,,,,,,,0.35135135135135137,,0.0,0.0,0.0
2022-12-04,2022,SEN,ENG,0,1,0.45454545454545453,0.4305555555555556,0.02398989898989895,0.2727272727272727,0.3055555555555556,-0.03282828282828287,1.4545454545454546,1.3888888888888888,0.06565656565656575,1.2727272727272727,0.9166666666666666,0.3560606060606061,3.0,16.0,-13.0,11.0,72.0,-61.0,0.0,0.1875,-0.1875,0.0,0.0625,-0.0625,0.0,1.0,-1.0,19.0,5.0,14.0,0.0,0.0,0.0,1.0,1.0,0.0,389.5,1817.5,-1428.0,25.675,26.69047619047619,-1.015476190476189,0.3333333333333333,0.11764705882352941,0.2156862745098039,,0.3684210526315789,,,,,0.35135135135135137,,,0.0,0.0,0.0
2022-12-05,2022,BRA,KOR,2,1,0.6826923076923077,0.1891891891891892,0.4935031185031185,0.16346153846153846,0.2702702702702703,-0.10680873180873182,2.0384615384615383,1.027027027027027,1.0114345114345114,0.8653846153846154,2.0,-1.1346153846153846,19.0,11.0,8.0,104.0,37.0,67.0,0.47368421052631576,0.09090909090909091,0.3827751196172249,0.3157894736842105,0.0,0.3157894736842105,5.0,0.0,5.0,1.0,25.0,-24.0,0.4714045207910317,2.943920288775949,-2.472515767984917,1.0,1.0,0.0,1284.5,163.525,1120.975,26.476190476190474,25.444444444444443,1.0317460317460316,0.43478260869565216,0.08333333333333333,0.35144927536231885,,,,0.5526315789473685,,,,,,0.0,0.0,0.0
2022-12-05,2022,KOR,BRA,0,1,0.1891891891891892,0.6826923076923077,-0.4935031185031185,0.2702702702702703,0.16346153846153846,0.10680873180873182,1.027027027027027,2.0384615384615383,-1.0114345114345114,2.0,0.8653846153846154,1.1346153846153846,11.0,19.0,-8.0,37.0,104.0,-67.0,0.09090909090909091,0.47368421052631576,-0.3827751196172249,0.0,0.3157894736842105,-0.3157894736842105,0.0,5.0,-5.0,25.0,1.0,24.0,2.943920288775949,0.4714045207910317,2.472515767984917,1.0,1.0,0.0,163.525,1284.5,-1120.975,25.444444444444443,26.476190476190474,-1.0317460317460316,0.08333333333333333,0.43478260869565216,-0.35144927536231885,,,,,0.5526315789473685,,,,,0.0,0.0,0.0
2022-12-05,2022,JPN,CRO,1,1,0.2916666666666667,0.46153846153846156,-0.16987179487179488,0.20833333333333334,0.23076923076923078,-0.02243589743589744,1.0,1.5,-0.5,1.3333333333333333,1.0384615384615385,0.2948717948717947,7.0,6.0,1.0,24.0,26.0,-2.0,0.0,0.3333333333333333,-0.3333333333333333,0.0,0.16666666666666666,-0.16666666666666666,0.0,0.0,0.0,20.0,7.0,13.0,0.816496580927726,3.681787005729087,-2.865290424801361,1.0,1.0,0.0,155.05,407.1,-252.05,25.89090909090909,26.2,-0.30909090909090864,0.1111111111111111,0.22727272727272727,-0.11616161616161616,,0.4090909090909091,,0.0,,,,,,0.0,0.0,0.0
2022-12-05,2022,CRO,JPN,1,1,0.46153846153846156,0.2916666666666667,0.16987179487179488,0.23076923076923078,0.20833333333333334,0.02243589743589744,1.5,1.0,0.5,1.0384615384615385,1.3333333333333333,-0.2948717948717947,6.0,7.0,-1.0,26.0,24.0,2.0,0.3333333333333333,0.0,0.3333333333333333,0.16666666666666666,0.0,0.16666666666666666,0.0,0.0,0.0,7.0,20.0,-13.0,3.681787005729087,0.816496580927726,2.865290424801361,1.0,1.0,0.0,407.1,155.05,252.05,26.2,25.89090909090909,0.30909090909090864,0.22727272727272727,0.1111111111111111,0.11616161616161616,0.4090909090909091,,,,0.0,,,,,0.0,0.0,0.0
2022-12-06,2022,MAR,ESP,1,1,0.21052631578947367,0.47619047619047616,-0.2656641604010025,0.3157894736842105,0.23809523809523808,0.07769423558897243,0.9473684210526315,1.6507936507936507,-0.7034252297410192,1.2105263157894737,1.1428571428571428,0.06766917293233088,6.0,15.0,-9.0,19.0,63.0,-44.0,0.0,0.06666666666666667,-0.06666666666666667,0.0,0.06666666666666667,-0.06666666666666667,0.0,1.0,-1.0,11.0,10.0,1.0,6.128258770283412,0.816496580927726,5.311762189355686,1.0,1.0,0.0,308.34999999999997,991.5,-683.1500000000001,25.866666666666667,24.96969696969697,0.8969696969696983,0.16666666666666666,0.3684210526315789,-0.20175438596491227,,0.41304347826086957,,,,,0.35294117647058826,,,0.0,0.0,0.0
2022-12-06,2022,POR,SUI,2,1,0.48484848484848486,0.34285714285714286,0.141991341991342,0.18181818181818182,0.2,-0.018181818181818188,1.6666666666666667,1.2571428571428571,0.4095238095238096,1.1818181818181819,1.6285714285714286,-0.4467532467532467,8.0,10.0,-2.0,33.0,35.0,-2.0,0.25,0.0,0.25,0.0,0.0,0.0,0.0,0.0,0.0,9.0,12.0,-3.0,1.247219128924647,1.699673171197595,-0.45245404227294794,1.0,1.0,0.0,957.6,333.35,624.25,26.157894736842106,27.31578947368421,-1.1578947368421026,0.20833333333333334,0.06666666666666667,0.14166666666666666,0.4358974358974359,0.16666666666666666,0.2692307692307693,,,,,,,0.0,0.0,0.0
2022-12-06,2022,SUI,POR,0,1,0.34285714285714286,0.48484848484848486,-0.141991341991342,0.2,0.18181818181818182,0.018181818181818188,1.2571428571428571,1.6666666666666667,-0.4095238095238096,1.6285714285714286,1.1818181818181819,0.4467532467532467,10.0,8.0,2.0,35.0,33.0,2.0,0.0,0.25,-0.25,0.0,0.0,0.0,0.0,0.0,0.0,12.0,9.0,3.0,1.699673171197595,1.247219128924647,0.45245404227294794,1.0,1.0,0.0,333.35,957.6,-624.25,27.31578947368421,26.157894736842106,1.1578947368421026,0.06666666666666667,0.20833333333333334,-0.14166666666666666,0.16666666666666666,0.4358974358974359,-0.2692307692307693,,,,,,,0.0,0.0,0.0
2022-12-06,2022,ESP,MAR,1,1,0.47619047619047616,0.21052631578947367,0.2656641604010025,0.23809523809523808,0.3157894736842105,-0.07769423558897243,1.6507936507936507,0.9473684210526315,0.7034252297410192,1.1428571428571428,1.2105263157894737,-0.06766917293233088,15.0,6.0,9.0,63.0,19.0,44.0,0.06666666666666667,0.0,0.06666666666666667,0.06666666666666667,0.0,0.06666666666666667,1.0,0.0,1.0,10.0,11.0,-1.0,0.816496580927726,6.128258770283412,-5.311762189355686,1.0,1.0,0.0,991.5,308.34999999999997,683.1500000000001,24.96969696969697,25.866666666666667,-0.8969696969696983,0.3684210526315789,0.16666666666666666,0.20175438596491227,0.41304347826086957,,,,,,,0.35294117647058826,,0.0,0.0,0.0
2022-12-09,2022,CRO,BRA,1,1,0.4444444444444444,0.6857142857142857,-0.2412698412698413,0.25925925925925924,0.1619047619047619,0.09735449735449733,1.4814814814814814,2.057142857142857,-0.5756613756613755,1.037037037037037,0.8666666666666667,0.17037037037037028,6.0,19.0,-13.0,27.0,105.0,-78.0,0.3333333333333333,0.47368421052631576,-0.14035087719298245,0.16666666666666666,0.3157894736842105,-0.14912280701754385,0.0,5.0,-5.0,7.0,1.0,6.0,3.681787005729087,0.4714045207910317,3.210382484938055,1.0,1.0,0.0,407.1,1284.5,-877.4,26.2,26.476190476190474,-0.2761904761904752,0.22727272727272727,0.43478260869565216,-0.2075098814229249,0.4090909090909091,,,,0.5526315789473685,,,,,0.0,0.0,0.0
2022-12-09,2022,BRA,CRO,1,1,0.6857142857142857,0.4444444444444444,0.2412698412698413,0.1619047619047619,0.25925925925925924,-0.09735449735449733,2.057142857142857,1.4814814814814814,0.5756613756613755,0.8666666666666667,1.037037037037037,-0.17037037037037028,19.0,6.0,13.0,105.0,27.0,78.0,0.47368421052631576,0.3333333333333333,0.14035087719298245,0.3157894736842105,0.16666666666666666,0.14912280701754385,5.0,0.0,5.0,1.0,7.0,-6.0,0.4714045207910317,3.681787005729087,-3.210382484938055,1.0,1.0,0.0,1284.5,407.1,877.4,26.476190476190474,26.2,0.2761904761904752,0.43478260869565216,0.22727272727272727,0.2075098814229249,,0.4090909090909091,,0.5526315789473685,,,,,,0.0,0.0,0.0
2022-12-09,2022,NED,ARG,1,1,0.5769230769230769,0.5316455696202531,0.04527750730282376,0.25,0.189873417721519,0.060126582278481,1.7692307692307692,1.5696202531645569,0.19961051606621227,0.8461538461538461,1.0632911392405062,-0.21713729308666008,9.0,16.0,-7.0,52.0,79.0,-27.0,0.5555555555555556,0.25,0.3055555555555556,0.3333333333333333,0.25,0.08333333333333331,0.0,2.0,-2.0,6.0,2.0,4.0,1.8856180831641267,1.632993161855452,0.25262492130867464,1.0,1.0,0.0,781.175,836.0,-54.825000000000045,25.40909090909091,26.375,-0.9659090909090899,0.391304347826087,0.1111111111111111,0.28019323671497587,0.48717948717948717,,,,0.6410256410256411,,,,,0.0,0.0,0.0
2022-12-09,2022,ARG,NED,1,1,0.5316455696202531,0.5769230769230769,-0.04527750730282376,0.189873417721519,0.25,-0.060126582278481,1.5696202531645569,1.7692307692307692,-0.19961051606621227,1.0632911392405062,0.8461538461538461,0.21713729308666008,16.0,9.0,7.0,79.0,52.0,27.0,0.25,0.5555555555555556,-0.3055555555555556,0.25,0.3333333333333333,-0.08333333333333331,2.0,0.0,2.0,2.0,6.0,-4.0,1.632993161855452,1.8856180831641267,-0.25262492130867464,1.0,1.0,0.0,836.0,781.175,54.825000000000045,26.375,25.40909090909091,0.9659090909090899,0.1111111111111111,0.391304347826087,-0.28019323671497587,,0.48717948717948717,,0.6410256410256411,,,,,,0.0,0.0,0.0
2022-12-10,2022,ENG,FRA,0,1,0.4383561643835616,0.546875,-0.10851883561643838,0.3013698630136986,0.203125,0.09824486301369861,1.4109589041095891,1.859375,-0.44841609589041087,0.9041095890410958,1.109375,-0.20526541095890416,16.0,13.0,3.0,73.0,64.0,9.0,0.1875,0.46153846153846156,-0.27403846153846156,0.0625,0.23076923076923078,-0.16826923076923078,1.0,2.0,-1.0,5.0,3.0,2.0,0.0,0.4714045207910317,-0.4714045207910317,1.0,1.0,0.0,1817.5,1598.0,219.5,26.69047619047619,27.075,-0.3845238095238095,0.11764705882352941,0.39285714285714285,-0.27521008403361347,0.3684210526315789,0.4186046511627907,-0.05018359853121179,,,,,,,0.0,0.0,0.0
2022-12-10,2022,FRA,ENG,2,1,0.546875,0.4383561643835616,0.10851883561643838,0.203125,0.3013698630136986,-0.09824486301369861,1.859375,1.4109589041095891,0.44841609589041087,1.109375,0.9041095890410958,0.20526541095890416,13.0,16.0,-3.0,64.0,73.0,-9.0,0.46153846153846156,0.1875,0.27403846153846156,0.23076923076923078,0.0625,0.16826923076923078,2.0,1.0,1.0,3.0,5.0,-2.0,0.4714045207910317,0.0,0.4714045207910317,1.0,1.0,0.0,1598.0,1817.5,-219.5,27.075,26.69047619047619,0.3845238095238095,0.39285714285714285,0.11764705882352941,0.27521008403361347,0.4186046511627907,0.3684210526315789,0.05018359853121179,,,,,,,0.0,0.0,0.0
2022-12-10,2022,MAR,POR,2,1,0.2,0.5,-0.3,0.35,0.17647058823529413,0.17352941176470585,0.9,1.7941176470588236,-0.8941176470588236,1.15,1.1764705882352942,-0.026470588235294246,6.0,8.0,-2.0,20.0,34.0,-14.0,0.0,0.25,-0.25,0.0,0.0,0.0,0.0,0.0,0.0,11.0,9.0,2.0,6.128258770283412,1.247219128924647,4.881039641358765,1.0,1.0,0.0,308.34999999999997,957.6,-649.25,25.866666666666667,26.157894736842106,-0.29122807017543906,0.14285714285714285,0.20833333333333334,-0.0654761904761905,,0.4358974358974359,,,,,0.35294117647058826,,,0.0,0.0,0.0
2022-12-10,2022,POR,MAR,0,1,0.5,0.2,0.3,0.17647058823529413,0.35,-0.17352941176470585,1.7941176470588236,0.9,0.8941176470588236,1.1764705882352942,1.15,0.026470588235294246,8.0,6.0,2.0,34.0,20.0,14.0,0.25,0.0,0.25,0.0,0.0,0.0,0.0,0.0,0.0,9.0,11.0,-2.0,1.247219128924647,6.128258770283412,-4.881039641358765,1.0,1.0,0.0,957.6,308.34999999999997,649.25,26.157894736842106,25.866666666666667,0.29122807017543906,0.20833333333333334,0.14285714285714285,0.0654761904761905,0.4358974358974359,,,,,,,0.35294117647058826,,0.0,0.0,0.0
2022-12-13,2022,ARG,CRO,2,1,0.525,0.42857142857142855,0.09642857142857147,0.2,0.2857142857142857,-0.08571428571428569,1.575,1.4642857142857142,0.11071428571428577,1.075,1.0357142857142858,0.039285714285714146,16.0,6.0,10.0,80.0,28.0,52.0,0.25,0.3333333333333333,-0.08333333333333331,0.25,0.16666666666666666,0.08333333333333334,2.0,0.0,2.0,2.0,7.0,-5.0,1.632993161855452,3.681787005729087,-2.048793843873635,1.0,1.0,0.0,836.0,407.1,428.9,26.375,26.2,0.1750000000000007,0.10526315789473684,0.21739130434782608,-0.11212814645308924,,0.4090909090909091,,0.6410256410256411,,,,,,0.0,0.0,0.0
2022-12-13,2022,CRO,ARG,0,1,0.42857142857142855,0.525,-0.09642857142857147,0.2857142857142857,0.2,0.08571428571428569,1.4642857142857142,1.575,-0.11071428571428577,1.0357142857142858,1.075,-0.039285714285714146,6.0,16.0,-10.0,28.0,80.0,-52.0,0.3333333333333333,0.25,0.08333333333333331,0.16666666666666666,0.25,-0.08333333333333334,0.0,2.0,-2.0,7.0,2.0,5.0,3.681787005729087,1.632993161855452,2.048793843873635,1.0,1.0,0.0,407.1,836.0,-428.9,26.2,26.375,-0.1750000000000007,0.21739130434782608,0.10526315789473684,0.11212814645308924,0.4090909090909091,,,,0.6410256410256411,,,,,0.0,0.0,0.0
2022-12-14,2022,FRA,MAR,2,1,0.5538461538461539,0.23809523809523808,0.3157509157509158,0.2,0.3333333333333333,-0.1333333333333333,1.8615384615384616,0.9047619047619048,0.9567765567765568,1.1076923076923078,1.0952380952380953,0.01245421245421241,13.0,6.0,7.0,65.0,21.0,44.0,0.46153846153846156,0.0,0.46153846153846156,0.23076923076923078,0.0,0.23076923076923078,2.0,0.0,2.0,3.0,11.0,-8.0,0.4714045207910317,6.128258770283412,-5.656854249492381,1.0,1.0,0.0,1598.0,308.34999999999997,1289.65,27.075,25.866666666666667,1.2083333333333321,0.41379310344827586,0.25,0.16379310344827586,0.4186046511627907,,,,,,,0.35294117647058826,,0.0,0.0,0.0
2022-12-14,2022,MAR,FRA,0,1,0.23809523809523808,0.5538461538461539,-0.3157509157509158,0.3333333333333333,0.2,0.1333333333333333,0.9047619047619048,1.8615384615384616,-0.9567765567765568,1.0952380952380953,1.1076923076923078,-0.01245421245421241,6.0,13.0,-7.0,21.0,65.0,-44.0,0.0,0.46153846153846156,-0.46153846153846156,0.0,0.23076923076923078,-0.23076923076923078,0.0,2.0,-2.0,11.0,3.0,8.0,6.128258770283412,0.4714045207910317,5.656854249492381,1.0,1.0,0.0,308.34999999999997,1598.0,-1289.65,25.866666666666667,27.075,-1.2083333333333321,0.25,0.41379310344827586,-0.16379310344827586,,0.4186046511627907,,,,,0.35294117647058826,,,0.0,0.0,0.0
2022-12-17,2022,CRO,MAR,2,1,0.41379310344827586,0.22727272727272727,0.1865203761755486,0.27586206896551724,0.3181818181818182,-0.04231974921630094,1.4137931034482758,0.8636363636363636,0.5501567398119122,1.103448275862069,1.1363636363636365,-0.032915360501567514,6.0,6.0,0.0,29.0,22.0,7.0,0.5,0.16666666666666666,0.33333333333333337,0.16666666666666666,0.0,0.16666666666666666,0.0,0.0,0.0,7.0,11.0,-4.0,3.681787005729087,6.128258770283412,-2.446471764554325,1.0,1.0,0.0,407.1,308.34999999999997,98.75000000000006,26.2,25.866666666666667,0.33333333333333215,0.20833333333333334,0.2222222222222222,-0.013888888888888867,0.4090909090909091,,,,,,,0.35294117647058826,,0.0,0.0,0.0
2022-12-17,2022,MAR,CRO,0,1,0.22727272727272727,0.41379310344827586,-0.1865203761755486,0.3181818181818182,0.27586206896551724,0.04231974921630094,0.8636363636363636,1.4137931034482758,-0.5501567398119122,1.1363636363636365,1.103448275862069,0.032915360501567514,6.0,6.0,0.0,22.0,29.0,-7.0,0.16666666666666666,0.5,-0.33333333333333337,0.0,0.16666666666666666,-0.16666666666666666,0.0,0.0,0.0,11.0,7.0,4.0,6.128258770283412,3.681787005729087,2.446471764554325,1.0,1.0,0.0,308.34999999999997,407.1,-98.75000000000006,25.866666666666667,26.2,-0.33333333333333215,0.2222222222222222,0.20833333333333334,0.013888888888888867,,0.4090909090909091,,,,,0.35294117647058826,,,0.0,0.0,0.0
2022-12-18,2022,ARG,FRA,1,1,0.5308641975308642,0.5606060606060606,-0.02974186307519633,0.19753086419753085,0.19696969696969696,0.000561167227833892,1.5925925925925926,1.8636363636363635,-0.271043771043771,1.0617283950617284,1.0909090909090908,-0.02918069584736238,16.0,13.0,3.0,81.0,66.0,15.0,0.3125,0.5384615384615384,-0.22596153846153844,0.25,0.23076923076923078,0.019230769230769218,2.0,2.0,0.0,2.0,3.0,-1.0,1.632993161855452,0.4714045207910317,1.1615886410644203,1.0,1.0,0.0,836.0,1598.0,-762.0,26.375,27.075,-0.6999999999999993,0.15,0.41379310344827586,-0.2637931034482759,,0.4186046511627907,,0.6410256410256411,,,,,,0.0,0.0,0.0
2022-12-18,2022,FRA,ARG,1,1,0.5606060606060606,0.5308641975308642,0.02974186307519633,0.19696969696969696,0.19753086419753085,-0.000561167227833892,1.8636363636363635,1.5925925925925926,0.271043771043771,1.0909090909090908,1.0617283950617284,0.02918069584736238,13.0,16.0,-3.0,66.0,81.0,-15.0,0.5384615384615384,0.3125,0.22596153846153844,0.23076923076923078,0.25,-0.019230769230769218,2.0,2.0,0.0,3.0,2.0,1.0,0.4714045207910317,1.632993161855452,-1.1615886410644203,1.0,1.0,0.0,1598.0,836.0,762.0,27.075,26.375,0.6999999999999993,0.41379310344827586,0.15,0.2637931034482759,0.4186046511627907,,,,0.6410256410256411,,,,,0.0,0.0,0.0
