tree
version=v4
num_class=3
num_tree_per_iteration=3
label_index=0
max_feature_idx=57
objective=multiclass num_class:3
feature_names=team_wc_win_pct opp_wc_win_pct delta_wc_win_pct team_wc_draw_pct opp_wc_draw_pct delta_wc_draw_pct team_wc_gf_per_game opp_wc_gf_per_game delta_wc_gf_per_game team_wc_gc_per_game opp_wc_gc_per_game delta_wc_gc_per_game team_wc_appearances opp_wc_appearances delta_wc_appearances team_wc_games_played opp_wc_games_played delta_wc_games_played team_wc_semi_pct opp_wc_semi_pct delta_wc_semi_pct team_wc_final_pct opp_wc_final_pct delta_wc_final_pct team_wc_champion_count opp_wc_champion_count delta_wc_champion_count team_ranking opp_ranking delta_ranking team_ranking_volatility opp_ranking_volatility delta_ranking_volatility team_has_ranking opp_has_ranking delta_has_ranking team_market_value_eur_m opp_market_value_eur_m delta_market_value_eur_m team_squad_avg_age opp_squad_avg_age delta_squad_avg_age team_win_pct_vs_top10 opp_win_pct_vs_top10 delta_win_pct_vs_top10 team_euro_win_pct opp_euro_win_pct delta_euro_win_pct team_copa_win_pct opp_copa_win_pct delta_copa_win_pct team_afcon_win_pct opp_afcon_win_pct delta_afcon_win_pct team_host_flag opp_host_flag delta_host_flag is_knockout
feature_infos=[0:1] [0:1] [-1:1] [0:1] [0:1] [-1:1] [0:9] [0:9] [-6:6] [0:9] [0:9] [-6.758064516129032:6.758064516129032] [0:19] [0:19] [-14:14] [0:105] [0:105] [-88:88] [0:1] [0:1] [-1:1] [0:1] [0:1] [-0.66666666666666663:0.66666666666666663] [0:5] [0:5] [-5:5] [1:100] [1:100] [-95:95] [0:25.468935326524086] [0:25.468935326524086] [-25.468935326524086:25.468935326524086] [0:1] [0:1] [-1:1] [1.3:1817.5] [1.3:1817.5] [-1730.7750000000001:1730.7750000000001] [23.050000000000001:28.015625] [23.050000000000001:28.015625] [-2.981481481481481:2.981481481481481] [0:1] [0:1] [-1:1] [0:0.5714285714285714] [0:0.5714285714285714] [-0.5714285714285714:0.5714285714285714] [0:0.75] [0:0.75] [-0.41666666666666669:0.41666666666666669] [0.1111111111111111:0.66666666666666663] [0.1111111111111111:0.66666666666666663] none [0:1] [0:1] [-1:1] [0:1]
tree_sizes=3352 3309 3348 3406 3383 3424 3412 3400 3383 3413 3416 3417 3400 3388 3398 3415 3418 3418 3394 3412 3417 3400 3414 3408 3413 3423 3422 3414 3415 3426 3416 3409 3399 3407 3425 3397 3418 3403 3380 3418 3421 3414 3408 3409 3403 3444 3410 3420 3428 3395 3427 3413 3419 3414 3423 3418 3432 3423 3413 3428 3414 3421 3433 3412 3430 3412 3420 3421 3412 3417 3418 3424 3415 3416 3421 3427 3401 3407 3425 3400 3423 3413 3405 3410 3418 3423 3421 3435 3406 3425 3426 3441 3416 3432 3425 3440 3416 3416 3427 3430 3416 3414 3440 3423 3410 3425 3433 3421 3443 3423 3414 3430 3426 3411 3443 3435 3436 3431 3428 3421 3431 3433 3427 3441 3445 3431 3429 3428 3439 3432 3419 3438 3418 3425 3433 3434 3426 3433

Tree=0
num_leaves=31
num_cat=0
split_feature=17 29 29 28 17 28 11 20 28 44 2 16 11 36 12 2 14 17 8 0 13 28 46 10 24 16 3 29 6 6
split_gain=84.7027 31.5836 17.5286 15.8003 16.5925 13.8123 9.02309 7.7488 7.42113 7.34262 6.83478 5.84926 7.34808 6.08715 5.34403 4.93267 5.68953 4.86292 4.55598 5.87848 4.31799 4.29153 3.20036 3.17223 4.65601 3.56643 3.67986 2.53469 2.17979 2.13358
threshold=-6.4999999999999991 10.500000000000002 -3.4999999999999996 31.500000000000004 4.5000000000000009 7.5000000000000009 0.69821428571428579 -0.17222222222222219 8.5000000000000018 0.36349520045172223 -0.22792207792207789 14.500000000000002 0.60092592592592597 118.825 2.5000000000000004 0.064897745932228704 -3.4999999999999996 -1.0000000180025095e-35 1.8809523809523812 0.42179392142327654 11.500000000000002 5.5000000000000009 0.27922077922077926 1.1293309438470731 1.0000000180025095e-35 5.5000000000000009 0.12701612903225809 26.500000000000004 1.2956891317547059 0.79285714285714304
decision_type=2 8 8 8 2 8 10 10 10 10 8 2 8 10 2 8 2 2 10 8 2 10 10 10 2 2 10 8 10 10
left_child=1 7 9 11 6 14 18 8 -1 -2 -6 12 28 -13 -3 16 22 -8 19 -5 -16 -15 29 -21 25 -25 -27 -22 -4 -7
right_child=2 5 3 4 10 15 17 -9 -10 -11 -12 13 -14 21 20 -17 -18 -19 -20 23 27 -23 -24 24 -26 26 -28 -29 -30 -31
leaf_value=-0.92042361409140083 -0.99846816902904845 -0.87396004753386147 -0.91974985350551342 -0.97650295352342475 -0.94436802875908976 -0.87494477454400466 -0.95303362644834866 -0.98451013570198009 -0.98002335258468609 -0.94813567992833281 -0.98947378772369576 -0.98375710916481185 -0.95594706015422015 -0.90877718110677663 -0.92943743814583968 -0.94656370384927357 -0.93539607155556415 -0.90253410887990904 -1.0023192133060084 -0.96912687929982944 -0.86854404897807469 -0.96242135727837907 -0.92828415426008659 -0.92218822514967724 -0.90374803959068883 -0.93895203020330298 -0.9892434453641803 -0.91078883771321173 -0.8819550930209753 -0.90694840237365382
leaf_weight=13.492788910865785 64.268284022808075 18.463816404342651 7.8116146326065046 31.956605315208435 9.2319082021713239 7.811614632606509 8.8768348097801226 24.144990682601929 8.5217614173889142 8.1666880249977094 93.029228806495667 11.717421948909761 10.297128379344942 7.4565412402152997 13.137715518474581 26.275431036949158 35.152265846729279 10.297128379344938 7.1014678478240958 12.427568733692167 7.1014678478240949 7.4565412402153015 11.717421948909758 7.4565412402153077 7.1014678478240958 7.1014678478240949 7.4565412402153015 7.1014678478240967 7.4565412402153015 15.623229265213011
leaf_count=38 181 52 22 90 26 22 25 68 24 23 262 33 29 21 37 74 99 29 20 35 20 21 33 21 20 20 21 20 21 44
internal_value=-0.955693 -0.929007 -0.971095 -0.964913 -0.971248 -0.917356 -0.956742 -0.964949 -0.943494 -0.992793 -0.985402 -0.940389 -0.923306 -0.956789 -0.894742 -0.92808 -0.921172 -0.925914 -0.964076 -0.960381 -0.908777 -0.935599 -0.906948 -0.947979 -0.938952 -0.950308 -0.964711 -0.889666 -0.901292 -0.896281
internal_weight=515.211 188.544 326.668 254.233 202.037 142.384 99.7756 46.1595 22.0146 72.435 102.261 52.1958 25.5653 26.6305 45.8045 96.58 70.3045 19.174 80.6017 73.5002 27.3407 14.9131 35.1523 41.5436 29.116 22.0146 14.558 14.2029 15.2682 23.4348
internal_count=1451 531 920 716 569 401 281 130 62 204 288 147 72 75 129 272 198 54 227 207 77 42 99 117 82 62 41 40 43 66
is_linear=0
shrinkage=1


Tree=1
num_leaves=31
num_cat=0
split_feature=6 47 7 36 11 15 3 6 7 2 20 43 56 17 16 11 2 2 1 11 44 29 15 44 11 17 17 3 4 15
split_gain=10.041 6.25012 5.69607 6.02307 5.55106 4.29686 5.56251 6.06592 5.93081 6.99811 5.66873 5.63677 5.31481 4.9007 9.27202 4.73132 4.69061 6.6359 4.24994 4.14291 4.10722 4.03287 4.00425 3.89575 3.71967 5.49136 3.6537 3.55267 6.49361 6.0717
threshold=2.01685393258427 -0.15833333333333333 1.0090909090909093 44.447500000000012 -1.6533333333333331 22.500000000000004 0.28918128654970765 1.0560796645702308 1.4530791788856308 -0.0089789520824003193 0.23186188811188815 0.32051282051282054 -1.0000000180025095e-35 -2.4999999999999996 14.500000000000002 0.080839646464646489 -0.32163382594417067 -0.269059829059829 0.17519181585677754 -0.84307692307692306 -0.2008771929824561 1.0000000180025095e-35 21.500000000000004 0.11161962878210019 0.47613636363636364 1.0000000180025095e-35 -27.499999999999996 0.17694497153700192 1.0000000180025095e-35 15.500000000000002
decision_type=8 8 8 10 10 2 10 10 10 10 8 10 2 2 2 10 10 10 10 10 8 8 2 8 10 2 2 10 8 2
left_child=1 -1 3 4 -3 12 7 -7 10 11 -9 -10 -4 14 15 -14 26 -18 -5 -6 -19 -12 24 -22 -21 -26 -16 28 -2 -30
right_child=27 2 5 18 19 6 -8 8 9 -11 21 -13 13 -15 16 -17 17 20 -20 22 23 -23 -24 -25 25 -27 -28 -29 29 -31
leaf_value=-1.4127080472175704 -1.4384766482955367 -1.4862428356595718 -1.5107544318069057 -1.4915786933242976 -1.4063531889571506 -1.4045375151684591 -1.4877435456277759 -1.5018057538483554 -1.4794340589519792 -1.4057390639992109 -1.4794340589519792 -1.4278475624850413 -1.458136205410629 -1.4849611835734369 -1.5041606691006053 -1.4005931203861295 -1.416793313242126 -1.4324534996695892 -1.4507792497442804 -1.4148757393938654 -1.4965716214575049 -1.4212676522214014 -1.4720645594567023 -1.4632338660959827 -1.4862428356595718 -1.416793313242126 -1.4650436173699859 -1.4950942453794425 -1.4950942453794425 -1.4590077288292009
leaf_weight=6.1195526123046875 10.376632690429686 6.1195526123046866 8.7802276611328107 13.037307739257814 9.5784301757812482 6.1195526123046866 13.037307739257811 11.174835205078123 12.771240234375002 9.0462951660156268 6.3856201171875018 9.0462951660156232 6.6516876220703107 40.708328247070312 15.165847778320314 7.7159576416015625 6.9177551269531241 6.3856201171875 12.505172729492186 13.037307739257814 14.101577758789066 5.5874176025390625 9.0462951660156232 23.14787292480468 6.1195526123046857 5.32135009765625 9.8444976806640607 31.9281005859375 31.9281005859375 18.358657836914062
leaf_count=23 39 23 33 49 36 23 49 42 48 34 24 34 25 153 57 29 26 24 47 49 53 21 34 87 23 20 37 120 120 69
internal_value=-1.46724 -1.46271 -1.46377 -1.4519 -1.44168 -1.46795 -1.45814 -1.45172 -1.45706 -1.44271 -1.47619 -1.45804 -1.4731 -1.47057 -1.46405 -1.42723 -1.47105 -1.46229 -1.4716 -1.43535 -1.4695 -1.45229 -1.44364 -1.47585 -1.43313 -1.45394 -1.48876 -1.48159 -1.47449 -1.48192
internal_weight=386.064 293.472 287.353 74.765 49.2225 212.588 73.1686 60.1313 54.0117 30.8638 23.1479 21.8175 139.419 130.639 89.9308 14.3676 75.5632 50.5528 25.5425 43.1029 43.6351 11.973 33.5245 37.2495 24.4782 11.4409 25.0103 92.5915 60.6634 50.2868
internal_count=1451 1103 1080 281 185 799 275 226 203 116 87 82 524 491 338 54 284 190 96 162 164 45 126 140 92 43 94 348 228 189
is_linear=0
shrinkage=1


Tree=2
num_leaves=31
num_cat=0
split_feature=17 29 29 27 11 54 6 47 28 7 11 8 9 13 16 10 3 28 29 32 16 7 8 6 39 31 6 11 2 7
split_gain=85.2479 27.1788 23.4178 24.3622 13.653 9.6226 8.94484 8.37616 8.29272 8.59959 8.28089 8.85883 7.18816 7.81676 6.44792 5.50187 5.79929 5.2164 5.22152 5.09368 4.89691 4.79899 6.92437 4.73734 4.27508 4.20513 4.92976 4.28393 3.72168 3.59541
threshold=-4.4999999999999991 1.5000000000000002 -4.4999999999999991 8.5000000000000018 0.88924963924963929 1.0000000180025095e-35 2.2952069716775605 0.22127809934042267 30.500000000000004 1.1132478632478635 -0.41149459783913567 1.50974025974026 1.3699248120300755 1.5000000000000002 7.5000000000000009 3.035714285714286 0.17555713608345189 8.5000000000000018 9.5000000000000018 -3.5811199955696544 24.500000000000004 1.3708994708994713 -0.5869747899159663 0.89827586206896559 25.29893617021277 3.3495889939662065 1.5779352226720651 -0.69821428571428557 -0.0048001381334715201 1.7960323574730357
decision_type=2 8 10 8 10 2 10 8 8 10 10 10 8 2 2 8 10 8 8 8 2 10 10 10 10 10 10 10 8 10
left_child=1 -1 3 14 5 7 17 -5 -9 10 11 15 13 -11 -2 16 -10 -3 -19 -16 -15 -14 -23 -6 -4 26 -21 -28 -24 -25
right_child=2 6 24 4 23 -7 -8 8 9 12 -12 -13 21 20 19 -17 -18 18 -20 25 -22 22 28 29 -26 -27 27 -29 -30 -31
leaf_value=-0.92920323280288675 -0.8795884381898752 -1.0007545915010034 -0.98328298134511338 -0.98682945743645822 -1.0093600114285313 -0.89670724146816605 -0.93895203020330298 -0.97247964031055456 -0.99594896738563066 -0.97144802153802368 -0.89324860379394433 -0.8819550930209753 -0.98735751729564747 -0.9100667045724401 -0.95175348133516269 -0.9248704339582573 -0.93613571095429382 -0.9423047912140281 -0.98571937539670273 -0.95303362644834866 -0.95571583525692871 -0.9892434453641803 -0.90374803959068883 -0.98228001864959724 -0.95188410838752857 -0.87897486101144184 -0.93191123208078019 -0.87980932597411121 -0.94961990614651937 -0.93559926919257785
leaf_weight=23.079770505428314 18.108743011951447 63.91321063041687 28.760944783687592 8.8768348097801191 7.4565412402153042 14.202935695648192 9.2319082021713239 14.913082480430601 7.4565412402153042 9.2319082021713239 20.239183366298676 7.4565412402153006 11.362348556518553 27.695724606513977 7.8116146326065063 21.30440354347229 8.8768348097801191 7.4565412402153033 97.290109515190125 7.1014678478240993 7.4565412402153006 7.4565412402153042 7.1014678478240967 9.2319082021713275 17.398596227169037 9.5869815945625287 7.1014678478240958 8.8768348097801191 11.717421948909761 7.4565412402153006
leaf_count=65 51 180 81 25 21 40 26 42 21 26 57 21 32 78 22 60 25 21 274 20 21 21 20 26 49 27 20 25 33 21
internal_value=-0.954819 -0.980251 -0.938554 -0.93289 -0.940861 -0.936254 -0.986874 -0.939536 -0.936949 -0.933353 -0.919819 -0.931745 -0.944134 -0.930503 -0.904388 -0.941609 -0.963442 -0.989498 -0.982629 -0.915483 -0.91975 -0.960207 -0.948467 -0.976227 -0.971448 -0.906809 -0.918371 -0.902966 -0.93231 -0.961423
internal_weight=515.211 200.972 314.24 268.08 209.493 185.348 177.892 171.145 162.269 147.355 65.3335 45.0943 82.022 44.3842 58.5871 37.6378 16.3334 168.66 104.747 40.4784 35.1523 37.6378 26.2754 24.145 46.1595 32.6668 23.0798 15.9783 18.8189 16.6884
internal_count=1451 566 885 755 590 522 501 482 457 415 184 127 231 125 165 106 46 475 295 114 99 106 74 68 130 92 65 45 53 47
is_linear=0
shrinkage=1


Tree=3
num_leaves=31
num_cat=0
split_feature=17 29 29 28 17 28 11 20 28 44 1 16 11 39 12 11 17 8 6 56 8 17 44 8 6 46 3 1 16 16
split_gain=75.6523 28.0249 16.1847 14.2592 15.2448 12.119 8.05415 7.218 8.17221 6.97297 6.30492 5.32084 6.74486 6.20768 4.66158 4.64153 4.39134 4.19087 4.36433 4.17271 4.63825 4.03475 4.52135 4.07688 3.80285 3.79954 3.40718 3.06574 3.05042 4.24584
threshold=-6.4999999999999991 10.500000000000002 -3.4999999999999996 31.500000000000004 4.5000000000000009 7.5000000000000009 0.69821428571428579 -0.18898809523809521 6.5000000000000009 0.36349520045172223 0.76388888888888895 14.500000000000002 0.60092592592592597 26.710102960102962 2.5000000000000004 1.3854895104895106 -1.0000000180025095e-35 1.8809523809523812 2.9226190476190479 -1.0000000180025095e-35 -0.017700501253132713 -28.499999999999996 0.16123949579831934 -1.4520114942528732 0.98571428571428588 0.49358974358974367 0.23132664437012265 0.76388888888888895 5.5000000000000009 18.500000000000004
decision_type=2 8 8 8 2 8 10 10 10 10 10 2 8 8 2 10 2 10 8 2 10 2 8 10 10 8 8 8 2 2
left_child=1 7 9 11 6 14 17 8 -1 -2 -6 12 -4 -13 -3 19 -8 18 28 -7 21 -21 -23 -24 -25 26 -16 -20 -5 -30
right_child=2 5 3 4 10 15 16 -9 -10 -11 -12 13 -14 -15 25 -17 -18 -19 27 20 -22 22 23 24 -26 -27 -28 -29 29 -31
leaf_value=0.040595426366095429 -0.041797403914645731 0.075503329014872902 0.051048138160373083 0.0073154719064848399 -0.03268071138712101 0.057563895116757559 0.0017260647606315766 -0.027561878414353841 -0.022063645866607442 0.0073425557327519405 0.013143544296509569 0.023347795891043764 -0.0011341927592277863 -0.024957432293054724 0.0052082810866201307 0.060375476814114072 0.049512864132721199 -0.045459972048174008 0.04075074709092958 0.048646021813727285 -0.0022377162639018104 0.046825660650430173 0.036363958500027375 -0.029674279339013523 0.01200617302453191 0.065216751567367851 0.051071689999758724 -0.0046088632965344701 -0.028437576921127458 0.0064002289720543927
leaf_weight=11.48094290494919 63.235232263803482 18.903432846069336 15.476711481809614 16.298033028841019 92.903934478759766 7.5357036590576163 8.9011664688587206 25.017598092556 9.5174252688884717 8.1495728492736799 8.1661541461944562 12.832095563411711 10.32285648584366 13.807262897491457 8.2609201371669823 8.6309092938899976 10.453418135643004 6.9655045866966239 7.8543097376823399 14.396417647600172 20.000124335289001 10.771238654851917 10.391072720289221 7.880993694067004 17.906745731830597 11.555477172136305 7.9433440864086142 7.08561596274376 29.658169537782669 12.40349632501602
leaf_count=32 181 52 43 46 265 21 25 71 27 23 23 36 29 39 23 24 29 20 22 40 56 30 29 22 50 32 22 20 84 35
internal_value=-0.000485411 0.0245538 -0.0151605 -0.00923075 -0.0152969 0.0353969 -0.00141629 -0.0094195 0.0121955 -0.0361874 -0.0289783 0.013985 0.0301691 -0.00168896 0.0563525 0.025369 0.0275357 -0.00839758 -0.00487562 0.0219697 0.0186724 0.0254895 0.0183889 0.00992264 -0.000731794 0.0433115 0.0276906 0.0192379 -0.0110486 -0.0181643
internal_weight=514.706 190.192 324.514 253.129 200.69 144.176 99.6197 46.016 20.9984 71.3848 101.07 52.4389 25.7996 26.6394 46.6632 97.5132 19.3546 80.2651 73.2996 88.8823 81.3466 61.3465 46.9501 36.1788 25.7877 27.7597 16.2043 14.9399 58.3597 42.0617
internal_count=1451 531 920 716 569 401 281 130 59 204 288 147 72 75 129 272 54 227 207 248 227 171 131 101 72 77 45 42 165 119
is_linear=0
shrinkage=0.05


Tree=4
num_leaves=31
num_cat=0
split_feature=7 39 8 41 5 4 3 51 14 8 15 7 5 4 29 3 42 15 0 3 7 11 16 10 8 10 11 15 18 11
split_gain=7.05102 7.78439 7.03602 6.81137 5.94033 7.95178 5.24108 5.14226 4.60733 5.94002 4.60192 7.68711 5.98041 4.79154 6.17756 6.31394 6.19054 5.67234 4.60151 4.86518 4.5871 6.86859 4.20711 4.1411 4.0268 3.53485 3.40394 3.30068 8.3569 3.26338
threshold=1.6639784946236562 25.441734417344176 1.1533163265306126 1.267863667863667 0.1152959943282524 0.06458333333333334 0.30495169082125612 0.46590909090909099 -4.4999999999999991 -0.55007836990595593 11.500000000000002 1.3228764478764481 0.03258341759352882 0.29893617021276603 -13.499999999999998 0.1811868686868687 0.57738095238095244 35.500000000000007 0.17519181585677754 0.18490028490028493 2.318665377176016 0.17047930283224402 14.500000000000002 1.3900966183574881 0.33333333333333337 1.7752525252525253 0.7527332144979203 17.500000000000004 0.19375000000000003 0.16156453411011615
decision_type=8 8 10 8 10 8 8 8 2 10 2 10 8 10 10 10 8 2 10 10 8 10 2 10 10 10 8 2 10 8
left_child=2 -2 3 18 5 -3 8 -5 -7 20 11 12 25 14 15 16 -12 -15 -1 -20 21 -10 -16 -21 -24 -9 -13 28 -4 -14
right_child=1 4 27 7 -6 6 -8 10 9 -11 13 26 29 17 22 -17 -18 -19 19 23 -22 -23 24 -25 -26 -27 -28 -29 -30 -31
leaf_value=-0.043187406191041298 0.039613305888442071 0.046565070298852811 -0.029386549519511907 0.05290365710461984 -0.032323272397909955 -0.025934087887071133 -0.039257531077976165 0.018519495044933023 0.080543792683816617 -0.015293178373150161 0.011100136316019861 -0.031964357582068767 0.02020602183155179 0.019923256539506416 0.0099942326594257558 0.0059107677604231914 0.080455608943474199 -0.032367182910898955 0.029470724230136955 0.004187737318684953 0.0014506716638539381 0.0064126698958158479 0.041727164800307623 -0.034616224460900021 0.095350206623126821 -0.022710687429691297 0.0038372119419258551 -0.03327521397422499 0.04014132935010617 0.06869551517928861
leaf_weight=7.9172530472278586 7.8133322596549988 6.6702734529972068 10.84211501479149 7.7808614373207092 27.681601196527481 20.303069084882736 13.117685228586195 11.282709032297136 5.642162472009657 28.610359787940979 6.4175683259963963 17.735310286283493 7.832896947860716 11.821382969617845 5.6154966652393368 42.624161183834076 6.4521929025650033 9.2401643991470319 9.6080298125743848 16.812113851308826 21.234711736440659 7.0030407011508942 9.9646276831626874 11.632891446352003 5.3974099755287162 9.640339642763136 10.611727058887483 15.250463157892225 7.1864467263221732 6.229412168264389
leaf_count=30 29 25 41 29 105 77 50 42 21 108 24 67 29 44 21 160 24 35 36 63 80 26 37 44 20 36 40 58 27 23
internal_value=0.000193724 -0.00886137 0.00523736 0.00855441 -0.0117689 -0.00622235 -0.00989353 0.013205 -0.00524113 0.001482 0.0112848 0.000790075 0.0164702 0.0180995 0.0239155 0.0151781 0.0458712 -0.00301771 -0.00850663 -0.001291 0.015648 0.0394892 0.0470295 -0.0116816 0.0605675 -0.0004774 -0.018562 -0.0161544 -0.00167173 0.0416862
internal_weight=385.972 138.076 247.896 214.617 130.263 102.581 95.911 168.646 82.7933 62.4903 160.865 63.3324 34.9854 97.533 76.4715 55.4939 12.8698 21.0615 45.9703 38.053 33.8799 12.6452 20.9775 28.445 15.362 20.923 28.347 33.279 18.0286 14.0623
internal_count=1451 521 930 804 492 387 362 631 312 235 602 237 130 365 286 208 48 79 173 143 127 47 78 107 57 78 107 126 68 52
is_linear=0
shrinkage=0.05


Tree=5
num_leaves=31
num_cat=0
split_feature=17 2 3 54 2 18 28 28 28 19 21 5 44 14 2 10 33 5 28 1 3 47 28 2 3 45 7 30 28 0
split_gain=76.6427 13.5923 11.2398 10.0907 9.47404 6.12091 6.04282 5.23077 5.14031 7.39804 5.56898 4.68059 4.58793 4.38019 4.30922 4.98929 4.64245 4.07029 4.03981 4.04898 6.28162 3.91394 8.22763 3.68692 3.54704 4.27985 3.36367 3.42144 3.14962 5.09315
threshold=-4.4999999999999991 0.062515262515262529 0.17222840192806826 1.0000000180025095e-35 0.012566137566137532 0.43650793650793657 32.500000000000007 19.500000000000004 8.5000000000000018 0.24038461538461542 0.20714285714285716 0.011324786324786328 0.38492063492063494 3.5000000000000004 0.41833333333333339 1.2138095238095239 1.0000000180025095e-35 0.037306488801054034 16.500000000000004 0.70064935064935074 0.23483455882352944 -0.25694444444444436 13.500000000000002 -0.16707717569786532 0.23746867167919802 0.4158240647118302 1.3578167115902968 1.6663331665265237 30.500000000000004 0.43405797101449278
decision_type=2 8 10 2 10 8 8 10 10 10 8 10 10 2 10 10 2 8 8 8 10 10 8 10 10 8 10 10 8 10
left_child=4 3 6 5 8 7 -3 11 10 -10 -1 -2 13 28 15 -8 -17 -9 -13 20 -20 22 -6 -22 -15 -26 27 -24 -4 -30
right_child=1 2 12 -5 21 -7 14 17 9 -11 -12 18 -14 24 -16 16 -18 -19 19 -21 23 -23 26 -25 25 -27 -28 -29 29 -31
leaf_value=-0.038519448284644625 -0.023745165922018849 -0.022952419967978817 0.0084265012349752488 0.042624645004388062 -0.053280479212294722 0.04067668014473777 0.028717170114029668 0.044549292206125329 -0.029665423785706392 0.020488707066035842 -0.0070470095177249297 -0.022777806988750843 -0.0054392485764666199 0.056538957711784493 0.038780101549376028 -0.021800891085696949 0.023936636892914337 -0.0037559714997609074 0.045489936073368598 -0.025721378423068882 0.025830695328386034 0.030659688373527023 -0.034921469983076686 -0.019361205731013301 0.010447078847933597 0.052954461154804747 0.022504485377224531 0.011955251919590765 0.060176708598813494 0.021437592350314123
leaf_weight=107.0773917734623 36.440311282873154 12.778375387191771 17.456462949514389 14.325177520513533 8.4250695407390577 7.8554730713367453 16.115416705608368 8.5623491108417493 20.81338095664978 11.368858128786085 16.179621756076813 14.490299969911574 7.1263093054294577 32.471220284700394 14.349605590105055 17.019603252410889 8.2313176393508929 8.8873084187507647 11.44811671972275 7.0812099277973166 7.4740461707115147 7.0838884115219107 8.0957063436508196 11.392502278089527 12.188022047281267 11.517381221055983 12.406507223844526 7.4974564313888541 12.561032205820082 26.143461883068085
leaf_count=306 103 36 49 40 24 22 45 24 59 32 46 41 20 90 40 48 23 25 32 20 21 20 23 32 34 32 35 21 35 73
internal_value=0.000340036 0.0156489 0.0242062 0.00307909 -0.0239694 -0.00190629 0.0080585 -0.00506872 -0.0297421 -0.0119477 -0.0343881 -0.0100108 0.0334644 0.0359323 0.0151708 0.00698096 -0.00689133 0.0199469 -0.000364922 0.00831971 0.0162714 -0.003346 -0.00995943 -0.00145828 0.045804 0.0310995 0.00307582 -0.0123823 0.0260578 0.0340099
internal_weight=514.863 315.915 187.958 127.957 198.948 113.632 68.4943 105.776 155.439 32.1822 123.257 88.3265 119.464 112.338 55.7159 41.3663 25.2509 17.4497 51.8862 37.3959 30.3147 43.5086 36.4247 18.8665 56.1766 23.7054 27.9997 15.5932 56.161 38.7045
internal_count=1451 885 525 360 566 320 192 298 443 91 352 249 333 313 156 116 71 49 146 105 85 123 103 53 156 66 79 44 157 108
is_linear=0
shrinkage=0.05


Tree=6
num_leaves=31
num_cat=0
split_feature=14 27 28 7 28 16 45 27 10 28 2 12 13 16 11 28 7 9 27 2 11 6 8 8 9 51 13 8 45 28
split_gain=60.6294 16.5952 17.4747 12.4497 12.3846 9.11807 9.5471 8.89865 7.60248 6.20826 6.15634 6.04383 5.79414 5.65987 5.43922 5.26618 7.95632 8.68508 5.48294 6.61356 5.20659 4.60979 3.67612 4.04754 5.43685 3.16115 2.88093 2.88023 2.86835 2.85576
threshold=-1.4999999999999998 8.5000000000000018 12.500000000000002 2.3819444444444451 8.5000000000000018 15.500000000000002 0.32795698924731187 30.500000000000004 1.100847457627119 5.5000000000000009 0.082764445479962742 2.5000000000000004 1.5000000000000002 12.500000000000002 0.95346320346320368 33.500000000000007 1.1132478632478635 1.3169856459330147 19.500000000000004 -1.0000000180025095e-35 -0.39807692307692305 1.1132478632478635 -0.036982825917252042 0.48448773448773458 1.6594202898550727 0.36130536130536134 11.500000000000002 -0.097087507522390024 0.37171052631578955 3.5000000000000004
decision_type=2 8 8 10 10 2 10 8 10 8 10 2 2 2 10 8 8 8 8 10 10 10 8 8 10 10 2 8 10 10
left_child=4 9 27 14 5 -1 10 20 -8 -2 11 25 -5 -14 15 18 -17 28 -4 -20 -6 -9 -19 -24 -25 -7 29 -3 -18 -13
right_child=1 2 3 12 7 6 8 21 -10 -11 -12 26 13 -15 -16 16 17 22 19 -21 -22 -23 23 24 -26 -27 -28 -29 -30 -31
leaf_value=-0.0033535915341572596 0.0025288094796559421 0.047263000674909517 -0.026732325717745031 0.041170057611117555 0.012318484485596082 0.068374866872892598 -0.020042081886992975 0.042897106587119697 0.036862627123418285 -0.040668838266441645 0.0085463080278278501 0.034763971245257395 -0.027811992265831826 0.025674805763608907 0.0073359797518681245 -0.038709125296834859 -0.038003585556922889 -0.020713760410517798 -0.0095655720473272112 0.05164490614882148 -0.035717669898064824 -0.0072132715964369661 0.032991274294024223 0.01713084061131186 -0.028220177104177863 0.031676212652625761 0.050821295140710369 0.0086726426822661944 -0.0053468549090935243 0.0011483101652361007
leaf_weight=18.287162989377975 9.6200836002826673 15.080539613962172 11.509581774473192 13.993235468864439 8.4021574258804339 30.046925365924835 12.852489650249483 12.633185714483263 10.802966386079786 61.425013661384583 12.538115173578261 23.117535203695301 9.818784713745119 9.9662688076496107 21.747217059135437 52.16025123000145 33.820406913757324 16.85629341006279 9.9772942066192645 7.9125839471817008 17.165535092353821 7.2081542611122122 10.943982362747191 14.810637027025225 11.933530926704405 7.2920108735561362 17.529227018356323 7.1170180439949062 8.3925344049930555 8.6940569877624494
leaf_count=51 27 42 33 39 24 82 36 35 30 178 35 64 28 28 61 151 97 48 28 22 49 20 31 42 34 20 48 20 24 24
internal_value=-0.000465271 -0.013439 -0.00750645 -0.0115309 0.0222797 0.0295862 0.0344886 -0.000433357 0.00594514 -0.0348195 0.0412939 0.0460308 0.0165463 -0.000869239 -0.0162714 -0.0191505 -0.0229684 -0.0144828 0.000188039 0.0175074 -0.0199318 0.0246925 -0.00130442 0.00737654 -0.00310526 0.0612079 0.0345454 0.0348901 -0.031511 0.0255769
internal_weight=513.655 327.085 256.04 233.843 186.57 141.16 122.873 45.409 23.6555 71.0451 99.2179 86.6798 33.7783 19.7851 200.064 178.317 148.918 96.7574 29.3995 17.8899 25.5677 19.8413 54.5444 37.6882 26.7442 37.3389 49.3408 22.1976 42.2129 31.8116
internal_count=1451 933 728 666 518 390 339 128 66 205 273 238 95 56 571 510 427 276 83 50 73 55 155 107 76 102 136 62 121 88
is_linear=0
shrinkage=0.05


Tree=7
num_leaves=31
num_cat=0
split_feature=6 47 7 36 11 13 37 31 36 15 9 17 7 51 6 37 39 23 3 15 8 8 10 11 15 9 3 4 15 16
split_gain=8.77967 5.32478 5.0402 5.25362 4.83964 3.89788 4.4927 8.26646 5.18505 4.09926 4.6971 8.2308 6.16007 4.30766 3.90812 4.06953 4.07953 4.11229 5.47572 3.47988 3.40895 9.83863 3.35111 3.33992 3.54388 3.79611 3.30314 5.94951 5.5043 8.45035
threshold=2.01685393258427 -0.15833333333333333 1.0090909090909093 44.447500000000012 -1.6533333333333331 1.5000000000000002 150.02500000000001 4.9777156621411853 107.46250000000001 26.500000000000004 1.8480769230769234 -27.499999999999996 1.598245614035088 0.46590909090909099 0.87867647058823539 228.28750000000002 25.239285714285717 -0.18019480519480516 0.19895833333333338 30.500000000000004 0.70356446672236161 0.37165129556433907 1.4729532163742693 -0.84307692307692306 21.500000000000004 1.7947368421052634 0.17694497153700192 1.0000000180025095e-35 15.500000000000002 24.500000000000004
decision_type=8 8 8 10 10 2 10 10 8 2 10 2 10 8 10 10 8 10 10 2 10 10 10 10 2 10 10 8 2 2
left_child=1 -1 3 4 -3 -4 7 8 -7 10 13 -12 -13 -10 -8 -16 -17 -18 -19 -11 21 -5 -9 -6 25 -25 27 -2 -29 -30
right_child=26 2 5 20 23 6 14 22 9 19 11 12 -14 -15 15 16 17 18 -20 -21 -22 -23 -24 24 -26 -27 -28 28 29 -31
leaf_value=0.049496900391939685 0.027594009202581444 -0.018189800510672868 -0.020451246382644103 -0.020437200637741335 0.054854833096774372 0.048481436879795503 -0.038023687040349738 0.020730369252331935 0.030291834798911073 0.052254388943572809 -0.04263745388418734 0.0029184972151450089 0.053947046028888716 -0.016439943907968557 -0.043073410328082054 0.03711495150104914 -0.029798561112041724 0.044467074736770598 -0.010460849955807918 0.0085062880598025734 -0.03076399185228957 0.057519581474633902 0.076321949024213506 0.053255377311318776 -0.0047162128813253426 0.01418615659086284 -0.026642112376136302 -0.02668108845126543 -0.015526641920641069 0.056728923164655033
leaf_weight=6.400660902261734 10.529445409774778 6.0295863449573508 22.066759496927261 10.910335510969167 10.077981054782866 5.963345006108284 10.349789053201674 5.4280892908573133 5.4074297845363617 5.7245979309082058 5.6247459053993252 13.983961731195452 10.248750403523443 55.998602509498596 5.7657608538866034 6.7985637485980988 11.281183719635008 6.7984654605388704 13.641658544540403 22.069689512252808 8.1253060102462751 6.4341229796409598 5.415440708398819 11.304504811763765 9.0554733574390394 13.816246271133421 30.961259588599205 30.993924185633659 12.54972016811371 5.9719862341880789
leaf_count=23 39 23 84 41 36 22 40 20 20 21 22 52 38 212 22 25 43 25 51 82 31 24 20 41 34 51 120 120 47 22
internal_value=0.000198462 0.00439025 0.00338889 0.0144628 0.0238341 -0.000557592 0.00174681 0.00661604 0.00298383 0.000704958 -0.00441508 0.0118522 0.0245 -0.0123247 -0.0103617 -0.003897 0.00196703 -0.00556593 0.00780839 0.0175168 -0.00403834 0.00848175 0.0484937 0.0295598 0.0221007 0.0317676 -0.0133765 -0.0065363 -0.0137941 0.00777085
internal_weight=385.727 294.721 288.32 75.7536 50.2838 212.567 190.5 135.865 125.021 119.058 91.2635 29.8575 24.2327 61.406 54.6354 44.2856 38.5199 31.7213 20.4401 27.7943 25.4698 17.3445 10.8435 44.2542 34.1762 25.1208 91.0063 60.0451 49.5156 18.5217
internal_count=1451 1103 1080 281 185 799 715 509 469 447 344 112 90 232 206 166 144 119 76 103 96 65 40 162 126 92 348 228 189 69
is_linear=0
shrinkage=0.05


Tree=8
num_leaves=31
num_cat=0
split_feature=17 29 29 17 11 8 40 2 3 17 10 8 5 11 3 7 10 42 16 12 10 16 10 9 32 11 20 9 9 8
split_gain=68.9785 23.8525 19.1971 13.3445 9.65873 7.1509 6.26202 5.80411 5.1065 7.27244 7.1392 6.44876 4.95282 4.12035 4.03644 4.67994 3.8705 4.53407 6.02929 5.2985 3.7751 4.56743 3.77446 3.76346 3.7526 3.61502 3.43059 3.3974 3.81136 3.06562
threshold=-4.4999999999999991 1.5000000000000002 -1.4999999999999998 11.500000000000002 0.91369422926799981 0.046536796536796439 26.852487135506006 -0.0411003100425456 0.18490028490028493 1.0000000180025095e-35 1.4852813852813855 1.3086080586080591 -0.04279609279609279 -0.50710896486741142 0.1126984126984127 1.1132478632478635 2.9500000000000006 0.43167701863354041 24.500000000000004 8.5000000000000018 1.693979933110368 7.5000000000000009 1.293610547667343 1.0722996515679444 -3.5811199955696544 -0.60661802355350736 0.12293956043956046 1.5545634920634923 1.198684210526316 0.26051608342170368
decision_type=2 8 10 2 10 10 8 8 10 2 10 8 8 10 10 10 10 8 2 2 10 2 8 10 8 10 10 10 10 10
left_child=1 12 3 4 8 13 -3 -8 9 14 -11 20 -1 -5 15 -2 17 24 19 -19 -10 -22 -15 -4 -7 -26 -27 28 29 -9
right_child=2 6 23 5 -6 16 7 27 11 10 -12 -13 -14 22 -16 -17 -18 18 -20 -21 21 -23 -24 -25 25 26 -28 -29 -30 -31
leaf_value=0.050247403302967099 0.029203162980378325 -0.04526273215978309 -0.047525942095734991 0.030343131917439523 -0.022369633598058849 0.023073230698213727 -0.031365312289403605 -0.020817728727602194 0.0070933757385063982 0.016012552119322048 -0.031479789430283484 0.067534983480643393 0.0038346724993331793 0.013167788734695178 0.051852083182984857 -0.012181337450902226 0.072811697065046338 0.017016918892603268 -0.017088660881425466 0.061412244982408104 0.0056554166996591994 0.051041784954039326 -0.03352049204327457 -0.010284408597554837 0.030602911376065845 0.037076357538323078 0.07689264691036711 -0.033834920120046609 0.031459929929788737 0.016474502658470246
leaf_weight=10.413526028394697 15.856185138225557 45.407239377498627 9.0945428311824781 14.907150745391844 21.03586757183075 14.47315740585327 84.031099885702133 18.809638231992725 31.212718784809113 13.290474802255629 19.55716598033905 7.6363216936588278 12.829748541116716 11.04813387989998 7.9065654873847953 12.002275884151457 7.2981820404529563 19.85121709108353 7.8830836415290824 10.160741239786146 8.9893904924392718 14.459480077028273 7.1178694367408744 26.699352324008942 11.995051234960551 7.9864610433578553 16.768652886152267 10.477328181266783 7.0486214160919181 7.7945576012134543
leaf_count=29 44 132 26 41 60 40 243 54 87 37 55 21 36 31 22 34 20 55 22 28 25 40 20 76 33 22 46 30 20 22
internal_value=0.000315998 -0.0229376 0.0147427 0.0191291 0.00907828 0.0309231 -0.0293073 -0.0236544 0.0141316 0.00472184 -0.0122639 0.0244952 0.0246287 0.0108612 0.0203221 0.0113735 0.0378047 0.0349379 0.0218258 0.0320472 0.0184824 0.0336424 -0.00512578 -0.0197468 0.0446383 0.0531311 0.0640472 -0.00897148 -0.00123061 -0.00989177
internal_weight=514.042 196.812 317.23 281.436 151.946 129.49 173.568 128.161 130.911 68.6127 32.8476 62.2979 23.2433 33.0732 35.765 27.8585 96.4165 89.1184 37.895 30.012 54.6616 23.4489 18.166 35.7939 51.2233 36.7502 24.7551 44.1301 33.6528 26.6042
internal_count=1451 566 885 783 425 358 501 369 365 192 92 173 65 92 100 78 266 246 105 83 152 65 51 102 141 101 68 126 96 76
is_linear=0
shrinkage=0.05


Tree=9
num_leaves=31
num_cat=0
split_feature=17 29 29 28 17 28 11 44 20 28 1 16 11 39 11 4 17 1 56 18 17 12 32 3 9 1 5 6 9 9
split_gain=60.6569 23.1268 14.1344 12.0514 13.2747 9.90649 6.94618 6.63908 6.42561 6.8077 5.3759 4.83208 5.9257 5.65359 4.51257 4.45303 4.01453 3.91631 3.61027 3.48588 3.44767 3.26162 3.7742 5.209 2.68812 3.29394 2.62734 2.59702 2.46832 3.72593
threshold=-6.4999999999999991 10.500000000000002 -3.4999999999999996 31.500000000000004 4.5000000000000009 12.500000000000002 0.69821428571428579 0.36349520045172223 -0.18898809523809521 6.5000000000000009 0.76388888888888895 14.500000000000002 0.60092592592592597 26.710102960102962 -0.16843971631205676 0.18490028490028493 -1.0000000180025095e-35 0.60694221508828261 -1.0000000180025095e-35 1.0000000180025095e-35 -1.4999999999999998 2.5000000000000004 4.7590356056497924 0.23606811145510839 1.293610547667343 0.43792808219178087 -0.1340484642691773 2.191391941391942 1.2366946778711487 1.5794736842105266
decision_type=2 8 8 8 2 8 10 10 10 10 10 2 8 8 10 10 2 10 2 8 2 2 8 8 10 10 8 10 10 10
left_child=1 8 7 11 6 21 18 -2 9 -1 28 12 -4 -13 26 17 -8 -16 -5 20 -20 -3 -23 -24 25 -10 -7 -22 -6 -30
right_child=2 5 3 4 10 14 16 -9 24 -11 -12 13 -14 -15 15 -17 -18 -19 19 -21 27 22 23 -25 -26 -27 -28 -29 29 -31
leaf_value=0.036484767677729228 -0.039401668947314325 0.061563121731349972 0.047670157147713971 0.025510533854270708 -0.038807410993324271 -0.018874270177234712 0.0010527712925327247 0.0088681566171818025 0.011749100941228992 -0.020691433786702369 0.011790094639927674 0.021738551643793347 -0.0011123144403973545 -0.024328863448934548 -0.016043537546458691 0.037835282957531011 0.046561707111177769 0.031859869320645516 -0.039132042342761922 0.0032512896325672547 -0.00081120638140954541 0.056509963291144473 0.0020516598515559507 0.055690088631163537 -0.04757588342432062 -0.034795559317144377 0.014259490516653442 -0.033725611157734009 -0.0078920783273204922 -0.036372207901886548
leaf_weight=11.688624829053881 61.225748926401138 24.105328530073166 15.691239178180693 7.4784027040004721 44.561017870903015 8.2466768920421583 8.9389292001724261 8.0614985823631269 6.9700804650783565 9.3870142102241498 8.2278058826923353 12.93892791867256 10.319068193435671 13.724337726831438 8.681011766195299 41.52652508020401 10.583539664745329 8.3904260098934156 14.932683885097502 26.933740645647049 22.017508506774906 14.722189247608183 11.693836092948915 7.3846212923526755 9.4163224399089795 8.3606685698032361 21.795510500669483 8.2342996597290021 22.714811265468597 23.226594299077988
leaf_count=32 181 65 43 21 131 23 25 23 20 27 23 36 29 39 24 114 29 23 43 76 63 40 32 20 27 24 60 24 66 68
internal_value=-0.000452914 0.021733 -0.013798 -0.00827001 -0.0139284 0.0314273 -0.00100251 -0.0337855 -0.0092702 0.0110187 -0.0269052 0.0129838 0.0283167 -0.00197365 0.02092 0.0289978 0.0257241 0.00750047 -0.00755769 -0.0109867 -0.0194738 0.0475114 0.0374902 0.0228133 -0.0265491 -0.0136342 0.00516417 -0.00977024 -0.0304231 -0.0222908
internal_weight=512.179 192.369 319.81 250.523 197.849 146.546 99.1191 69.2872 45.8227 21.0756 98.7302 52.6736 26.0103 26.6633 88.6402 58.598 19.5225 17.0714 79.5966 72.1182 45.1845 57.906 33.8006 19.0785 24.7471 15.3307 30.0422 30.2518 90.5024 45.9414
internal_count=1451 531 920 716 569 401 281 204 130 59 288 147 72 75 244 161 54 47 227 206 130 157 92 52 71 44 83 87 265 134
is_linear=0
shrinkage=0.05


Tree=10
num_leaves=31
num_cat=0
split_feature=6 47 1 10 45 9 44 17 40 3 27 31 45 32 43 29 22 3 4 3 13 10 13 11 4 4 51 42 29 10
split_gain=8.15245 4.87371 4.60372 8.69204 5.11383 7.073 6.84799 6.72105 5.01286 4.7119 3.66585 3.48341 7.21768 6.8305 3.29542 5.21926 3.23184 3.15221 5.5145 4.44645 4.17266 2.98993 6.09073 4.21764 4.97712 6.17834 3.76662 3.56202 4.68031 3.66104
threshold=2.01685393258427 -0.15833333333333333 0.60113636363636369 0.87434210526315803 0.49358974358974367 0.99090909090909107 -0.013354700854700833 15.500000000000002 25.881652661064429 0.28416149068322988 3.5000000000000004 5.2808988664221426 0.23303167420814483 -5.1769590128893457 0.43167701863354041 11.500000000000002 0.34313725490196084 0.17694497153700192 1.0000000180025095e-35 0.15430402930402934 4.5000000000000009 2.2613636363636371 2.5000000000000004 -0.43234744707347439 0.18225524475524477 0.12310606060606062 0.28793103448275864 0.087121212121212141 6.5000000000000009 1.1261363636363637
decision_type=8 8 10 8 10 10 10 2 10 10 8 10 10 10 8 8 10 10 8 10 2 10 2 8 8 10 10 8 10 8
left_child=1 -1 3 -3 5 6 9 -8 10 -5 -7 21 13 -13 -4 -16 -17 18 -2 -20 -21 23 -23 -12 25 -25 27 -26 29 -29
right_child=17 2 14 4 -6 8 7 -9 -10 -11 11 12 -14 -15 15 16 -18 -19 19 20 -22 22 -24 24 26 -27 -28 28 -30 -31
leaf_value=0.046895967275407291 0.026279003848964994 0.051683152589839979 -0.042887310212003378 0.029114897460948377 -0.02540953684759353 -0.029276616102043893 0.097321475416960374 0.023296805602676759 -0.016481796543971017 -0.027002718153992411 -0.019869475585910262 -0.034772916479414287 0.072798332100619881 0.038423267552062948 0.039183512461077492 -0.026635693153770509 0.0092462087077750509 -0.026052226955019964 -0.022782522873111461 -0.019280826927046593 0.035949171507931831 0.002097785183978287 0.061830064596806227 -0.0024108944809218421 -0.025269034656626867 0.043228728834526109 0.030911817162828766 0.020068488657054125 0.041088271515530239 -0.013628422789541857
leaf_weight=6.5463161766529083 10.682173997163771 9.9188090264797193 7.2512935549020758 9.6384796202182788 13.995777055621145 7.140999734401702 5.6370341777801496 6.7240258753299713 29.861031591892242 6.1129071265459052 19.014274135231972 5.6573296189308175 5.9996051490306845 7.2998694777488717 5.4245246648788461 18.4203055202961 9.5178704410791379 30.403372630476952 35.245299279689789 6.2970676422119123 7.4845121502876282 12.048335939645769 6.6084842383861533 13.376212269067766 16.655306980013847 16.639734417200089 8.0514433085918409 10.999561443924902 6.4807867705821982 30.16730047762394
leaf_count=23 39 36 28 36 53 27 20 25 113 23 71 21 22 27 20 71 36 120 138 24 27 45 24 50 63 61 30 41 24 113
internal_value=0.000216491 0.00423493 0.00326739 0.00582264 0.00391225 0.00574338 0.0291974 0.0570544 0.00237935 0.00733639 0.00576936 0.00734336 0.0274584 0.00646459 -0.0123374 -0.00569742 -0.0144116 -0.012947 -0.00627393 -0.0133667 0.0107135 0.00462047 0.0232557 0.00175623 0.00577299 0.02289 -0.00132794 -0.00536472 0.00159286 -0.00462479
internal_weight=385.3 295.188 288.641 248.027 238.108 224.113 28.1124 12.3611 196 15.7514 166.139 158.998 18.9568 12.9572 40.614 33.3627 27.9382 90.1124 59.7091 49.0269 13.7816 140.041 18.6568 121.385 102.37 30.0159 72.3544 64.303 47.6476 41.1669
internal_count=1451 1103 1080 925 889 836 104 45 732 59 619 592 70 48 155 127 107 348 228 189 51 522 69 453 382 111 271 241 178 154
is_linear=0
shrinkage=0.05


Tree=11
num_leaves=31
num_cat=0
split_feature=17 29 27 28 11 29 6 20 54 47 8 6 28 0 5 11 3 28 8 23 28 1 3 7 10 16 11 11 14 9
split_gain=62.3306 22.0293 17.2965 19.5142 10.0522 9.96527 7.55369 7.53535 6.95253 8.00578 6.61157 4.71262 4.53077 4.73397 4.51011 4.13754 4.07746 4.18091 4.70671 3.96561 3.40642 3.37757 3.19885 3.75979 3.06095 2.81507 3.74922 2.68579 4.25142 4.45296
threshold=-4.4999999999999991 1.5000000000000002 6.5000000000000009 30.500000000000004 0.71130036630036642 -13.499999999999998 2.2952069716775605 0.2022727272727273 1.0000000180025095e-35 0.22127809934042267 -1.2419047619047616 0.86811594202898557 8.5000000000000018 0.25290697674418611 -0.04279609279609279 0.47613636363636364 0.13714733542319751 50.500000000000007 1.2132928802589 -0.10912698412698411 17.500000000000004 0.48212005108556838 1.0000000180025095e-35 1.0000000180025095e-35 2.2613636363636371 13.500000000000002 -0.67373188405797102 -1.0000000180025095e-35 1.0000000180025095e-35 1.1186635944700463
decision_type=2 8 8 8 10 10 10 10 2 8 8 10 8 8 8 8 10 8 10 8 10 10 8 10 8 2 10 10 2 8
left_child=1 14 5 15 8 25 12 -7 9 -5 -11 -6 -3 -14 -1 -4 22 -18 21 -15 -17 27 24 -24 -12 -2 -27 28 -19 -30
right_child=2 6 3 4 11 7 -8 -9 -10 10 16 -13 13 19 -16 20 17 18 -20 -21 -22 -23 23 -25 -26 26 -28 -29 29 -31
leaf_value=0.047807934285946589 0.065035721023130905 -0.041533496941021722 -0.028539480450166767 -0.030551419630959222 -0.045382421437024228 -0.014540123638233555 0.015743210004084445 0.03883160852131548 0.053522718668030558 -0.017997144247296846 0.046548875522846249 0.00018592691720168954 -0.036655377563502192 -0.02979761376478773 0.0036566001166147295 -0.021341517674859159 0.061247141487559421 0.053584386476221706 0.049349621161457191 -0.0033463966907793779 0.024515739882437049 0.040838604928485032 0.025791937788368927 -0.017934146868286052 0.0026012716902362558 0.011437010427726407 0.061975667096902914 -0.007534309088798135 -0.012256775463392813 0.023149668779157986
leaf_weight=10.525471121072767 22.504388928413391 60.609683275222778 36.123558282852173 8.4985685050487501 7.8924123346805599 12.444064706563951 9.2474884390830976 14.114337176084517 13.911441743373869 11.007568538188933 8.2800365388393367 20.184022814035416 43.755282402038574 25.064939439296722 12.840469479560854 8.0002666115760821 8.4028942584991437 7.6607917845249025 15.766019403934477 32.597672909498215 8.2009692788124067 14.867052048444746 7.2645819187164333 15.207240313291548 7.5977077782154092 7.2862959802150726 7.3934059441089612 11.473301976919187 12.338688880205153 31.68191522359848
leaf_count=29 61 180 103 24 23 35 26 39 38 31 23 57 128 73 36 23 23 21 43 94 23 41 20 43 21 20 20 32 34 87
internal_value=0.000289734 -0.0219965 0.0139263 0.00808975 0.0151377 0.0372166 -0.0282094 0.013824 0.0196183 0.0166713 0.0193195 -0.0126235 -0.030718 -0.0242544 0.0235451 -0.0191235 0.0222422 0.0274594 0.0244322 -0.0148443 0.00187115 0.0193971 0.00833983 -0.00379859 0.0255194 0.0539245 0.0368907 0.0143497 0.0192079 0.0132255
internal_weight=512.743 194.641 318.102 254.359 202.034 63.7425 171.275 26.5584 173.958 160.046 151.548 28.0764 162.028 101.418 23.3659 52.3248 140.54 102.191 93.7878 57.6626 16.2012 78.0217 38.3496 22.4718 15.8777 37.1841 14.6797 63.1547 51.6814 44.0206
internal_count=1451 566 885 710 561 175 501 74 481 443 419 80 475 295 65 149 388 281 258 167 46 215 107 63 44 101 40 174 142 121
is_linear=0
shrinkage=0.05


Tree=12
num_leaves=31
num_cat=0
split_feature=17 29 27 29 7 13 17 37 20 18 40 8 9 8 43 3 8 8 37 7 16 1 8 3 12 11 13 11 8 10
split_gain=54.392 20.8405 13.1152 8.52315 8.23762 9.37224 7.33113 6.03343 5.91191 5.36897 5.32873 5.04226 4.77621 6.48327 6.11565 4.65104 4.17242 4.12792 4.01542 4.08924 4.11366 3.5317 3.46509 3.31182 3.15896 3.63624 3.14223 2.8719 2.8191 2.67512
threshold=-6.4999999999999991 10.500000000000002 8.5000000000000018 -1.4999999999999998 1.1132478632478635 1.5000000000000002 -23.499999999999996 62.32500000000001 -0.18898809523809521 0.069047619047619066 25.674456521739135 -1.3327796234772975 1.3699248120300755 -0.065646815646815612 0.40588235294117653 0.13188405797101452 0.55007836990595627 -0.26051608342170357 199.73750000000004 2.4428571428571435 14.500000000000002 0.49106858054226482 1.50974025974026 0.1126984126984127 3.5000000000000004 0.39019224503095479 6.5000000000000009 0.49999999999999994 1.2863354037267083 1.9807692307692311
decision_type=2 8 8 10 10 2 2 10 10 8 10 8 8 8 8 10 10 8 10 10 2 10 8 8 2 10 2 10 10 10
left_child=1 8 3 -2 7 11 17 15 9 -1 12 -6 14 -14 -7 22 -15 -3 19 20 -8 -19 29 -24 26 -26 -22 -13 -18 -4
right_child=2 6 4 -5 5 10 18 -9 -10 -11 -12 27 13 16 -16 -17 28 21 -20 -21 24 -23 23 -25 25 -27 -28 -29 -30 -31
leaf_value=-0.007940737479219577 -0.038667750857688366 0.048710804034914672 -0.011291008063833603 0.017712078965299183 0.05422102496543784 0.016056805905077499 -0.020351711874062317 0.013074813593435647 -0.025737647973685818 0.0451140714427547 0.029697784933234869 0.026906161118445151 -0.015485030536360897 0.038551540749650316 -0.029048041234392231 -0.031930607186669312 -0.021303648913444828 0.040844140326528729 0.047568820716288873 0.042549953667554923 0.035826780080732222 -0.003660095766218948 -0.045010064394289423 0.00085647347388403689 -0.023407048512284451 0.021740971446882931 -0.0010368585257181768 -0.01218767324895269 0.022309463529516738 0.032427089327581052
leaf_weight=13.823290139436724 61.249511569738388 51.249958038330078 7.0109857916831952 7.5271568596363059 9.8440244793891889 9.1747352480888349 9.7545546293258649 12.854173123836516 24.520301312208176 7.2797149717807761 9.3462109565734846 10.9987083375454 31.529222518205643 12.835823029279711 41.545427024364471 57.462126910686493 7.7215034365653974 9.9429429173469561 10.708556503057478 10.963305354118345 20.813532888889316 8.0806911289691907 8.4423674941062927 7.3725225925445566 9.0596010088920611 8.7838605940341932 8.0036189854145032 8.2003112435340864 7.1235235929489136 6.9856146574020386
leaf_count=39 184 138 20 21 27 26 27 37 71 20 26 31 90 36 121 170 22 27 29 30 57 22 25 21 25 24 22 23 20 20
internal_value=-0.00044118 0.0204896 -0.0131745 -0.0324973 -0.00782542 -0.000344901 0.0296322 -0.0189063 -0.00904021 0.0103611 -0.00654697 0.0251263 -0.00962848 1.74898e-05 -0.0208891 -0.0236167 0.0176753 0.0414727 0.0191281 0.0146079 0.0091779 0.0208912 -0.00759154 -0.0236282 0.0153512 -0.00118188 0.0255883 0.0102083 -0.000375493 0.0105284
internal_weight=510.208 192.984 317.224 68.7767 248.447 148.319 147.361 100.128 45.6233 21.103 119.276 29.043 109.93 59.2101 50.7202 87.2736 27.6809 69.2736 78.087 67.3785 56.4152 18.0236 29.8115 15.8149 46.6606 17.8435 28.8172 19.199 14.845 13.9966
internal_count=1451 531 920 205 715 422 401 293 130 59 341 81 315 168 147 256 78 187 214 185 155 49 86 46 128 49 79 54 42 40
is_linear=0
shrinkage=0.05


Tree=13
num_leaves=31
num_cat=0
split_feature=6 1 10 45 9 10 39 12 49 11 8 44 32 32 8 17 3 37 6 5 28 4 7 10 5 3 16 23 3 5
split_gain=7.46277 4.42405 8.87192 5.02482 6.64178 4.95001 4.89133 5.8364 6.35664 4.77831 3.76224 4.4305 3.73553 3.7129 4.03187 5.07967 4.31383 4.21645 6.2508 6.0509 5.14312 3.86737 3.38365 3.34985 3.23443 6.16801 5.75507 5.10566 3.62662 3.05529
threshold=2.01685393258427 0.60113636363636369 0.8799879987998801 0.49358974358974367 0.95401691331923899 1.168439716312057 26.798194713088332 2.5000000000000004 0.65476190476190488 0.87212752525252524 -0.24893162393162391 0.2253968253968254 4.9769870691704607 -5.4604680340989464 0.37165129556433907 22.500000000000004 0.31726674409601247 216.81250000000003 1.0090909090909093 0.12459150326797387 12.500000000000002 0.17974358974358975 0.84412955465587058 1.198684210526316 -0.12532614954666788 0.17222840192806826 24.500000000000004 0.41428571428571431 0.10263157894736843 0.1152959943282524
decision_type=8 10 8 10 10 8 10 2 8 10 10 8 8 8 10 2 10 8 10 10 8 8 8 10 8 8 2 8 10 10
left_child=1 2 -1 4 5 -4 7 12 -9 13 -7 -12 -6 -10 16 22 17 -15 20 21 -19 -20 -16 -11 -2 26 27 28 -26 -3
right_child=24 29 3 -5 6 10 -8 8 9 23 11 -13 -14 14 15 -17 -18 18 19 -21 -22 -23 -24 -25 25 -27 -28 -29 -30 -31
leaf_value=0.050345252080500093 -0.032932765412079811 -0.0018561752110788311 -0.010214483603035198 -0.024823494650629475 0.021138186990809719 0.075539540070023836 -0.027190869091547911 -0.020160631296732141 -0.026945226862252088 0.0194252392444507 0.054533551448519117 -0.00068010767709107277 -0.015248984312241346 -0.026926177462553564 0.026858948943109074 -0.0067755520282236671 -0.021024637025866277 0.012662377202351215 0.044654515774042801 -0.035508138917177232 0.078949302100922686 0.0079373168311350703 0.069875545287186397 0.072673069598858997 0.013006404244605422 -0.01975059134729892 0.05279740198964087 0.041248249532386712 -0.033428966022951749 -0.031196968112332725
leaf_weight=11.043312415480612 15.840794280171393 27.82224677503109 5.9508206248283413 13.760404288768767 8.4468527585268003 5.8345651477575364 12.411595508456228 15.101266622543333 6.0939137488603592 6.303885489702223 7.565874293446532 6.9900512099266088 42.754704132676125 6.234459400177002 11.943929761648183 6.851101040840148 11.282806649804114 5.3420305401086781 8.970047712326048 6.7434912621974936 6.4708052426576623 35.769755616784096 7.4060552418231955 5.5577211081981659 7.0436406284570721 44.272626847028732 6.1627033799886695 5.3153353035450044 10.432763233780859 13.026863470673559
leaf_count=39 63 106 22 53 31 21 47 57 23 23 27 26 162 24 43 26 43 20 32 26 23 132 26 20 26 177 22 20 40 51
internal_value=0.000240847 0.00406278 0.00651149 0.00452586 0.00628157 0.0299072 0.0032262 0.00519995 0.0104805 0.0141832 0.0416165 0.0280188 -0.0092461 0.0110171 0.0131788 0.0302233 0.00765271 0.0123062 0.0161705 0.00864397 0.0489729 0.0152989 0.0433232 0.0443744 -0.0124468 -0.00801523 0.00992866 -0.0016627 -0.0147138 -0.011213
internal_weight=384.746 295.679 254.829 243.786 230.026 26.3413 203.684 191.273 140.071 124.97 20.3905 14.5559 51.2016 113.108 107.014 26.2011 80.8134 69.5306 63.2961 51.4833 11.8128 44.7398 19.35 11.8616 89.0679 73.2271 28.9544 22.7917 17.4764 40.8491
internal_count=1451 1103 946 907 854 96 758 711 518 461 74 53 193 418 395 95 300 257 233 190 43 164 69 43 348 285 108 86 66 157
is_linear=0
shrinkage=0.05


Tree=14
num_leaves=31
num_cat=0
split_feature=17 29 27 28 29 54 8 6 47 20 3 12 6 40 29 10 9 28 8 5 10 17 5 16 0 30 31 29 27 7
split_gain=56.1669 20.2685 15.6247 15.9453 10.1179 7.43903 8.78691 7.03997 7.02115 5.65446 5.38025 6.08988 4.7588 4.30062 4.29236 4.84019 5.37483 4.24878 4.52453 4.06683 3.74044 5.04695 3.26041 3.06505 3.04287 4.10423 4.3753 3.36376 2.9671 2.53295
threshold=-4.4999999999999991 1.5000000000000002 8.5000000000000018 30.500000000000004 -13.499999999999998 1.0000000180025095e-35 -1.9752747252747251 2.2952069716775605 0.22127809934042267 0.2022727272727273 0.13714733542319751 1.5000000000000002 0.98571428571428588 26.852487135506006 7.5000000000000009 1.2627264883520277 0.68627450980392168 50.500000000000007 1.1533163265306126 -0.04279609279609279 1.4604989604989607 -20.499999999999996 1.0000000180025095e-35 5.5000000000000009 0.45889639639639646 5.0439480146456868 3.0175632269705921 10.500000000000002 5.5000000000000009 1.3895663956639568
decision_type=2 8 8 8 10 2 8 10 8 10 10 2 10 8 8 10 10 8 10 8 10 2 8 2 8 10 10 8 10 8
left_child=1 19 4 24 23 6 -5 13 -8 -6 11 12 -10 -3 -15 -16 -17 -12 29 -1 21 -18 -13 -2 25 26 -4 -28 -25 -19
right_child=2 7 3 5 9 -7 8 -9 10 -11 17 22 -14 14 15 16 20 18 -20 -21 -22 -23 -24 28 -26 -27 27 -29 -30 -31
leaf_value=0.04534558713201943 0.068306442543359019 -0.0429625224256572 0.029603803044363098 -0.045021254455842097 -0.012184918552619233 0.045042762736958578 -0.030973212051290284 0.015219452673791392 -0.0058571385650713079 0.031399109346036645 0.056563417959555135 -0.025592531172121503 0.040020259125091523 0.0066137621989588828 -0.03810263567007334 0.015565050276074256 -0.035983513726351189 0.003553339252067115 0.040762421658181329 0.0035283612220974336 -0.035941340452060121 0.021779284881638203 0.013767320196935559 0.049428989760734052 -0.038412514072941606 -0.037454765087314136 0.0091176305693090858 -0.038806205448401195 0.015122909271952699 0.020700554195650422
leaf_weight=10.622905164957045 13.416065007448195 43.696449369192123 8.4149429500103015 6.8987447321414948 14.173864036798479 16.866027802228928 8.8074797987937909 9.2722776830196363 10.022555112838747 15.668024867773054 7.7475857138633719 19.645545125007629 12.963746309280394 10.084650427103044 53.477129220962524 10.347557216882704 7.0237408876419059 37.030996561050415 18.421717762947083 12.843840271234514 26.717615008354187 8.1923076212406141 7.185998976230624 22.233910977840427 14.189727485179899 10.021589666604994 7.0911905169487017 7.5706010758876765 8.7962568998336774 51.472176730632782
leaf_count=29 36 132 24 20 40 46 25 26 28 43 21 56 36 29 160 30 21 102 50 36 79 24 20 60 41 29 20 22 24 142
internal_value=0.000259198 -0.021082 0.0131373 0.00703236 0.0332177 0.0132892 0.0103171 -0.0271346 0.01252 0.0106982 0.0148488 0.00112935 0.0200167 -0.0295962 -0.0245543 -0.0275264 -0.0167082 0.0208091 0.0182184 0.0224581 -0.0246719 -0.00488407 -0.0150512 0.0483377 -0.0190415 -0.0107369 0.000865931 -0.0156278 0.0397041 0.0135259
internal_weight=510.917 192.278 318.639 244.351 74.2881 197.063 180.197 168.812 173.298 29.8419 164.49 49.8178 22.9863 159.539 115.843 105.758 52.2812 114.672 106.925 23.4667 41.9337 15.216 26.8315 44.4462 47.2881 33.0983 23.0767 14.6618 31.0302 88.5032
internal_count=1451 566 885 682 203 546 500 501 480 83 455 140 64 475 343 314 154 315 294 65 124 45 76 120 136 95 66 42 84 244
is_linear=0
shrinkage=0.05


Tree=15
num_leaves=31
num_cat=0
split_feature=17 29 29 11 56 41 39 2 5 7 6 10 2 29 51 7 44 7 20 11 2 11 3 5 4 10 27 5 10 0
split_gain=49.6851 18.5013 17.6629 12.9924 8.69417 8.99922 6.61119 7.52849 6.42349 5.74774 5.81571 5.96488 5.54829 5.30332 4.33621 4.33549 4.19072 7.78497 4.72415 4.0914 4.86653 3.9201 4.39713 4.35835 5.59446 3.87657 3.74876 4.61309 3.73913 3.45538
threshold=4.5000000000000009 -1.4999999999999998 -1.4999999999999998 -0.71352770885028938 -1.0000000180025095e-35 -1.0575594791555021 26.904970760233923 0.041040679750357224 0.043073593073593076 1.0090909090909093 1.2956891317547059 0.89512961508248245 -0.22039302022178728 12.500000000000002 0.51619644723093006 0.86811594202898557 -0.38492063492063483 2.1120071684587818 -0.19722222222222219 0.9396358543417368 0.22059143292020003 -0.43234744707347439 0.057189542483660136 -0.0086594691857849859 0.25186567164179113 1.5545634920634923 12.500000000000002 0.14018405578507881 1.3107954545454548 0.40967365967365971
decision_type=2 8 10 8 2 10 8 10 10 8 10 8 10 8 8 10 10 10 8 8 10 10 10 10 10 10 8 10 10 10
left_child=1 -1 6 15 -5 9 -2 25 -4 19 13 -12 -13 -11 -15 -3 17 18 -16 20 -6 -14 -23 24 -24 26 -8 29 -25 -28
right_child=2 3 8 4 5 -7 7 -9 -10 10 11 12 21 14 16 -17 -18 -19 -20 -21 -22 22 23 28 -26 -27 27 -29 -30 -31
leaf_value=-0.027373812188650617 -0.043651526901222829 -0.050886457396444533 -0.004583557092813848 0.05456103219192824 -0.052732882593150593 0.042498864385129585 -0.025343484368125953 -0.029912464811849084 0.047550206529849016 -0.0056556998564817225 0.038237629412988222 -0.029989395843701597 0.04227343934465292 -0.0017908850481306215 -0.023159288802191546 -0.0054198464413928032 0.048993215231326694 0.048905983091564346 0.020678061061755657 0.018332375484409521 0.004641513803878743 -0.026529014447942801 0.041353249960546803 0.010642367933919018 -0.0072622504060918056 -0.033118444876300029 0.023953289252172123 0.043767445060863691 -0.029039303100629507 -0.022713370834145222
leaf_weight=27.641684710979462 42.682137966156006 6.7198708951473263 12.856965184211733 16.156262695789337 7.95828929543495 29.69164451956749 7.9638054072856894 77.208395898342133 10.932494938373564 12.89264929294586 13.03254124522209 11.739929676055906 7.1448911130428305 10.290844976902006 8.4314700663089734 23.85929274559021 26.241261929273605 19.794986367225647 22.67024910449982 7.9614516794681576 6.9006929397583008 10.366760730743406 16.277581900358197 14.286460071802148 9.2978186905384046 8.6907421946525556 7.2158797681331697 8.5580051243305189 10.157136708497999 8.8090313971042615
leaf_count=82 130 20 36 44 23 81 24 233 30 36 36 33 20 28 23 67 71 54 63 22 20 29 45 40 26 26 21 24 29 26
internal_value=-0.000214937 0.0117229 -0.020842 0.0154256 0.0190344 0.0166929 -0.0267797 -0.0207 0.0193746 0.0131365 0.0159475 0.00689005 0.00173632 0.0242809 0.0286955 -0.0154113 0.0327627 0.0243946 0.00879405 -0.0105906 -0.0260875 0.00725171 0.00310791 0.00925035 0.0236793 -0.0034515 0.00447027 0.0141286 -0.0058467 -0.00169977
internal_weight=504.431 319.514 184.917 291.872 261.293 245.137 161.128 118.446 23.7895 215.445 192.625 92.3031 79.2706 100.321 87.4288 30.5792 77.138 50.8967 31.1017 22.8204 14.859 67.5306 60.3858 50.019 25.5754 41.2375 32.5467 24.5829 24.4436 16.0249
internal_count=1442 892 550 810 723 679 484 354 66 598 533 258 222 275 239 87 211 140 86 65 43 189 169 140 71 121 95 71 69 47
is_linear=0
shrinkage=0.05


Tree=16
num_leaves=31
num_cat=0
split_feature=7 57 9 6 20 29 44 45 6 3 15 40 39 3 8 8 32 4 36 14 29 8 10 0 28 10 4 21 44 15
split_gain=6.67694 4.66707 4.98546 6.19319 4.09717 6.50118 6.60198 5.20059 3.92184 5.26801 3.91083 5.2086 4.75955 4.49609 3.93132 6.09022 4.54404 4.09449 3.51697 3.58731 7.46745 4.22252 3.35726 3.24139 3.56621 3.5376 3.77044 3.18644 3.12396 3.0506
threshold=2.4714052287581705 1.0000000180025095e-35 0.85857142857142865 1.8119103773584908 0.2022727272727273 -2.4999999999999996 0.13232323232323234 0.26120857699805072 2.143650793650794 0.17369121561668147 4.5000000000000009 25.841568627450986 25.475432389937112 0.080128205128205135 -0.48160173160173148 -1.0176794210943694 -5.304458498591333 0.1811868686868687 228.28750000000002 1.0000000180025095e-35 -13.499999999999998 0.16717171717171722 1.2022727272727274 0.32945736434108536 10.500000000000002 1.0970965309200607 0.16585760517799356 0.41428571428571431 -0.12265037593984961 30.500000000000004
decision_type=8 2 8 10 10 8 10 8 8 10 2 10 8 10 10 10 10 10 8 2 10 10 10 10 8 10 10 10 8 2
left_child=1 2 3 -1 5 -3 7 -7 9 -2 23 13 -13 -12 15 -15 27 -17 -18 21 -21 -20 -19 24 -4 -26 -27 -16 29 -9
right_child=8 4 10 -5 -6 6 -8 28 -10 -11 11 12 -14 14 16 17 18 22 19 20 -22 -23 -24 -25 25 26 -28 -29 -30 -31
leaf_value=0.0551553046692351 0.016916228594061136 0.03434547108657296 -0.041893994092626938 -0.0059771335279708935 -0.028110293065922051 0.024749934662129464 0.039943609025404003 0.021372003334646294 -0.036516882566670149 -0.024196879166324424 0.041464156959268951 0.020693263894988507 -0.024889607605144755 -0.010771880671935293 -0.0055568173506808051 0.067065491224299625 -0.016440906400460659 -0.0023774480107945917 -0.025588548725988248 0.011677490261214998 0.083133860393241832 0.034582503625854903 0.044839574221394174 -0.037339911856815934 0.040117944466752264 0.025028778662754755 -0.018327413943714069 0.025016968149075017 -0.034652453887804358 -0.027919452683792853
leaf_weight=10.537345886230471 13.259016230702398 10.176934346556662 5.0885248184204093 6.8272223472595206 20.167957693338394 6.4809848368167868 5.9017249941825858 6.154890447854994 17.761991754174232 18.89531172811985 10.545217350125311 7.7664254158735275 21.804580122232441 9.3133730441331846 79.068757191300392 7.6377112120389965 5.5632135272026062 7.2524728924036008 5.4455943703651446 8.1679682284593564 6.6190898269414893 6.2758550345897675 7.8282007724046707 8.8157961517572385 5.3693973571062115 7.2699220925569561 16.163586795330048 9.5515929013490659 23.510244324803352 6.4058709591627121
leaf_count=38 50 37 21 27 78 23 21 23 72 74 39 29 83 36 297 28 21 27 20 31 23 22 28 34 20 27 62 37 90 24
internal_value=-0.000611162 0.00195439 0.00526484 0.0311199 -0.00867083 -0.00198398 -0.0096144 -0.0164878 -0.0176601 -0.00724366 0.00335881 0.00639072 -0.0129179 0.00988787 0.0077076 0.0232792 0.00357487 0.0372385 0.019702 0.0272872 0.0436633 0.00662801 0.0221324 -0.0103315 -0.00330611 0.00351109 -0.00487675 -0.00226154 -0.0238971 -0.00376618
internal_weight=381.627 331.71 252.912 17.3646 78.7986 58.6306 48.4537 42.552 49.9163 32.1543 235.547 192.84 29.571 163.269 152.724 32.0318 120.692 22.7184 32.0717 26.5085 14.7871 11.7214 15.0807 42.7072 33.8914 28.8029 23.4335 88.6204 36.071 12.5608
internal_count=1442 1246 950 65 296 218 181 160 196 124 885 721 112 609 570 119 451 83 117 96 54 42 55 164 130 109 89 334 137 47
is_linear=0
shrinkage=0.05


Tree=17
num_leaves=31
num_cat=0
split_feature=8 27 29 20 6 5 11 5 14 16 30 18 7 44 8 1 0 20 11 8 9 7 11 5 30 9 5 5 10 1
split_gain=43.1181 17.9908 14.4455 10.4778 8.97264 7.78635 8.88784 7.09419 6.10814 5.88094 5.5192 5.259 5.13887 4.85515 4.48022 4.16618 3.89197 5.55222 5.63847 3.88672 4.73356 3.86325 3.80069 3.5836 3.55534 4.42059 3.78827 3.05937 2.92004 2.83964
threshold=0.085607203254261979 9.5000000000000018 2.5000000000000004 -0.093248663101604262 1.0397951142631996 -1.0000000180025095e-35 0.071158980023934462 -0.032512836001208072 2.5000000000000004 12.500000000000002 3.0175632269705921 0.14835164835164838 0.35416666666666669 -0.36349520045172212 1.1099227569815808 0.43792808219178087 0.4431524547803618 0.21559873949579836 -0.10674603174603174 0.33333333333333337 1.5278637770897834 0.98571428571428588 -0.29487179487179477 -0.0082070707070707166 1.7926456271808611 1.2191310975609759 -0.033744392065769409 0.070282258064516143 3.035714285714286 0.24621212121212124
decision_type=8 8 10 10 10 10 10 10 2 2 10 8 10 10 10 10 10 10 8 10 8 10 10 10 10 10 10 8 10 10
left_child=2 15 3 9 10 7 28 8 11 -1 29 14 -13 27 19 24 -6 18 -18 20 -3 22 -10 -17 25 26 -2 -4 -7 -5
right_child=1 5 13 4 16 6 -8 -9 21 -11 -12 12 -14 -15 -16 23 17 -19 -20 -21 -22 -23 -24 -25 -26 -27 -28 -29 -30 -31
leaf_value=0.012557573656915864 0.056785659973647352 0.044989164645368618 -0.029680376211498796 -0.043539123215887487 0.030671847695164119 0.02631525805533217 -0.0080745958332946056 -0.040703186990478937 -0.0097971052514218022 -0.025653876547792078 0.019558180433522938 0.019341134773564007 -0.022278945944695667 -0.043155582173558936 0.042574362585397769 -0.012980088429722744 -0.033707805065470442 0.031220092601365997 0.022848315126947412 -0.019204024891549737 -0.01039881247204427 0.049877708666477699 0.037424785079285997 0.03229323964866835 0.056571899790692763 0.0011929703669767209 0.013324001361101873 0.013223251524338925 0.058320417126742824 -0.012330178101277031
leaf_weight=11.728710353374479 15.573760598897936 7.9000386595726022 10.131440579891203 11.913096696138384 26.530693292617798 36.727999687194824 19.141882359981537 10.267455339431761 10.247710794210436 71.17008364200592 9.2810878455638868 9.1137624979019147 39.825658172369003 46.917783141136169 8.398201644420622 7.1018182933330563 11.707716077566145 11.913975268602369 7.0672042965889039 12.945298880338667 7.5381361544132242 9.1755254268646222 7.2938452661037472 11.366903334856032 24.488730162382126 8.8450855910778028 7.3943639695644405 7.0440427064895657 8.8425101935863477 18.7761350274086
leaf_count=33 42 22 31 35 74 101 54 29 28 212 26 25 114 143 23 20 33 33 20 37 21 25 20 31 66 24 20 21 24 55
internal_value=0.000674716 0.0147551 -0.014444 -0.00718895 0.00394954 0.00648242 0.0205161 -0.000918619 0.00271437 -0.0202476 -0.0142275 -0.0037917 -0.0145282 -0.0348293 0.0104937 0.0354913 0.016647 0.00452241 -0.0124191 0.00100152 0.0179444 0.0235889 0.00983794 0.0148842 0.042251 0.0312273 0.0427936 -0.0120847 0.0325255 -0.024445
internal_weight=506.371 262.189 244.182 180.089 97.1899 187.418 64.7124 122.706 112.438 82.8988 39.9703 85.7211 48.9394 64.0933 36.7817 74.7707 57.2196 30.6889 18.7749 28.3835 15.4382 26.7171 17.5416 18.4687 56.3019 31.8132 22.9681 17.1755 45.5705 30.6892
internal_count=1442 726 716 521 276 523 179 344 315 245 116 242 139 195 103 203 160 86 53 80 43 73 48 51 152 86 62 52 125 90
is_linear=0
shrinkage=0.05


Tree=18
num_leaves=31
num_cat=0
split_feature=2 29 28 29 14 27 56 27 40 4 42 8 8 3 1 43 1 46 1 8 40 43 14 8 1 0 0 29 18 4
split_gain=40.4231 17.1689 14.28 12.6991 11.4373 10.5416 9.81421 7.98691 6.21909 5.94637 5.0132 4.76763 4.67089 4.03246 4.84973 8.51987 3.80243 3.90969 3.97916 3.71296 3.50843 3.03551 3.8382 3.63606 2.99135 3.25134 2.86222 2.7978 2.69791 3.53522
threshold=-0.016872232764073358 1.5000000000000002 13.500000000000002 -1.4999999999999998 1.5000000000000002 16.500000000000004 -1.0000000180025095e-35 26.500000000000004 25.475432389937112 0.17555713608345189 0.10263157894736843 -1.9752747252747251 0.58697478991596652 0.23606811145510839 0.52985739750445637 0.21130952380952384 0.63818181818181829 0.36602870813397131 0.21651785714285718 0.19403642773207994 26.377976190476193 inf -2.4999999999999996 -0.31367880485527516 0.19139194139194141 0.52859477124183019 0.18350168350168353 -6.4999999999999991 0.16025641025641027 0.19023809523809526
decision_type=10 8 8 10 2 8 2 8 10 10 10 8 10 8 8 8 10 8 10 10 8 8 2 8 10 10 8 10 10 10
left_child=1 -1 13 4 5 -2 -7 -4 10 11 -5 -9 19 14 15 -3 17 -11 -19 24 -15 -20 -23 -24 -8 -26 -22 -6 -14 -30
right_child=3 2 7 8 27 6 12 9 -10 16 -12 -13 28 20 -16 -17 -18 18 21 -21 26 22 23 -25 25 -27 -28 -29 29 -31
leaf_value=-0.023381492684190069 -0.041623610012432449 0.043992430766963943 -0.035612269173518264 0.025032758093843439 -0.034255836044370283 0.05368207580570436 0.02254730023355285 0.035409250347142235 0.044346579200246733 0.040907103165010908 -0.025695591970139365 -0.002427663930675227 -0.035055081973910371 0.065734857568295432 0.043281813188151608 -0.020600518066002535 0.04931989649692152 0.042858524816435158 -0.022976782745126757 0.027822789394183534 0.017459407676828641 0.036929464524681502 -0.023603976837231498 0.019501982873749563 -0.030393518114028979 0.0074260873522777318 0.04954879793168003 -0.0064812230971644643 -0.035699051675195236 0.0099048415632868626
leaf_weight=28.60179477930069 19.030306488275528 8.8948196768760699 9.4762174785137159 9.0408367514610344 92.434336870908737 7.6214875578880301 7.7416694760322597 9.4871846139430982 11.249572515487669 13.497550547122954 10.557638496160505 67.992998540401459 15.514942616224287 14.178296178579329 16.352711498737335 11.982044637203215 10.989502668380736 7.7590293586254111 8.3904252648353559 12.688065737485884 12.547928154468538 9.6608054637908882 9.5771723091602308 10.000427991151819 12.641379952430727 10.323959469795225 15.57342544198036 10.05304181575775 6.6892820298671749 11.652135312557219
leaf_count=85 58 24 28 25 286 21 22 26 31 37 30 193 46 38 44 33 30 21 23 36 34 26 27 28 36 29 42 30 20 33
internal_value=-0.000216275 0.0132066 0.0176341 -0.0152078 -0.0196801 -0.00799029 -0.000448989 0.00888241 0.0147145 0.0117438 -0.00229445 0.00220534 -0.00578946 0.0348925 0.0228916 0.00692002 0.0223205 0.0172817 0.0102559 0.0050702 0.045455 0.00353325 0.0111407 -0.00158503 -0.00433112 -0.0133919 0.0352303 -0.0315314 -0.0197087 -0.00672731
internal_weight=502.201 264.962 236.361 237.239 206.391 103.903 84.8729 156.831 30.848 147.355 19.5985 77.4802 77.2514 79.5292 37.2296 20.8769 69.8749 58.8854 45.3879 43.3951 42.2996 37.6288 29.2384 19.5776 30.707 22.9653 28.1214 102.487 33.8564 18.3414
internal_count=1442 739 654 703 617 301 243 439 86 411 55 219 222 215 101 57 192 162 125 123 114 104 81 55 87 65 76 316 99 53
is_linear=0
shrinkage=0.05


Tree=19
num_leaves=31
num_cat=0
split_feature=7 17 57 9 42 42 31 21 16 8 5 15 40 41 29 15 17 37 1 17 20 14 20 20 10 20 30 39 4 45
split_gain=6.1642 5.41672 4.45787 8.30397 4.4803 6.47708 6.53954 4.37875 4.29916 3.66987 4.96296 3.52827 3.78634 7.18208 3.99911 7.65265 4.0657 4.23741 3.79419 7.40643 7.26144 4.80999 4.25485 4.16722 4.69443 3.4254 3.36986 2.60941 2.60429 2.73618
threshold=2.4714052287581705 49.500000000000007 1.0000000180025095e-35 0.8799879987998801 0.13809523809523813 0.23303167420814483 5.2808988664221426 0.41428571428571431 18.500000000000004 -1.0760555234239442 0.087199048152295636 4.5000000000000009 25.841568627450986 -1.1862934362934359 -33.499999999999993 25.500000000000004 22.500000000000004 86.800000000000011 0.29864864864864871 14.500000000000002 -0.14642857142857138 2.5000000000000004 -0.29029304029304026 0.15646853146853149 1.633971291866029 0.18898809523809526 6.7465915600646946 27.320685434516527 0.16585760517799356 0.25462962962962971
decision_type=8 2 2 8 10 10 8 10 2 10 8 2 10 8 10 2 2 10 10 2 10 2 10 10 8 8 10 8 10 8
left_child=1 2 3 8 28 -6 -7 11 -1 10 -2 -5 14 -14 16 26 17 18 19 23 22 -22 -20 24 -13 -17 -16 -15 -4 -30
right_child=9 -3 4 7 5 6 -8 -9 -10 -11 -12 12 13 27 15 25 -18 -19 20 -21 21 -23 -24 -25 -26 -27 -28 -29 29 -31
leaf_value=0.069251082531263344 0.016058329296190287 -0.025354366034753956 0.010437935833914353 -0.010051985384569959 0.049244539351770117 -0.023057593848978705 0.030206327557994957 0.041480031579456983 0.017720193552716666 -0.04211300232955259 -0.02236794343142617 0.061631650376674778 0.035389467231575301 -0.042496282368588836 -0.0046699101557368264 0.063772776596771538 -0.021588822411433381 -0.033845966784696396 0.0081995292646914585 -0.021275476407281696 -0.02391472713656026 0.02794008828354488 0.057065054578496137 0.072742165551165125 0.0048367570237731489 0.020347395137298052 0.031160296047205351 -0.0066335416656502187 0.0071676247698395576 -0.03048406533643876
leaf_weight=7.4144522547721889 12.577938109636309 17.269138723611832 6.5255865901708594 42.415052577853203 6.940701112151145 17.150418907403949 8.6787302345037443 7.6058382242918006 8.9131667166948301 11.269117385149 25.314133405685421 5.6342059671878859 6.289064347743988 10.852561965584753 22.758897900581363 11.029682055115698 14.123407974839209 5.7857070863246909 12.550458267331125 6.7029631435871115 23.334851086139683 5.5322812497615805 6.9059284031391135 6.3972156494855872 10.270868495106697 7.7193273305892971 9.2210514247417432 9.5229565799236351 5.8207549154758444 28.212131410837173
leaf_count=26 47 68 25 164 25 65 31 28 33 46 103 20 23 43 83 39 55 23 47 25 89 20 25 23 38 28 33 36 21 110
internal_value=-0.000540152 0.00190955 0.00340752 0.00669226 -0.00738717 0.00636246 -0.00516064 0.00419003 0.0411206 -0.0170627 -0.00961268 0.00288329 0.00602506 -0.0113183 0.00915044 0.0205309 0.00321327 0.00742782 0.0105159 0.0248114 0.00193531 -0.0139769 0.0255441 0.0386629 0.0249558 0.0458937 0.00566132 -0.025735 -0.0184964 -0.0240444
internal_weight=380.739 331.577 314.308 240.98 73.3283 32.7699 25.8291 224.652 16.3276 49.1612 37.8921 217.046 174.631 26.6646 147.967 50.729 97.2379 83.1145 77.3288 29.0053 48.3235 28.8671 19.4564 22.3023 15.9051 18.749 31.9799 20.3755 40.5585 34.0329
internal_count=1442 1246 1178 901 277 121 96 842 59 196 150 814 650 102 548 183 365 310 287 106 181 109 72 81 58 67 116 79 156 131
is_linear=0
shrinkage=0.05


Tree=20
num_leaves=31
num_cat=0
split_feature=17 29 29 27 54 28 6 10 8 46 20 40 10 9 1 17 17 5 9 7 14 5 9 6 7 7 44 46 5 28
split_gain=42.3985 21.7265 17.4741 11.914 9.59103 8.03548 7.08397 6.7534 6.73604 5.66885 5.75578 4.84065 4.75651 4.30855 4.38022 4.29421 6.25856 4.13025 4.53307 3.96271 4.09049 3.56821 3.33687 3.29244 3.16224 3.80746 5.29162 3.03821 2.98552 2.98275
threshold=-4.4999999999999991 3.5000000000000004 -1.4999999999999998 12.500000000000002 1.0000000180025095e-35 27.500000000000004 0.89827586206896559 0.85857142857142865 -0.22875430292598972 0.49358974358974367 0.14642857142857146 26.852487135506006 2.7386363636363638 1.3699248120300755 0.57932875667429451 12.500000000000002 1.0000000180025095e-35 -0.16645021645021643 1.7559523809523812 1.6639784946236562 1.0000000180025095e-35 -1.0000000180025095e-35 1.2518656716417913 2.2170289855072469 1.2253968253968257 0.75735294117647067 0.38492063492063494 0.19090909090909094 0.0085288234224404642 3.5000000000000004
decision_type=2 8 10 8 2 8 10 8 10 8 8 8 10 10 8 2 2 10 8 10 2 10 10 10 8 10 8 10 10 10
left_child=1 8 3 9 5 -5 19 -8 -1 10 -2 -3 13 27 15 16 21 18 -13 20 -7 -15 -10 -18 25 -11 -27 -9 -19 -30
right_child=2 11 -4 4 -6 6 7 12 22 24 -12 17 -14 14 -16 -17 23 28 -20 -21 -22 -23 -24 -25 -26 26 -28 -29 29 -31
leaf_value=-0.0077168394867266378 -0.021770153637267295 -0.041540233724931264 -0.022176000061592708 -0.037879695175813022 0.044849149988599735 0.014037423793891435 -0.019251636297287097 0.028992119449935266 0.017409349299492193 0.056362843496229553 0.0308054842558672 0.018941384049159772 0.045948287441357573 -0.0076508749931004042 0.029246612141477307 0.028852500522513105 -0.043903269479862977 -0.037547858567476167 -0.020684600606283268 -0.044606133750598548 -0.033564325629955774 0.038837851281960267 0.06065660379349383 -0.0041590920117823829 0.05704927116507566 0.034842488131749359 -0.009782221527830471 0.0020865703139652898 -0.026619718644964797 0.0012276389721806184
leaf_weight=12.968799769878389 8.9265440106391889 38.903086453676224 34.26511538028717 10.039152085781096 17.018300294876099 12.642484903335577 15.007942974567412 45.1399886906147 8.6810666918754595 11.948858261108397 12.48854896426201 11.778959870338442 12.155696094036101 9.5567435026168841 13.129504859447477 8.4586566388607007 13.163467437028887 36.624148041009903 18.636015176773071 8.0482835769653303 7.0184594988822928 7.2656234204769126 9.1736592054367048 8.6252637505531293 17.049769192934036 26.693495452404026 8.8442836999893135 13.669779628515242 32.780362129211426 13.607580065727232
leaf_count=37 25 123 101 29 46 35 42 123 24 32 34 34 33 27 36 23 37 111 56 24 20 20 25 24 46 72 24 38 100 41
internal_value=0.000623169 -0.0185744 0.0115715 0.0156021 0.00893813 0.00561527 0.00812647 0.0125205 0.0197089 0.0311813 0.00889016 -0.0263209 0.0161559 0.0131128 0.00370965 -0.00341356 -0.0104822 -0.021101 -0.00533845 -0.0150529 -0.0029552 0.0124277 0.0396295 -0.0281702 0.0385782 0.0319463 0.0237367 0.0227382 -0.0268763 -0.0184509
internal_weight=504.31 183.154 321.156 286.891 200.939 183.921 173.882 146.173 30.8235 85.9515 21.4151 152.33 131.165 119.009 60.1993 47.0698 38.6111 113.427 30.415 27.7092 19.6609 16.8224 17.8547 21.7887 64.5364 47.4866 35.5378 58.8098 83.0121 46.3879
internal_count=1442 551 891 790 557 511 482 403 86 233 59 465 361 328 167 131 108 342 90 79 55 47 49 61 174 128 96 161 252 141
is_linear=0
shrinkage=0.05


Tree=21
num_leaves=31
num_cat=0
split_feature=17 29 29 28 56 39 2 7 9 23 1 22 20 46 1 6 32 10 1 29 14 9 10 9 10 10 10 31 29 27
split_gain=41.144 15.1771 15.0151 10.7393 7.92036 6.19895 6.7294 5.81472 6.55689 4.10375 4.54839 6.31419 4.0972 3.99231 4.53118 3.84347 3.75742 3.61999 3.56916 3.52807 3.5087 3.55861 4.21454 3.45554 3.82295 3.38734 3.37283 3.02365 2.66957 2.5155
threshold=4.5000000000000009 -1.4999999999999998 -1.4999999999999998 8.5000000000000018 -1.0000000180025095e-35 26.904970760233923 0.041040679750357224 0.89827586206896559 2.9500000000000006 -0.45299145299145294 0.53248945147679339 0.17424242424242428 -0.10000000000000001 0.27922077922077926 0.43405797101449278 1.0090909090909093 3.5811199955696553 1.5545634920634923 0.5034246575342467 13.500000000000002 1.0000000180025095e-35 1.8596059113300496 1.3645104895104898 1.0606199770378877 1.2366946778711487 1.670542635658915 1.1490740740740744 inf 11.500000000000002 7.5000000000000009
decision_type=2 8 10 8 2 8 10 8 8 10 10 8 10 8 10 8 8 10 8 8 2 10 10 10 8 10 10 8 8 10
left_child=1 25 5 12 -5 -2 17 27 9 -9 11 13 16 14 -11 -10 -3 18 -7 -18 21 26 -23 -4 -25 -1 -15 -6 -14 -8
right_child=2 3 23 4 7 6 29 8 15 10 -12 -13 28 20 -16 -17 19 -19 -20 -21 -22 22 -24 24 -26 -27 -28 -29 -30 -31
leaf_value=-0.03821704007416455 -0.041689740290641722 0.051762673779108571 0.04523785459730878 0.042876499352181428 0.0098659082566408905 0.035742274827415613 -0.031562361129358625 -0.026221324898320776 0.052541922078743898 0.047013693382328706 0.019997632749455554 -0.042565921608320144 -0.014137409644446512 -0.042880694227258064 -0.0050972833846077469 0.016297013825939025 -0.0048930744561342873 -0.031722745403918388 -0.0040283951589066185 0.034288019454859597 0.025951801442763756 0.039508557337282278 -0.0069318412682859397 -0.019410388999459585 0.029089153321202273 -0.00082552378854414956 -0.0068610314090545065 -0.030117002213860697 0.028220852651668245 -0.0047042996232743699
leaf_weight=17.656550407409672 40.857298254966736 23.822599083185199 7.6722400188446072 15.443398475646971 6.7396579086780575 7.2818052470684043 64.725446373224258 10.232895106077192 11.438395202159883 10.275729268789293 43.486516565084457 7.8162809908390036 7.4149293899536115 8.1628575623035413 7.0222204625606528 20.286124646663666 7.314929932355879 8.5093392133712751 25.040741980075836 26.778122961521149 10.360087066888807 8.0831320881843585 12.349072605371473 8.2326095700263995 8.0226999223232252 9.2196721136569959 31.887101233005524 15.845750361680983 7.4639178812503815 10.074952006340025
leaf_count=54 130 64 21 42 19 21 202 29 31 28 120 22 21 23 20 56 20 26 74 72 29 22 35 23 22 28 90 47 20 31
internal_value=-0.000223928 0.0105661 -0.0193081 0.0138731 0.00835229 -0.0249484 -0.019033 0.00573852 0.00871724 0.0043408 0.00658357 0.000504449 0.0305148 0.00432393 0.0258589 0.0293653 0.0365272 -0.00270733 0.00493137 0.0258814 -0.000934377 -0.00553975 0.0114403 0.0175802 0.00452624 -0.0253902 -0.0142024 -0.0181858 0.00711145 -0.0279448
internal_weight=499.517 319.1 180.417 292.224 219.429 156.49 115.632 203.986 181.4 149.676 139.443 95.9565 72.7945 88.1402 17.2979 31.7245 57.9157 40.8319 32.3225 34.0931 70.8423 60.4822 20.4322 23.9275 16.2553 26.8762 40.05 22.5854 14.8788 74.8004
internal_count=1442 892 550 810 613 484 354 571 505 418 389 269 197 247 48 87 156 121 95 92 199 170 57 66 45 82 113 66 41 233
is_linear=0
shrinkage=0.05


Tree=22
num_leaves=31
num_cat=0
split_feature=57 44 10 32 17 9 43 12 3 6 15 17 40 29 29 16 6 5 45 17 2 21 9 39 9 36 10 46 30 6
split_gain=5.63882 6.28688 5.78403 5.24842 4.57872 5.11275 7.745 4.50009 4.63796 5.68812 3.94173 6.44347 9.08926 4.87417 3.42924 3.34131 3.13418 3.72077 2.96575 4.36879 5.91028 2.88852 3.81812 5.10466 3.165 2.69724 2.60902 2.59863 4.36452 2.83338
threshold=1.0000000180025095e-35 0.69696969696969713 3.6458333333333335 -13.398941531115097 49.500000000000007 0.8799879987998801 0.28991596638655465 1.5000000000000002 0.080128205128205135 1.6639784946236562 25.500000000000004 22.500000000000004 25.465015723270444 18.500000000000004 -10.499999999999998 18.500000000000004 1.2462121212121213 -0.14352159468438536 0.24264705882352944 12.500000000000002 0.17158948307911182 0.324561403508772 1.3861852433281008 26.661027568922311 1.0189340813464238 150.02500000000001 1.6885775862068968 0.21538461538461542 5.3953141390848502 0.85449735449735453
decision_type=2 8 8 10 2 8 8 2 10 10 2 2 10 8 10 2 10 10 8 2 10 10 10 10 10 10 10 10 10 10
left_child=2 3 4 -2 5 6 -1 16 9 -9 18 12 13 -12 -13 -8 17 -7 -10 20 25 22 23 24 -5 27 -22 -20 29 -29
right_child=1 -3 -4 21 -6 7 15 8 10 -11 11 14 -14 -15 -16 -17 -18 -19 19 -21 26 -23 -24 -25 -26 -27 -28 28 -30 -31
leaf_value=0.078085316848607755 0.030567078686034883 -0.028194878241509114 -0.021745519961650715 -0.0016872301386148909 -0.025467847694610732 -0.015337840843408994 0.034595005761168564 0.061328639305309962 -0.027125828506653755 0.0019352653673048029 0.083564632448310805 -0.0096217531397198575 -0.0068780236633173737 0.031830618724929857 0.033825777355324514 -0.014334471616332865 -0.036844724259526736 0.020422462635631064 -0.0039824554212516709 -0.028825590734898376 0.010118402078264983 -0.036187219281418673 -0.028179940244139959 -0.033933058304220907 0.040051047604550888 -0.033889663377342949 0.049752284787174403 -0.021911127307239403 0.051765231541976819 0.01663493406871273
leaf_weight=5.9988569170236614 10.672708153724669 34.56328871846199 22.085152074694633 8.2999548465013557 11.893784224987028 21.993745192885395 6.9842138141393644 8.467876613140108 9.2485692799091321 7.6939168125390998 7.7082762718200701 22.559926807880405 9.5491214096546155 11.122316122055055 5.6863086670637122 6.9722801744937897 8.9782757461070997 10.868463024497034 54.285777539014816 10.26382654905319 7.368741542100909 7.7884134948253623 10.097577735781668 5.4575965702533713 10.031497508287428 5.4583892226219168 9.5125498920679075 7.0237435251474443 6.205144762992858 14.840718701481817
leaf_count=20 39 137 90 31 48 87 26 30 35 29 26 88 36 40 20 27 36 40 205 39 27 31 39 21 36 21 34 27 22 55
internal_value=-0.000461551 -0.0116451 0.00285838 -0.000717921 0.00486581 0.00625991 0.0305731 0.00422848 0.0073915 0.0330541 0.00509793 0.016031 0.0328576 0.0530079 -0.00087524 0.0101512 -0.0106638 -0.0035109 0.000113587 0.00230503 0.00535693 -0.00872981 -0.00241907 0.00851548 0.0211532 0.000148192 0.032452 0.00240417 0.0147557 0.00425239
internal_weight=379.681 86.911 292.77 52.3477 270.685 258.791 19.9554 238.836 196.995 16.1618 180.833 56.6259 28.3797 18.8306 28.2462 13.9565 41.8405 32.8622 124.207 114.959 104.695 41.675 33.8866 23.789 18.3315 87.8138 16.8813 82.3554 28.0696 21.8645
internal_count=1442 334 1108 197 1018 970 73 897 734 59 675 210 102 66 108 53 163 127 465 430 391 158 127 88 67 330 61 309 104 82
is_linear=0
shrinkage=0.05


Tree=23
num_leaves=31
num_cat=0
split_feature=17 29 29 27 11 56 8 6 28 46 20 40 46 5 11 6 0 10 11 13 10 49 7 7 6 5 46 28 11 0
split_gain=38.4022 19.9622 15.7006 10.6064 10.4279 9.64834 6.15072 5.48394 5.25139 5.18944 5.28735 4.645 4.17748 3.90392 4.34015 3.72515 3.42167 3.41898 3.65739 3.22908 3.13078 2.97584 3.13454 2.92709 2.925 2.85717 2.9612 6.10514 2.28286 2.24951
threshold=-4.4999999999999991 3.5000000000000004 -1.4999999999999998 12.500000000000002 -0.71767001114827189 1.0000000180025095e-35 -0.22875430292598972 2.01685393258427 30.500000000000004 0.49358974358974367 0.14642857142857146 26.852487135506006 0.40370370370370373 -0.16645021645021643 0.62612397361690675 2.8831168831168834 0.46547619047619054 1.8480769230769234 -0.12417056986729123 1.5000000000000002 1.3605555555555557 0.36931818181818188 1.048199767711963 0.75735294117647067 2.4932432432432434 0.0085288234224404642 0.36038961038961043 3.5000000000000004 -0.18688725490196076 0.46998799519807927
decision_type=2 8 10 8 8 2 10 10 10 8 8 8 8 10 8 10 10 10 8 2 10 8 8 10 10 10 8 10 10 10
left_child=1 6 3 9 29 7 -1 8 17 10 -2 -3 -9 14 -13 24 -8 18 -6 -17 -16 -11 23 -23 -14 -15 -27 28 -28 -5
right_child=2 11 -4 4 5 -7 16 12 -10 21 -12 13 15 25 20 19 -18 -19 -20 -21 -22 22 -24 -25 -26 26 27 -29 -30 -31
leaf_value=-0.0075345808503588189 -0.02136414928739069 -0.040516049268111989 -0.021235679186538344 0.042119547663743553 0.016384042712375851 0.04172049864190646 0.062815966894068459 -0.016484883549963705 0.032600471242755107 0.012973786226743132 0.02903922676837925 0.017233147257642082 0.018464471379463082 -0.036499660022325117 -0.04306338543606978 0.024145162724888432 0.018725348002033484 -0.030911263131856354 -0.011915559200851668 -0.022676308029928701 -0.00069521725052691761 0.052874173309468676 0.057017442831899003 0.021544550370616658 0.054464071077976628 -0.039919389904294729 0.001836860685449992 0.024054032851723556 -0.032239252711542148 0.018351009541808967
leaf_weight=12.931886136531832 8.8961509168148023 37.917909204959869 33.872098922729492 21.803621172904968 14.177251398563383 14.469775468111036 7.7230034470558193 9.7828159332275373 7.4044336378574362 11.124808400869368 12.533443838357927 12.772104918956755 14.665921509265901 35.943917125463486 8.4182219803333336 7.2409024834632856 10.227866053581236 17.691424667835236 58.639193385839462 7.4929218888282776 9.045401990413664 11.204550623893736 20.070286631584167 22.280098766088486 9.1708163619041425 11.282796114683149 6.6855994760990134 9.3655774593353254 18.557853400707248 18.31754806637764
leaf_count=37 25 123 101 59 39 39 21 27 20 30 34 37 40 111 26 20 28 51 166 21 27 30 54 60 25 35 20 28 58 50
internal_value=0.000572239 -0.0178516 0.0109586 0.0147587 0.00846478 0.0027729 0.0187552 -0.00108011 -0.00788373 0.0294397 0.00811508 -0.0253889 0.0126968 -0.0202708 -0.00491809 0.0200982 0.0376945 -0.0111957 -0.00640567 0.000333991 -0.0211185 0.036505 0.0413931 0.032028 0.0323148 -0.0259431 -0.0176749 -0.010423 -0.0232144 0.0312679
internal_weight=501.71 180.872 320.838 286.966 200.857 160.735 30.8828 146.266 97.9123 86.1093 21.4296 149.989 48.3534 112.071 30.2357 38.5706 17.9509 90.5079 72.8164 14.7338 17.4636 64.6797 53.5549 33.4846 23.8367 81.8357 45.8918 34.609 25.2435 40.1212
internal_count=1442 551 891 790 557 448 86 409 276 233 59 465 133 342 90 106 49 256 205 41 53 174 144 90 65 252 141 106 78 109
is_linear=0
shrinkage=0.05


Tree=24
num_leaves=31
num_cat=0
split_feature=17 29 29 11 55 28 39 2 27 5 6 8 7 38 46 16 4 7 23 27 11 7 4 10 8 10 39 10 15 7
split_gain=37.3992 13.7048 13.6654 10.2079 7.08001 8.19812 5.96947 6.33131 5.85276 5.55831 5.02096 5.59413 4.46475 4.17663 3.99998 4.23672 4.27484 3.84839 3.72304 5.97256 3.42914 4.18482 4.14739 3.38491 3.36963 3.2803 3.179 3.00059 4.09738 2.74718
threshold=4.5000000000000009 -1.4999999999999998 -1.4999999999999998 -0.71352770885028938 1.0000000180025095e-35 5.5000000000000009 26.904970760233923 0.041040679750357224 30.500000000000004 0.043073593073593076 1.1132478632478635 -1.4937499999999997 2.0820534399326749 -958.06249999999989 0.40370370370370373 5.5000000000000009 0.20710681244743484 0.86811594202898557 -0.21130952380952375 22.500000000000004 0.72229437229437243 1.8366666666666669 0.18490028490028493 1.5545634920634923 0.15018796992481201 1.670542635658915 25.895285087719301 1.1550480769230771 8.5000000000000018 1.6183473389355745
decision_type=2 10 8 8 2 8 8 10 8 10 10 10 10 10 8 2 8 10 10 8 10 10 10 10 8 10 8 10 2 10
left_child=2 6 25 17 5 18 -2 23 26 -3 12 -12 13 14 -10 -16 -17 -4 -5 -20 21 27 -23 24 -8 -1 -7 -13 -29 -22
right_child=1 9 3 4 -6 8 7 -9 10 -11 11 20 -14 -15 15 16 -18 -19 19 -21 29 22 -24 -25 -26 -27 -28 28 -30 -31
leaf_value=-0.03718173473361621 -0.040718402260014525 -0.0057421968061983049 -0.048853211174840455 0.04330712775927844 0.048186749558371211 -0.037939942549604776 0.020700816442571837 -0.026994126716395013 0.033308595956748878 0.042516371404946809 -0.038373597439820162 -0.032654148405383214 0.046237956399539162 0.047735636250048667 0.023971105563863306 -0.034033789842928132 0.009191429171254371 -0.0051469846300511201 -0.0066667401497820028 0.044009627918875631 0.047718786012430257 -0.00078555554435106732 0.036001815525077141 -0.030748027008824369 -0.01161348950677616 -0.00017265523589885494 -0.00056267481096026128 -0.024189220745464056 0.016318022593980457 0.0089929132712151093
leaf_weight=17.308186501264576 39.851831346750259 12.911117285490038 6.3953085839748409 29.759670853614807 16.334332942962646 8.4226645529270154 16.536509901285172 73.569998294115067 14.042330026626585 11.093326538801191 6.8851566314697257 9.4355148077011091 15.581954956054686 8.9144735038280469 13.65616402029991 10.828330367803575 12.124266505241392 23.70554992556572 12.634762138128282 10.770497769117354 8.8257353901863116 16.109859734773639 14.609650105237959 8.3678588867187482 15.752028971910475 9.1540153622627241 17.52570998668671 10.347761213779451 15.73691666126251 9.5186886191368085
leaf_count=54 130 36 20 80 44 24 47 233 38 30 20 27 42 24 38 30 33 67 35 29 24 45 40 26 48 28 50 30 44 26
internal_value=-0.000229748 -0.0185816 0.0100272 0.0131435 0.0163109 0.0141921 -0.0240564 -0.0182433 0.00939339 0.0165598 0.0128334 0.00496612 0.0224094 0.016176 0.0106216 0.00191931 -0.0112009 -0.0144329 0.031573 0.0166532 0.00849397 0.00319599 0.0167099 -0.00240828 0.00493622 -0.0243793 -0.0126951 -0.00849144 0.000248847 0.0276244
internal_weight=496.71 178.083 318.628 292.165 262.064 245.73 154.078 114.226 192.565 24.0044 166.617 91.4693 75.1475 59.5656 50.6511 36.6088 22.9526 30.1009 53.1649 23.4053 84.5841 66.2397 30.7195 40.6564 32.2885 26.4622 25.9484 35.5202 26.0847 18.3444
internal_count=1442 550 892 810 723 679 484 354 535 66 461 256 205 163 139 101 63 87 144 64 236 186 85 121 95 82 74 101 74 50
is_linear=0
shrinkage=0.05


Tree=25
num_leaves=31
num_cat=0
split_feature=7 17 57 9 43 42 42 32 21 8 3 0 8 17 8 17 3 9 0 16 18 37 17 15 27 0 16 44 39 8
split_gain=5.37208 4.7924 3.77267 6.88317 5.03734 4.01758 5.52247 6.01962 3.85047 3.63144 6.56589 3.13192 3.45614 3.49181 3.18827 4.76274 7.02885 4.08156 3.84648 3.67629 5.21482 4.07197 4.2324 5.84094 6.75274 4.95681 3.82723 3.11654 3.52791 4.51155
threshold=2.4714052287581705 49.500000000000007 1.0000000180025095e-35 0.8799879987998801 0.28991596638655465 0.13809523809523813 0.23303167420814483 -6.5101691486309106 0.41428571428571431 -1.0760555234239442 0.16749174917491752 0.66287878787878796 -1.0885620915032679 -14.499999999999998 -0.48160173160173148 -23.499999999999996 0.1126984126984127 1.4387500000000002 0.56879648411088579 24.500000000000004 0.26969696969696971 84.375000000000014 3.5000000000000004 14.500000000000002 12.500000000000002 0.29864864864864871 3.5000000000000004 -0.19956709956709953 25.475432389937112 -0.15402813299232729
decision_type=8 2 2 8 8 10 10 10 10 10 8 10 8 2 8 2 10 10 10 2 10 10 2 2 10 10 2 8 10 8
left_child=1 2 3 4 -1 -4 -7 -8 11 10 -2 12 13 -5 15 -14 -17 -18 19 21 27 22 25 -24 26 -16 -25 -21 29 -29
right_child=9 -3 5 8 -6 6 7 -9 -10 -11 -12 -13 14 -15 18 16 17 -19 -20 20 -22 -23 23 24 -26 -27 -28 28 -30 -31
leaf_value=0.072911110839716756 0.018962436845624861 -0.024234159538843371 -0.017479685215369693 -0.041918339313601727 0.016277952988383013 0.044878667824546692 0.039927506927413113 -0.017894709492843591 0.038422244089782155 -0.041548126780748436 -0.024673575725748163 -0.029035357677241622 -0.0056775760541945743 0.0065338943010596956 0.0017214585720979538 -0.014694921608199152 0.013747947988931178 0.058806999802705512 0.033694374186279977 -0.026528036519379086 0.057513683728814047 -0.033570947239740793 0.042384945130318513 -0.042923195789843584 0.036469072900935776 -0.032366368115994519 -0.0016029988338146707 0.055485465468412577 -0.015459811157937403 0.0024070771990057976
leaf_weight=6.1982710659503963 13.648574098944662 16.671937525272369 39.520057037472725 7.9732501804828644 10.712613582611082 7.2003317028284064 5.8323209434747723 19.720304399728775 7.8224872052669516 10.799946680665014 23.401692867279053 7.4981512874364844 14.686420544981955 6.9681838452815992 25.298932105302811 6.923199117183688 7.7306346148252514 14.363821446895598 9.1024497747421247 5.9911651313304901 5.8039506971836081 10.788113459944723 10.196076214313505 7.2235823720693579 9.8336375504732114 18.436251103878021 24.995089322328568 7.4224148094654083 7.0936517119407645 8.6911116987466901
leaf_count=20 52 68 156 33 39 25 20 76 28 46 98 30 57 26 95 26 28 50 35 23 20 42 35 28 35 71 94 26 27 33
internal_value=-0.000377018 0.0018887 0.00327559 0.00627208 0.0370355 -0.00674769 0.00620164 -0.00469694 0.0039583 -0.0160357 -0.00859895 0.00271605 0.00385234 -0.0193218 0.00563183 0.0175236 0.0292662 0.0430413 0.00218716 0.000164271 0.0142266 -0.00444568 -0.00117214 0.0084339 0.000202065 -0.012648 -0.0108672 0.0056221 0.013922 0.0268567
internal_weight=378.549 330.698 314.026 241.753 16.9109 72.273 32.753 25.5526 224.843 47.8502 37.0503 217.02 209.522 14.9414 194.581 43.7041 29.0177 22.0945 150.876 141.774 35.0023 106.772 95.9836 52.2484 42.0523 43.7352 32.2187 29.1983 23.2072 16.1135
internal_count=1442 1246 1178 901 59 277 121 96 842 196 150 814 784 59 725 161 104 78 564 529 129 400 358 192 157 166 122 109 86 59
is_linear=0
shrinkage=0.05


Tree=26
num_leaves=31
num_cat=0
split_feature=8 3 16 10 2 8 6 7 20 0 11 12 28 27 46 31 28 1 11 23 31 10 0 9 2 42 27 8 8 5
split_gain=32.2785 16.5421 10.6056 6.49665 6.48068 5.47754 5.15935 5.82555 4.84155 9.49711 5.87969 4.46498 4.43896 4.38216 5.41346 5.91704 3.81955 5.70642 4.09334 3.14675 3.01428 4.30727 4.1428 3.98204 4.26468 2.78759 2.72263 2.5881 3.41865 2.63113
threshold=0.085607203254261979 0.1715728715728716 12.500000000000002 0.87434210526315803 -0.037749287749287756 -2.3888888888888884 1.8469899665551843 0.95742753623188415 -0.093248663101604262 0.25290697674418611 -0.022255042367824381 1.5000000000000002 34.500000000000007 15.500000000000002 0.51086956521739146 4.6784206501525123 9.5000000000000018 0.48435972629521024 -0.16666666666666655 -0.24294871794871792 2.7265482080417307 1.041381278538813 0.63818181818181829 1.1437177280550777 0.041040679750357224 1.0000000180025095e-35 29.500000000000004 2.0564516129032264 1.4711945031712477 -0.12532614954666788
decision_type=8 10 2 8 8 10 10 10 10 10 10 2 8 10 8 8 10 10 10 10 10 8 10 10 10 8 8 10 10 10
left_child=2 3 5 -2 -3 -1 7 11 16 26 -11 -5 25 14 15 -6 18 -18 19 -4 21 -16 23 -23 -25 -7 -10 28 29 -8
right_child=1 4 8 6 13 12 27 -9 9 10 -12 -13 -14 -15 20 -17 17 -19 -20 -21 -22 22 -24 24 -26 -27 -28 -29 -30 -31
leaf_value=-0.04156768370850903 -0.046833054247788254 -0.0073709295979354876 0.013674079552647003 0.026842404623492362 0.04547725971102707 -0.034213206465285931 0.029541686303738685 -0.027728548895248301 -0.0088326648250202141 -0.0070859176205954047 0.037873885485168263 -0.015382701953644879 0.013640215878134932 0.00068906704430649404 0.062284882649085063 -0.0034163584363608758 -0.031956788481098015 0.029682746868573223 -0.035315103670768587 -0.028420003465330482 0.048387045331811769 -0.0049471336339087582 0.050745592931099183 -0.0022903881163171599 0.039712382385105806 0.0061152397998785121 -0.04490682197884107 0.037435601063898358 -0.023494771626757009 0.0016162615615942181
leaf_weight=6.4758172929286948 7.6475410163402548 15.640041857957838 8.382162421941759 13.005753666162493 8.7851352989673632 9.2646284103393572 15.002157151699061 24.603062689304352 8.0684753656387347 18.779185384511951 11.867203056812285 12.071541160345076 53.125818222761154 14.611699283123015 8.557054936885832 20.930076539516449 7.9859416186809522 7.0868396461009979 73.979613184928894 9.4396841228008253 30.6729336977005 13.951740592718123 11.550521969795225 8.5191474854946154 20.793739348649979 7.9721066355705252 14.869889974594114 8.4964342415332776 7.4672516584396353 19.26886555552483
leaf_count=20 22 45 25 36 24 28 41 73 24 54 34 34 149 41 23 58 24 20 239 29 83 38 31 23 56 23 47 23 21 54
internal_value=0.000514837 0.0126287 -0.0128383 -0.00241712 0.0231367 0.00243682 0.000982493 -0.0104426 -0.0201531 -0.00788725 0.0103239 0.00651636 0.00648678 0.0265849 0.0296423 0.0110388 -0.0263029 -0.00297544 -0.030133 -0.00862186 0.0355204 0.0292928 0.0241425 0.0170401 0.0275052 -0.015561 -0.0322179 0.0122816 0.00716108 0.0138406
internal_weight=498.872 261.575 237.297 107.563 154.012 76.8384 99.9151 49.6804 160.459 53.5848 30.6464 25.0773 70.3626 138.372 123.76 29.7152 106.874 15.0728 91.8015 17.8218 94.0451 63.3722 54.8151 43.2646 29.3129 17.2367 22.9384 50.2347 41.7383 34.271
internal_count=1442 726 716 304 422 220 282 143 496 159 88 70 200 377 336 82 337 44 293 54 254 171 148 117 79 51 71 139 116 95
is_linear=0
shrinkage=0.05


Tree=27
num_leaves=31
num_cat=0
split_feature=17 29 29 11 55 28 39 2 27 5 38 11 7 0 5 4 12 7 15 20 41 57 39 11 17 7 27 7 8 8
split_gain=33.9824 12.7899 12.4742 9.28351 6.64973 7.48272 5.77189 5.86086 5.40864 5.11324 4.16694 3.9007 4.12046 3.82357 5.24942 4.72511 4.42129 3.67217 3.49671 4.0329 4.02535 3.46416 2.9883 2.87532 2.505 2.49007 2.42917 2.42477 4.06019 2.57902
threshold=4.5000000000000009 -1.4999999999999998 -1.4999999999999998 -0.71352770885028938 1.0000000180025095e-35 5.5000000000000009 26.904970760233923 0.041040679750357224 30.500000000000004 0.043073593073593076 -958.06249999999989 0.71130036630036642 1.0090909090909093 0.21240601503759401 -0.15447016229263105 0.12310606060606062 6.5000000000000009 0.86811594202898557 7.5000000000000009 -0.20227272727272724 1.3996996543508173 1.0000000180025095e-35 25.895285087719301 -0.59772727272727255 -23.499999999999996 1.3708994708994713 7.5000000000000009 1.4409272183449653 -1.2649122807017541 -0.5045454545454543
decision_type=2 10 8 8 2 8 8 10 8 10 10 10 8 10 10 10 2 10 2 10 8 2 8 8 2 10 10 10 10 10
left_child=2 6 23 17 5 18 -2 -8 22 -3 11 12 -10 -14 -15 -16 24 -4 -5 21 -21 -20 -7 -1 -17 -19 -9 -13 -29 -30
right_child=1 9 3 4 -6 8 7 26 10 -11 -12 27 13 14 15 16 -18 25 19 20 -22 -23 -24 -25 -26 -27 -28 28 29 -31
leaf_value=0.0053695558915473037 -0.039853284745220541 -0.0054216635289041255 -0.04799439113735901 0.053562895861403614 0.046386725440883472 -0.037047983649824007 -0.0022980263035661422 -0.029692782783843498 -0.021512579000713829 0.040849600105767707 0.043404969540859331 0.040510814822054785 0.023002920013754813 -0.028555648414921416 -0.021540949541932874 0.045433835882107032 -0.021215622069410675 0.017516739523373313 0.01840146770528089 0.027473917327714266 -0.023430478594631821 0.055579530275794209 -0.00068752316304362027 -0.033088177223820375 0.015003327942719703 -0.016642122620599348 -0.0030010830576444555 0.041797619052570761 -0.019148379898522763 0.018197318699643056
leaf_weight=6.4559486508369446 38.894823253154755 12.877578496932985 6.2501394748687771 12.200988262891768 16.337315887212753 8.339150518178938 40.532649546861649 62.441554605960846 12.647340595722197 11.131551533937452 10.031283885240553 13.689495593309401 32.195358455181122 11.589443266391752 10.82499849796295 8.5803836286067874 7.1430152952671042 8.1291219890117663 13.708214879035946 8.0882420241832715 7.4706168770790127 11.540425360202789 17.528034418821338 19.663910537958149 31.926779896020896 15.522499471902846 9.8716383278369886 9.314476549625395 8.4082730710506457 10.268540918827059
leaf_count=20 130 36 20 33 44 24 121 202 37 30 27 37 88 33 31 23 20 23 37 22 21 31 50 62 89 44 31 25 23 28
internal_value=-0.000234719 -0.0178778 0.0095206 0.0124844 0.0154986 0.0134431 -0.0232431 -0.017518 0.00886217 0.0160315 0.0121645 0.0101632 0.00541036 0.00874014 0.00218626 0.00827913 0.0150535 -0.013909 0.0300774 0.0230555 0.00303207 0.0353945 -0.0124095 -0.0235827 0.0214492 -0.00490164 -0.026049 0.0232661 0.0148324 0.00138434
internal_weight=493.604 175.75 317.854 291.734 261.832 245.495 151.741 112.846 192.487 24.0091 166.619 156.588 114.907 102.26 70.0646 58.4752 47.6502 29.9018 53.0085 40.8075 15.5589 25.2486 25.8672 26.1199 40.5072 23.6516 72.3132 41.6808 27.9913 18.6768
internal_count=1442 550 892 810 723 679 484 354 535 66 461 434 321 284 196 163 132 87 144 111 43 68 74 82 112 67 233 113 76 51
is_linear=0
shrinkage=0.05


Tree=28
num_leaves=31
num_cat=0
split_feature=7 17 6 3 57 9 43 42 6 23 6 15 17 39 29 36 28 10 4 17 20 9 8 8 3 3 19 1 3 5
split_gain=4.99465 4.50509 3.61459 4.55105 3.49574 6.25594 4.4877 3.76311 7.01175 9.09831 3.54711 3.52768 5.84856 8.62439 3.8742 3.36309 3.21861 3.21076 5.05359 3.20029 3.17678 3.1092 3.10278 4.99959 4.23859 4.21102 3.96202 4.5763 3.39808 6.57057
threshold=2.4714052287581705 49.500000000000007 2.143650793650794 0.17369121561668147 1.0000000180025095e-35 0.8799879987998801 0.28991596638655465 0.13809523809523813 1.6639784946236562 -0.16369047619047614 1.4503521126760566 25.500000000000004 23.500000000000004 25.713383838383841 11.500000000000002 136.87500000000003 5.5000000000000009 1.8480769230769234 0.10818713450292398 -33.499999999999993 0.22409188034188035 3.5500000000000003 -0.48160173160173148 0.32707061540999843 0.087121212121212141 0.30690737833594983 0.13809523809523813 0.069047619047619066 0.17369121561668147 0.12777777777777785
decision_type=8 2 8 10 2 8 8 10 10 10 10 2 2 10 8 10 8 8 10 2 10 8 10 10 10 10 10 10 10 10
left_child=1 4 3 -2 5 6 -1 -6 9 -9 -11 15 13 14 -13 16 -7 18 -14 -18 -20 22 28 24 -24 -26 27 -25 -21 -30
right_child=2 -3 -4 -5 7 11 -8 8 -10 10 -12 12 17 -15 -16 -17 19 -19 20 21 -22 -23 23 26 25 -27 -28 -29 29 -31
leaf_value=0.068459788451569609 0.016584431418677152 -0.023688473672255017 -0.034707827736230566 -0.022108932980864165 -0.016974579198936815 -0.020784546167846404 0.015542435638059612 -0.020776105050114308 -0.021463541597556146 0.022792925877438808 0.076482471902629023 0.073402333815655446 0.050367903795911065 -0.01357734160027217 0.029832271996981838 -0.027787753969466075 0.031452589120695228 -0.02942943655205893 0.016835593865493104 -0.0044200282980957385 -0.029511083558253916 -0.022051944526919175 0.021610726441215922 -0.0024453721154589509 -0.028902556783211193 0.012417222314439908 -0.026262878957802428 0.032230226418949723 0.05399244304561053 -0.0016146296770837227
leaf_weight=6.3693029582500484 13.291891738772394 16.382345765829086 16.144224271178246 17.744403481483459 39.013079330325127 14.129866868257521 10.800315469503401 6.8412780761718741 13.594880491495131 5.8327122479677218 6.5098074674606323 8.2667011618614215 5.3128653019666734 8.2538515627384168 13.327684223651888 10.098262026906012 10.03851395845413 7.7001998126506797 7.3480741083621961 11.374300420284269 7.4418879598379135 12.043476298451422 7.5292284190654746 16.75221061706543 27.637635216116905 7.9368745833635321 6.0473816990852347 22.024403408169746 11.994957014918329 9.5352693796157819
leaf_count=20 50 68 72 74 156 59 39 27 52 20 22 27 20 31 47 40 39 31 27 42 29 47 27 62 105 29 24 79 41 36
internal_value=-0.000301963 0.00187276 -0.0155192 -0.00553775 0.0032074 0.0060822 0.0351728 -0.00648165 0.00600699 0.0254744 0.0511104 0.00386027 0.0145253 0.0298954 0.0465116 0.000181659 0.00198015 -0.00197546 0.00854054 0.00423088 -0.00648474 0.00217434 0.00458899 -0.000312391 -0.0124707 -0.0196839 0.0113793 0.0172497 0.0176865 0.0293653
internal_weight=377.318 330.137 47.1805 31.0363 313.755 241.963 17.1696 71.7918 32.7787 19.1838 12.3425 224.794 57.6513 29.8482 21.5944 167.142 157.044 27.803 20.1028 142.914 14.79 132.876 120.832 87.9277 43.1037 35.5745 44.824 38.7766 32.9045 21.5302
internal_count=1442 1246 196 124 1178 901 59 277 121 69 42 842 212 105 74 630 590 107 76 531 56 492 445 326 161 134 165 141 119 77
is_linear=0
shrinkage=0.05


Tree=29
num_leaves=31
num_cat=0
split_feature=17 29 29 3 2 54 8 27 46 6 39 29 7 6 39 23 0 8 17 8 7 10 4 10 31 28 42 10 10 2
split_gain=31.8202 17.3573 13.1549 8.71936 9.67946 5.49392 5.30652 4.99439 5.52547 4.61025 4.55193 4.82413 4.15088 4.06807 3.87059 3.70686 3.32378 3.07798 3.07329 2.99004 6.15655 2.88347 2.93782 2.79058 2.59266 3.38527 2.44444 2.41868 5.73227 6.56852
threshold=-4.4999999999999991 3.5000000000000004 2.5000000000000004 0.1715728715728716 0.03670033670033674 1.0000000180025095e-35 -0.25418935902806866 13.500000000000002 0.40370370370370373 1.648529411764706 25.438262195121954 -10.499999999999998 0.89087301587301593 2.24780701754386 28.007812500000004 1.0000000180025095e-35 0.46225071225071229 0.16165689149560122 1.0000000180025095e-35 -0.17455357142857139 1.4243044189852703 1.1384099616858239 0.19211344211344214 1.1090353260869568 2.107525783562807 8.5000000000000018 0.17424242424242428 1.2366946778711487 1.5370879120879124 -0.17366217320261437
decision_type=2 8 10 10 8 2 8 10 8 8 10 10 10 10 8 10 8 10 2 8 10 10 10 10 10 10 8 10 10 8
left_child=1 6 3 9 5 10 -1 8 21 14 11 15 -3 24 -2 23 -8 -4 -16 -11 -21 -6 -23 -5 25 27 -10 -14 29 -29
right_child=2 12 17 4 7 -7 16 -9 26 19 -12 -13 13 -15 18 -17 -18 -19 -20 20 -22 22 -24 -25 -26 -27 -28 28 -30 -31
leaf_value=-0.0083315592357483727 0.018272275440590888 0.013859333440175016 -0.038877328071619172 -0.035346697422054901 -0.0158712321101095 0.041121612428318619 0.059138950252353654 -0.0024747084791020184 0.054745576559567126 0.037634931596433857 0.028647217412654087 -0.045861852053679514 -0.034767526392243016 0.0048165272773764041 -0.0022229458684945784 0.022796201218653649 0.016418678861619962 -0.00077474551819020068 -0.0355191251879814 0.017094259538849112 -0.016955307570395078 -0.00085534885627743342 0.044056490888607247 -0.001336842583813455 -0.040673024249509644 0.004927738462647907 0.032352164365005306 -0.028654479014100204 -0.038438467975170199 0.026026956199223728
leaf_weight=12.116816639900206 7.6105585098266602 6.9625059068202964 15.669645935297014 8.3367540836334175 7.989143222570422 8.5414661765098554 7.7735209167003694 12.830981224775313 14.483030587434767 7.9064423739910126 10.163562983274458 7.2194236218929353 47.418999820947647 10.119649350643156 11.760054200887682 11.337663084268568 10.990170836448668 8.0094430744647962 16.874935984611511 36.904768496751785 20.734249025583267 7.3123728930950147 7.2526210844516754 21.812423706054688 31.11811152100563 9.1084039211273176 76.853881627321243 10.789824992418287 18.785277426242828 11.185130476951601
leaf_count=35 21 21 49 24 22 23 21 35 39 22 28 21 158 29 35 31 30 24 49 101 59 20 20 61 102 28 207 35 58 34
internal_value=0.000463321 -0.0165853 0.00987133 0.0127408 0.0189556 0.00364805 0.0174612 0.0270986 0.0304303 0.000888093 -0.00178902 -0.00814016 -0.0238118 -0.0257052 -0.0134213 -0.00157594 0.0341171 -0.0259891 -0.0218448 0.00880095 0.00484575 0.00826779 0.0215084 -0.0107411 -0.0281106 -0.0240924 0.035903 -0.0270901 -0.0181584 -0.000821932
internal_weight=495.972 176.368 319.603 295.924 194.133 67.4113 30.8805 126.722 113.891 101.791 58.8698 48.7063 145.488 138.525 36.2455 41.4868 18.7637 23.6791 28.635 65.5455 57.639 22.5541 14.565 30.1492 128.406 97.2876 91.3369 88.1792 40.7602 21.975
internal_count=1442 551 891 818 531 188 86 343 308 287 165 137 465 444 105 116 51 73 84 182 160 62 40 85 415 313 246 285 127 69
is_linear=0
shrinkage=0.05


Tree=30
num_leaves=31
num_cat=0
split_feature=29 13 7 20 9 29 12 3 56 6 10 3 16 38 1 9 44 40 44 11 16 13 40 6 9 38 29 2 29 18
split_gain=28.6312 18.288 14.5628 8.31971 7.65993 8.4823 5.78664 5.41322 4.61229 4.357 4.32542 3.50726 3.4185 3.35268 3.32407 3.18572 2.99337 3.31267 2.94767 3.40905 2.87982 2.7851 2.61998 2.51138 2.45567 2.96135 3.50611 3.13935 3.11412 2.46876
threshold=-2.4999999999999996 5.5000000000000009 2.2952069716775605 0.10447191697191699 1.2991228070175442 23.500000000000004 3.5000000000000004 0.080128205128205135 -1.0000000180025095e-35 1.376179245283019 2.1726190476190479 0.080128205128205135 5.5000000000000009 -450.88749999999999 1.0000000180025095e-35 2.7386363636363638 0.39208074534161497 26.765367965367968 0.082264957264957264 1.0000000180025095e-35 16.500000000000004 2.5000000000000004 25.494444444444447 2.7817460317460321 2.0138888888888893 -705.12499999999989 11.500000000000002 -0.18668124071935324 1.0000000180025095e-35 0.24038461538461542
decision_type=8 2 10 10 8 8 2 10 2 8 10 8 2 10 8 10 10 8 10 10 2 2 10 8 10 10 10 8 10 10
left_child=16 2 4 13 5 -2 9 -7 -6 -4 11 21 -12 15 -13 24 17 -1 19 -5 -16 -10 -15 -11 25 26 27 28 -3 -29
right_child=1 3 6 18 8 7 -8 -9 10 23 12 14 -14 22 20 -17 -18 -19 -20 -21 -22 -23 -24 -25 -26 -27 -28 29 -30 -31
leaf_value=-0.04056732173125685 0.02495443225583888 0.037705075346787138 0.064273085386171228 -0.016314825788002398 0.037957771498380213 0.0058253573443080341 -0.0034814328561873528 -0.035500343756882359 -0.033740553130322169 0.0036635908466932988 -0.0072051843357141161 -0.025406444199784523 -0.050651848158975589 0.019284050941875623 0.012301689620188381 0.050854832691453182 0.0056867847700380518 -0.019152396528268462 -0.036494788757826989 0.028915153033564039 -0.014961746522313643 0.0033168672574174492 0.050639607492360045 0.039371657363688965 -0.008276659393328242 -0.011504850433181547 0.041329560641576481 0.0020671710146124736 0.0016243198435120865 0.029035687154035286
leaf_weight=36.333096653223038 8.307097375392912 24.456239223480225 9.2868905663490313 10.199393868446355 6.9629375934600821 9.4097275733947736 13.612136214971541 50.193691998720169 12.113031119108202 9.2067694664001483 10.34447965025902 8.2318935990333539 8.0515086352825147 10.957134723663332 62.626482725143433 7.4233863949775687 6.4263227283954611 35.903996199369431 6.9079299271106711 7.0426283776760092 11.458130389451979 8.720478415489195 16.99553045630455 10.585333168506621 8.8290888965129835 7.3071809709072104 18.126258611679077 35.109100729227066 7.9160472452640525 11.190949648618696
leaf_count=123 23 66 25 31 19 28 39 160 35 26 32 26 25 30 180 20 20 118 21 20 32 24 46 29 24 20 49 98 22 31
internal_value=0.000624755 0.0059074 -0.0030437 0.0183178 -0.00879638 -0.0223791 0.0234241 -0.0289762 -0.00161857 0.0360188 -0.00388576 9.75188e-05 -0.0262208 0.0227493 0.0047358 0.0191264 -0.0270143 -0.0299235 -0.00889716 0.00215969 0.00808505 -0.0182291 0.0383486 0.0227612 0.0170408 0.019188 0.0215049 0.0169373 0.0288822 0.00858559
internal_weight=490.235 411.571 239.111 172.461 196.419 67.9105 42.6911 59.6034 128.509 29.079 121.546 103.15 18.396 148.311 82.3165 120.358 78.6634 72.2371 24.15 17.242 74.0846 20.8335 27.9527 19.7921 112.935 104.106 96.7986 78.6723 32.3723 46.3001
internal_count=1442 1181 703 478 584 211 119 188 373 80 354 297 57 406 238 330 261 241 72 51 212 59 76 55 310 286 266 217 88 129
is_linear=0
shrinkage=0.05


Tree=31
num_leaves=31
num_cat=0
split_feature=7 47 6 4 39 3 14 4 40 23 17 4 17 27 15 16 4 45 42 10 10 9 20 3 17 1 17 43 4 10
split_gain=7.24791 4.83831 4.60652 6.50104 4.8191 4.35307 5.90825 6.44808 4.61909 5.84329 5.13143 6.99132 4.95905 4.56406 5.31453 4.54947 5.79558 6.80396 5.17355 4.23944 4.51178 4.43808 4.18824 4.11444 3.69802 3.79205 2.98439 2.86801 3.75641 2.73069
threshold=2.4932432432432434 0.13310023310023311 1.7882059800664456 0.29758481886141469 26.710102960102962 0.26953601953601958 8.5000000000000018 0.30495169082125612 25.593992248062019 0.091608391608391626 -28.499999999999996 0.21617647058823533 -10.499999999999998 34.500000000000007 12.500000000000002 13.500000000000002 0.21934513865686603 0.34523809523809529 0.20416666666666669 1.1384099616858239 1.2991228070175442 1.3699248120300755 0.14642857142857146 0.17555713608345189 -25.499999999999996 0.48435972629521024 14.500000000000002 0.12916666666666668 0.15430402930402934 1.6885775862068968
decision_type=10 10 8 8 10 10 2 8 10 10 2 10 2 10 2 2 10 10 8 10 10 10 8 10 2 10 2 8 8 10
left_child=1 2 4 29 5 6 7 13 9 10 -7 27 -13 14 19 23 17 24 -18 -1 -21 -22 -9 -16 -17 -26 -6 -12 -29 -4
right_child=-2 -3 3 -5 26 8 -8 22 -10 -11 11 12 -14 -15 15 16 18 -19 -20 20 21 -23 -24 -25 25 -27 -28 28 -30 -31
leaf_value=-0.031096638471648286 -0.023723299811192502 0.043014145732982914 -0.0062822187493657743 -0.030576670653889401 -0.042315415628609188 -0.022477975201998165 -0.034467562403185908 0.02219625045590095 -0.025648101696111154 -0.04342907669895197 -0.022273145899157257 0.076095536392752683 0.020660679541058474 0.043890789923704307 0.02915738906170395 -0.010753617401697195 0.027895589147045832 0.073151970115851478 -0.021018731715627677 0.037950311701802242 0.021393578716455353 -0.020075079933551138 0.065579941064868766 -0.020708489533910461 0.013613776153795646 0.064780243059505291 0.0065009832826975521 0.038937126574522939 -0.013348553191318089 0.014944727737187911
leaf_weight=12.385472089052199 27.578404620289803 7.3599168211221686 50.923287078738213 22.802050024271011 8.1910757571458799 9.9370920062065107 6.5719099640846244 15.713150277733801 16.970854386687279 5.7817922979593268 9.0592472851276415 6.5350472629070309 10.542845234274862 8.9671793431043607 6.0138213783502605 6.1917294561862937 10.855073720216753 9.2544467151164991 10.768327876925467 7.2881913334131232 9.7392130196094531 19.11583699285984 8.6122173666954058 13.251888215541838 8.5640248805284553 6.2739325463771811 5.0679842531681052 7.1886089593172047 6.5790317505598077 21.567825272679329
leaf_count=48 116 26 205 98 33 40 27 57 66 22 33 22 37 32 21 24 38 32 40 27 35 73 31 51 31 21 20 26 25 85
internal_value=0.00095042 0.00290536 0.00203895 -0.00729115 0.0056617 0.0073361 0.0119541 0.0139482 -0.00281451 0.00415204 0.00967158 0.0176775 0.0418734 0.00948502 0.0069076 0.0156071 0.0233085 0.037426 0.00353654 -0.00585123 0.0027998 -0.0060785 0.0375559 -0.00514278 0.0217042 0.0352485 -0.0236564 -0.000424706 0.0139518 3.33013e-05
internal_weight=375.651 348.073 340.713 95.2932 245.42 232.161 159.566 152.995 72.5945 55.6237 49.8419 39.9048 17.0779 128.669 119.702 71.1732 51.9075 30.2841 21.6234 48.5287 36.1432 28.8551 24.3254 19.2657 21.0297 14.838 13.2591 22.8269 13.7676 72.4911
internal_count=1442 1326 1300 388 912 859 588 561 271 205 183 143 59 473 441 258 186 108 78 183 135 108 88 72 76 52 53 84 51 290
is_linear=0
shrinkage=0.05


Tree=32
num_leaves=31
num_cat=0
split_feature=20 27 28 28 55 11 28 8 8 46 11 1 16 4 32 26 16 27 11 15 2 8 13 20 3 27 13 9 9 0
split_gain=26.3369 17.0981 14.6955 7.96728 6.57561 6.49518 6.41341 5.86015 4.90173 6.17848 7.40044 5.13868 4.3702 4.30823 6.97339 4.61611 3.55952 3.2004 3.16383 3.12173 2.74905 4.28805 5.05717 4.98233 3.59132 3.50251 3.65241 4.53405 3.05183 4.78913
threshold=-0.093248663101604262 9.5000000000000018 30.500000000000004 8.5000000000000018 1.0000000180025095e-35 -0.35195772695772681 3.5000000000000004 -0.54188038851904397 -1.3327796234772975 0.19090909090909094 0.57811004784689002 0.43534002229654406 7.5000000000000009 0.24509048902579902 -2.1466048226102563 1.5000000000000002 13.500000000000002 12.500000000000002 -1.3537499999999998 13.500000000000002 0.2374031007751938 1.1099227569815808 2.5000000000000004 0.2022727272727273 0.16749174917491752 30.500000000000004 5.5000000000000009 1.1863425925925928 1.6162029459901801 0.26138716356107666
decision_type=8 8 8 10 2 10 8 8 8 10 8 10 2 10 10 2 2 8 8 2 8 8 2 8 8 8 2 10 10 10
left_child=3 6 17 5 8 -1 -2 -5 -4 18 11 -11 -8 14 15 -14 -7 -3 19 -10 25 22 -22 -23 -25 -20 27 -27 -29 -30
right_child=1 2 4 7 -6 16 12 -9 9 10 -12 -13 13 -15 -16 -17 -18 -19 20 -21 21 23 -24 24 -26 26 -28 28 29 -31
leaf_value=-0.0010546088076766708 -0.020028028394527421 0.0067652133050609539 -0.023071409065277479 0.041029188776012138 -0.026735443126108101 -0.0011258287943099533 0.045572918770977237 -0.01242017785971412 0.013117397875978815 -0.016418448797185747 -0.051103142413687068 0.032406352474717688 -0.032610372891693024 0.035014026196578708 0.034938518872191592 0.018473467151981011 -0.035502975619062418 -0.027620888530154188 0.038115123656923836 0.057439130489696115 -0.046172962299345005 0.044656243302727799 0.010197260249596878 -0.023291796801829509 0.013015269799490116 0.042117428378844142 -0.01947839324708181 -0.013064516349352216 -0.0012973079290474966 0.037905247598746208
leaf_weight=20.672274261713028 7.5729029774665824 7.8136300444602957 12.107058763504027 7.937226265668869 14.866190820932387 8.3238155841827375 24.97986713051796 14.490201979875566 8.0656487047672254 12.708084523677828 8.298247158527376 9.3569934666156751 10.9506793320179 28.129717409610748 13.920856356620787 7.4179818332195273 78.951345771551132 50.503915786743164 16.248281627893448 7.8292388319969168 8.2511371076107007 8.9115201234817523 7.6841019690036765 9.5691572129726392 23.630169659852982 13.31790906190872 8.0006378293037397 11.694169163703917 16.812952190637592 14.517440736293791
leaf_count=61 22 22 36 23 44 24 68 43 22 36 25 26 30 76 38 20 263 158 44 21 23 24 21 26 66 36 23 32 49 40
internal_value=-0.00134399 0.0055766 -0.000787547 -0.0206213 0.00533027 -0.0262552 0.0240715 0.00649593 0.00775 0.0097682 -0.0108515 0.00428637 0.0279821 0.0207093 0.00824739 -0.0119807 -0.0322243 -0.0230137 0.0138197 0.0349487 0.0113972 0.00310103 -0.0189908 0.0114608 0.00255036 0.0173726 0.0121345 0.0166236 0.00873215 0.0168678
internal_weight=493.533 363.158 270.186 130.375 211.869 107.947 92.972 22.4274 197.003 184.896 30.3633 22.0651 85.3991 60.4192 32.2895 18.3687 87.2752 58.3175 154.532 15.8949 138.637 58.0461 15.9352 42.1108 33.1993 80.5914 64.3431 56.3425 43.0246 31.3304
internal_count=1442 1028 774 414 594 348 254 66 550 514 87 62 232 164 88 50 287 180 427 43 384 160 44 116 92 224 180 157 121 89
is_linear=0
shrinkage=0.05


Tree=33
num_leaves=31
num_cat=0
split_feature=17 29 29 4 8 39 7 55 41 28 1 6 31 17 28 8 6 30 10 1 7 5 3 9 9 27 7 1 10 10
split_gain=28.7696 15.6512 10.5222 10.1618 8.12244 5.53117 5.19947 4.45728 5.04952 4.51499 4.25764 4.01455 3.77616 3.74295 4.08114 3.53548 7.12225 3.49578 3.61651 3.25955 4.18906 3.22683 5.27316 3.17094 6.13268 4.49506 4.61773 4.07544 3.66525 2.98489
threshold=4.5000000000000009 -2.4999999999999996 -2.4999999999999996 0.17222840192806826 -1.1237745098039211 26.904970760233923 1.6329931972789118 1.0000000180025095e-35 -1.0575594791555021 12.500000000000002 0.17752100840336138 0.89087301587301593 3.756446776551098 -1.0000000180025095e-35 42.500000000000007 0.17533783783783788 1.4243044189852703 4.9777156621411853 1.0970965309200607 0.42956349206349215 1.6885775862068968 1.0000000180025095e-35 0.22295321637426904 1.6162029459901801 1.2991228070175442 8.5000000000000018 2.24780701754386 0.27386363636363642 1.4456264775413714 0.91458966565349553
decision_type=2 10 8 10 8 8 8 2 10 10 10 10 10 2 8 10 10 8 10 10 8 8 8 10 10 10 10 8 8 10
left_child=2 5 -1 6 -5 -2 13 8 9 10 -6 -7 -11 14 -4 16 21 18 -3 -10 -21 -8 -23 24 25 26 -13 -26 -29 -12
right_child=1 17 3 4 7 11 15 -9 19 12 29 23 -14 -15 -16 -17 -18 -19 -20 20 -22 22 -24 -25 27 -27 -28 28 -30 -31
leaf_value=-0.022122163840448301 -0.039174652600992649 0.0068280597770673818 -0.00022933204382166334 0.04996031658914811 -0.025128249148705969 0.020349277904435359 0.044864754449007671 0.042782375433757076 0.056358519189178474 -0.035568362653954244 0.037044539662508078 -0.03406389168935936 0.010031171765911256 0.0047336109164050465 -0.046378281247359189 0.040860948062235058 -0.016795959030743782 -0.0035016754712677866 0.054078289037898047 -0.0025671572086739028 0.047267900783678679 -0.027073272647994008 0.022556763564547038 -0.038930343655789401 -0.020952004847783659 0.01072477739139201 0.0089348716022886465 -0.00030443053971794054 0.046638826556166843 0.012126340891927385
leaf_weight=23.930574029684067 35.116074293851852 7.060012996196753 7.5365104079246548 19.441077083349228 6.8479568660259238 6.9441777467727652 8.4929673075675964 13.998953074216841 9.5962197184562701 9.5727463960647601 13.985933065414427 49.179641842842102 8.6360267996788007 12.924439281225203 13.149127870798109 7.168930083513259 24.983808070421219 10.006192386150358 9.4976277053356153 9.3447887599468249 7.6844433844089499 7.2324645221233395 20.585362374782562 16.661780178546906 9.6725147068500537 8.3407497107982618 7.1519293487071982 9.7577787637710589 7.245807170867919 85.415617108345032
leaf_count=78 124 20 21 53 20 21 23 38 26 27 38 165 24 39 38 20 71 28 26 26 21 20 57 53 32 26 21 29 22 235
internal_value=0.000565498 -0.0155451 0.00972954 0.0123891 0.0193916 -0.021807 -0.000269543 0.0157916 0.0132907 0.00906285 0.0130053 -0.0165016 -0.0139415 -0.0163755 -0.0295646 0.0076372 0.0037514 0.0198308 0.0339313 0.0330536 0.0199209 0.0178891 0.00965326 -0.0188708 -0.015212 -0.0235324 -0.0286047 0.00495975 0.0196997 0.0156324
internal_weight=487.162 176.634 310.528 286.597 184.524 150.07 102.074 165.083 151.084 124.458 106.25 114.954 18.2088 33.6101 20.6856 68.4635 61.2946 26.5638 16.5576 26.6255 17.0292 36.3108 27.8178 108.01 91.3484 64.6723 56.3316 26.6761 17.0036 99.4016
internal_count=1442 567 875 797 508 493 289 455 417 344 293 369 51 98 59 191 171 74 46 73 47 100 77 348 295 212 186 83 51 273
is_linear=0
shrinkage=0.05


Tree=34
num_leaves=31
num_cat=0
split_feature=12 51 17 46 17 43 57 10 40 0 18 21 46 10 23 47 32 29 21 9 10 11 27 41 4 4 17 16 32 42
split_gain=3.81712 5.25393 4.60249 4.37678 3.28859 3.27477 8.80783 5.66377 5.0916 5.62039 3.82427 3.45452 3.4708 3.21809 3.19863 5.62327 4.17708 3.14461 3.14076 4.10906 4.081 5.47672 4.04968 3.17024 3.94687 4.67353 3.38045 3.74498 3.37868 3.10075
threshold=1.5000000000000002 0.46590909090909099 43.500000000000007 0.34523809523809529 -49.499999999999993 0.10263157894736843 1.0000000180025095e-35 1.0913729128014844 25.325581395348838 0.30901856763925734 0.27922077922077926 0.41428571428571431 0.25462962962962971 1.1550480769230771 -0.21825396825396823 -0.15833333333333333 -0.25590967989094476 -19.499999999999996 0.27922077922077926 1.1384099616858239 2.2613636363636371 -1.0611111111111109 8.5000000000000018 -1.1862934362934359 0.12701612903225809 0.16749174917491752 -25.499999999999996 25.500000000000004 -4.1411281296271456 0.07417582417582419
decision_type=2 8 2 8 2 10 2 10 10 10 10 8 8 10 10 10 10 10 10 10 10 10 10 10 8 8 2 2 10 8
left_child=1 -1 4 -3 29 6 11 14 9 -9 13 12 -6 -10 -7 16 -16 -11 19 22 23 -22 -14 24 -21 -26 -27 28 -28 -2
right_child=2 3 -4 -5 5 7 -8 8 10 17 -12 -13 18 -15 15 -17 -18 -19 -20 20 21 -23 -24 -25 25 26 27 -29 -30 -31
leaf_value=0.029088397115866544 -0.041133024439549894 0.025799270286143205 -0.01754777128977017 -0.020231621344387406 -0.015626106844934283 0.0060423838205673729 -0.01933308284196705 0.045314878612831566 0.0037064042742531965 -0.027939874541195051 0.024769336463890842 0.040751987026008213 0.041527765089128699 -0.038417511421985878 0.035478839034748792 0.00075832490312015581 0.089234884530922917 0.023472826836940741 -0.020006991902652288 -0.015989080834739343 -0.0014002424221043999 0.054202808061590793 -0.0056679553663522703 -0.023812837503934904 0.048656355802209006 -0.032601648244912844 -0.0020087699048784878 0.045420388142116908 0.037411956057136174 0.005051661163957632
leaf_weight=7.4977065622806549 7.3008090108633015 5.7575506865978232 24.504758849740028 50.102565675973892 16.184101924300194 7.9608264863491085 36.469424933195114 11.988471895456316 7.4416188150644365 6.1751541793346405 5.6857401132583609 7.6231696754693976 17.869661480188373 11.604081630706785 7.9881784021854436 5.5744782984256736 6.5990965664386732 5.7376077026128751 8.80109955370426 16.492656916379929 8.2925514578819293 9.5042138248682004 6.0956906974315634 10.461646646261213 7.466445565223693 5.0347176343202511 32.16670906543731 6.5926010906696311 6.5407100617885723 7.2363409996032724
leaf_count=28 32 22 103 208 62 30 148 41 29 23 20 28 64 46 28 21 22 20 35 64 32 33 21 41 27 20 121 23 22 28
internal_value=0.000975045 -0.0102121 0.00325126 -0.0154872 0.00502782 0.00626461 0.00283005 0.0150169 0.00468851 0.0211454 -0.0112159 0.00790953 0.00625699 -0.0219587 0.0328779 0.0434738 0.0597974 -0.0031777 0.00887421 0.0108833 0.00652734 0.0282941 0.0295233 0.0019568 0.00558554 0.0117415 0.00626573 0.0105855 0.00465247 -0.0181431
internal_weight=374.75 63.3578 311.393 55.8601 286.888 272.351 195.595 76.7553 48.6327 23.9012 24.7314 159.126 151.503 19.0457 28.1226 20.1618 14.5873 11.9128 135.319 126.518 102.552 17.7968 23.9654 84.7555 74.2938 57.8012 50.3347 45.3 38.7074 14.5372
internal_count=1442 258 1184 230 1081 1021 741 280 179 84 95 593 565 75 101 71 50 43 503 468 383 65 85 318 277 213 186 166 143 60
is_linear=0
shrinkage=0.05


Tree=35
num_leaves=31
num_cat=0
split_feature=29 27 2 3 29 4 8 7 18 8 39 27 30 44 1 39 5 20 1 46 5 8 7 28 11 15 13 8 11 15
split_gain=24.355 20.5393 12.3076 10.5187 7.53107 7.19587 5.76721 6.15332 5.71452 5.523 5.23443 3.67262 4.31675 3.97855 3.61425 4.06108 4.02318 3.43714 3.32663 3.25013 3.17705 2.80985 2.80485 2.7842 4.12908 2.47884 2.33196 2.94993 3.74405 2.32382
threshold=2.5000000000000004 31.500000000000004 0.03670033670033674 0.17832681017612526 -10.499999999999998 0.12701612903225809 -1.9752747252747251 2.5345864661654138 0.65476190476190488 1.0877684407096175 25.274801587301592 5.5000000000000009 1.7926456271808611 0.071428571428571452 0.20344827586206901 25.465015723270444 0.0085288234224404642 0.2022727272727273 0.45260557053009892 inf 0.049784482758620692 1.2765546218487394 1.4732057416267945 16.500000000000004 0.17047930283224402 17.500000000000004 5.5000000000000009 -0.60128205128205114 0.49999999999999994 47.500000000000007
decision_type=10 8 8 10 10 10 10 10 10 8 8 10 10 8 8 8 10 8 10 8 10 10 10 10 10 2 2 10 10 2
left_child=1 4 5 9 10 6 -3 -8 19 25 -1 12 29 -13 -6 -16 18 -11 -17 -5 -21 22 -19 -2 -25 -4 27 -7 -29 -12
right_child=23 2 3 8 14 26 7 -9 -10 17 11 13 -14 -15 15 16 -18 21 -20 20 -22 -23 -24 24 -26 -27 -28 28 -30 -31
leaf_value=0.059911997607673712 -0.031845761011188599 -0.041671553225573317 -0.031613336275451369 0.0031371875753860579 -0.025226784491555895 -0.029223853092357824 -0.0044246015517717882 0.040231145727137881 -0.015673178602664945 0.025721912316599784 0.0014697727618116626 0.033106806243672487 0.059542525039339413 0.0024984828413372358 -0.023901182684367826 0.021469434272370292 0.037578349586430623 0.015010759309187442 -0.015015924881657226 0.025018228332505599 0.0552749932436708 -0.031137444293111313 -0.021944898902609151 -0.034534080216414048 0.019447621861658201 0.0020531147721134387 -0.031558878041234945 0.015522260631188443 -0.024345363306366018 0.033792932274796836
leaf_weight=10.692691147327421 62.055915653705597 6.6720759868621817 22.001240581274036 9.7317735552787763 9.0182304382324201 20.741572678089142 25.975057154893875 10.973151057958601 8.4372598230838758 13.528198838233946 8.4503569304943102 16.483160197734836 11.759007543325422 29.829309374094006 7.6651996672153473 13.023454517126085 13.817519366741179 17.034173369407661 12.00783324241638 25.060560673475266 13.270121097564695 7.4924713969230643 7.3497121036052695 7.0171155631542188 7.1538901031017303 7.2756604254245749 45.689850598573685 12.419416934251787 11.19957187771797 16.259815365076065
leaf_count=29 211 21 65 27 25 64 74 30 23 37 23 45 32 81 22 36 39 47 34 68 36 21 23 22 22 20 152 35 34 44
internal_value=-0.00130771 0.00347591 -0.00487894 0.00600128 0.0183262 -0.0155565 0.00111181 0.00883759 0.0222792 -0.00631365 0.0269903 0.0227379 0.0346059 0.0133924 0.00374249 0.00935911 0.0159216 0.00460487 0.00396693 0.0289417 0.0354932 -0.00435712 0.0038717 -0.0272794 -0.00728272 -0.0232468 -0.0236306 -0.0154648 -0.00338203 0.0227391
internal_weight=490.085 413.858 264.852 131.181 149.007 133.671 43.6203 36.9482 56.4997 74.6815 93.4743 82.7816 36.4692 46.3125 55.5322 46.514 38.8488 45.4046 25.0313 48.0625 38.3307 31.8764 24.3839 76.2269 14.171 29.2769 90.0504 44.3606 23.619 24.7102
internal_count=1442 1187 777 367 410 410 125 104 154 213 254 225 99 126 156 131 109 128 70 131 104 91 70 255 44 85 285 133 69 67
is_linear=0
shrinkage=0.05


Tree=36
num_leaves=31
num_cat=0
split_feature=17 7 4 27 27 28 28 20 1 4 12 9 17 56 27 31 17 1 11 4 3 9 7 9 7 11 11 28 27 2
split_gain=26.0414 7.71211 7.57002 6.33739 5.53756 8.14618 5.08445 5.03164 4.91338 4.49049 5.18158 5.0507 4.44741 4.27396 4.05803 7.14494 4.14788 3.95347 4.03217 3.51335 3.39882 5.20161 4.69009 3.63397 3.27543 3.18392 5.17805 4.5719 4.85963 4.07928
threshold=4.5000000000000009 1.8035087719298248 0.1811868686868687 16.500000000000004 8.5000000000000018 20.500000000000004 5.5000000000000009 -0.093248663101604262 0.42956349206349215 0.1715728715728716 3.5000000000000004 0.78837953091684443 8.5000000000000018 -1.0000000180025095e-35 48.000000000000007 15.249580406209128 -1.0000000180025095e-35 0.66287878787878796 -0.30347593582887705 0.10263157894736843 0.15339366515837108 1.3169856459330147 1.3678839957035447 1.5400641025641029 0.98571428571428588 -1.1339743589743587 -0.4064814814814815 12.500000000000002 32.500000000000007 -0.055555555555555559
decision_type=2 10 10 8 10 8 8 10 8 10 2 10 2 2 8 8 2 10 8 8 10 10 10 8 10 10 10 10 8 10
left_child=1 2 14 7 8 -6 -5 -4 12 10 11 -3 -2 -8 -1 -16 -17 18 -11 -7 -10 22 -22 -23 -18 -15 -27 29 -29 -28
right_child=4 9 3 6 5 19 13 -9 20 17 -12 -13 -14 25 15 16 24 -19 -20 -21 21 23 -24 -25 -26 26 27 28 -30 -31
leaf_value=-0.033376321542612372 -0.002655873515333283 -0.017482083726520055 0.015138856794456999 0.039605438168176271 0.029787088732611877 0.010561747915562164 0.041400322470285272 -0.029743918062229247 -0.041743760221168075 -0.011146732525496181 -0.014613586772741431 0.029737341381630707 -0.033612444401570539 -0.025007973112664807 0.039334180910149591 -0.031609266707906251 -0.013354013828744052 0.053283786139218109 0.029271389514488873 -0.029569521024025758 -0.045684114743229982 0.044461114761404782 -0.0037071337412868362 -0.005824243464798139 0.027817947858013004 0.038929047944955636 0.025384109652434213 -0.044965209235329984 0.0076335080363109046 -0.0031036186852489173
leaf_weight=15.516507863998411 14.188430041074751 7.1346329450607291 10.193641513586046 17.566070139408112 15.46589809656143 8.1011583507061022 9.980141729116438 16.117807954549789 6.7883105576038352 7.4527342617511749 15.73110982775688 27.455974727869034 63.652198478579521 7.1908814311027518 7.9360874891281119 16.512707680463787 12.947196871042257 13.52577957510948 35.867750287055969 16.688680469989777 8.9410637170076352 7.7727003395557377 26.016915500164032 6.6811117529869088 7.7056403756141654 12.767450422048567 26.518847912549969 8.478694289922716 9.109080106019972 23.884145647287372
leaf_count=47 46 20 29 48 43 25 27 52 21 21 44 76 223 20 22 47 39 37 98 55 31 23 80 20 22 36 72 26 25 67
internal_value=0.000507244 0.00921042 0.00346844 0.00979022 -0.0149517 0.00131087 0.0148353 -0.0123553 -0.0198358 0.0200562 0.00917798 0.0199979 -0.0279698 0.0103921 -0.0113204 -0.00373239 -0.0129285 0.0296859 0.022318 -0.0164549 -0.00856959 -0.00401204 -0.0144434 0.0212173 0.00200738 0.00687345 0.00971223 0.00422584 -0.0177232 0.0118848
internal_weight=483.889 309.593 202.425 141.807 174.296 40.2557 115.495 26.3114 134.041 107.168 50.3217 34.5906 77.8406 97.9292 60.6181 45.1016 37.1655 56.8463 43.3205 24.7898 56.2001 49.4118 34.958 14.4538 20.6528 87.9491 80.7582 67.9908 17.5878 50.403
internal_count=1442 875 579 402 567 123 321 81 444 296 140 96 269 273 177 130 108 156 119 80 175 154 111 43 61 246 226 190 51 139
is_linear=0
shrinkage=0.05


Tree=37
num_leaves=31
num_cat=0
split_feature=7 47 6 4 39 32 32 3 4 27 16 4 45 17 40 17 3 17 8 11 12 6 6 38 9 4 7 5 14 7
split_gain=6.50049 4.2342 4.0421 6.1396 4.42596 5.06004 5.09199 4.46794 4.96838 5.09195 5.36341 5.46824 4.59708 4.15175 4.18256 5.97835 3.8002 3.78093 4.47269 8.29892 3.74117 3.76021 4.73509 3.66355 3.63813 3.46703 3.36666 3.32273 3.47901 3.21332
threshold=2.4932432432432434 0.13310023310023311 1.7882059800664456 0.29758481886141469 26.710102960102962 -5.304458498591333 -3.334242767239791 0.26953601953601958 0.30495169082125612 34.500000000000007 12.500000000000002 0.16749174917491752 0.36602870813397131 -28.499999999999996 24.752146323254951 -10.499999999999998 0.17555713608345189 -47.499999999999993 0.25162337662337669 -1.0000000180025095e-35 2.5000000000000004 1.0560796645702308 1.4503521126760566 -108.07499999999997 1.3107954545454548 0.20530382859149984 0.79285714285714304 -0.12459150326797384 5.5000000000000009 1.6885775862068968
decision_type=10 10 8 8 10 8 8 10 8 10 2 10 10 2 10 2 10 2 10 10 2 10 10 10 10 8 8 8 2 10
left_child=1 2 4 27 5 -1 -7 8 9 10 -8 24 13 -9 15 -15 -10 -13 19 25 -21 -22 -23 -16 -12 -19 -17 -4 29 -29
right_child=-2 -3 3 -5 -6 6 7 12 16 -11 11 17 -14 14 23 26 -18 18 -20 20 21 22 -24 -25 -26 -27 -28 28 -30 -31
leaf_value=-0.025765475277596817 -0.022763232665223117 0.039836620490498534 -0.029790547681558584 -0.029871950254798232 -0.023009478897016867 0.048073561924193833 -0.010609833990368626 -0.02543817954458253 0.05254899801538826 0.046412258509862039 0.010509759920221344 -0.027998164499993684 -0.043511514036334006 0.049220501540457089 -0.042548824785305979 0.033312361559380617 0.012394322784228164 0.076933827914191011 -0.019520176896404617 -0.033587599211165324 0.045674925529046173 -0.023382160456714787 0.026534251039851534 0.010246783307114777 0.060391766937024541 0.027818629454244528 -0.0074014136977474223 0.019749485454335632 -0.016382522941089432 -0.0077463229196254244
leaf_weight=11.231913954019545 26.721021503210068 7.5610650628805152 8.1547101736068708 22.076852604746819 12.996987760066984 7.89271579682827 36.086685627698898 12.095066413283346 12.169880479574205 8.0758012235164625 6.2346700876951209 7.1535153090953747 6.4767147898674002 9.8849977701902336 6.7457792311906797 6.9366605132818284 11.422425925731657 6.094226315617548 10.086874306201933 5.8309120088815893 5.926802426576617 10.108231440186502 8.9642207324504835 6.4063368439674377 8.835719019174574 8.7547528147697449 18.945638686418533 32.449915751814842 15.651744306087492 15.799309864640234
leaf_count=44 116 26 34 98 53 27 137 51 42 28 22 30 25 33 27 24 42 21 38 24 20 39 31 24 30 30 70 126 66 64
internal_value=0.00100023 0.00282988 0.00200567 -0.00680258 0.005385 0.00697323 0.00863615 0.00717641 0.0121016 0.00804448 0.00532832 0.0127031 -0.0034593 0.000792262 0.0072776 0.0161431 0.0331078 0.00622352 0.0106134 0.0172675 0.00247701 0.0108888 7.89932e-05 -0.0168323 0.0397554 0.0479762 0.0035102 0.000265548 0.00410115 0.0107459
internal_weight=373.772 347.051 339.49 94.1325 245.358 232.361 221.129 213.236 145.745 122.152 114.077 77.9899 67.4912 61.0145 48.9194 35.7673 23.5923 62.9195 55.766 45.6791 30.8302 24.9993 19.0725 13.1521 15.0704 14.849 25.8823 72.0557 63.901 48.2492
internal_count=1442 1326 1300 388 912 859 815 788 534 450 422 285 254 229 178 127 84 233 203 165 114 90 70 51 52 51 94 290 256 190
is_linear=0
shrinkage=0.05


Tree=38
num_leaves=31
num_cat=0
split_feature=17 29 29 27 16 6 18 17 29 12 47 43 32 27 42 6 17 6 46 1 7 46 9 9 9 6 6 9 31 7
split_gain=23.7544 13.4164 9.40852 8.62612 5.25166 5.17788 5.21956 4.73206 4.61992 4.52888 4.27625 4.09099 4.50729 4.53094 4.48832 4.3389 3.95339 3.90401 3.48 3.10324 2.84428 2.73718 2.19414 4.92749 3.49322 4.50998 4.4641 2.14759 2.12584 2.57345
threshold=-3.4999999999999996 2.5000000000000004 1.5000000000000002 12.500000000000002 7.5000000000000009 0.93095238095238109 0.70294117647058829 2.5000000000000004 -15.499999999999998 1.5000000000000002 0.20457516339869283 0.35500000000000004 -3.5811199955696544 2.5000000000000004 0.21130952380952384 1.6381818181818184 13.500000000000002 1.3228764478764481 0.23303167420814483 0.42462121212121218 2.2870879120879124 0.45227272727272733 1.3699248120300755 1.5400641025641029 1.1550480769230771 2.2529069767441867 3.4722222222222228 1.3645104895104898 1.6663331665265237 1.4732057416267945
decision_type=2 8 10 8 2 8 10 2 10 2 8 8 8 10 8 10 2 10 8 8 8 8 10 10 10 8 8 8 10 10
left_child=1 21 3 4 -2 7 8 -5 10 17 -7 12 -6 -14 -15 -16 18 28 -12 -4 -18 -1 24 -24 25 -20 -27 -23 29 -3
right_child=2 9 19 5 11 6 -8 -9 -10 -11 16 -13 13 14 15 -17 20 -19 22 -21 -22 27 23 -25 -26 26 -28 -29 -30 -31
leaf_value=-0.0040853848077278074 0.039807006221585062 0.0067204680926301226 -0.0038500386666272691 0.0070050370343796636 -0.0066937825193310154 -0.022264075485647881 -0.033640287981447435 -0.037419488354143909 -0.031411444276027815 -0.027554772162122522 0.040452844774010989 -0.011991163849173135 0.053677629134018273 0.043939973605931097 -0.024319903661974281 0.024331487483024841 0.031642177759130273 0.01581055155723082 -0.018147778164251359 -0.040004608122193724 -0.002023974942342242 0.011921484270114649 -0.02964744087025082 0.0064435578772809995 0.038444364058457442 0.049410510208300666 0.00123572675441842 0.047702975131639201 -0.045180054003099386 -0.023931499776679091
leaf_weight=9.9503506720066088 28.745816320180893 11.354042291641237 11.141275584697725 10.64009013772011 12.0664085149765 9.4182316064834577 7.6741411983966819 13.729012757539747 6.9128621518611899 103.4704255014658 7.3059434890747061 12.170614153146742 12.151991933584211 10.175308763980867 8.2779518365860003 10.2663656771183 34.146431773900986 11.99609826505184 12.8581585586071 12.701221555471419 7.6858453750610343 8.7844245433807391 12.513370603322981 38.724210113286972 10.234161525964735 7.7917435765266445 12.560889601707457 8.0239347815513593 5.7101118117570868 17.25276792049408
leaf_count=28 79 35 35 32 33 27 21 40 20 350 20 34 33 28 23 28 92 35 36 41 21 24 35 109 28 21 35 22 20 57
internal_value=-0.00127316 -0.0159121 0.00706652 0.00958177 0.0220069 0.00351421 0.00664148 -0.0180228 0.0085717 -0.0217381 0.0103754 0.014148 0.0201575 0.0280848 0.0172558 0.00261411 0.0125128 -0.00874265 0.00720369 -0.0231101 0.0254567 0.0166988 0.0046381 -0.00237068 0.012904 0.00503357 0.0196788 0.0290028 -0.0173257 -0.0117657
internal_weight=486.434 176.542 309.892 286.05 93.8545 192.195 167.826 24.3691 160.152 149.783 153.239 65.1086 52.938 40.8716 28.7196 18.5443 143.821 46.313 101.988 23.8425 41.8323 26.7587 94.6825 51.2376 43.445 33.2108 20.3526 16.8084 34.3169 28.6068
internal_count=1442 571 871 795 258 537 465 72 444 497 424 179 145 112 79 51 397 147 284 76 113 74 264 144 120 92 56 46 112 92
is_linear=0
shrinkage=0.05


Tree=39
num_leaves=31
num_cat=0
split_feature=17 29 29 4 8 39 7 16 10 2 2 17 2 55 1 28 11 12 15 28 31 10 3 43 27 32 12 11 2 9
split_gain=23.7559 13.5537 8.634 8.51855 7.34795 5.2726 4.64215 4.31312 4.37294 4.21081 5.81835 5.14287 3.80723 3.53531 3.28362 3.54859 3.22401 3.21648 3.3544 3.15484 3.0277 3.12987 3.02288 2.85005 2.78591 2.78203 2.73001 3.14133 2.56926 3.20483
threshold=4.5000000000000009 -2.4999999999999996 -2.4999999999999996 0.17222840192806826 -1.2419047619047616 26.904970760233923 0.89087301587301593 4.5000000000000009 0.99090909090909107 -0.0411003100425456 -0.23993316624895569 -28.499999999999996 0.055555555555555573 1.0000000180025095e-35 0.36939571150097467 4.5000000000000009 2.1041666666666674 6.5000000000000009 14.500000000000002 7.5000000000000009 4.9777156621411853 1.8032258064516131 0.16585760517799356 0.39642857142857152 9.5000000000000018 0.86417788868800594 7.5000000000000009 -0.31440656912355031 0.0050778314546430789 1.1384099616858239
decision_type=2 10 8 10 8 8 8 2 10 10 10 2 10 2 10 8 8 2 2 10 10 10 10 8 10 8 2 8 10 10
left_child=2 5 -1 6 -5 -2 -4 8 -8 10 11 19 22 20 -12 -16 -13 18 -17 -6 21 28 -7 25 -14 -3 27 -24 -11 -30
right_child=1 23 3 4 9 12 7 -9 -10 13 14 16 24 -15 15 17 -18 -19 -20 -21 -22 -23 26 -25 -26 -27 -28 -29 29 -31
leaf_value=-0.020557687708674582 -0.037862150096412125 0.042734893694519008 -0.036345253172112367 0.052139702211511207 0.034025791975484387 -0.035087203455778086 0.00036718115115506791 -0.0041483999284003164 0.040673692547613598 -0.023300896885566639 0.053758223015431199 -0.023583183090606211 -0.026319146502004637 0.036591406252513031 0.048128042879649807 0.0079406298558288048 0.015354033226195819 -0.012949524177352501 0.046882006995558938 -0.0049293034653479749 0.028311831946702178 -0.031109615237851124 -0.01668772820786513 -0.0087037907726487829 0.006175820134770936 0.0035364338784530693 -0.018544655956102184 0.021376607171051727 -0.01089421324624024 0.02107121195800089
leaf_weight=23.218749493360519 33.381242528557777 12.302399367094038 8.2834650278091413 14.185809314250944 19.167311608791355 6.6349472999572745 14.127066552639009 66.27516308426857 12.850142687559126 8.2082844674587232 13.280727863311766 14.213949471712111 59.921912953257561 7.6991509497165671 12.018429547548292 12.396789282560354 8.4926538765430468 7.2794282138347617 9.9837258458137494 7.1311094760894767 8.3852020204067212 8.8578217923641187 7.6160869896411896 7.0958679616451255 7.4117642641067496 7.1615013480186525 11.776834130287169 18.799339741468433 13.257863312959669 19.192335307598114
leaf_count=78 124 34 27 39 53 20 40 186 36 23 36 39 208 21 33 34 23 20 27 20 23 26 24 20 24 20 38 55 38 53
internal_value=0.000459698 -0.0144236 0.00876245 0.0111487 0.0175713 -0.0204177 -0.000474222 0.00271215 0.0195665 0.0146793 0.0209382 0.00841175 -0.0152259 0.00476018 0.0321076 0.0252086 -0.00902001 0.0159215 0.025312 0.0234627 0.000527592 -0.00417745 -0.00393574 0.0184229 -0.0227423 0.0283123 0.00147605 0.0104019 0.00168996 0.00801141
internal_weight=480.607 172.102 308.505 285.286 183.751 145.542 101.536 93.2524 26.9772 169.565 103.964 49.005 112.161 65.6007 54.9591 41.6784 22.7066 29.6599 22.3805 26.2984 57.9015 49.5163 44.8272 26.5598 67.3337 19.4639 38.1923 26.4154 40.6585 32.4502
internal_count=1442 567 875 797 508 493 289 262 76 469 285 135 369 184 150 114 62 81 61 73 163 140 137 74 232 54 117 79 114 91
is_linear=0
shrinkage=0.05


Tree=40
num_leaves=31
num_cat=0
split_feature=7 46 0 0 11 10 11 9 3 44 45 7 46 43 30 2 30 51 40 2 42 43 0 30 0 3 17 20 18 16
split_gain=6.06865 3.83946 3.59342 3.48534 3.44458 3.28428 3.9587 3.39032 7.70499 8.6171 7.83028 3.45575 3.54463 5.77086 4.02438 3.96379 3.70482 3.63725 3.83594 3.61619 3.50031 3.12405 5.18346 3.90181 2.76621 2.75032 2.74874 2.69089 3.52378 2.622
threshold=2.4932432432432434 0.34523809523809529 0.66287878787878796 0.69946236559139796 -1.1339743589743587 2.2613636363636371 -1.2885766328389276 1.0970965309200607 0.19895833333333338 -0.14027777777777775 0.43534002229654406 1.8035087719298248 0.45227272727272733 0.22474747474747478 1.9702113754102264 0.30079365079365084 11.479384948300504 0.32291666666666669 25.451388888888889 -0.34898897058823525 0.29705882352941182 0.17424242424242428 0.49038105808361082 4.5214865433696501 0.5447860962566845 0.17369121561668147 2.5000000000000004 -0.049038461538461524 0.29285714285714287 14.500000000000002
decision_type=10 8 8 10 10 10 10 10 10 10 8 10 8 10 8 10 10 10 8 8 10 8 8 10 10 10 2 8 10 2
left_child=1 21 5 -4 -5 7 -7 8 9 -3 29 12 13 -9 -14 16 17 18 -16 -20 -21 22 -1 27 -12 -17 -6 -23 -29 -10
right_child=-2 2 3 4 26 6 -8 11 10 -11 24 -13 14 -15 15 25 -18 -19 19 20 -22 23 -24 -25 -26 -27 -28 28 -30 -31
leaf_value=-0.01622041413878185 -0.022173237049927713 0.087350896336731446 -0.025308890720321754 0.036026238748312699 -0.034289169163121712 -0.0028990980694957435 0.0368239343466105 -0.0068037598543421009 -0.0056014068678945997 0.0043244586627970826 -0.038128749660351256 -0.016743239161256807 -0.027465325979665278 0.052966938569181915 0.030647811786846203 0.0054170871617035179 -0.042215384546565704 0.035589556685768797 0.028752716924617464 -0.013076007369020235 0.029418794599796905 -0.003279544114046181 0.038749231701757515 0.059209112255237423 0.0067297352904316004 0.054334223296207178 0.010657959019596316 0.041885438321024968 0.0013033617188487855 0.036533983528675741
leaf_weight=15.802481457591059 26.214802622795105 6.3087090700864792 24.618776008486748 5.6204727441072491 6.4213929772376996 11.044484764337541 14.514823764562605 8.0992121696472186 5.3232581317424801 6.1928939223289472 11.401690080761911 34.343505054712296 13.688113167881964 8.0543109327554685 7.8596925288438797 5.947703614830969 5.4098463952541342 6.782270833849906 6.7441896945238113 60.729484349489212 5.2661206573247901 12.113673910498617 5.8859527409076682 6.0595562309026709 4.9194712191820136 5.559157520532608 7.2328207641839981 13.634076252579691 8.8026667833328229 12.049541413784025
leaf_count=59 116 21 107 21 27 43 51 31 21 24 47 139 57 28 28 22 22 24 24 237 18 45 21 20 19 21 27 47 33 42
internal_value=0.00102222 0.00277745 0.000312679 -0.0128422 0.00308111 0.00271617 0.0196591 0.000698973 0.0126988 0.0462223 0.00026042 -0.00259118 0.00103213 0.0229985 -0.00197529 0.00137002 -0.00206248 0.000423405 -0.00253575 -0.00612131 -0.00968513 0.0140188 -0.00130238 0.0222013 -0.0246077 0.0290498 -0.0104801 0.0157108 0.0259638 0.0236231
internal_weight=372.645 346.43 284.132 43.8935 19.2747 240.238 25.5593 214.679 46.1956 12.5016 33.694 168.484 134.14 16.1535 117.987 104.298 92.7916 87.3818 80.5995 72.7398 65.9956 62.2984 21.6884 40.61 16.3212 11.5069 13.6542 34.5504 22.4367 17.3728
internal_count=1442 1326 1101 182 75 919 94 825 174 45 129 651 512 59 453 396 353 331 307 279 255 225 80 145 66 43 54 125 80 63
is_linear=0
shrinkage=0.05


Tree=41
num_leaves=31
num_cat=0
split_feature=29 27 6 13 14 29 10 7 39 11 1 39 42 32 27 30 9 44 56 10 11 3 7 16 7 3 5 28 11 44
split_gain=20.6058 16.747 11.1074 10.6868 6.2986 6.19733 5.99038 5.2853 4.92064 4.53139 3.39084 3.73167 3.70122 4.42004 3.25367 4.11308 3.98287 3.76402 3.14973 3.28064 3.57487 4.60832 4.54586 3.7353 2.98005 2.89197 2.73285 2.64047 3.81725 2.47089
threshold=2.5000000000000004 31.500000000000004 1.0090909090909093 7.5000000000000009 2.5000000000000004 -10.499999999999998 1.293610547667343 2.2422222222222228 25.274801587301592 0.039298876798876677 0.20344827586206901 25.465015723270444 0.48212005108556838 -2.8819528532198375 5.5000000000000009 1.7926456271808611 0.94590643274853814 0.071428571428571452 1.0000000180025095e-35 1.4188596491228072 -0.53089514652014647 0.1811868686868687 0.90238095238095251 9.5000000000000018 1.3228764478764481 0.17832681017612526 -0.1340484642691773 16.500000000000004 0.17047930283224402 -0.070329670329670302
decision_type=10 8 8 2 2 10 8 8 8 8 8 8 8 10 10 10 10 8 2 8 10 10 10 2 10 10 8 10 10 10
left_child=1 5 -3 4 6 8 9 25 -1 -4 -7 -12 13 -13 15 16 -10 -16 19 -8 21 22 -21 -23 -22 -6 -11 -2 -29 -15
right_child=27 2 3 -5 7 10 18 -9 14 26 11 12 -14 29 17 -17 -18 -19 -20 20 24 23 -24 -25 -26 -27 -28 28 -30 -31
leaf_value=0.05661455804256417 -0.030222208056529615 -0.023920386578209933 0.013805736855944169 -0.029806335026245565 0.0076096080915128558 -0.024823476533791425 0.031307191617833713 -0.0063401697838333443 0.051013368127171235 -0.0024029459582094528 -0.023342946212084464 -0.0085027687574673275 -0.012215708622555339 0.013882174059324598 0.030761960569123087 0.056286859137137019 0.0068687918829888651 0.00096574888038395649 0.036197394670627485 0.015271606403542699 -0.033039366271910307 0.0098110243803715448 -0.024131417721567201 0.05569764717695358 -0.0012629167184210542 0.041889482566952262 -0.036421486785419323 -0.032862211750792431 0.019545562733786791 0.048777739814720479
leaf_weight=10.550249218940733 59.510797947645187 57.357705175876617 9.1145925521850568 24.760453432798386 8.4164939522743243 8.9690870642662031 9.6560225784778577 12.018690347671507 7.2780110239982632 8.2858712971210462 7.5683135390281677 7.7723547518253318 9.4204075038433057 8.1925549507141131 16.45624062418938 11.499187231063841 17.149036854505539 29.779416143894192 8.1714660525321943 15.726909458637239 11.318927288055418 10.65314841270447 13.692762702703474 7.5982004404067984 21.192645519971848 22.872879594564438 20.534891486167911 6.7845780849456769 7.1218253374099731 13.321779459714891
leaf_count=29 211 186 26 83 23 25 28 33 20 24 22 22 27 23 45 32 47 81 22 43 33 29 40 21 61 62 63 22 22 37
internal_value=-0.00124674 0.00312816 -0.00448106 0.000984226 0.00523736 0.0165702 -5.27015e-05 0.021843 0.0244693 -0.0169232 0.00331368 0.00876722 0.0150456 0.0238146 0.0203416 0.0316293 0.0200216 0.0115708 0.00647713 0.00377385 0.00045814 0.00917685 -0.0030677 0.028914 -0.0123259 0.0326686 -0.0266413 -0.0256385 -0.00602285 0.0354897
internal_weight=482.746 409.328 261.372 204.014 179.254 147.957 135.945 43.3081 92.7121 37.9354 55.2445 46.2754 38.7071 29.2867 82.1619 35.9262 24.427 46.2357 98.0101 89.8386 80.1826 47.671 29.4197 18.2513 32.5116 31.2894 28.8208 73.4172 13.9064 21.5143
internal_count=1442 1187 777 591 508 410 390 118 254 113 156 131 109 82 225 99 67 126 277 255 227 133 83 50 94 85 87 255 44 60
is_linear=0
shrinkage=0.05


Tree=42
num_leaves=31
num_cat=0
split_feature=17 55 7 47 28 27 27 28 1 5 17 5 21 3 12 31 6 10 16 8 10 8 20 8 3 39 32 10 9 17
split_gain=21.4337 7.09409 7.52274 5.38182 4.90564 8.24307 4.79518 6.87693 4.40386 4.48167 4.17605 4.15675 3.98405 5.36937 4.71745 5.9473 3.77076 5.94954 5.28479 6.49291 4.24214 3.579 4.4233 3.67261 3.36961 3.05632 2.91261 2.85643 2.8328 3.2916
threshold=4.5000000000000009 1.0000000180025095e-35 0.89827586206896559 -0.032972748075722917 8.5000000000000018 30.500000000000004 8.5000000000000018 20.500000000000004 0.42956349206349215 -0.0082070707070707166 8.5000000000000018 0.085260695187165766 0.087121212121212141 0.23606811145510839 2.5000000000000004 1.9702113754102264 1.1132478632478635 1.780193236714976 20.500000000000004 -1.2976190476190472 1.3364779874213839 -0.14503196201692256 -0.33946078431372539 0.58697478991596652 0.20662287903667217 25.895285087719301 -5.1769590128893457 1.9807692307692311 1.0774225774225776 -13.499999999999998
decision_type=2 2 10 10 8 8 10 8 8 8 2 8 10 8 2 10 8 10 2 10 10 10 10 8 10 8 10 10 8 2
left_child=1 2 27 4 12 -6 8 -8 10 -10 -2 -11 13 14 -4 -16 17 18 19 -7 28 22 -22 -23 -3 -9 -27 -1 -18 -30
right_child=6 24 3 -5 5 16 7 25 9 11 -12 -13 -14 -15 15 -17 20 -19 -20 -21 21 23 -24 -25 -26 26 -28 -29 29 -31
leaf_value=-0.0048423992434480576 -0.0017686328280254447 0.050707930448356808 0.040518732525469087 -0.021081007983739675 -0.017951946592446821 0.033323538054657653 0.027318585470781892 -0.044813102881865803 0.018920370201077369 -0.040003040791789991 -0.032096345070520206 -0.0055931265426514241 -0.011536586449368639 0.045335020399345026 -0.024621791682758375 0.030252378557984867 -0.0071329738050610368 0.058001225907687338 0.032401223196136829 -0.025990425288120029 0.0033544573070833049 0.024843985026261173 -0.038041443147502872 -0.018853952419350839 0.01295519124920788 0.012725381110074905 -0.028206035094619109 -0.034176343650212 0.0057509294824532702 0.036361674924490862
leaf_weight=23.610800206661224 13.960852876305578 13.632623672485353 10.76376646757126 13.855713456869124 28.457777544856071 7.3114776313304892 15.524308055639265 6.4425223022699356 12.215538710355757 12.269871145486833 60.713913023471832 30.827373638749119 7.3586537539958945 24.073386996984482 11.240890145301821 8.8056824505329114 9.9401290118694288 9.6128235757350904 19.835252672433853 12.505244016647341 12.846918106079103 14.310332059860228 12.966248720884321 7.2414696812629726 10.434328705072401 10.254742443561556 7.543144345283511 12.79689374566078 15.545074194669718 20.186204075813297
leaf_count=71 46 38 30 41 88 20 43 23 38 40 223 97 21 67 31 24 28 26 54 35 35 40 38 21 29 32 25 41 42 55
internal_value=0.000402142 0.0082785 0.00606424 0.00919346 0.0109938 0.00661361 -0.0138578 0.00133601 -0.0185058 -0.0078125 -0.0264264 -0.0153897 0.0230105 0.0276425 0.0138186 -0.000517695 0.0115263 0.0227113 0.014156 -0.00410624 0.00560356 -0.00488051 -0.0174392 0.0101613 0.0343401 -0.015304 -0.00462227 -0.0151529 0.0164764 0.0230443
internal_weight=477.084 307.332 283.265 246.857 233.001 170.759 169.752 39.7647 129.988 55.3128 74.6748 43.0972 62.2424 54.8837 30.8103 20.0466 142.301 49.2648 39.652 19.8167 93.0364 47.365 25.8132 21.5518 24.067 24.2404 17.7979 36.4077 45.6714 35.7313
internal_count=1442 875 808 696 655 482 567 123 444 175 269 137 173 152 85 55 394 135 109 55 259 134 73 61 67 80 57 112 125 97
is_linear=0
shrinkage=0.05


Tree=43
num_leaves=31
num_cat=0
split_feature=7 47 6 4 39 32 32 3 37 7 57 5 46 46 52 51 1 1 4 16 5 30 16 27 4 11 9 3 4 6
split_gain=5.70927 3.662 3.56562 5.80375 3.95338 4.67001 4.53268 4.05703 4.0203 4.22803 3.74041 3.80649 3.05886 3.86323 3.02175 3.63956 3.2105 3.74497 3.16672 2.91828 4.06997 5.19205 3.93419 4.59991 3.75669 2.97965 2.81848 2.4801 4.48124 3.96156
threshold=2.4932432432432434 0.13310023310023311 1.7882059800664456 0.29758481886141469 26.710102960102962 -5.304458498591333 -3.334242767239791 0.24165739710789771 534.25000000000011 0.78019323671497598 1.0000000180025095e-35 -0.12459150326797384 0.25462962962962971 0.34523809523809529 0.53827160493827175 0.50757575757575768 0.51887464387464399 0.58397435897435912 0.16749174917491752 9.5000000000000018 -0.11043557168784027 5.0439480146456868 48.500000000000007 9.5000000000000018 0.2302494802494803 -0.20778123903123899 1.7559523809523812 0.18433827286663262 0.18854252119223411 2.154845741113347
decision_type=10 10 8 8 10 8 8 10 10 10 2 8 8 8 8 8 8 8 10 2 8 8 2 10 10 10 10 8 10 10
left_child=1 2 4 10 5 -1 -7 8 9 -8 11 -4 -9 -14 -15 -16 26 -18 -19 -11 25 -22 23 24 -23 -21 -17 28 29 -13
right_child=-2 -3 3 -5 -6 6 7 12 -10 19 -12 27 13 14 15 16 17 18 -20 20 21 22 -24 -25 -26 -27 -28 -29 -30 -31
leaf_value=-0.025191633465001962 -0.021651509295882485 0.036712098243002193 -0.02717060199799955 -0.029207196332420655 -0.022108219954928274 0.044963664353639632 0.030256760007446593 -0.031478865495972827 0.042894141015428038 -0.010958340382487443 -0.017718333703168797 0.0040084196602210402 0.033024045671546383 0.027674890568900525 0.024488486517254136 -0.025416414375614222 0.037692514526207012 0.016215953288326035 -0.041345672020391078 0.017547989746531191 -0.011641619176206597 0.035702580845274882 -0.012668426060536437 0.069096969888934198 -0.010751322627824175 -0.018686991822730516 0.0043131116726142409 0.0015060316275232605 -0.011014348396130299 0.057524535216499043
leaf_weight=10.998779535293577 25.775841861963272 7.7553550750017157 6.8104765713214874 21.41773883998394 12.63713590800762 8.0732448250055295 20.965542033314705 7.6671932786703101 10.1134065836668 21.079570025205612 20.285876870155334 5.2192308306694057 8.7125911116600019 7.5986920297145844 8.7131769955158216 30.358796551823616 6.5908155292272594 5.0023182332515699 4.5742898434400558 8.7172268927097338 10.620227262377737 17.147120937705047 5.0490951836109152 7.4613673985004416 5.8324690610170355 16.248633176088333 10.811226829886435 22.910718604922295 6.1419939398765555 10.248273521661757
leaf_count=44 116 26 29 98 53 27 74 29 36 79 84 20 30 28 33 118 24 20 20 31 40 60 21 23 21 64 37 96 24 37
internal_value=0.00104928 0.00274158 0.00196215 -0.00637105 0.00512688 0.00660824 0.00818846 0.00679631 0.0126907 0.00999044 0.000458351 0.00764177 -0.00127216 0.00153983 -0.0021847 -0.00561985 -0.0101952 0.00868504 -0.0112785 0.00537982 0.0102254 0.0190293 0.0282074 0.0349873 0.0239121 -0.00603497 -0.0176095 0.0129672 0.0251185 0.0394665
internal_weight=371.538 345.763 338.007 93.0343 244.973 232.336 221.337 213.264 123.235 113.121 71.6166 51.3307 90.0291 82.3619 73.6493 66.0506 57.3374 16.1674 9.57661 92.1557 71.0761 46.1103 35.4901 30.441 22.9796 24.9659 41.17 44.5202 21.6095 15.4675
internal_count=1442 1326 1300 388 912 859 815 788 449 413 290 206 339 310 280 252 219 64 40 339 260 165 125 104 81 95 155 177 81 57
is_linear=0
shrinkage=0.05


Tree=44
num_leaves=31
num_cat=0
split_feature=17 6 46 27 7 38 17 14 16 9 0 9 8 8 2 4 15 17 28 27 8 7 5 4 8 6 9 17 6 6
split_gain=19.691 7.82685 5.98574 6.64674 5.43119 5.44805 3.66646 3.47884 3.36818 3.38336 5.72693 5.12174 4.43466 3.87514 3.00467 3.69327 2.97869 3.12396 2.97181 4.55292 3.11174 5.94334 5.79054 4.42575 3.81774 2.80627 2.64205 2.61161 2.69445 2.40646
threshold=-3.4999999999999996 0.93095238095238109 0.19090909090909094 5.5000000000000009 0.89087301587301593 9.2125000000000004 2.5000000000000004 1.0000000180025095e-35 23.500000000000004 1.3699248120300755 0.4431524547803618 1.6043478260869568 0.79978494623655905 0.20929487179487175 0.03670033670033674 0.18780940594059409 13.500000000000002 3.5000000000000004 8.5000000000000018 20.500000000000004 -0.71320346320346306 1.3678839957035447 -0.099999999999999978 0.17274535809018571 0.061796536796536856 1.2366946778711487 1.9198717948717952 25.500000000000004 2.3299319727891161 1.4647009966777411
decision_type=2 8 10 8 10 10 2 2 2 8 10 8 8 10 10 8 2 2 8 8 8 10 8 10 10 10 10 2 10 10
left_child=4 6 3 -3 -1 18 26 -4 9 10 -5 13 29 -11 15 -9 17 -13 -6 -20 23 -22 24 -21 -23 -18 -2 28 -14 -12
right_child=1 2 7 8 5 -7 -8 14 -10 11 12 16 27 -15 -16 -17 25 -19 19 20 21 22 -24 -25 -26 -27 -28 -29 -30 -31
leaf_value=0.015622359789435498 0.024852779907685058 0.030878573476258026 -0.035147539723369474 0.042121120790502474 -0.02937418242242771 0.020710435985099248 -0.031428148204461832 0.0052182665631867005 -0.016462885633266026 0.0057320946064795516 -0.025707483638321302 0.011485214892827729 -0.0032796275198665281 -0.033178730014170002 0.012103682876584301 -0.035528346663982829 0.0042875924714419408 -0.021280490856656981 0.018589213478475912 -0.0068273310584083136 -0.03391579950327419 0.053904929050612199 -0.01429344310394467 -0.045326791144938317 0.0011292414695612087 0.042091940840781515 -0.019304278562468226 0.049269689738882065 0.033416556340314922 0.0057297223055879434
leaf_weight=13.546787872910498 6.7779137194156629 41.205584138631821 8.4838840663433057 18.65694797039032 51.308498904109001 8.8695296347141248 18.555626928806305 12.147416889667513 12.465557366609572 11.951603770256044 7.9401015043258658 30.08951073884964 9.7415410280227714 13.771657586097716 23.696698278188705 10.25688725709915 8.1562925875186938 9.5940647125244123 9.3871665894985181 12.081814303994181 19.001356318593025 6.5465020388364774 24.437688618898392 19.533786207437515 7.1905662715435028 12.329567015171049 6.7721171975135803 8.0603580176830274 10.282181739807127 26.088251322507858
leaf_count=40 20 115 25 51 190 25 56 36 35 33 23 85 27 39 66 32 23 27 26 39 63 20 78 69 21 34 22 22 28 72
internal_value=-0.0012146 0.00637163 0.00909977 0.0127719 -0.0147638 -0.0173632 -0.0169892 -0.00572305 0.00860679 0.0104819 0.0178284 0.0035736 0.0105315 -0.0150999 -0.000308116 -0.0134359 0.0115568 0.00356364 -0.0196222 -0.0145258 -0.0180268 -0.0110664 0.000306745 -0.0306143 0.0262799 0.0270404 0.0027837 0.0252377 0.0155639 -0.00160577
internal_weight=478.927 307.024 274.918 220.333 171.904 158.357 32.1057 54.5849 179.128 166.662 80.7694 85.8927 62.1124 25.7233 46.101 22.4043 60.1694 39.6836 149.487 98.1789 88.7917 57.1761 38.1748 31.6156 13.7371 20.4859 13.55 28.0841 20.0237 34.0284
internal_count=1442 871 773 614 571 531 98 159 499 464 223 241 172 72 134 68 169 112 506 316 290 182 119 108 41 57 42 77 55 95
is_linear=0
shrinkage=0.05


Tree=45
num_leaves=31
num_cat=0
split_feature=2 4 17 45 28 8 19 54 15 28 51 56 8 43 15 30 5 20 8 30 17 14 6 0 17 17 51 3 17 19
split_gain=18.4191 9.61758 7.60893 4.94891 4.20763 4.06685 3.98745 3.85388 3.79668 4.11087 4.1982 3.94179 3.73312 3.7295 3.69955 3.38664 2.95619 2.9181 3.3741 2.75871 2.72016 3.65895 3.03118 3.03439 2.80086 4.69752 2.60118 2.98265 2.57808 3.89476
threshold=-0.016872232764073358 0.1715728715728716 8.5000000000000018 0.19090909090909094 12.500000000000002 -0.097087507522390024 0.34523809523809529 1.0000000180025095e-35 22.500000000000004 34.500000000000007 0.52697145621673935 -1.0000000180025095e-35 -1.9752747252747251 0.14642857142857144 17.500000000000004 7.1623095369174932 0.028058929374718853 0.31980519480519481 1.0039682539682542 1.6663331665265237 31.500000000000004 4.5000000000000009 2.1381962864721489 0.40270270270270275 -12.499999999999998 1.0000000180025095e-35 0.51619644723093006 0.43303571428571436 -12.499999999999998 0.24038461538461542
decision_type=10 10 2 10 10 10 10 2 2 10 8 2 8 8 2 10 10 10 8 8 2 2 10 8 2 2 8 8 2 10
left_child=1 7 8 4 15 -4 -5 12 9 10 -2 -12 -1 -6 16 26 17 18 -13 -7 21 22 23 24 -14 -26 -3 -28 -25 -30
right_child=2 3 5 6 13 19 -8 -9 -10 -11 11 14 20 -15 -16 -17 -18 -19 -20 -21 -22 -23 -24 28 25 -27 27 -29 29 -31
leaf_value=0.03197045331867189 0.03515661393693182 -0.00031420987234995207 0.014103230115731148 -0.018292554724831551 0.023180086627515573 -0.0090850399637702577 0.01809799811057361 -0.038557040844278197 -0.02509818906481176 -0.039478936855837886 0.026704025205870275 -0.00036958513773949426 0.016729598551426909 -0.022291023831724991 0.02828487341327628 0.051206320656669906 -0.028427361226610371 0.024940063293930344 -0.033423073211528175 -0.029651600957437213 -0.033647678866689588 0.027803521633537137 -0.033178828628018783 -0.012445779858885172 -0.032892650495794117 0.0042063484072930556 0.021012337669572282 0.046614480006423903 0.003582507265408777 0.04777404655347979
leaf_weight=8.4024775326251966 9.4079880714416486 11.140141278505324 7.361540973186492 15.902365997433664 8.612564295530321 21.633266568183899 14.293810606002806 6.9053372740745536 16.211628317832947 5.9256895631551734 11.924669802188872 35.254537224769599 8.3133029341697604 9.4653140604495984 7.8317569792270652 11.419836729764937 14.048125490546225 8.1258056163787824 9.8858506828546435 66.201396688818932 6.6448643654584876 10.133629083633421 8.0530752539634687 8.0098411142826098 18.326412171125419 15.966627985239027 64.899333775043488 13.793895065784453 12.713749140501024 8.2026850879192335
leaf_count=23 27 31 23 46 25 79 40 21 52 20 34 101 23 29 23 32 45 24 32 238 22 30 24 22 53 47 180 38 37 23
internal_value=-0.000183212 0.00872482 -0.0110655 0.0170162 0.021592 -0.0215943 -0.00106654 -0.00237727 -0.00261559 0.00094363 0.00342637 -2.08058e-06 7.39466e-06 -0.000627925 -0.00423998 0.0255592 -0.00802412 -0.00264308 -0.00760838 -0.0245862 -0.00277962 -0.00049345 -0.0040965 -0.000822436 -0.00930765 -0.0156196 0.0222989 0.0255001 0.0116757 0.0209129
internal_weight=475.012 261.199 213.812 149.527 119.331 95.1962 30.1962 111.672 118.616 102.404 96.4787 87.0707 104.767 18.0779 75.1461 101.253 67.3143 53.2662 45.1404 87.8347 96.3642 89.7193 79.5857 71.5326 42.6063 34.293 89.8334 78.6932 28.9263 20.9164
internal_count=1444 746 698 421 335 340 86 325 358 306 286 259 304 54 225 281 202 157 133 317 281 259 229 205 123 100 249 218 82 60
is_linear=0
shrinkage=0.05


Tree=46
num_leaves=31
num_cat=0
split_feature=6 42 5 4 6 45 10 10 7 29 1 27 22 5 3 31 14 8 4 3 46 8 20 20 9 23 23 41 37 3
split_gain=4.11774 5.11547 5.27093 4.67535 5.27246 4.26494 4.67001 4.21548 4.07816 4.36519 4.06158 8.07179 4.12562 4.23173 7.12418 3.96515 4.86269 3.74593 5.41036 3.73689 3.50328 3.77445 3.0389 2.74115 3.57311 2.59183 3.18366 3.18806 3.49699 2.80583
threshold=2.4714052287581705 0.21980676328502416 0.12777777777777785 0.20710681244743484 2.1381962864721489 0.45934065934065943 1.4023809523809525 0.81892697466467979 1.4023809523809525 -1.4999999999999998 0.27888888888888896 5.5000000000000009 0.06458333333333334 -0.1017168338907469 0.18490028490028493 1.9702113754102264 2.5000000000000004 1.50974025974026 0.16749174917491752 0.2814700704225353 0.28869047619047622 -1.4937499999999997 0.2022727272727273 -0.36038961038961032 1.3169856459330147 -0.22699175824175824 -0.059821428571428574 1.1862934362934363 107.46250000000001 0.17369121561668147
decision_type=8 8 10 8 10 8 10 8 10 8 8 8 8 8 10 10 2 8 8 10 8 10 10 8 10 8 8 8 8 10
left_child=1 7 3 4 5 6 -3 -1 9 -4 11 -5 -12 -14 -15 16 -13 -2 -19 -11 -7 -22 25 -16 -25 -9 -27 -28 -29 -30
right_child=17 2 8 10 -6 20 -8 22 -10 19 12 15 13 14 23 -17 -18 18 -20 -21 21 -23 -24 24 -26 26 27 28 29 -31
leaf_value=0.033097565844003578 -0.034545971890376524 0.054314804565666112 -0.034650771075427474 -0.033516566101148969 0.050225113068563393 0.041750233822988821 0.0094248537856930353 -0.027175194771519778 -0.024263089680822025 -0.0069951149129634307 -0.020045274790363304 0.033120518053051648 -0.025618210832815055 0.050965955715348357 0.023557371735048085 0.059688311575704173 -0.019712653898868872 0.023800498461660727 -0.02080186212103545 0.039200596893429571 0.032689836078737447 -0.0070438548902884415 -0.037251474731190184 0.0092397855286072 -0.041527114632373539 0.0183211995779805 -0.025012375035354296 0.034577184064285102 -0.023436005330678803 0.004957526532258995
leaf_weight=6.1904975920915595 14.796385452151297 11.392056047916414 5.1244138777256012 6.4711711257696143 11.714353337883948 5.7522513866424552 11.789777368307112 13.112389728426932 21.923945963382721 8.1610268801450783 25.504952177405357 14.396437153220182 8.3771109133958799 9.3035500049591082 7.1710001975297928 7.4516298770904532 6.2440814524888983 11.079287037253382 17.599404945969582 9.4432012140750867 7.278889372944831 33.414557203650475 8.9305750727653486 7.4140337407588977 6.5087280571460724 14.114462077617643 19.037819668650627 6.1198690235614777 14.394578397274016 21.997152715921402
leaf_count=22 67 39 20 29 45 21 43 55 92 32 99 50 33 33 26 25 24 42 82 34 29 126 37 28 28 52 75 21 54 81
internal_value=0.000348329 0.00226084 0.00650076 0.0103118 0.0191902 0.0139688 0.0314847 -0.0069145 -0.00887778 0.00596282 0.00300541 0.0168275 -0.00442678 0.00584672 0.014518 0.0284245 0.0171377 -0.014113 -0.00357087 0.017785 0.00522624 6.33618e-05 -0.00944957 -0.00155756 -0.0144931 -0.0066528 -0.00309632 -0.00800776 -0.000392648 -0.0062734
internal_weight=372.21 328.735 224.837 180.185 81.3419 69.6275 23.1818 103.897 44.6526 22.7286 98.8427 34.5633 64.2794 38.7744 30.3973 28.0921 20.6405 43.4751 28.6787 17.6042 46.4457 40.6934 97.7068 21.0938 13.9228 88.7763 75.6639 61.5494 42.5116 36.3917
internal_count=1444 1253 856 678 303 258 82 397 178 86 375 128 247 148 115 99 74 191 124 66 176 155 375 82 56 338 283 231 156 135
is_linear=0
shrinkage=0.05


Tree=47
num_leaves=31
num_cat=0
split_feature=17 27 29 54 11 29 11 28 20 29 6 5 8 39 8 2 20 5 37 12 44 15 8 3 44 30 8 2 8 3
split_gain=21.2322 10.9404 7.28567 6.2921 5.40644 4.53892 4.44953 4.3244 4.20886 3.64095 3.63074 4.44746 3.59687 3.28721 3.27203 3.18143 2.51803 2.43867 2.38828 3.20856 2.51913 2.40646 3.12042 2.23158 2.22506 2.16385 2.22391 2.66763 2.37074 2.14006
threshold=-4.4999999999999991 7.5000000000000009 -6.4999999999999991 1.0000000180025095e-35 -0.53089514652014647 7.5000000000000009 -0.41149459783913567 30.500000000000004 0.10000000000000001 -16.499999999999996 2.2529069767441867 -1.0000000180025095e-35 -1.3327796234772975 25.484027777777779 1.2132928802589 -0.13522117910013243 0.29029304029304043 0.049784482758620692 452.05000000000007 1.5000000000000002 -0.064484126984126977 1.5000000000000002 -0.12604918812823415 0.21370023419203749 -0.36349520045172212 15.249580406209128 1.2863354037267083 0.20897435897435904 -0.55007836990595593 0.17974358974358975
decision_type=2 8 8 2 8 10 8 10 8 10 10 8 8 10 8 10 10 10 8 2 8 2 10 10 10 8 8 10 8 8
left_child=2 8 -1 4 9 12 -6 10 13 16 -8 14 -4 -2 -12 -13 25 -5 -14 21 23 -20 -23 -21 -7 -3 27 28 -27 -10
right_child=1 3 5 17 6 24 7 -9 29 -11 11 15 18 -15 -16 -17 -18 -19 19 20 -22 22 -24 -25 -26 26 -28 -29 -30 -31
leaf_value=0.030262128728042122 -0.015279522384230285 0.046972160784078933 -0.043269407678091926 0.014010111238712689 -0.037033637366956543 -0.01312890492509507 -0.0089342173712205243 0.031401449421044017 0.013959067693257238 -0.020934607021423107 -0.03432086958893691 0.0043872960219595259 -0.031875140306030655 0.028168665789515032 0.012069688425355732 0.048996834195067202 -0.001336415720604866 0.05037103814862947 -0.010464018856503035 -0.020505039923059125 -0.020742163291784674 0.00034201586390088658 0.041262326701446084 0.015318325054572713 -0.041174237524297441 0.0031277110726263082 0.041335450079357738 -0.0083516175565535866 0.042568665469536998 0.037261994663431171
leaf_weight=8.4884606897830945 10.049852430820467 7.7208462655544272 8.8757313936948758 10.271994024515154 10.003180325031279 9.8786147534847242 111.44119487702847 8.8060615658760053 12.990680515766142 7.188504993915557 6.9552596211433375 7.3487052023410824 11.360784128308294 7.6802404820919028 8.3813781738281268 8.7623002827167529 14.145977348089216 8.3677521944046003 15.145990923047064 7.1457835435867336 44.915029391646385 12.142630472779272 7.5590016841888454 11.100663125514982 24.895562872290611 7.1627127528190613 7.6510159075260118 10.795331895351408 8.1398248970508629 40.78483310341835
leaf_count=23 29 21 34 28 29 38 330 24 36 21 20 20 38 22 24 24 39 23 47 24 151 39 21 35 97 20 21 30 22 114
internal_value=-8.95159e-05 0.00747494 -0.0148265 0.00241885 0.000101204 -0.0173277 -0.00473447 -0.00260458 0.0246673 0.0125513 -0.00470032 0.0103033 -0.0126577 0.00354116 -0.00896872 0.0286491 0.0168795 0.0303333 -0.0101735 -0.00765795 -0.0143777 0.0045216 0.0160421 0.00128896 -0.0332071 0.0230932 0.0176303 0.0106808 0.0241074 0.0316327
internal_weight=476.156 314.648 161.508 243.142 224.502 153.02 161.698 151.695 71.5056 62.8042 142.889 31.4476 118.246 17.7301 15.3366 16.111 55.6157 18.6397 109.37 98.0091 63.1615 34.8476 19.7016 18.2464 34.7742 41.4697 33.7489 26.0979 15.3025 53.7755
internal_count=1444 897 547 696 645 524 471 442 201 174 418 88 389 51 44 44 153 51 355 317 210 107 60 59 135 114 93 72 42 150
is_linear=0
shrinkage=0.05


Tree=48
num_leaves=31
num_cat=0
split_feature=2 4 29 15 56 27 40 30 30 29 36 12 29 30 8 7 26 28 7 0 11 28 18 1 23 23 1 17 2 8
split_gain=16.7779 8.73398 7.46984 7.56397 5.68002 4.16901 4.06975 3.65289 4.23177 4.41908 4.08902 3.18869 3.20272 3.16975 3.05882 2.92776 2.91699 2.80855 2.64306 3.75731 6.10859 3.49625 3.44837 2.62779 2.26467 2.22475 2.20741 2.18464 2.63573 2.79027
threshold=-0.016872232764073358 0.1715728715728716 -2.4999999999999996 11.500000000000002 -1.0000000180025095e-35 6.5000000000000009 25.438262195121954 7.7387612098710141 5.3953141390848502 1.5000000000000002 165.16250000000005 5.5000000000000009 13.500000000000002 4.8753940866931114 2.0564516129032264 1.2535714285714288 -1.4999999999999998 4.5000000000000009 1.6329931972789118 0.23205128205128209 0.58562378167641349 15.500000000000002 0.16025641025641027 0.52859477124183019 -0.083946078431372514 -0.46410256410256406 0.39736842105263165 -7.4999999999999991 0.1670771756978654 1.1533163265306126
decision_type=10 10 10 2 2 8 10 10 10 8 10 2 10 8 8 10 2 8 8 10 8 10 10 10 10 10 10 2 8 10
left_child=1 5 3 4 -2 -1 13 8 9 -3 11 12 15 -4 27 -11 -13 -7 21 23 22 26 -21 -20 -5 -17 -19 -6 -29 -30
right_child=2 7 6 24 14 17 -8 -9 -10 10 -12 16 -14 -15 -16 25 -18 18 19 20 -22 -23 -24 -25 -26 -27 -28 28 29 -31
leaf_value=-0.039435391334943469 0.038530826012757591 -0.015776396831472663 0.018852429735639234 0.0074562118458846374 -0.01764873174115985 0.028906962058619142 0.033634152640444559 0.039427855047771798 -0.022984768612606735 -0.0037249541703139851 0.053419424397851689 0.019623276460426706 0.046434783390204681 -0.023513859612283656 -0.038920155740288329 0.0021786989473060229 -0.011767770288413215 -0.050894289005982585 0.030406202775142489 -0.0085777175940476447 -0.032086491727055216 0.0090013843268675932 0.029380715524241797 -0.00025224186173445235 -0.023662700472504249 0.027512508756859712 -0.014955322761586752 -0.0095306435712610958 0.033093034372382132 -0.008738211765113876
leaf_weight=7.0762440860271445 8.0857376754283887 10.220685318112375 8.4311596453189903 6.1705828905105582 15.475000351667402 7.8886468410491934 12.85157525539398 15.223387688398359 7.4712664783000937 13.355537652969359 7.8262397944927207 13.282588809728624 10.913050204515455 9.2681300044059736 6.3712095916271201 10.845341473817824 16.711528211832047 6.5724543035030427 16.109848588705066 13.132996052503588 14.801299899816511 10.055133819580076 10.990348428487776 12.345193654298781 111.32307401299477 43.126977533102036 12.210145175456999 16.142703518271453 11.403611972928042 6.1289948523044577
leaf_count=25 23 33 24 18 45 22 36 44 21 37 22 37 31 27 22 30 47 20 45 38 45 30 31 34 400 119 35 49 34 20
internal_value=-0.000198316 0.00830614 -0.0106519 -0.0145099 -0.000621928 -0.00229855 0.012218 0.0162205 0.0135791 0.0157423 0.018518 0.0159943 0.021308 -0.00333243 -0.00632384 0.0172352 0.00213343 0.000225699 -0.00212581 0.0032956 -0.00679951 -0.014793 0.00871576 0.0171051 -0.0220284 0.0224219 -0.0275312 -0.00209848 0.00504742 0.0184698
internal_weight=471.811 260.159 211.652 181.101 63.6073 111.182 30.5509 148.977 133.753 126.282 116.061 108.235 78.2409 17.6993 55.5215 67.3279 29.9941 104.106 96.2174 67.3797 38.9246 28.8377 24.1233 28.455 117.494 53.9723 18.7826 49.1503 33.6753 17.5326
internal_count=1444 746 698 611 193 325 87 421 377 356 323 301 217 51 170 186 84 300 278 193 114 85 69 79 418 149 55 148 103 54
is_linear=0
shrinkage=0.05


Tree=49
num_leaves=31
num_cat=0
split_feature=6 42 5 4 12 4 4 43 15 7 5 17 16 8 4 1 15 3 3 20 5 3 17 1 20 20 38 32 15 4
split_gain=3.80056 4.71462 4.80245 4.27325 4.93038 3.94775 4.1592 4.46141 3.86144 4.16329 3.79132 3.8131 5.5632 3.62519 5.0602 3.60506 6.86163 3.43324 3.834 3.31107 3.29657 6.22398 3.81011 3.67885 3.23329 4.9211 4.18615 3.39152 2.98984 2.82559
threshold=2.4714052287581705 0.21980676328502416 0.12777777777777785 0.20112359550561801 3.5000000000000004 0.19441752277573177 0.18490028490028493 0.28991596638655465 14.500000000000002 1.4647009966777411 0.019493804068272187 -2.4999999999999996 16.500000000000004 1.50974025974026 0.16749174917491752 0.27888888888888896 43.500000000000007 0.19023809523809526 0.2293374316939891 0.22409188034188035 -0.1017168338907469 0.18490028490028493 -18.499999999999996 0.48212005108556838 -0.36931818181818177 -0.27392399267399264 -1358.8249999999998 2.1502621685268575 21.500000000000004 1.0000000180025095e-35
decision_type=8 8 10 8 2 8 10 8 2 10 10 2 2 8 8 8 2 10 10 10 8 10 2 8 8 8 10 10 2 8
left_child=1 19 3 4 10 6 7 -6 9 -4 11 12 -3 -2 -15 16 28 -9 -19 24 -17 23 -23 -22 27 -26 29 -1 -5 -27
right_child=13 2 8 15 5 -7 -8 17 -10 -11 -12 -13 -14 14 -16 20 -18 18 -20 -21 21 22 -24 -25 25 26 -28 -29 -30 -31
leaf_value=-0.041877887138079245 -0.03405189336993613 0.05949782887954972 0.024517599199182255 0.01815192973378512 -0.0044062301797364416 0.061236268842944842 -0.01742094023457284 0.061991676908037641 -0.025829071538923856 -0.015802131647823302 -0.025389427436766334 -0.012104281218988339 0.0011496784864651402 0.022931543097576002 -0.020229732239247518 -0.02277926749412356 -0.018059557647779442 0.00046462815794110363 0.052409160177698283 -0.036755308741200303 0.057491425553600518 0.023881351948736168 -0.016859665151789448 0.006968859307670848 0.040646975119435526 -0.02675918185011758 -0.019407666359438528 0.009662230641976674 0.055189580757178919 0.010126882401332603
leaf_weight=10.04223522543907 14.394778609275816 7.580564051866534 12.645565733313562 16.211536690592769 7.4504345357418087 7.995328113436698 5.548639401793479 10.172827810049059 18.597067847847939 12.967993348836897 8.2269401699304563 9.2296464890241641 8.859628036618231 11.189643487334253 17.274032413959503 16.907147020101547 10.30081397294998 7.8365030884742719 6.4978109449148178 8.3771961927413923 6.7110256701707813 7.2100133001804343 28.12186199426651 7.7804836481809625 6.8126988559961319 5.9613825529813758 27.034464716911316 4.6790617406368247 8.2073425650596601 40.222259789705276
leaf_count=43 67 26 44 57 29 29 21 35 80 54 32 35 34 42 82 67 44 30 22 35 23 27 111 29 24 23 108 19 27 145
internal_value=0.000399609 0.00222828 0.006285 0.00989626 0.0185841 0.0293381 0.0225383 0.0294762 -0.00848728 0.00410396 0.0041484 0.013615 0.028054 -0.0136034 -0.00326217 0.00309686 0.0161638 0.0397768 0.0240113 -0.00662469 -0.00370183 0.00277194 -0.00854583 0.0303659 -0.00396079 5.51093e-07 -0.00378146 -0.0254962 0.0306005 0.00536563
internal_weight=371.047 328.188 225.059 180.849 79.3983 45.5015 37.5062 31.9576 44.2106 25.6136 33.8968 25.6698 16.4402 42.8585 28.4637 101.45 34.7197 24.5071 14.3343 103.129 66.7305 49.8234 35.3319 14.4915 94.7521 80.0308 73.2181 14.7213 24.4189 46.1836
internal_count=1444 1253 856 678 293 166 137 116 178 98 127 95 60 191 124 385 128 87 52 397 257 190 138 52 362 300 276 62 84 168
is_linear=0
shrinkage=0.05


Tree=50
num_leaves=31
num_cat=0
split_feature=14 27 54 11 29 36 6 8 46 7 23 16 28 0 27 11 29 55 28 36 45 31 29 12 57 5 4 5 5 44
split_gain=16.8486 11.2447 7.07399 6.70561 5.03749 4.70841 4.44835 3.9357 3.99878 3.82467 3.76487 3.987 3.44314 3.38111 5.39247 3.06214 3.09705 2.66998 2.84333 3.02106 2.78938 2.65355 2.64204 2.60132 2.39812 2.82881 2.38383 2.68529 2.26485 2.24463
threshold=-1.4999999999999998 7.5000000000000009 1.0000000180025095e-35 -0.53089514652014647 7.5000000000000009 371.80000000000007 2.2529069767441867 -0.24893162393162391 0.32795698924731187 1.1972222222222224 0.15535714285714289 7.5000000000000009 30.500000000000004 0.43792808219178087 2.5000000000000004 -0.47613636363636352 6.5000000000000009 1.0000000180025095e-35 17.500000000000004 80.52500000000002 0.44222222222222224 4.7491392863563799 -5.4999999999999991 1.5000000000000002 1.0000000180025095e-35 -0.028455754771544241 0.21103238866396765 -0.086083524318818397 0.049784482758620692 -0.36349520045172212
decision_type=2 8 2 8 10 8 10 8 10 10 8 2 10 10 10 8 8 2 8 10 10 10 8 2 2 10 8 10 10 10
left_child=4 10 3 21 5 -1 12 -7 15 -8 11 -2 17 -13 -15 -9 -17 18 -5 20 26 -3 -12 -18 25 -11 -20 -28 -4 -6
right_child=1 2 28 6 29 7 9 8 -10 24 22 13 -14 14 -16 16 23 -19 19 -21 -22 -23 -24 -25 -26 -27 27 -29 -30 -31
leaf_value=0.02005428465751042 0.043437047288905913 0.017099761602104826 0.014935589575685568 -0.027399331328469636 -0.011405065732352015 -0.022820172431344692 0.035419551124443276 -0.016577179973115894 -0.029256678643254399 -0.034674379256004723 0.045642906375485272 0.026520295516948719 0.019065171641833776 0.018879278406819411 -0.040409920971506974 0.042333819172195523 0.022342554342909729 -0.042520680258005587 -0.019900472067703436 0.016770055179965888 0.020644965748586961 -0.014408102533379165 0.019967212443074891 -0.012324615281963781 0.02038719113809502 0.0077081252948118031 -0.011059192041350432 0.020155465255063953 0.049155576141330495 -0.040516503436409106
leaf_weight=12.192946240305899 7.1264900267124203 53.443361461162567 10.845498472452165 20.715171739459038 9.4304471909999865 50.227410271763802 10.331239849328993 12.527922987937925 11.549471393227575 7.5077733397483799 21.797443717718124 8.3025980591774005 9.4465745985507947 7.1213124096393576 8.3107677996158582 6.8682376444339788 10.127614349126818 6.8759354352951041 48.344359666109085 11.746929109096525 6.7897722423076621 7.6372931897640219 18.542243361473083 11.619697958230971 8.5839357078075409 8.278014153242113 26.166433364152908 9.3525683879852277 8.7252780497074109 22.230451628565788
leaf_count=35 20 148 30 71 37 180 28 36 36 22 62 24 26 20 24 19 31 22 146 33 19 22 52 39 24 23 75 27 24 89
internal_value=-0.000115716 0.00621789 0.00130889 -0.00109425 -0.0141829 -0.00932496 -0.0060941 -0.0128055 -0.00325944 0.00992511 0.0237846 0.0106395 -0.0100807 0.000791884 -0.0130502 0.0040383 0.0130638 -0.0121988 -0.0105053 -0.00708768 -0.0101792 0.0131601 0.033841 0.00381971 -0.000882943 -0.0124491 -0.0126748 -0.00284001 0.030192 -0.0318454
internal_weight=472.765 325.991 254.79 235.219 146.774 115.113 174.139 102.92 52.6929 34.701 71.2009 30.8612 139.438 23.7347 15.4321 41.1435 28.6155 129.991 123.115 102.4 90.6531 61.0807 40.3397 21.7473 24.3697 15.7858 83.8634 35.519 19.5708 31.6609
internal_count=1444 942 740 686 502 376 516 341 161 97 202 88 419 68 44 125 89 393 371 300 267 170 114 70 69 45 248 102 54 126
is_linear=0
shrinkage=0.05


Tree=51
num_leaves=31
num_cat=0
split_feature=2 4 17 45 44 13 27 8 28 51 3 30 30 7 30 3 9 37 7 6 5 8 19 30 7 7 9 6 6 5
split_gain=15.2996 8.01023 6.6512 4.36594 5.05939 4.01459 3.90047 3.71159 3.48476 4.67499 3.89318 3.24971 3.71226 3.40106 3.55356 2.77411 2.69403 2.68388 3.76497 5.65271 5.09953 3.0662 2.81247 2.66403 3.12737 2.48664 2.28202 3.1417 2.60499 2.26299
threshold=-0.016872232764073358 0.1715728715728716 8.5000000000000018 0.19090909090909094 -0.36349520045172212 8.5000000000000018 6.5000000000000009 -0.097087507522390024 34.500000000000007 0.52697145621673935 0.1408730158730159 6.9601860320760025 4.7491392863563799 1.1132478632478635 3.3495889939662065 0.087121212121212141 1.0189340813464238 631.67500000000018 1.648529411764706 1.1132478632478635 0.12515664160401005 0.10447052947052939 0.24038461538461542 1.6663331665265237 0.95346320346320357 1.7960323574730357 2.4807692307692313 1.0090909090909093 0.86038961038961048 -0.10702537593984961
decision_type=10 10 2 10 8 2 8 10 10 8 10 10 10 10 10 10 8 8 8 10 10 8 10 8 8 10 10 8 10 10
left_child=1 6 8 4 -3 -5 -1 -4 9 -2 15 12 13 -6 16 -11 -15 -8 21 22 -21 -19 -20 24 -9 -12 27 28 -18 -17
right_child=2 3 7 5 11 -7 17 23 -10 10 25 -13 -14 14 -16 29 26 18 19 20 -22 -23 -24 -25 -26 -27 -28 -29 -30 -31
leaf_value=-0.038679533840560255 0.033404694142818381 -0.019467856923139525 0.013870408723214898 -0.019456501572872133 -0.0064999032693814967 0.017123316716867253 0.021828648749518339 0.016948857345739227 -0.038757954856747226 -0.00091138438837830955 -0.018306038887253965 0.045575757987472848 -0.010621560207021569 0.049398906031266197 0.05990096374061922 0.044389033470227393 0.020081695648169622 -0.034964642332745134 0.030451192915937023 -0.023965406616457109 0.012748147838152746 0.0047371180085414542 -0.0015648646528247053 -0.028362368712178267 -0.022830815104895378 0.0096031800968642521 0.039206813969997228 0.02311861934899484 -0.019791556915015211 0.0044194954517913455
leaf_weight=6.8981526941061011 9.3994439542293531 7.6602239310741425 7.3060279488563529 15.300771817564966 9.0398464798927289 14.713300198316572 12.547998428344725 7.9272193163633373 6.2314106822013846 35.547982111573219 42.13353119790554 13.459364056587217 9.3324354887008649 8.2751210033893567 6.994406431913375 7.3913184106349945 7.0313260257244137 13.985426425933836 19.449707835912708 24.149152919650078 15.547998934984205 7.4558076560497311 10.596737980842589 63.75301693379879 13.114950746297835 9.8460631370544416 11.514910548925398 35.125871211290359 9.81289494037628 6.7986606955528242
leaf_count=25 27 22 23 44 26 42 36 29 22 105 134 39 27 23 20 21 20 42 54 72 45 22 29 238 50 29 32 98 28 20
internal_value=-0.000219867 0.00790863 -0.0102671 0.0155059 0.0198287 -0.00152458 -0.00227278 -0.0203246 -0.00237356 -0.000333133 -0.00345075 0.0225508 0.0193601 0.0225471 0.0258813 0.00654917 0.0225654 0.000148244 -0.00283521 0.00279808 -0.00958598 -0.0211591 0.0191598 -0.0232708 -0.00784461 -0.0130194 0.0190677 0.0146055 -0.00314716 0.0252389
internal_weight=468.341 258.891 209.45 148.26 118.246 30.0141 110.631 92.1012 117.348 111.117 101.718 110.586 97.1268 87.7944 78.7545 49.738 71.7601 103.733 91.1848 69.7436 39.6972 21.4412 30.0464 84.7952 21.0422 51.9796 63.485 51.9701 16.8442 14.19
internal_count=1444 746 698 421 335 86 325 340 358 336 309 313 274 247 221 146 201 300 264 200 117 64 83 317 79 163 178 146 48 41
is_linear=0
shrinkage=0.05


Tree=52
num_leaves=31
num_cat=0
split_feature=32 32 44 6 44 5 22 7 7 8 4 17 0 0 27 6 8 8 45 4 28 10 16 32 20 1 6 27 7 31
split_gain=3.68354 6.22022 3.72386 5.10612 3.83933 3.63595 3.58614 5.31618 4.22593 3.53543 5.01995 3.13626 4.5688 4.39905 3.26296 3.05816 2.78778 2.65398 2.64708 3.09514 2.55291 3.33882 2.59938 3.78121 3.7839 4.50685 4.24246 3.00935 2.54434 3.28354
threshold=5.3917020213541953 3.3342427672397918 0.10000000000000001 2.4714052287581705 0.013354700854700837 0.05889894419306186 0.41428571428571431 2.24780701754386 1.7960323574730357 1.50974025974026 0.16749174917491752 38.500000000000007 0.50981902194840212 0.53788748564867983 5.5000000000000009 2.1204395604395612 1.8809523809523812 -1.5244461420932007 0.28869047619047622 0.21020142949967513 3.5000000000000004 0.92718275008837059 7.5000000000000009 -0.42626702689889723 -0.36931818181818177 0.48435972629521024 1.2956891317547059 20.500000000000004 1.0090909090909093 1.6663331665265237
decision_type=10 10 8 8 10 10 10 10 10 8 8 2 10 10 10 10 10 10 8 10 8 8 2 10 8 8 8 10 8 10
left_child=1 2 4 6 20 -2 8 -8 11 -5 16 12 18 -14 -13 17 -11 -10 19 -4 -1 -22 -23 24 -24 26 27 -26 -20 -30
right_child=5 -3 3 9 -6 -7 7 -9 15 10 -12 14 13 -15 -16 -17 -18 -19 28 -21 21 22 23 -25 25 -27 -28 -29 29 -31
leaf_value=-0.025732231943036699 -0.041950448335846387 0.039883833271228776 0.045984536518296953 -0.033499591109088088 -0.037784145108342534 0.0090772327865150573 0.0034559976174878566 0.067957503207623657 0.0084019654360080968 0.049392330313930061 -0.020712163746491791 -0.025128138228193597 0.067331654192857138 0.018804698488186253 0.016643262976031359 0.026868290962683922 -0.00086422134898363201 -0.023205785749346355 0.014644481520691777 0.0019560582810840706 0.025240771286043653 -0.026515928317450529 -0.032333940917576763 -0.022187897470294607 0.038948997968351828 0.05511287668080022 -0.024243410151747524 -0.0059221141576907251 -0.0080680281559275761 0.020469991814672708
leaf_weight=12.307913780212401 9.7417999953031522 10.242016702890394 8.6402457207441348 13.687106400728224 9.8299471437931043 5.4406114518642417 7.1959514021873456 5.7447162121534348 8.9717979431152326 5.3581150174140948 15.311095252633093 12.802340343594553 6.0624903738498714 20.334968879818916 7.3644697219133368 4.9930855929851523 5.6893838495016098 25.566694512963295 34.398667350411415 7.4192217439413062 10.307114720344542 11.873622864484785 4.8328985720872879 14.067067950963979 9.2597196251153928 5.7458173781633368 7.8593473434448233 6.2645989060401908 49.790331229567528 12.637754768133162
leaf_count=54 41 35 30 65 40 21 27 21 39 20 74 60 20 75 28 20 21 105 122 27 36 47 20 55 32 19 32 23 190 45
internal_value=0.000452553 0.00148527 0.000343067 0.00349102 -0.00824602 -0.0236647 0.0065851 0.03209 0.00492641 -0.0128829 -0.00217739 0.00855454 0.0112228 0.0299495 -0.00987415 -0.00970765 0.0235106 -0.0149953 0.00684376 0.0256441 -0.0047273 -0.00104511 -0.00556795 -0.000389283 0.00863961 0.0154376 0.00568858 0.020842 0.00372558 -0.00229088
internal_weight=369.741 354.559 344.316 251.968 92.348 15.1824 211.923 12.9407 198.982 40.0457 26.3586 159.45 139.284 26.3975 20.1668 39.5316 11.0475 34.5385 112.886 16.0595 82.5181 70.2102 59.9031 48.0294 33.9624 29.1295 23.3837 15.5243 96.8268 62.4281
internal_count=1444 1382 1347 989 358 62 809 48 761 180 115 597 509 95 88 164 41 144 414 57 318 264 228 181 126 106 87 55 357 235
is_linear=0
shrinkage=0.05


Tree=53
num_leaves=31
num_cat=0
split_feature=17 27 29 54 11 5 29 3 16 3 29 32 56 6 3 5 13 9 15 44 9 4 9 5 43 12 6 4 16 10
split_gain=17.6291 9.177 6.35629 5.30427 4.62006 4.87986 4.1407 3.82285 3.48533 4.18806 3.34745 4.5246 3.06299 3.39194 3.31377 2.46498 2.69241 2.26464 2.26352 2.20376 2.195 2.67547 8.02226 5.26017 2.99635 2.74468 2.78237 2.11564 2.50047 2.10729
threshold=-4.4999999999999991 7.5000000000000009 -6.4999999999999991 1.0000000180025095e-35 -0.71767001114827189 0.030912565695174397 7.5000000000000009 0.19895833333333338 12.500000000000002 0.19292803970223329 -9.4999999999999982 1.3882100081874456 -1.0000000180025095e-35 1.5227743271221534 0.17974358974358975 0.043073593073593076 6.5000000000000009 1.5080645161290325 16.500000000000004 -0.36349520045172212 2.6076923076923082 0.26614583333333336 1.0628955696202533 -0.21370023419203743 0.39642857142857152 1.5000000000000002 1.3228764478764481 0.21103238866396765 5.5000000000000009 0.78837953091684443
decision_type=2 8 8 2 8 10 10 10 2 10 8 8 2 10 10 8 2 8 2 10 10 10 8 10 10 2 10 8 2 10
left_child=2 8 -1 4 5 7 20 -3 -2 -10 -6 -12 -13 27 29 16 -11 18 -7 -8 21 24 -23 -24 25 26 -4 -14 -29 -15
right_child=1 3 6 -5 10 17 19 -9 9 15 11 12 13 14 -16 -17 -18 -19 -20 -21 -22 22 23 -25 -26 -27 -28 28 -30 -31
leaf_value=0.028390959480809153 0.035832325012136804 0.013038595490385167 -0.016016678616009441 0.027775398888952703 0.021240747460063943 -0.001269630347031994 -0.011578625560541114 -0.029438986509050132 -0.008719355034754175 0.012715379837217662 -0.029262813523552346 -0.029067265503009455 -0.016059059825000246 -0.024750543350024464 0.01958695280651258 0.0013692079973441013 0.050734311721449571 0.051005880770502568 0.034126989723175898 -0.04008707964266383 -0.037732994761237745 -0.036703280291570842 -0.0067154130794052913 0.051703707061850748 0.0098710655859764011 -0.025238716992261764 0.01800133075998905 -0.010089714483567252 0.018666962838681824 0.004167042223058093
leaf_weight=8.4551413953304273 29.237242966890335 13.556263685226442 19.172967433929447 18.58949488401413 12.383648961782454 7.9826473891735139 9.5463846921920759 8.6934388875961286 14.201437830924986 8.1006669998168963 18.139338806271553 10.277912512421606 39.015489384531975 8.5113229453563672 30.341619044542313 7.9114729464054134 10.953321129083632 7.734336405992507 10.401562631130217 23.38339065015316 7.5861758589744559 7.6869138777256039 6.9436899423599252 8.657697513699528 11.368892803788183 45.804185479879379 8.7559159398078901 18.996767044067386 12.555590629577635 24.24861004948616
leaf_count=23 84 38 64 51 34 22 38 24 40 23 59 32 119 24 84 23 31 21 29 97 28 25 22 26 37 162 25 54 37 68
internal_value=-0.00013716 0.00674775 -0.0137805 0.00211578 -2.47758e-05 0.0136487 -0.0161751 -0.00355831 0.0226316 0.0132562 -0.00381546 -0.00572979 -0.00276431 -0.000741863 0.00768103 0.0248297 0.0345708 0.0283069 0.0187573 -0.0318224 -0.0117322 -0.00991246 0.00510429 0.0257032 -0.0140218 -0.0177059 -0.00535178 -0.00827359 0.00135339 -0.003346
internal_weight=469.194 311.832 157.361 241.428 222.839 48.3682 148.906 22.2497 70.4041 41.1669 174.47 162.087 143.947 133.669 63.1016 26.9655 19.054 26.1185 18.3842 32.9298 115.976 108.39 23.2883 15.6014 85.102 73.7331 27.9289 70.5678 31.5524 32.7599
internal_count=1444 897 547 696 645 134 524 62 201 117 511 477 418 386 176 77 54 72 51 135 389 361 73 48 288 251 89 210 91 92
is_linear=0
shrinkage=0.05


Tree=54
num_leaves=31
num_cat=0
split_feature=29 17 11 55 29 28 2 16 4 2 11 0 29 15 44 23 10 23 10 12 9 13 0 19 7 36 11 43 7 17
split_gain=13.9562 12.0187 4.95824 4.05078 3.65559 4.5755 4.26814 4.40186 3.54183 7.52676 3.79106 3.31771 7.47564 3.25928 3.10629 3.1843 2.8073 2.70977 4.06657 2.63899 2.56122 3.53786 2.84247 2.50357 2.3188 2.60215 2.46582 2.71195 3.09653 2.21485
threshold=6.5000000000000009 8.5000000000000018 0.77911490683229823 1.0000000180025095e-35 -7.4999999999999991 8.5000000000000018 -0.080404040404040353 32.500000000000007 0.17974358974358975 -0.037749287749287756 0.31440656912355042 0.21240601503759401 17.500000000000004 16.500000000000004 -0.24404761904761901 -0.2696969696969696 1.293610547667343 -0.10912698412698411 1.1827458256029686 7.5000000000000009 2.1483516483516487 1.5000000000000002 0.67006802721088443 0.27922077922077926 2.7350877192982463 5.4000000000000012 -0.60661802355350736 0.83333333333333337 1.9761904761904765 -5.4999999999999991
decision_type=10 2 10 2 8 10 10 2 8 8 10 8 10 2 8 10 10 8 8 2 10 2 8 8 10 10 8 8 10 2
left_child=1 2 3 8 -3 6 19 -8 20 14 17 12 -2 -13 -10 -16 -7 -11 -19 -6 21 22 -1 -14 25 26 -23 -28 -29 -20
right_child=11 4 -4 -5 5 16 7 -9 9 10 -12 13 23 -15 15 -17 -18 18 29 -21 -22 24 -24 -25 -26 -27 27 28 -30 -31
leaf_value=0.032571523174093515 -0.028391731562640927 -0.032077609987144838 0.017084482901767822 0.020677129721920894 0.012058266360302369 -0.0073754003407151937 -0.029043338772020484 0.012201107253314841 -0.01141091961100067 0.021571788409654614 -0.034897001220555911 0.043464469009418083 0.040705935695635381 0.015284239478163804 0.0015024877934100755 0.032516017428820765 0.039170531848737998 -0.034216594204707886 -0.015583728170943084 -0.025763446513018835 -0.039649583964107366 -0.023780812966307383 -0.0093551817794695988 0.0024334560049596803 -0.03830790242943824 -0.040165801392880361 0.029697463157562207 -0.025392150445864754 0.012457502652640217 0.0068922537143653959
leaf_weight=8.2807798981666583 9.6383888125419634 29.75688923895359 45.388725906610489 19.660559177398682 16.851253941655163 6.5577842742204648 49.981417074799538 7.4309099465608588 7.6175020635128021 9.6789165139198285 10.735791772603987 20.802281945943832 11.20697131752968 20.247620612382889 11.70664271712303 28.247796535491943 6.40170057117939 11.128970503807066 16.585070669651024 6.3500267565250388 7.2617409229278556 12.836998924612997 7.8984467387199393 6.9060283601284018 8.609059125185011 6.2580774277448645 6.9786066710948971 10.629672259092333 10.9911952316761 32.322512000799186
leaf_count=24 27 123 127 56 50 20 189 23 22 27 33 59 32 57 33 80 20 35 49 21 23 42 25 20 25 21 20 31 31 99
internal_value=-0.000249469 -0.00385959 0.00199598 -0.00101529 -0.0168126 -0.0119583 -0.0163913 -0.023705 -0.00306799 0.0020843 -0.00723833 0.020537 0.00718325 0.0295647 0.0178503 0.0234291 0.0156173 -0.00297905 -0.00693707 0.00170673 -0.0113396 -0.00850331 0.0121036 0.0261136 -0.0144248 -0.0101138 -0.00557515 0.00259653 -0.00615088 -0.000729586
internal_weight=464.948 396.147 272.817 227.428 123.33 93.5731 80.6136 57.4123 207.768 128.023 80.4513 68.8013 27.7514 41.0499 47.5719 39.9544 12.9595 69.7155 60.0366 23.2013 79.7446 72.4828 16.1792 18.113 56.3036 47.6946 41.4365 28.5995 21.6209 48.9076
internal_count=1444 1249 803 676 446 323 283 212 620 378 243 195 79 116 135 113 40 210 183 71 242 219 49 52 170 145 124 82 62 148
is_linear=0
shrinkage=0.05


Tree=55
num_leaves=31
num_cat=0
split_feature=32 32 5 44 6 44 8 4 22 7 22 41 14 20 15 27 1 1 1 0 18 45 5 6 10 6 20 22 23 32
split_gain=3.42311 5.62936 3.50778 3.44795 4.73301 3.69393 3.41552 4.70497 3.24371 4.69689 4.08351 3.10064 3.13623 7.04369 3.53294 3.24513 3.19146 4.70287 4.04849 3.29532 2.97275 2.97099 2.84243 3.53401 2.7865 2.59733 2.5747 4.56447 5.28334 3.24642
threshold=5.3917020213541953 3.3342427672397918 0.05889894419306186 0.10000000000000001 2.4714052287581705 0.013354700854700837 1.50974025974026 0.16749174917491752 0.41428571428571431 2.24780701754386 0.27922077922077926 1.267863667863667 2.5000000000000004 0.097794117647058823 11.500000000000002 13.500000000000002 0.30901856763925734 0.41522988505747133 0.35355392156862753 0.5803225806451614 0.20714285714285716 0.29857397504456334 -0.063096690926785076 1.7525510204081634 0.81438415159345401 1.4243044189852703 -0.40833333333333327 0.069047619047619066 -0.22699175824175824 -0.49293200103443174
decision_type=10 10 10 8 8 10 8 8 10 10 10 10 2 8 2 10 10 10 10 8 8 8 10 10 8 10 8 10 8 10
left_child=1 3 -2 5 8 24 -6 -8 10 -10 11 12 13 20 -15 16 25 18 -18 -19 21 -5 -16 -24 -1 -14 -26 29 -29 -28
right_child=2 -3 -4 4 6 -7 7 -9 9 -11 -12 -13 15 14 22 -17 17 19 -20 -21 -22 -23 23 -25 26 -27 27 28 -30 -31
leaf_value=0.028614189730667657 -0.041498655872684018 0.03769488334498497 0.0089344278141185365 0.038527453112004208 -0.0330505531239264 -0.037293131098931648 0.022620664673553545 -0.020220484804219122 0.0032945942236559272 0.063359842588563822 -0.024585436283747566 0.040760320013845025 0.0024467394716010038 0.0011837672050091185 0.061722879733247131 0.025336572290610999 -0.0028810687399212186 -0.031529464646872139 0.059068122591002019 0.016410766174564339 -0.028263762536053595 0.0028187618520997648 0.0018799338067824294 0.052771758615068082 -0.031105972872326096 -0.029367299998071469 -0.0042257246731208639 -0.024177821878618392 0.035521723114608592 -0.034517560125010796
leaf_weight=5.8992477208375922 9.409291744232176 10.417435511946676 5.4417990148067465 6.3246334642171851 13.35330095887184 9.5859943181276304 11.159247264266016 15.054735898971556 7.2045949399471265 5.9363730698823929 11.173686847090719 6.3895053863525382 9.4163143336772936 7.5899268984794643 9.3739020675420797 8.4010441303253156 4.9117780178785342 9.2946776896715129 5.6953573971986771 5.8348192125558862 7.0336187481880179 73.729198455810547 7.2028428167104686 6.4802592545747757 9.7089175283908826 20.13110813498497 36.768307819962502 5.2406786680221558 12.655493617057802 11.64660485088825
leaf_count=21 41 35 21 21 65 40 41 74 27 21 46 24 35 28 30 30 20 39 20 23 29 280 25 22 44 89 141 21 44 47
internal_value=0.000497478 0.00148511 -0.0230188 0.000385997 0.00340781 -0.0079257 -0.0124678 -0.00198308 0.00636909 0.0304288 0.00478017 0.00652727 0.0053216 0.0101566 0.0307726 -0.0036169 -0.00801671 0.00485536 0.0303817 -0.0130409 0.00290169 0.00563992 0.0405126 0.0259821 -0.0044892 -0.0192286 -0.00705806 -0.00353709 0.0180394 -0.0115127
internal_weight=368.465 353.614 14.8511 343.196 251.691 91.5052 39.5673 26.214 212.124 13.141 198.983 187.809 181.419 117.734 30.6469 63.6851 55.2841 25.7366 10.6071 15.1295 87.0875 80.0538 23.057 13.6831 81.9193 29.5474 76.02 66.3111 17.8962 48.4149
internal_count=1444 1382 62 1347 989 358 180 115 809 48 761 715 691 435 105 256 226 102 40 62 330 301 77 47 318 124 297 253 65 188
is_linear=0
shrinkage=0.05


Tree=56
num_leaves=31
num_cat=0
split_feature=14 27 54 11 29 36 6 38 12 0 11 3 5 12 28 5 57 55 28 27 2 44 16 5 26 30 24 27 2 2
split_gain=14.0499 9.46575 6.11643 5.76198 4.5353 4.14884 3.81763 3.46568 3.40824 4.06122 3.74943 3.40257 3.10335 4.73163 2.94435 2.74326 3.10037 2.44807 2.56758 3.09393 2.29206 2.16531 2.13785 2.12806 2.12238 2.02475 1.8189 1.82189 2.14753 1.99714
threshold=-1.4999999999999998 7.5000000000000009 1.0000000180025095e-35 -0.53089514652014647 7.5000000000000009 371.80000000000007 2.2529069767441867 327.16500000000002 1.5000000000000002 0.25290697674418611 -0.50025278058645084 0.25439137134052392 0.083886780518659096 11.500000000000002 30.500000000000004 -1.0000000180025095e-35 1.0000000180025095e-35 1.0000000180025095e-35 17.500000000000004 13.500000000000002 -0.13522117910013243 -0.36349520045172212 63.500000000000007 0.049784482758620692 1.5000000000000002 2.7265482080417307 1.0000000180025095e-35 30.500000000000004 0.35816912972085396 0.22857142857142862
decision_type=2 8 2 8 10 8 10 8 2 8 10 8 8 2 10 8 2 2 8 8 10 10 2 10 2 10 2 8 8 8
left_child=4 7 3 24 5 -1 14 -2 9 -7 -11 12 13 -9 17 16 -8 18 -5 -20 -17 -6 25 -4 26 -10 27 -3 29 -29
right_child=1 2 23 6 21 8 15 11 22 10 -12 -13 -14 -15 -16 20 -18 -19 19 -21 -22 -23 -24 -25 -26 -27 -28 28 -30 -31
leaf_value=0.019019705175418632 -0.0012545968094406835 0.030672012720424652 0.013258742808714356 -0.026204800926500783 -0.01026742292142143 -0.021898838441018729 -0.022400777598861797 -0.0090349726644516019 -0.026912076120493789 -0.001011289895177977 0.040770545870409389 0.049751782812314557 0.048799692603570699 0.028413424904034559 0.017489956004017058 0.0020830929926928836 0.020544542303354382 -0.041053046110195175 0.026370515735610146 -0.0089580602094127947 0.039041802388460944 -0.039406669099912993 0.0046224304474958939 0.046484936132323219 -0.0052198477345327425 0.0029333538609280191 0.039652647334443007 0.0088131077201625049 0.02741347923341236 -0.024129218319229803
leaf_weight=12.134341225028036 13.129498064517973 10.532876223325728 10.851648867130281 20.115974858403206 9.193499222397806 14.621783018112181 10.320517957210543 13.512511819601057 45.598410084843636 18.699213162064552 7.5323562175035503 12.965345770120619 7.9850986003875724 22.447482794523239 9.4020890295505506 7.320153713226321 7.0896269381046286 6.6433868557214728 6.629743516445159 94.996141895651817 9.8261055350303632 20.797784060239792 7.9643201678991309 8.6687386333942396 13.697341382503508 6.4917538166046134 7.5370340049266806 13.534406602382669 8.5745640397071785 6.9703658521175376
leaf_count=35 39 29 30 71 37 54 30 38 161 57 22 37 23 65 26 20 20 22 18 282 27 89 28 24 38 19 21 38 24 20
internal_value=-0.000144515 0.00563644 0.00112853 -0.00112206 -0.0131891 -0.00860308 -0.0057921 0.0219014 -0.0119248 -0.000783586 0.0109863 0.0272436 0.0206029 0.0143416 -0.00951884 0.00906758 -0.00491291 -0.0114968 -0.00988392 -0.00665334 0.0232632 -0.0304744 -0.0195038 0.028014 0.0121055 -0.0231926 0.0171387 0.012855 0.00640143 -0.00238526
internal_weight=465.784 322.751 252.711 233.19 143.033 113.042 172.344 70.0399 100.908 40.8534 26.2316 56.9104 43.9451 35.96 137.787 34.5564 17.4101 128.385 121.742 101.626 17.1463 29.9913 60.0545 19.5204 60.8466 52.0902 47.1492 39.6122 29.0793 20.5048
internal_count=1444 942 740 686 502 376 516 202 341 133 79 163 126 103 419 97 50 393 371 300 47 126 208 54 170 180 132 111 82 58
is_linear=0
shrinkage=0.05


Tree=57
num_leaves=31
num_cat=0
split_feature=29 17 8 11 56 8 4 17 23 1 9 9 0 29 1 29 30 32 27 2 43 23 39 0 2 7 17 11 5 19
split_gain=12.5867 11.0108 5.1093 4.55557 3.69156 3.80972 5.35534 3.86384 3.83309 4.64546 3.48468 4.00305 3.07242 6.97158 2.90783 2.81987 2.64729 2.60443 2.58847 2.87601 2.44873 2.34921 2.27684 2.22857 2.97296 2.10552 2.0863 3.30965 2.56401 1.98192
threshold=6.5000000000000009 8.5000000000000018 -0.097087507522390024 0.77911490683229823 -1.0000000180025095e-35 -0.27086023138654708 0.17555713608345189 -4.4999999999999991 -0.46410256410256406 0.43951219512195128 1.270979020979021 2.0571895424836604 0.21240601503759401 17.500000000000004 0.45889639639639646 -18.499999999999996 2.107525783562807 1.2813356862503367 4.5000000000000009 -0.12509426847662142 0.21980676328502416 -0.21130952380952375 26.904970760233923 0.21240601503759401 -0.066010426537998726 2.3373983739837403 -10.499999999999998 1.3537500000000002 -0.027341049754842844 0.39230769230769241
decision_type=10 2 8 10 2 10 10 2 10 10 10 10 8 8 8 10 10 8 10 10 10 10 10 10 8 8 2 10 8 10
left_child=1 3 18 4 -1 6 23 -7 29 -10 15 -12 13 -2 -15 -9 22 -14 19 -3 -19 -22 25 -6 -25 -4 28 -28 -5 -8
right_child=12 2 16 26 5 7 8 10 9 -11 11 -13 17 14 -16 -17 -18 20 -20 -21 21 -23 -24 24 -26 -27 27 -29 -30 -31
leaf_value=0.019701392662040906 -0.027705522415240866 0.013270739390536156 -0.022462681281703749 0.047980561751603749 0.0023567848577843381 -0.022249312226774624 0.0094896726211085927 -0.028640381409349637 -0.0013070623927201085 0.034487734572131258 0.013929831119958123 -0.027615328386690976 0.042850541051793853 0.045217091529065258 0.0049658681930406278 0.012354784818162479 -0.03590233971643788 0.038061176669038299 0.024928235917414287 -0.031759165234520582 0.024557353726812427 -0.015804943226393166 0.013196721762334874 -0.0086618069591702634 -0.048091440493389148 0.0044924618382561369 0.021609469849324037 -0.013323286862866102 0.0085885035212845112 -0.026420592113751962
leaf_weight=19.630787909030914 9.6148996949195844 7.2136852145195007 60.153208345174789 9.2460286021232587 24.730861142277718 39.044311687350273 8.4235596358776075 16.383089900016788 13.70925924181938 26.751637190580368 32.965641558170319 7.0356258600950232 17.477151989936829 8.9581616520881706 8.9896875619888288 5.6383672505617133 23.501809135079384 8.8161803781986254 9.4360138773918134 6.9740275442600268 7.2952679991722107 7.1268878281116468 5.8840846717357627 18.574560940265656 6.4374428987503078 8.23663581907749 17.59654983878136 11.030906289815901 7.4668844044208553 7.0647520124912253
leaf_count=56 27 21 233 26 70 118 23 56 39 76 101 23 50 26 26 19 92 25 28 24 21 20 22 54 21 26 49 31 21 20
internal_value=-0.000273819 -0.00371539 -0.0162345 0.00187768 -0.00101957 -0.00298693 0.00365 -0.00992758 0.0142623 0.0223595 -0.00217086 0.00662266 0.0195419 0.00665093 0.0250561 -0.018144 -0.0212764 0.0282687 0.00463368 -0.00886389 0.0173019 0.00461182 -0.0166485 -0.00828641 -0.01881 -0.0192163 0.016344 0.00814897 0.0303812 -0.00689024
internal_weight=461.408 393.13 121.399 271.73 226.39 206.759 105.692 101.067 55.9492 40.4609 62.0227 40.0013 68.2782 27.5627 17.9478 22.0215 97.7757 40.7155 23.6237 14.1877 23.2383 14.4222 74.2739 49.7429 25.012 68.3898 45.3404 28.6275 16.7129 15.4883
internal_count=1444 1249 446 803 676 620 303 317 158 115 199 124 195 79 52 75 373 116 73 45 66 41 281 145 75 259 127 80 47 43
is_linear=0
shrinkage=0.05


Tree=58
num_leaves=31
num_cat=0
split_feature=32 32 5 44 6 44 8 4 22 7 22 41 14 0 9 7 5 15 4 4 0 8 27 43 23 6 18 13 28 9
split_gain=3.2044 5.17931 3.40057 3.19409 4.41042 3.5401 3.28339 4.42298 2.92487 4.16127 3.84987 2.84612 2.85791 4.49093 4.40319 4.13817 5.25113 4.24907 3.44086 4.88109 3.7459 3.70335 2.98641 3.40343 3.61207 3.32677 3.14021 2.64077 2.43991 2.43422
threshold=5.3917020213541953 3.3342427672397918 0.05889894419306186 0.10000000000000001 2.4714052287581705 0.013354700854700837 1.50974025974026 0.16749174917491752 0.41428571428571431 2.24780701754386 0.27922077922077926 1.267863667863667 2.5000000000000004 0.50981902194840212 0.78837953091684443 1.0289915966386556 -0.093235294117647041 4.5000000000000009 0.27149877149877155 0.12701612903225809 0.28388278388278393 -0.22041343669250643 13.500000000000002 0.07417582417582419 0.33928571428571436 1.4463601532567052 0.11805555555555557 4.5000000000000009 8.5000000000000018 0.99090909090909107
decision_type=10 10 10 8 8 10 8 8 10 10 10 10 2 10 10 10 10 2 10 10 10 10 10 8 10 10 10 2 10 10
left_child=1 3 -2 5 8 -1 -6 29 10 -10 11 12 13 15 -15 17 -17 -5 19 20 -18 -21 23 -14 25 26 -25 -16 -19 -8
right_child=2 -3 -4 4 6 -7 7 -9 9 -11 -12 -13 22 14 27 16 18 28 -20 21 -22 -23 -24 24 -26 -27 -28 -29 -30 -31
leaf_value=-0.0042588960892673815 -0.041108367146812805 0.036006558204123032 0.0088491742596193898 -0.0080413567542986144 -0.032608860421973272 -0.036774170492186196 0.045304107722889619 -0.019795847134763775 0.0031392017882057761 0.059192343311135154 -0.024086156057117072 0.038863368285032465 -0.026908513184731669 -0.0030434906585769515 0.019978205908788779 -0.027169445517814125 0.010060386383406568 0.05117928503702486 -0.032884186122670127 0.035613033807703934 -0.041250847823010944 0.002995969121135623 0.024187605692979362 -0.012571913252611472 0.032222384376574119 -0.020771024333729529 0.036373064781403744 0.062443058087284377 0.014258786045701723 -0.0011866691052314696
leaf_weight=81.381736621260643 9.1144540160894376 10.551066130399702 5.4391261488199225 8.1639982759952563 13.008171886205671 9.3308656513690931 5.5602072477340716 14.83393609523773 7.2171985357999784 6.1176709234714508 10.998850136995314 6.4976264387369147 16.192164093255997 6.8833938091993359 6.1708900332450858 15.295038118958471 7.4046648740768415 10.43559640645981 5.1503137648105612 18.344751104712472 6.8449143022298813 16.556877955794349 8.4977947622537595 6.4603822380304354 7.2448933869600287 18.222754433751106 6.6505417823791504 9.0016156286001188 7.834209978580474 5.7039041519165039
leaf_count=318 41 35 21 30 65 40 20 74 27 21 46 24 72 24 24 60 29 34 21 66 30 62 30 25 29 76 24 30 25 21
internal_value=0.000554209 0.00150332 -0.0224377 0.000438872 0.00334203 -0.00760348 -0.0120876 -0.0018591 0.00618574 0.0288548 0.00466556 0.00634899 0.00518405 0.0097784 0.0301245 0.00510539 -0.0012913 0.021947 0.00599776 0.010072 -0.0145874 0.0201399 -0.00339098 -0.00766985 0.000404984 -0.00695175 0.0122555 0.045172 0.0353475 0.0217622
internal_weight=367.11 352.556 14.5536 342.005 251.292 90.7126 39.1062 26.098 212.186 13.3349 198.851 187.852 181.355 118.086 22.0559 96.0304 69.5966 26.4338 54.3015 49.1512 14.2496 34.9016 63.2685 54.7707 38.5786 31.3337 13.1109 15.1725 18.2698 11.2641
internal_count=1444 1382 62 1347 989 358 180 115 809 48 761 715 691 435 78 357 268 89 208 187 59 128 256 226 154 125 49 54 59 41
is_linear=0
shrinkage=0.05


Tree=59
num_leaves=31
num_cat=0
split_feature=17 29 29 11 6 1 29 8 42 5 23 5 9 17 42 9 57 20 20 37 12 4 4 4 0 20 57 19 44 29
split_gain=14.8203 6.16452 5.63596 4.65039 4.98247 4.53829 3.7379 3.31941 3.10728 3.94764 3.49163 3.89148 3.00774 2.87661 3.4514 2.78995 2.76279 2.61629 4.41936 2.38938 2.65133 2.62293 2.26106 2.9194 4.43486 2.90843 2.38636 2.31453 2.14291 2.04958
threshold=-4.4999999999999991 -10.499999999999998 -6.4999999999999991 -0.71767001114827189 1.572751322751323 0.37321428571428578 7.5000000000000009 -1.3327796234772975 0.36602870813397131 -1.0000000180025095e-35 0.36386554621848749 0.14018405578507881 1.6449579831932775 29.500000000000004 0.20416666666666669 1.3458831808585505 1.0000000180025095e-35 0.059340659340659359 0.2022727272727273 452.05000000000007 1.5000000000000002 0.15058139534883722 0.26043478260869574 0.22767145135566189 0.29864864864864871 -0.099999999999999978 1.0000000180025095e-35 0.16025641025641027 -0.36349520045172212 18.500000000000004
decision_type=2 8 8 8 10 8 10 8 8 10 10 8 10 2 8 10 2 8 10 8 2 8 10 10 10 8 2 10 10 10
left_child=2 5 -1 12 29 13 7 -4 -6 16 11 -11 15 14 -2 -3 17 -10 -19 -9 21 -21 23 24 -22 26 -26 -24 -8 -5
right_child=1 3 6 4 8 -7 28 19 9 10 -12 -13 -14 -15 -16 -17 -18 18 -20 20 22 -23 27 -25 25 -27 -28 -29 -30 -31
leaf_value=0.026921310898830403 0.02426486111490132 0.017078584595964143 -0.041864732452384396 -0.0055974682151565215 0.029267303562217267 0.054642060044229127 -0.01040468481804061 -0.030740290889737343 -0.037168151049717178 0.038428354607281237 -0.011641482200358544 -0.004501500461176121 0.042024011003105571 0.030290750610004177 -0.016276273493674592 -0.016006608158358176 0.013403872737982672 0.020199776332327654 -0.023417484944498756 -0.021950099629597427 0.022370004293517202 0.012115325901520597 -0.014147108765796385 -0.040542219487242584 -0.044695554263780968 0.0038463787599448472 -0.0097354236251349317 0.028228848704046513 -0.039062000318447712 -0.035683572109678367
leaf_weight=8.4143218696117383 9.9215312302112597 33.894446343183517 8.0790332555770856 109.0433364212513 14.916557282209395 9.019441604614256 9.2965075671672839 10.941209897398947 8.4028524458408373 18.591241538524628 7.9448371827602378 7.3720300495624569 9.5045825839042646 17.382842779159546 11.14925980567932 7.8471089005470267 14.026768296957014 10.173747599124907 13.531521111726759 7.1326342225074759 7.9352573603391638 27.196250796318054 6.7078771442174894 10.584158986806868 11.88371179997921 9.0001837015151995 8.283818706870079 6.2011602818965912 21.868576362729073 5.9707019478082648
leaf_count=23 28 95 34 325 44 26 38 38 25 52 22 21 26 51 31 22 40 28 39 22 28 85 22 39 44 28 29 20 97 22
internal_value=-0.000166834 0.00614711 -0.0128623 0.00313496 -0.000160837 0.0227214 -0.0151692 -0.0109724 0.00831566 0.00441118 0.0173633 0.0262388 0.016639 0.0152343 0.00281319 0.0108588 -0.00510833 -0.0131956 -0.00469798 -0.00861486 -0.00606465 0.00503743 -0.0123542 -0.0173793 -0.0107718 -0.0197882 -0.0303357 0.00620918 -0.0305136 -0.00715932
internal_weight=462.218 308.693 153.525 261.22 209.974 47.4731 145.11 113.945 94.9596 80.043 33.9081 25.9633 51.2461 38.4536 21.0708 41.7416 46.1349 32.1081 23.7053 105.866 94.9251 34.3289 60.5962 47.6871 37.103 29.1677 20.1675 12.909 31.1651 115.014
internal_count=1444 897 547 761 618 136 524 389 271 227 95 73 143 110 59 117 132 92 67 355 317 107 210 168 129 101 73 42 135 347
is_linear=0
shrinkage=0.05


Tree=60
num_leaves=31
num_cat=0
split_feature=29 14 28 27 30 11 5 12 11 18 41 41 28 9 43 6 6 54 45 5 9 9 1 9 9 36 43 11 23 11
split_gain=12.3471 9.77598 4.83814 5.1625 4.14421 5.33325 5.055 4.08767 5.55562 3.64165 3.59211 4.09535 4.47886 3.51831 3.35153 3.165 3.06716 2.96945 2.80635 2.74963 2.73842 3.1905 3.66999 3.82473 4.11944 2.73147 4.33998 2.66721 2.60388 2.52566
threshold=-6.4999999999999991 -3.4999999999999996 31.500000000000004 3.5000000000000004 2.7265482080417307 0.66862745098039245 0.090333396898042234 7.5000000000000009 -0.82014013118664275 0.34523809523809529 -1.1722673160173167 0.65277444859166078 7.5000000000000009 0.99090909090909107 1.0000000180025095e-35 1.1132478632478635 1.3895663956639568 1.0000000180025095e-35 0.51086956521739146 -0.06151553852703278 1.6267857142857145 1.2991228070175442 0.71346469622331699 1.1827458256029686 1.0808163265306125 631.67500000000018 1.0000000180025095e-35 -0.49999999999999983 0.33928571428571436 0.10541340914475246
decision_type=8 2 8 8 10 8 8 2 8 8 8 8 10 10 8 8 10 2 8 8 10 8 10 8 8 10 8 8 8 8
left_child=25 9 3 -3 6 -6 19 8 -4 10 -2 -12 13 -13 -10 -14 -9 20 -11 -5 21 22 23 24 27 -1 -27 -16 -18 -23
right_child=1 2 7 4 5 -7 -8 16 14 18 11 12 15 -15 17 -17 28 -19 -20 -21 -22 29 -24 -25 -26 26 -28 -29 -30 -31
leaf_value=-0.02962184002242034 -0.013772458486955476 -0.022303498464287516 -0.023428695761589707 0.037113667449939276 0.013251498598904324 -0.032673713470967494 0.055583947644877188 -0.047017619660211479 -0.023084723641376311 -0.029189429815580162 0.049183781199693542 -0.0049073206706774153 0.014082948600361606 0.030443214887587017 0.0093480522328602683 -0.029159172668359875 -0.00091812350521138983 -0.021371697258304428 0.01226091526452594 -0.0010283900627354903 -0.0023992582814093802 0.037207808095278544 0.032441984526191597 -0.042431615081677809 0.033786893878673667 0.030756229152908234 -0.032840650219186376 -0.035910530286782066 -0.036399321568368115 0.011796909282430832
leaf_weight=37.9969332665205 7.2835094928741455 11.097248032689093 26.802468672394753 7.5360062718391418 28.731353506445885 8.1049258410930616 10.792041420936586 8.6374775022268278 13.176823690533636 7.1228247582912472 12.555762946605681 8.2650866210460645 10.208531498908998 47.428958892822266 6.238306388258934 7.2273829579353324 16.212625294923786 11.378752574324606 9.5695511400699598 12.667607650160791 64.596805185079575 14.858267292380335 6.8525004386901847 6.3501106798648825 6.7753993123769751 5.3631560504436466 5.3672462999820718 6.80790919065476 7.5924289971590033 28.602554365992543
leaf_count=154 21 37 94 22 82 23 30 31 42 21 37 23 29 137 20 21 60 36 27 37 188 43 19 20 21 21 23 23 30 81
internal_value=0.000474501 0.00327994 -0.0013391 0.00931131 0.0144835 0.00314677 0.0279564 -0.00507717 -0.00230934 0.0160767 0.0199376 0.022803 0.0182737 0.0251971 0.00110807 -0.0038414 -0.0214952 0.003199 -0.00542641 0.0131987 0.00518071 0.0115825 -0.000132529 -0.00866146 0.00215725 -0.0233309 -0.00105433 -0.0142692 -0.0122346 0.0204843
internal_weight=462.201 413.473 303.812 78.9292 67.8319 36.8363 30.9957 224.882 192.44 109.662 92.9692 85.6857 73.13 55.694 165.637 17.4359 32.4425 152.461 16.6924 20.2036 141.082 76.485 33.0242 26.1717 19.8216 48.7273 10.7304 13.0462 23.8051 43.4608
internal_count=1453 1255 939 231 194 105 89 708 587 316 268 247 210 160 493 50 121 451 48 59 415 227 103 84 64 198 44 43 90 124
is_linear=0
shrinkage=0.05


Tree=61
num_leaves=31
num_cat=0
split_feature=57 43 7 21 41 37 20 32 36 19 6 47 5 8 7 36 27 4 10 40 6 10 11 45 14 25 4 0 5 46
split_gain=3.98713 4.81561 5.77109 4.76368 4.34982 5.00646 4.27405 3.59448 3.52089 3.02865 3.65694 5.08572 3.12431 3.45944 5.22567 2.77467 3.01699 2.76193 2.68903 2.62876 2.44234 2.97136 3.35026 2.4271 2.34663 2.22441 3.25899 2.5717 3.88207 2.02204
threshold=1.0000000180025095e-35 0.10263157894736843 1.6545092838196289 0.15476190476190479 -1.2678636678636666 150.02500000000001 0.23186188811188815 -0.42626702689889723 89.725000000000023 0.68990384615384626 1.5148212728857893 0.017274134534196465 -0.097325897325897304 0.68819444444444455 1.2768199233716477 136.87500000000003 14.500000000000002 0.3304597701149426 1.8297101449275364 25.877976190476193 2.01685393258427 1.1863425925925928 -0.2693297101449274 0.25462962962962971 2.5000000000000004 1.0000000180025095e-35 0.17694497153700192 0.52344322344322358 -0.25105042016806717 0.25462962962962971
decision_type=2 10 10 8 8 10 10 10 10 10 8 10 10 10 10 10 8 10 10 10 8 10 10 8 2 2 8 10 10 8
left_child=4 23 6 -4 -1 9 7 -3 -7 10 15 12 25 20 24 16 -6 -18 -19 -10 21 -14 -23 -2 -15 26 -12 -28 -29 -25
right_child=1 2 3 -5 5 8 -8 -9 19 -11 11 -13 13 14 -16 -17 17 18 -20 -21 -22 22 -24 29 -26 -27 27 28 -30 -31
leaf_value=0.038712325242695786 0.013672731250174132 0.057666467759175055 -0.040922637699087369 0.015495858476276587 0.035523954655414205 -0.030023087158352609 -0.011237297724858257 0.0067823949237083543 0.017877526182320747 0.042666133032431081 0.02898960038541595 0.042739041144718562 0.028662107856438163 0.015514885760562525 0.042519652017545588 -0.014115714684992798 0.0071092057597856115 0.013694855394191203 0.055043903895637181 -0.024507192938627954 -0.041421724005503917 0.0089534804563239957 -0.043043532467618426 0.0065578633963444075 -0.019175617192392188 -0.040603640529819081 -0.027845156292545255 0.030019799163188643 -0.026333837317852906 -0.027709307538897523
leaf_weight=9.3396936953067762 5.0542525947093955 8.9120171219110471 8.9674797654151881 6.4200321882963189 13.163057774305342 17.09098282456398 6.369450017809867 5.684368938207629 10.193724662065504 5.6470735222101203 4.7316149771213523 6.0702777057886115 5.3917035907507005 10.366669148206716 10.807305455207823 10.310616612434385 99.804516062140465 10.635630533099176 6.2381094843149176 5.705932840704917 5.1520622819662085 6.5104846507310903 5.9100022614002174 4.9541657865047446 9.2021224796771985 6.9284596890211096 17.704489305615429 6.140252873301506 6.0841871052980405 32.854097872972488
leaf_count=34 19 30 41 23 46 75 27 22 39 21 17 21 21 36 40 43 368 36 20 25 23 25 24 19 43 33 81 26 26 149
internal_value=0.00242269 -0.00751562 0.00587054 -0.0173835 0.0051456 0.00402511 0.0229374 0.0378503 -0.0142683 0.00647047 0.00562287 -0.00163022 -0.00446742 0.00354213 0.0146136 0.0108498 0.0128323 0.0102723 0.0289813 0.00266686 -0.0111027 -0.00233314 -0.0157881 -0.0188689 -0.000798143 -0.0147402 -0.00957018 -0.0156663 0.00197221 -0.0232191
internal_weight=368.345 79.2159 36.3533 15.3875 289.129 279.789 20.9658 14.5964 32.9906 246.799 241.152 101 94.9294 53.3403 30.3761 140.152 129.841 116.678 16.8737 15.8997 22.9643 17.8122 12.4205 42.8625 19.5688 41.589 34.6605 29.9289 12.2244 37.8083
internal_count=1453 330 143 64 1123 1089 79 52 139 950 929 416 395 212 119 513 470 424 56 64 93 70 49 187 79 183 150 133 52 168
is_linear=0
shrinkage=0.05


Tree=62
num_leaves=31
num_cat=0
split_feature=27 28 54 6 15 27 46 28 20 0 3 1 31 28 51 9 27 5 5 13 5 46 3 21 14 15 19 10 4 13
split_gain=10.4669 13.1976 5.66111 5.25786 4.40445 5.40687 4.27728 3.30707 3.13439 3.0201 2.86932 2.79673 2.69586 4.33838 3.62429 3.07895 3.65162 2.84138 3.64842 3.80604 2.6473 2.68897 2.61636 4.16234 4.02663 4.10714 2.83455 2.46111 2.41324 2.35793
threshold=5.5000000000000009 7.5000000000000009 1.0000000180025095e-35 2.0820534399326749 57.500000000000007 14.500000000000002 0.49358974358974367 30.500000000000004 0.2022727272727273 0.36055555555555557 0.23606811145510839 0.67006802721088443 3.6204065448697622 40.500000000000007 0.39444444444444454 2.1726190476190479 24.500000000000004 -0.18225524475524471 0.0063266914330744059 1.5000000000000002 0.037306488801054034 0.16025641025641027 0.21370023419203749 0.41428571428571431 1.5000000000000002 6.5000000000000009 0.13809523809523813 3.3888888888888897 0.20112359550561801 1.5000000000000002
decision_type=8 8 2 10 2 8 8 10 8 10 8 10 10 10 8 10 10 8 8 2 8 10 10 10 2 2 10 8 8 2
left_child=6 -2 3 4 5 7 8 9 -1 -3 28 12 14 -14 -7 16 17 -16 -19 27 -21 -22 23 24 25 -5 -27 -20 -4 -17
right_child=1 2 10 22 -6 11 -8 -9 -10 -11 -12 -13 13 -15 15 29 -18 18 19 20 21 -23 -24 -25 -26 26 -28 -29 -30 -31
leaf_value=-0.016725849426319633 -0.031234229678399447 -0.017029309544677171 0.028614590213322993 0.019612386395099379 -0.045421920390110865 -0.041962507212303761 0.026114020392428296 0.0376481553197065 0.020412868306882926 0.016591584897847227 0.044557589770438472 -0.030086563123796751 -0.031183202353006163 0.011681462171567285 0.017561911079949623 0.0052242694757299729 0.026100963581733534 -0.01836859284292441 -0.034478779525514335 0.036825884210258834 0.011100187202361968 -0.017846087885195962 0.030620522305113529 -0.026631832496845045 0.033990056079486394 -0.035713868918636982 0.0019988003892197344 -0.001819482398119331 -0.011133579512400453 -0.029244405471728675
leaf_weight=13.230651482939718 44.024692788720131 11.210502266883852 7.4955335855484018 17.101368248462677 7.3207438588142386 6.3935210406780243 40.806703597307205 9.1636964976787549 9.9564498066902178 16.526191890239716 8.5350005030632001 14.791817575693129 24.416536763310432 7.7850731909275046 14.654063418507574 6.8426429033279446 11.666927278041838 38.268546909093864 10.133272975683214 7.0847719609737378 31.895580857992172 10.719442322850226 10.977197676897047 9.3218741416931135 12.777182519435881 8.4780095815658587 12.084688410162924 13.391795337200163 7.7843860983848581 18.048635646700859
leaf_count=39 187 32 21 48 21 22 121 26 28 46 24 52 85 22 43 21 37 119 29 21 96 35 31 26 35 25 36 37 23 65
internal_value=-0.00240167 -0.00541316 -0.00220982 -0.00390362 -0.00718843 -0.00608208 0.0163699 0.0116065 -0.000778631 0.00300283 0.0213359 -0.00910262 -0.00756069 -0.0208202 -0.00503568 -0.00358464 -0.000661521 -0.00313669 -0.00585719 0.000681473 0.00852418 0.003819 0.00818398 0.00406287 0.00973545 0.0015073 -0.0135502 -0.0158873 0.0083648 -0.0197689
internal_weight=462.888 398.894 354.869 331.054 260.314 252.993 63.9938 36.9004 23.1871 27.7367 23.8149 216.093 201.301 32.2016 169.099 162.706 137.814 126.147 111.493 73.2249 49.6998 42.615 70.7403 59.7631 50.4412 37.6641 20.5627 23.5251 15.2799 24.8913
internal_count=1453 1265 1078 1010 809 788 188 104 67 78 68 684 632 107 525 503 417 380 337 218 152 131 201 170 144 109 61 66 44 86
is_linear=0
shrinkage=0.05


Tree=63
num_leaves=31
num_cat=0
split_feature=29 21 28 55 7 40 7 4 39 6 20 6 23 29 18 29 22 6 6 13 12 11 9 9 6 0 26 7 11 11
split_gain=11.3044 9.47158 9.19453 4.39287 4.73105 5.27168 4.22568 3.81764 3.72959 3.62743 3.45022 3.46028 3.30777 3.18049 3.09666 2.83536 4.56411 3.91552 2.82425 3.31639 3.48159 3.23084 2.96787 3.59118 2.96893 2.91089 2.63737 3.06789 4.1001 2.43621
threshold=-6.4999999999999991 0.10555555555555557 12.500000000000002 1.0000000180025095e-35 2.2672619047619054 25.118484362469932 0.93095238095238109 0.19538706256627789 26.852487135506006 1.2880184331797238 -0.24807692307692306 1.4134182908545729 -0.099999999999999978 1.5000000000000002 0.10555555555555557 18.500000000000004 0.20714285714285716 1.0090909090909093 2.0516322451698872 1.5000000000000002 2.5000000000000004 -0.9064350064350063 1.4677083333333336 2.4330357142857149 0.87867647058823539 0.5034246575342467 3.5000000000000004 2.24780701754386 0.55277777777777792 -0.069045854071799237
decision_type=8 10 8 2 10 8 8 10 10 8 8 10 8 8 10 8 8 8 10 2 2 8 8 10 8 8 2 10 10 8
left_child=8 2 13 4 5 -4 29 9 -1 -6 11 -8 -12 -2 15 16 17 -15 19 20 25 -21 -23 24 -24 -14 27 28 -3 -7
right_child=1 26 3 -5 7 6 10 -9 -10 -11 12 -13 18 14 -16 -17 -18 -19 -20 21 -22 22 23 -25 -26 -27 -28 -29 -30 -31
leaf_value=-0.027876934818989275 -0.006571838285756657 -0.02157182379673786 0.038552089355814168 0.027632184100476732 0.031826929542741876 -0.0099301798097763631 -0.034727035134593562 0.042788853240040038 0.014618978183633169 -0.003746882145400407 0.026270198421427152 0.0085309032473915615 -0.014012807275661537 -0.036059890658126689 0.046494637398048183 0.028211945980182826 0.033592079099546306 0.013872972738258511 -0.024374451070404909 -0.039012796549843257 0.039072301620049821 0.016913012430027338 0.011508407630776762 0.020399254497910652 -0.025460007100726829 0.026420297817538962 0.021693408407031694 0.010429563760741065 0.017730317417581031 -0.036824505307127227
leaf_weight=41.802165225148201 9.3811736553907377 64.043431401252747 7.1407294720411301 15.522900074720381 10.275881111621855 20.86479577422142 13.652680277824404 9.5594744086265546 5.8906210809946051 23.678549915552139 12.625504910945891 6.9897603690624228 10.626269042491918 7.4847901761531874 13.02263370156288 39.255001604557037 9.8028516173362714 8.2573418021202087 11.348950907588003 6.1039431989192963 10.478177055716513 16.699869647622108 7.1560191512107876 8.4483410716056806 22.529382720589638 7.6602047979831687 5.6354671120643607 11.401718482375143 7.4029976129531851 14.118061125278471
leaf_count=176 28 224 20 44 29 74 39 27 22 67 35 20 31 21 37 116 29 23 36 21 31 50 21 23 66 21 20 33 23 46
internal_value=0.000414721 0.00308755 0.00706144 0.00192529 0.00011109 -0.00353051 -0.00530545 0.0148773 -0.0226282 0.00701908 -0.00127414 -0.0200794 0.00214069 0.0209308 0.0242461 0.0197749 0.00680961 -0.00986822 -0.000874089 0.00209913 0.0160922 -0.0045061 -0.0006649 -0.00836278 -0.0165483 0.00292462 -0.0114045 -0.0136558 -0.0174995 -0.0207839
internal_weight=458.86 411.167 322.683 235.479 219.957 176.443 169.302 43.5139 47.6928 33.9544 134.319 20.6424 113.677 87.2038 77.8226 64.8 25.545 15.7421 101.051 89.7022 28.7647 60.9376 54.8336 38.1337 29.6854 18.2865 88.4836 82.8481 71.4464 34.9829
internal_count=1453 1255 955 701 657 534 514 123 198 96 394 59 335 254 226 189 73 44 300 264 83 181 160 110 87 52 300 280 247 120
is_linear=0
shrinkage=0.05


Tree=64
num_leaves=31
num_cat=0
split_feature=57 41 41 7 14 51 20 17 14 10 9 19 30 18 29 14 17 20 45 10 16 7 10 30 5 20 3 19 0 4
split_gain=3.7013 3.85765 4.0961 3.63707 3.20676 3.46379 3.03087 4.04206 5.84188 4.28828 3.79775 3.6577 3.39745 4.71309 3.39087 4.35998 3.37846 3.29327 2.96455 2.95933 3.37379 3.10329 2.95096 3.23093 2.80834 2.77221 3.64237 5.28952 4.02378 2.75672
threshold=1.0000000180025095e-35 -1.2678636678636666 -0.67817990080192725 2.3299319727891161 -4.4999999999999991 0.40833333333333338 -0.21291208791208791 3.5000000000000004 4.5000000000000009 1.1261363636363637 1.2674796747967483 0.14835164835164838 2.5595537745932826 0.18465909090909094 8.5000000000000018 -1.0000000180025095e-35 -1.4999999999999998 -0.33946078431372539 0.5240274599542335 1.2316636851520575 34.500000000000007 1.4599358974358976 1.8480769230769234 1.6663331665265237 1.0000000180025095e-35 0.23186188811188815 0.20881782945736438 0.095454545454545472 0.56879648411088579 0.17694497153700192
decision_type=2 8 8 10 2 10 8 2 2 8 8 10 10 8 10 2 2 10 8 10 2 10 10 10 10 10 10 10 10 10
left_child=1 -1 -3 25 18 6 17 9 11 16 -11 22 -10 -14 15 -12 -8 24 -4 21 -21 -20 -9 -24 -6 26 28 -28 -2 -29
right_child=3 2 4 -5 5 -7 7 8 12 10 14 -13 13 -15 -16 -17 -18 -19 19 20 -22 -23 23 -25 -26 -27 27 29 -30 -31
leaf_value=0.036265811557446508 0.030560511642981781 -0.034059822425766266 0.014409966276455933 -0.039689671825577956 -0.016207749563640364 0.041285724500062897 0.04086600264382053 0.014979205345516554 -0.013415309672420262 0.012585197721381973 -0.0071589609130591663 -0.0085302977187771863 0.052162051980088248 -0.0087994078592238748 0.024023180298886573 -0.036995271731719688 -0.0083789319108849344 0.041600417915006849 0.0057941017388241723 -0.018725602881875473 0.030455364633346662 -0.040424706473768751 0.049286066855251602 0.0057785491934450716 0.024706446683499084 -0.021257172066288361 0.020811703991532888 0.005442567036117201 -0.014786782423049089 -0.035178647883295409
leaf_weight=9.5353066623210889 16.163728088140491 6.9214340001344681 11.542515799403189 7.7844043821096411 7.3092707544565263 7.2521316707134238 8.5221715867519361 30.978753343224525 29.257413864135742 15.700959756970404 30.613950386643406 9.5363669097423536 5.5521649569272968 7.3914081603288659 5.007828712463378 20.405745998024944 5.8899766206741324 11.785764142870901 4.9430212825536755 8.2419950067996961 6.0444266945123664 13.691515550017355 17.386481955647472 5.6550803631544104 9.840996637940405 17.029478430747986 9.7950903475284594 5.8045729696750668 7.014799252152442 14.892305195331572
leaf_count=34 60 32 43 40 29 24 30 115 126 53 117 36 19 32 18 90 25 42 19 34 25 66 58 20 36 76 37 22 30 65
internal_value=0.00237722 0.00499216 0.00392513 -0.00725189 0.00488976 0.00728436 0.00616777 0.00389317 0.0104423 -0.00414742 -0.00914806 0.020018 -0.00397917 0.0173501 -0.0152385 -0.0190922 0.0207405 0.0212525 -0.00739391 -0.0150386 0.00208232 -0.0281646 0.0250577 0.038608 0.00726923 -0.00368034 0.00189673 -0.00945977 0.0168365 -0.0237862
internal_weight=367.491 289.007 279.471 78.4844 272.55 228.086 220.834 191.898 105.758 86.1406 71.7285 63.5567 42.201 12.9436 56.0275 51.0197 14.4121 28.936 44.4635 32.921 14.2864 18.6345 54.0203 23.0416 17.1503 70.7 53.6705 30.492 23.1785 20.6969
internal_count=1453 1123 1089 330 1057 870 846 739 406 333 278 229 177 51 225 207 55 107 187 144 59 85 193 78 65 290 214 124 90 87
is_linear=0
shrinkage=0.05


Tree=65
num_leaves=31
num_cat=0
split_feature=29 27 44 28 8 13 54 4 39 30 6 6 8 46 18 6 20 3 20 29 4 18 45 18 43 5 7 2 18 46
split_gain=11.4225 9.64572 8.13214 7.1899 6.45592 6.07686 4.25562 3.5951 3.15163 2.93841 2.65919 2.65468 3.14061 3.9284 3.63929 2.96047 3.58957 3.22892 4.44073 3.02886 2.84437 4.35393 4.16383 2.68588 2.58602 2.57782 2.51628 2.43703 2.43703 2.36151
threshold=2.5000000000000004 12.500000000000002 -0.36349520045172212 30.500000000000004 -0.54188038851904397 2.5000000000000004 1.0000000180025095e-35 0.28416149068322988 25.378964059196623 1.7926456271808611 1.6693989071038253 0.89827586206896559 -0.17455357142857139 inf 0.68990384615384626 2.2529069767441867 0.27392399267399276 0.17832681017612526 0.23186188811188815 -5.4999999999999991 0.40588235294117653 0.20714285714285716 0.34523809523809529 0.48684210526315791 0.25657894736842107 -0.0024023595452166836 1.8035087719298248 0.088562091503267978 0.25833333333333336 1.0000000180025095e-35
decision_type=10 8 8 8 8 2 2 10 10 8 10 8 8 8 10 10 10 10 10 8 8 8 8 10 8 8 8 8 10 8
left_child=1 5 -2 27 29 -1 11 8 10 -9 -7 24 -13 23 15 16 19 18 26 -15 22 -22 -21 -14 -6 -24 -17 -3 -10 -5
right_child=2 3 -4 4 6 7 -8 9 28 -11 -12 12 13 14 -16 17 -18 -19 -20 20 21 -23 25 -25 -26 -27 -28 -29 -30 -31
leaf_value=0.036076355199835694 0.037010114602346295 -0.016307822751618354 -0.027883892682344903 0.011826898318621609 0.0026768568974941537 -0.026898017259088299 0.031895312997839431 0.0053230658004926748 0.025065009512945394 0.043822453152613787 0.006107475765057593 0.021550848982752294 -0.023450539489908957 0.036218117070752391 -0.029541838298832369 0.042315806830193176 -0.028089687875830611 0.03861176426978781 -0.022016353564270175 0.028358366980356271 0.039169029830683336 -0.011044590357991439 -0.031091789609101431 0.0086745622400709894 -0.039413593712419537 -0.0027615848563293508 0.002022221263323304 -0.044983324953574363 -0.0022802785014939334 -0.019173994830085275
leaf_weight=24.016517341136932 5.2793317139148712 24.196760267019272 56.425950422883034 6.9686157256364814 7.0856521427631352 13.982000812888147 12.238588601350783 9.4073157012462634 16.01858177781105 10.47457718849182 10.82915487885475 20.546099841594696 23.741062462329865 7.1450918018817902 7.2331970036029807 8.2609090209007263 9.0531900227069837 13.117897152900694 8.2198121398687345 7.7362248301506034 10.577681899070742 7.2936584949493399 11.931042715907095 8.962594121694563 7.5245874524116525 24.555374324321747 7.2971759885549554 10.679531961679457 16.581961750984192 51.850883826613426
leaf_count=72 19 90 228 21 21 41 34 27 46 30 31 61 73 20 20 23 26 37 24 22 29 20 37 25 23 72 21 34 47 179
internal_value=-0.00231671 0.000790088 -0.0223317 -0.00376479 -0.000919086 0.0141079 0.00331611 0.00728188 0.000936135 0.0256061 -0.0124923 0.00147794 0.00318111 0.000748058 0.00486057 0.00702085 0.00151816 0.0186975 0.00771108 0.00538946 0.00184204 0.0186758 -0.00496086 -0.0146465 -0.0190006 -0.0120255 0.023417 -0.0250886 0.0111561 -0.0155012
internal_weight=459.231 397.526 61.7053 296.216 261.339 101.31 202.52 77.2936 57.4117 19.8819 24.8112 190.281 175.671 155.125 122.421 115.188 78.2923 36.8958 23.7779 69.2391 62.094 17.8713 44.2226 32.7037 14.6102 36.4864 15.5581 34.8763 32.6005 58.8195
internal_count=1453 1206 247 912 788 294 588 222 165 57 72 554 510 449 351 331 226 105 68 200 180 49 131 98 44 109 44 124 93 200
is_linear=0
shrinkage=0.05


Tree=66
num_leaves=31
num_cat=0
split_feature=29 21 28 3 56 8 39 13 4 4 9 11 43 9 4 29 36 10 8 9 0 45 4 30 15 15 10 37 11 22
split_gain=10.3795 8.70762 8.47889 4.90769 4.07305 3.89621 3.57204 3.50087 5.41445 5.15542 5.34773 4.21733 4.54985 3.93598 3.77063 3.24609 3.19919 2.95039 2.94229 2.93784 3.9202 3.72095 3.35174 2.63447 2.57454 4.16297 2.67041 2.55882 2.49867 2.18005
threshold=-6.4999999999999991 0.10555555555555557 12.500000000000002 0.24037037037037037 -1.0000000180025095e-35 1.026387867897302 26.852487135506006 1.5000000000000002 0.093073593073593086 0.40588235294117653 2.0138888888888893 -0.89007376617294054 0.26491228070175443 1.8377192982456141 0.30368906455862982 13.500000000000002 159.28750000000005 1.1155870445344132 -0.62045751633986923 2.9500000000000006 0.41522988505747133 0.51086956521739146 0.20412457912457915 7.7387612098710141 69.500000000000014 26.500000000000004 1.2316636851520575 228.28750000000002 -1.2885766328389276 0.095454545454545472
decision_type=8 10 8 8 2 10 10 2 10 8 10 8 10 8 10 8 8 8 10 10 10 8 10 8 2 2 8 10 10 10
left_child=6 2 3 15 -4 7 28 9 -9 10 -6 -10 14 -11 16 17 -13 -2 23 20 21 -18 -22 -5 25 26 -3 -26 -1 -17
right_child=1 24 4 18 5 -7 -8 8 11 13 -12 12 -14 -15 -16 29 19 -19 -20 -21 22 -23 -24 -25 27 -27 -28 -29 -30 -31
leaf_value=0.004501283165998151 -0.027004200450202017 0.020371911316923924 0.026609152947636067 0.0015491529526572689 0.037603300955709719 -0.023367470380927763 0.014387318840716024 -0.029618840180767686 -0.029381597170425024 -0.034909882983399781 -0.012712994927582722 0.041026179586390765 -0.034734370209516363 0.0099825577213570067 -0.015217174572111972 0.0045129316233593142 -0.028487545464015142 0.012108354050216978 0.04809925451874305 0.038597904821433889 0.0050851773054798686 0.0035475376539139524 0.03846420159884735 0.03628918590736261 0.030199964992073808 -0.024333497401599812 -0.011055103447254437 -0.013786942652203227 -0.03205445541243291 0.033013308128305795
leaf_weight=5.3851845264434806 9.2365732491016406 10.311032146215441 15.445737630128859 9.8546655178070086 23.655080631375316 16.438646346330643 5.9014385789632788 15.792712867259977 10.324514821171759 7.4745298475027111 6.7983628362417212 7.6650222837924957 7.1899009346961966 14.079808980226515 17.427439972758293 12.167484343051912 11.502899274230002 10.087051406502722 17.815880477428436 6.9776979982852927 17.952368348836902 42.760163813829422 12.942992001771925 12.229699879884718 6.9452633559703809 44.609106495976448 19.62414376437664 6.3100898861885071 35.422980070114136 14.958633005619047
leaf_count=24 27 31 44 29 68 59 22 49 35 25 20 22 22 40 53 35 34 29 52 20 51 122 37 37 25 158 65 21 152 45
internal_value=0.000355717 0.00290831 0.00672711 0.0201211 0.00179351 4.31621e-05 -0.0219723 0.00194319 -0.00192059 0.0131269 0.0263708 0.00132581 0.00387398 -0.00558507 0.00624192 0.00907338 0.00998914 -0.00658721 0.0329823 0.0074071 0.00485139 -0.00324339 0.0190687 0.0207872 -0.0110437 -0.0146542 -0.000230214 0.0092604 -0.0272304 0.0202294
internal_weight=455.287 408.578 320.778 86.35 234.428 218.982 46.7096 202.543 150.536 52.0078 30.4534 134.743 124.418 21.5543 117.229 46.4497 99.8011 19.3236 39.9002 92.1361 85.1584 54.2631 30.8954 22.0844 87.7996 74.5443 29.9352 13.2554 40.8082 27.1261
internal_count=1453 1255 955 254 701 657 198 598 445 153 88 396 361 65 339 136 286 56 118 264 244 156 88 66 300 254 96 46 176 80
is_linear=0
shrinkage=0.05


Tree=67
num_leaves=31
num_cat=0
split_feature=57 43 23 31 23 38 41 37 15 40 19 6 47 5 8 1 15 5 36 15 16 47 15 15 15 16 51 27 28 14
split_gain=3.43989 4.45016 5.16421 4.97467 4.7201 4.41146 3.53212 4.29655 3.968 5.13004 2.69256 3.16035 4.5822 2.88204 3.19562 3.66428 5.50575 2.64606 2.49599 3.4598 2.29861 3.36648 2.15884 4.21968 3.35689 2.91681 2.37401 2.31015 2.29288 3.91683
threshold=1.0000000180025095e-35 0.10263157894736843 -0.18019480519480516 0.87965281125489481 0.083946078431372556 9.2125000000000004 -1.2678636678636666 150.02500000000001 15.500000000000002 25.877976190476193 0.68990384615384626 1.5148212728857893 0.017274134534196465 -0.097325897325897304 0.61947620951619375 0.069047619047619066 41.500000000000007 -0.0034768602184332554 136.87500000000003 27.500000000000004 38.500000000000007 0.35416666666666669 15.500000000000002 19.500000000000004 12.500000000000002 12.500000000000002 0.35805860805860812 34.500000000000007 24.500000000000004 -4.4999999999999991
decision_type=2 10 10 10 10 8 8 10 2 10 10 8 10 10 10 10 2 8 10 2 2 8 2 2 2 2 10 8 8 2
left_child=6 20 -3 -4 5 -5 -1 10 -9 -10 11 18 13 -13 -15 -16 17 -17 19 22 21 -2 24 -24 26 -25 27 -8 -29 -30
right_child=1 2 3 4 -6 -7 7 8 9 -11 -12 12 -14 14 15 16 -18 -19 -20 -21 -22 -23 23 25 -26 -27 -28 28 29 -31
leaf_value=0.034557818560048942 0.010485540541319525 -0.028890778839575849 0.053331879230911587 -0.014910940371522101 -0.028607352657936777 0.043407367834675983 -0.011816625737435207 -0.036316296106806339 0.024202509811283135 -0.026204358826046759 0.039766453204867429 -0.01426565467269709 0.040159222916526127 -0.011423071736725465 -0.017326355158611324 0.065242188174603158 -0.0082830839483660473 0.023169476442960052 -0.013787884924605628 0.033825162217516642 0.0082525374408306158 -0.030460208262721545 -0.031930592577380922 -0.0070108785578847019 0.035213436403364981 0.037077763261393039 0.03190816834839693 0.037758164156298769 -0.033266818229828223 0.011638013366957998
leaf_weight=9.6683988124132139 6.0798993110656738 8.2394533306360227 6.8046917319297817 5.2223718166351318 7.2203746736049643 8.5545190274715441 15.530799031257628 11.884862780570982 10.549872577190401 9.6779626160860044 5.7844932228326789 40.871889606118202 6.1811630278825751 21.599119618535042 7.3690518587827709 6.5341373682022095 8.9102225601673108 8.7304210066795367 10.16750907897949 15.855162739753721 6.9055808037519446 28.794034883379936 8.819339185953142 8.9674391746520978 13.743753939867018 6.4494709968566886 9.4121700376272184 6.5743439346551886 5.5304806977510372 39.82469408214093
leaf_count=34 21 39 23 21 32 28 56 57 39 43 21 183 21 89 29 21 40 33 43 54 29 137 35 33 46 22 32 25 24 143
internal_value=0.00233179 -0.00699769 0.00587562 0.0161791 0.00413877 0.0213008 0.00484717 0.00381747 -0.0133868 8.5456e-05 0.00605551 0.00524662 -0.00154162 -0.00428331 0.00339404 0.0135398 0.0229486 0.0411791 0.0100747 0.0119309 -0.018103 -0.0233218 0.00890845 -0.00434656 0.0124536 0.0114331 0.0083845 0.00510244 0.0101625 0.00616245
internal_weight=366.458 77.8209 36.0414 27.802 20.9973 13.7769 288.637 278.968 32.1127 20.2278 246.856 241.071 100.196 94.0148 53.143 31.5438 24.1748 15.2646 140.875 130.708 41.7795 34.8739 114.852 24.2362 90.6162 15.4169 76.8725 67.4603 51.9295 45.3552
internal_count=1453 330 143 104 81 49 1123 1089 139 82 950 929 416 395 212 123 94 54 513 470 187 158 416 90 326 55 280 248 192 167
is_linear=0
shrinkage=0.05


Tree=68
num_leaves=31
num_cat=0
split_feature=29 27 28 8 13 42 31 54 20 4 27 39 43 42 6 8 46 18 6 20 3 20 29 4 18 45 18 28 43 5
split_gain=10.5642 8.75369 6.63375 5.92743 5.71598 4.24525 4.5682 3.93928 3.52539 3.42034 3.59815 3.6311 3.07858 5.57741 2.49267 2.89174 3.71208 3.46388 2.72682 3.36728 3.0357 4.11974 2.80153 2.6652 3.98517 3.88516 2.46995 2.46532 2.43068 2.4228
threshold=2.5000000000000004 12.500000000000002 30.500000000000004 -0.54188038851904397 2.5000000000000004 0.40588235294117653 5.2173941556879457 1.0000000180025095e-35 0.14642857142857146 0.2958754208754209 2.5000000000000004 25.259395424836605 0.35500000000000004 1.0000000180025095e-35 0.89827586206896559 -0.17455357142857139 inf 0.68990384615384626 2.2529069767441867 0.27392399267399276 0.17832681017612526 0.23186188811188815 -5.4999999999999991 0.40588235294117653 0.20714285714285716 0.34523809523809529 0.48684210526315791 7.5000000000000009 0.25657894736842107 -0.0024023595452166836
decision_type=10 8 8 8 2 8 10 2 8 10 10 10 10 10 8 8 8 10 10 10 10 10 8 8 8 8 10 10 8 8
left_child=1 4 -3 -4 -1 6 9 14 -7 10 -6 -12 27 -14 28 -16 26 18 19 22 21 -20 -18 25 -25 -24 -17 -2 -5 -27
right_child=12 2 3 7 5 8 -8 -9 -10 -11 11 -13 13 -15 15 16 17 -19 20 -21 -22 -23 23 24 -26 29 -28 -29 -30 -31
leaf_value=0.034961036718677042 -0.0393263547067908 -0.02427614962365425 -0.014931097680801631 0.0024544335802810444 0.040078164627717808 -0.041070530047283643 -0.011953167840457787 0.030740635881653589 0.0027721279122067712 0.05191783360053074 -0.01704936335357287 0.02096109024967216 0.035230818131757727 -0.02990472164515387 0.020647565285646551 -0.022799076145045762 0.035083511563474695 -0.028897532205511268 0.022535482113584027 -0.027223757325199577 0.037446408874981761 -0.021306881524051358 0.02742333261254495 0.037737223159250072 -0.010341043290610179 -0.030217675353741577 0.0080406690983089099 -0.016478487036400296 -0.038478769552525015 -0.0026300462746899457
leaf_weight=23.675381243228912 23.12542836368084 34.289732590317726 58.234546035528183 7.0830641835927937 10.338322937488554 7.1667932868003845 13.231530606746672 12.179950833320616 12.728634446859362 7.6604907512664786 10.74233114719391 15.135865628719328 6.0079273581504804 7.2555081695318222 20.613060474395752 23.557924821972847 7.0798086524009705 7.2124824523925772 15.522959485650064 9.0032244622707349 13.028142064809797 8.1827692687511426 7.7456414699554434 10.592391014099123 7.2671838998794547 11.782278180122374 8.9624143540859205 24.121647194027901 7.4323242604732522 24.522217154502869
leaf_count=72 106 124 200 21 30 21 38 34 36 22 31 44 22 30 61 73 20 20 44 26 37 24 22 29 20 37 25 89 23 72
internal_value=-0.00223161 0.000748864 -0.00360489 -0.000878713 0.0134752 0.00686918 0.0137985 0.00317711 -0.013021 0.0215642 0.0151438 0.00518252 -0.0216861 -0.00040033 0.00140631 0.00305714 0.000709642 0.00471257 0.00682552 0.00153532 0.0180576 0.00740193 0.00528842 0.00188114 0.0181738 -0.00472453 -0.0142998 -0.0276615 -0.0185046 -0.0115833
internal_weight=455.482 394.971 294.292 260.002 100.679 77.004 57.1085 201.768 19.8954 43.877 36.2165 25.8782 60.5105 13.2634 189.588 175.072 154.459 121.939 114.727 77.9927 36.7339 23.7057 68.9895 61.9097 17.8596 44.0501 32.5203 47.2471 14.5154 36.3045
internal_count=1453 1206 912 788 294 222 165 588 57 127 105 75 247 52 554 510 449 351 331 226 105 68 200 180 49 131 98 195 44 109
is_linear=0
shrinkage=0.05


Tree=69
num_leaves=31
num_cat=0
split_feature=29 21 28 40 56 39 1 15 9 13 28 29 16 18 9 8 2 3 31 41 14 45 2 15 15 37 0 19 17 8
split_gain=9.51091 7.96674 7.82089 3.86889 3.85861 3.40064 3.27802 6.19675 3.61624 4.03533 3.36206 3.07424 3.06774 3.02488 4.93339 3.0444 2.78498 2.68073 2.59558 2.51735 2.47452 2.41624 3.00957 2.37873 3.92816 2.34209 2.33378 2.13381 2.86432 2.29587
threshold=-6.4999999999999991 0.10555555555555557 7.5000000000000009 25.128173628173631 -1.0000000180025095e-35 26.852487135506006 0.25290697674418611 11.500000000000002 0.85857142857142865 5.5000000000000009 31.500000000000004 14.500000000000002 51.500000000000007 0.24038461538461542 1.5370879120879124 -2.2249999999999996 0.20000000000000001 0.24165739710789771 4.4087031600079616 0.90735777974449061 4.5000000000000009 0.34523809523809529 -0.14733893557422967 69.500000000000014 26.500000000000004 228.28750000000002 0.28388278388278393 0.20714285714285716 -11.499999999999998 -0.5869747899159663
decision_type=8 10 8 8 2 10 8 2 8 2 8 8 2 10 10 8 8 10 10 8 2 8 10 2 2 10 10 8 2 10
left_child=5 2 11 -4 -5 -1 7 10 9 -8 -6 17 13 15 -15 -10 -12 19 20 -2 21 -17 27 24 -3 -25 -24 28 -23 -30
right_child=1 23 3 4 6 -7 8 -9 12 -11 16 -13 -14 14 -16 18 -18 -19 -20 -21 -22 22 26 25 -26 -27 -28 -29 29 -31
leaf_value=-0.026570073960746617 0.015318773926405391 -0.00016456537010515801 0.035848256787038055 0.025748409111874773 0.027644338290989019 0.014051351886910986 -0.038414311240734446 -0.035456982692053864 0.035796892095108362 0.0096460726187466653 -0.025729126222075845 0.03192274824658918 -0.022849147362278971 0.055762183030363878 0.0029893341717477226 -0.017059214261179855 0.0063476402545026116 0.027483287403684317 -0.019898719449515701 -0.027387700261423838 0.032993804025454022 0.035517984149798169 0.043193455940466433 0.028633917024401837 -0.023670902334430356 -0.013425517714191558 0.011042796117288213 -0.0087960598631978727 0.01394155349889746 -0.018994655628064908
leaf_weight=39.807526439428329 7.031440258026123 29.831606686115265 8.4668359011411649 15.373319327831267 8.834613770246504 5.9181407094001761 10.3863642513752 17.430750399827957 7.3831702172756195 7.537070930004119 12.119597092270853 35.849950760602951 9.0399681627750379 7.9645627439022091 9.9750756025314313 13.068677455186842 15.320929884910582 10.956108689308165 11.488161981105803 6.7757276892662066 7.398702234029769 7.779803782701495 7.2928424775600567 7.0241877585649473 43.968066409230232 6.2594732046127319 24.97184944152832 34.777697265148163 12.650789231061939 9.0948194265365423
leaf_count=176 20 96 24 44 25 22 33 65 21 21 38 111 27 23 29 39 50 32 33 20 24 22 21 25 158 21 73 99 35 26
internal_value=0.000306133 0.00274062 0.00640005 0.00260778 0.00148151 -0.0213126 -0.000109268 -0.0109558 0.00311247 -0.0182042 0.000817424 0.0225641 0.00545809 0.00712141 0.0264186 0.00457419 -0.00781963 0.00901542 0.00278056 -0.005639 0.00500676 0.00311808 0.00584871 -0.0106631 -0.0141691 0.00881484 0.0183099 -0.000403792 0.00948138 0.00016641
internal_weight=451.778 406.052 318.969 258.356 249.889 45.7257 234.515 53.7059 180.81 17.9234 36.2751 60.6132 162.886 153.846 17.9396 135.907 27.4405 24.7633 128.523 13.8072 117.035 109.636 96.5678 87.0833 73.7997 13.2837 32.2647 64.3031 29.5254 21.7456
internal_count=1453 1255 955 772 748 198 704 178 526 54 113 183 472 445 52 393 88 72 372 40 339 315 276 300 254 46 94 182 83 61
is_linear=0
shrinkage=0.05


Tree=70
num_leaves=31
num_cat=0
split_feature=57 43 7 9 20 41 41 39 14 28 28 6 46 51 3 5 5 3 39 5 46 9 17 9 17 32 42 10 10 45
split_gain=3.22699 4.18689 5.12128 3.96194 3.57588 3.26552 3.71385 3.21071 2.7404 3.94427 3.36059 5.14798 3.09012 5.13123 3.74899 3.70085 3.04379 5.69542 4.92132 4.83107 4.32343 3.25968 3.03037 5.20631 4.6336 3.34042 2.97107 3.24878 5.27843 2.78872
threshold=1.0000000180025095e-35 0.10263157894736843 1.6545092838196289 1.0722996515679444 0.23186188811188815 -1.2678636678636666 -0.67817990080192725 25.259395424836605 -4.4999999999999991 8.5000000000000018 13.500000000000002 1.3943381180223289 0.25462962962962971 0.35805860805860812 0.20112359550561801 0.26631205673758873 0.033932611506140915 0.14550264550264552 25.877976190476193 0.0099241091740643762 0.40370370370370373 1.0774225774225776 3.5000000000000004 1.0628955696202533 -1.0000000180025095e-35 -4.6818074522099513 0.10263157894736843 1.1490740740740744 1.4852813852813855 0.30368906455862982
decision_type=2 10 10 10 10 8 8 10 2 8 10 10 8 10 8 10 8 8 10 10 8 8 2 10 2 10 8 10 10 10
left_child=5 -2 4 -4 7 -1 -7 -3 10 -10 11 -8 14 15 -11 16 18 -18 19 22 -19 29 24 -24 26 -25 -14 -28 -29 -22
right_child=1 2 3 -5 -6 6 8 -9 9 12 -12 -13 13 -15 -16 -17 17 20 -20 -21 21 -23 23 25 -26 -27 27 28 -30 -31
leaf_value=0.033114505028232349 -0.017680498008012236 0.055512008218005462 0.011329796083436918 -0.040414285750855677 -0.010282859552584738 -0.033303892640195149 -0.026625099650965114 0.0085848631478430207 0.03757615905945081 0.0099296357910072259 0.018963251289177932 0.016548729513027306 -0.019374569209793732 0.048904926616925283 -0.03450006312564919 0.034682020544574158 0.03029348822539682 0.026105629936698134 -0.019765346129255092 0.053857135378545175 -0.015816812489638728 -0.02137326178463636 -0.0095082625867281487 0.022062613147385376 -0.018628013145816826 0.062343527228247056 0.050070618087726039 -0.027220113309821044 0.027039065753810917 0.034176266749237419
leaf_weight=9.7785255461931211 41.191936120390892 8.3126302510499972 6.8195525854825965 8.0853679627180082 6.2046898156404486 6.6133438944816589 24.213311299681664 6.4912872165441504 9.965012922883032 8.8853299319744128 9.7767831683158857 9.6588194370269758 5.8683952242135993 7.1288134008646002 10.196656465530394 10.420324936509131 10.285211592912672 7.2978084981441489 12.958676800131796 6.7440682500600806 5.6073834896087629 41.697230964899063 10.738370999693869 22.771688267588615 17.838931232690811 6.6498717963695553 6.709254369139674 6.5218978226184872 14.332546368241308 5.5508740991353989
leaf_count=34 187 26 25 39 27 32 115 26 35 33 35 37 22 23 40 37 36 24 55 22 24 180 42 79 71 22 24 28 52 21
internal_value=0.00228414 -0.00680131 0.00567684 -0.0167395 0.0215805 0.0047148 0.0037174 0.0349352 0.00461813 0.00681395 -0.00686022 -0.0143139 0.00540909 0.00725105 -0.0138118 0.00570441 0.0040414 -0.00409009 0.00919529 0.013018 -0.00996911 -0.01495 0.0100056 0.0202908 0.00194938 0.0311669 0.0129292 0.0198068 0.0100704 0.00905314
internal_weight=365.315 77.1055 35.9135 14.9049 21.0086 288.209 278.431 14.8039 271.817 228.168 43.6489 33.8721 218.203 199.121 19.082 191.993 181.572 70.4385 111.134 98.175 60.1533 52.8555 91.431 40.1599 51.271 29.4216 33.4321 27.5637 20.8544 11.1583
internal_count=1453 330 143 64 79 1123 1089 52 1057 870 187 152 835 762 73 739 702 285 417 362 249 225 340 143 197 101 126 104 80 45
is_linear=0
shrinkage=0.05


Tree=71
num_leaves=31
num_cat=0
split_feature=29 27 44 28 8 13 11 42 32 11 28 54 4 3 3 32 8 8 47 10 6 2 5 18 16 10 0 3 16 10
split_gain=9.75165 8.08112 7.17786 6.15198 5.45788 5.39667 5.03649 3.97528 5.76091 3.70403 3.87688 3.63637 3.16428 3.61405 2.88256 2.81629 2.38134 2.24465 2.88745 2.85189 3.68759 2.30793 2.77283 4.37876 4.61278 4.04496 2.94609 3.45114 3.21391 3.30305
threshold=2.5000000000000004 12.500000000000002 -0.36349520045172212 30.500000000000004 -0.54188038851904397 2.5000000000000004 -0.82014013118664275 0.40588235294117653 -4.467432475615241 0.45401256426938102 8.5000000000000018 1.0000000180025095e-35 0.2958754208754209 0.25782013685239497 0.21020142949967513 -1.5737304079424919 2.0564516129032264 -0.17455357142857139 0.20457516339869283 1.2674796747967483 1.0954545454545457 -0.21547619047619046 -0.1367908407382091 0.20714285714285716 12.500000000000002 3.3888888888888897 0.32945736434108536 0.1126984126984127 30.500000000000004 1.8297101449275364
decision_type=10 8 8 8 8 2 10 8 8 10 10 2 10 10 10 8 10 8 8 10 10 8 10 8 2 8 10 10 2 10
left_child=1 5 -2 9 6 -1 -5 8 -7 -3 -11 16 13 14 -10 -9 17 19 -19 -6 -21 -20 23 -23 25 -25 -24 -28 29 -29
right_child=2 3 -4 4 11 7 -8 15 12 10 -12 -13 -14 -15 -16 -17 -18 18 21 20 -22 22 26 24 -26 -27 27 28 -30 -31
leaf_value=0.034012919746009396 0.033953007027890413 -0.034736675354313955 -0.026545851201552478 0.028402471307762186 -0.014331896512002907 -0.023260740953656833 -0.019514687711349628 0.012784595177035778 0.0078441049332016663 -0.030422441753089776 0.030317143964892157 0.029550383068686278 0.046429989223911311 -0.013485670756592811 0.039305145525179136 -0.026675571143736601 0.024829159189793119 -0.032025239019623425 0.028143366440909829 -0.0023885253385716541 0.040867974576149796 0.021399486017191726 -0.027202262283131991 -0.043426499687177961 0.026832349577692288 0.001269947629045848 -0.029108621467016611 0.01638904224238685 -0.028859183776085318 -0.010442400724894187
leaf_weight=23.363088011741638 5.3929792791604996 23.202691420912743 53.936026081442833 6.1359717547893515 6.9935168176889446 9.0619005262851697 51.599350020289421 6.9912985265254974 15.646650135517122 5.0735350847244245 5.4482642114162445 12.136087685823439 9.2804873883724195 9.1724266409873945 13.616865545511244 12.800472646951677 10.186086833477018 7.802791953086853 6.575027197599411 8.4921811819076556 11.73582139611244 26.025452792644501 15.970960095524786 9.4211775064468437 7.3352069556713095 10.93940410017967 10.872399955987929 30.575726315379143 7.4838007539510718 18.356174170970917
leaf_count=72 19 83 228 19 23 26 181 20 46 24 17 34 27 27 39 37 29 24 20 26 33 74 47 29 23 30 34 87 23 52
internal_value=-0.00215386 0.000703389 -0.0210465 -0.00349221 -0.000873158 0.0129779 -0.0144222 0.00655971 0.013286 -0.0235781 0.00102896 0.00302057 0.0202266 0.0138998 0.0224835 -0.0127366 0.00131492 -2.63231e-05 -0.00240361 0.013192 0.0227079 -0.000793559 -0.00218253 0.00667363 -0.0071641 -0.0194118 -0.00789678 -0.00331459 0.00165642 0.00632357
internal_weight=451.624 392.295 59.329 292.362 258.637 99.9332 57.7353 76.5701 56.7783 33.7245 10.5218 200.902 47.7164 38.4359 29.2635 19.7918 188.766 178.58 151.358 27.2215 20.228 143.555 136.98 53.7212 27.6958 20.3606 83.2591 67.2881 56.4157 48.9319
internal_count=1453 1206 247 912 788 294 200 222 165 124 41 588 139 112 85 57 554 525 443 82 59 419 399 156 82 59 243 196 162 139
is_linear=0
shrinkage=0.05


Tree=72
num_leaves=31
num_cat=0
split_feature=14 27 54 7 27 30 46 8 16 4 2 6 4 18 1 11 15 30 11 4 6 7 3 10 46 8 30 31 13 9
split_gain=8.20201 5.32508 4.19967 3.95641 3.79279 3.48446 2.99698 2.97119 2.69492 2.63528 3.05237 3.4708 6.70657 3.01572 2.50283 2.49168 3.63638 3.43099 3.61438 3.30524 2.48926 2.36671 3.28895 2.32252 2.28452 2.14643 2.14112 3.36541 4.2142 1.98442
threshold=-3.4999999999999996 7.5000000000000009 1.0000000180025095e-35 2.2870879120879124 14.500000000000002 2.107525783562807 0.32795698924731187 0.58697478991596652 33.500000000000007 0.29893617021276603 -0.47546791443850261 2.2529069767441867 0.20794025157232707 0.27922077922077926 0.32945736434108536 -0.67373188405797102 11.500000000000002 3.3495889939662065 0.099999999999999992 0.20662287903667217 1.5540935672514622 2.7171428571428575 0.17369121561668147 1.3169856459330147 0.44222222222222224 0.038274619230321945 5.2808988664221426 1.6663331665265237 3.5000000000000004 1.8297101449275364
decision_type=2 8 2 10 8 8 10 8 2 10 8 10 10 8 10 8 2 8 8 10 10 10 10 10 10 10 10 10 2 10
left_child=4 6 3 5 -1 23 -2 24 -8 10 -7 15 -13 14 -11 16 -12 -17 19 25 26 -5 -23 -3 -6 -19 27 28 29 -20
right_child=1 2 -4 21 7 9 8 -9 -10 13 11 12 -14 -15 -16 17 -18 18 20 -21 -22 22 -24 -25 -26 -27 -28 -29 -30 -31
leaf_value=-0.0069761493217361126 -0.02609274488172595 -0.001536840981001669 -0.024261332280683199 0.031607907261707389 0.023674127910369502 -0.029974081338324743 -0.02339058061161349 -0.0052964536988742974 0.01753892698858096 -0.032138710097106088 0.0066738150837837434 -0.029138455995087117 0.023445961647774159 0.010932792503240824 1.6697490612102962e-05 -0.023770282674849777 -0.031092312118667267 0.021945692126057494 0.0068375073345523733 0.0029010650769905983 -0.018323254338191899 -0.0080487291238621576 0.028924247736081612 0.03325335666409749 -0.003961586286170795 0.0542875405259374 -0.013232637325889446 0.041124038954184178 -0.017933701663432829 0.037507767806555008
leaf_weight=20.841625839471817 36.574661687016487 8.399241968989374 17.991750195622444 14.220960855484007 66.602137163281441 8.6718197762966138 7.1413364410400417 13.028576120734213 9.2064346224069578 21.383436024188999 14.49827426671982 22.135576725006107 8.3511424958705884 8.36522129178047 8.4400099515914899 8.1620457321405393 11.37443871796131 12.445259869098665 13.860220834612848 12.558528140187262 11.273389071226118 15.675104707479479 9.7600562274456006 11.18594107031822 8.4239753782749158 8.7278522253036481 10.040901631116865 8.2466707825660688 12.291982740163801 8.51346907019615
leaf_count=65 167 27 61 40 199 24 28 38 28 73 47 81 26 28 27 26 45 36 40 38 34 44 28 37 25 27 31 24 35 24
internal_value=0.000263843 -0.00356608 -0.000875058 0.000691543 0.012204 -0.00183421 -0.0181379 0.0167438 -0.000340659 -0.00372102 -0.00107109 0.000471512 -0.0147342 -0.0155973 -0.0230388 0.0039836 -0.00992933 0.00737565 0.00997078 0.0232235 0.00301049 0.0152721 0.00613865 0.0183333 0.0205712 0.0352775 0.0075523 0.0124157 0.00558621 0.0185079
internal_weight=448.392 339.496 286.573 268.582 108.896 228.925 52.9224 88.0547 16.3478 209.34 171.152 162.48 30.4867 38.1887 29.8234 131.993 25.8727 106.12 97.9583 33.7316 64.2266 39.6561 25.4352 19.5852 75.0261 21.1731 52.9532 42.9123 34.6657 22.3737
internal_count=1453 1126 903 842 327 730 223 262 56 666 538 514 107 128 100 407 92 315 289 101 188 112 72 64 224 63 154 123 99 64
is_linear=0
shrinkage=0.05


Tree=73
num_leaves=31
num_cat=0
split_feature=57 43 23 32 41 37 15 41 28 10 16 22 11 19 6 46 48 45 45 39 12 17 10 52 13 9 31 11 17 10
split_gain=3.02647 3.97145 4.59155 4.83921 3.02385 3.70551 3.75875 3.11683 2.58408 2.44162 3.2978 2.44101 3.84099 3.20176 3.3993 2.59798 3.07844 2.73002 3.69156 2.80167 2.77302 3.44692 4.31625 2.27892 3.2146 3.36911 4.05217 3.6665 2.93312 2.65459
threshold=1.0000000180025095e-35 0.10263157894736843 -0.18019480519480516 3.1921100817882464 -1.2678636678636666 150.02500000000001 15.500000000000002 -0.35918010752688007 10.500000000000002 1.0947888589398025 32.500000000000007 0.41428571428571431 0.36961538461538468 0.34523809523809529 1.6030303030303032 0.21538461538461542 0.34523809523809529 0.26120857699805072 0.31346423562412346 26.798194713088332 10.500000000000002 18.500000000000004 0.96636517806670452 0.36130536130536134 1.5000000000000002 2.2613636363636371 4.6784206501525123 1.1190789473684213 3.5000000000000004 1.1155870445344132
decision_type=2 10 10 8 8 10 2 10 8 10 2 10 10 8 8 8 10 8 8 10 2 2 10 10 2 10 10 8 2 10
left_child=4 -2 -3 9 -1 11 -7 -8 -9 -4 -11 13 -13 15 -15 -6 17 -17 -19 20 21 22 -20 24 28 26 29 -27 -24 -26
right_child=1 2 3 -5 5 6 7 8 -10 10 -12 12 -14 14 -16 16 -18 18 19 -21 -22 -23 23 -25 25 27 -28 -29 -30 -31
leaf_value=0.031749383907659294 -0.017292178206238587 -0.028067605530300667 0.020206189424859796 0.048315753856746413 -0.01351358891961218 -0.035650381753788367 -0.020759222715101843 0.042901573808793038 -0.0062962271455307209 0.014603365603693273 -0.041821542498761528 0.054417712326608352 -0.0043188633814335983 0.0031478296882565325 -0.029102216337421646 -0.0087108748499964261 -0.025892837620367145 0.046640634747871113 0.041472709008095195 -0.024368642221422519 0.039812071420092944 -0.013165348957395918 -0.028465830989375843 0.036163964620604498 0.035587381213358853 0.053228062674705347 0.035820715335527623 0.0077932062492004021 0.0079667021118421475 -0.0016265838032914022
leaf_weight=9.8895623981952649 40.698834210634232 7.9094048887491217 9.5875020772218722 7.8673480600118664 14.350914701819418 11.297712147235872 9.2784280627965945 5.460706323385236 5.2208356410264978 4.9705200195312482 5.4058917462825775 6.2815282344818097 4.9978952556848526 20.741261214017868 13.482056319713591 18.009300604462624 6.2650442272424689 7.2657831460237494 11.667885407805441 5.6554709225893012 8.1663456410169584 14.593409910798071 10.485775187611582 7.5219819843769065 5.2787231653928748 9.2675116360187513 10.334890425205229 8.5247550904750842 11.676084876060484 51.982294782996178
leaf_count=34 187 39 35 25 56 57 41 20 21 20 24 21 20 81 70 70 29 25 41 25 33 60 44 25 18 30 34 33 41 194
internal_value=0.00223125 -0.00661206 0.00554968 0.0151034 0.00458087 0.0036137 -0.0126042 0.0004403 0.0188551 0.00201516 -0.0147928 0.00566983 0.0283916 0.00458049 -0.00955687 0.00698704 0.00856288 0.00975928 0.0118073 0.010176 0.0114828 0.00984596 0.0124956 0.00955741 0.00769657 0.0121004 0.00700494 0.031459 -0.00927117 0.00180406
internal_weight=364.136 76.4395 35.7407 27.8313 287.696 277.807 31.2577 19.96 10.6815 19.9639 10.3764 246.549 11.2794 235.269 34.2233 201.046 186.695 180.43 162.421 155.155 149.5 141.333 126.74 115.072 107.55 85.3882 67.5959 17.7923 22.1619 57.261
internal_count=1453 330 143 104 1123 1089 139 82 41 79 44 950 41 909 151 758 702 673 603 578 553 520 460 419 394 309 246 63 85 212
is_linear=0
shrinkage=0.05


Tree=74
num_leaves=31
num_cat=0
split_feature=29 27 44 13 17 54 6 3 21 14 20 44 46 43 6 0 13 7 3 18 2 43 27 2 8 7 10 2 2 0
split_gain=9.0022 7.40407 6.78416 5.08675 4.75419 5.11154 2.94858 3.36537 3.3231 3.28387 3.65042 2.93541 2.90366 4.24482 3.00614 2.74348 3.98125 3.28454 4.03769 3.04765 2.56097 2.47732 2.81192 2.43079 3.25657 3.45322 2.25051 2.23748 2.11659 2.81092
threshold=2.5000000000000004 12.500000000000002 -0.36349520045172212 2.5000000000000004 -8.4999999999999982 1.0000000180025095e-35 2.01685393258427 0.21370023419203749 0.41428571428571431 1.5000000000000002 0.052777777777777778 0.18614718614718617 0.49358974358974367 0.29705882352941182 1.5612500000000002 0.47140522875816998 4.5000000000000009 0.2678571428571429 0.21103238866396765 0.24038461538461542 0.22223551302498679 0.14642857142857144 4.5000000000000009 0.30794451450189159 0.32707061540999843 2.2841614906832302 1.4852813852813855 0.28225940725940735 -0.22039302022178728 0.26138716356107666
decision_type=10 8 8 2 2 2 10 10 8 2 8 8 8 10 10 8 2 10 8 8 8 8 10 8 10 10 10 10 10 10
left_child=1 3 -2 -1 20 6 15 8 9 10 -8 12 13 -5 -14 16 19 -17 27 23 -3 22 26 24 25 28 -13 -19 -6 -30
right_child=2 4 -4 11 5 -7 7 -9 -10 -11 -12 21 14 -15 -16 17 -18 18 -20 -21 -22 -23 -24 -25 -26 -27 -28 -29 29 -31
leaf_value=0.033054737951684281 0.032744592250813241 -0.019586869142827881 -0.025899533900213489 0.031437694562851323 0.020149396541434262 0.026153700856479833 0.016441062952028591 0.034994105420879405 -0.02348135389595464 0.030373289980633284 -0.019906811340294563 0.039663206494509759 0.0081879687478327787 -0.017728960534619771 0.044347608336949312 0.0083149424503490745 0.018501824025960987 -0.00035938695309173575 -0.052661104388067662 -0.038742903322729678 0.003356519693360021 -0.024879416565328633 -0.01540456507600923 0.016026790463064305 -0.028910400726524555 -0.028060511397335838 -0.0010311348824026375 -0.036396462711384768 -0.02048915758953106 0.012042860495961693
leaf_weight=23.015754505991936 5.44000343978405 55.743200123310089 52.768354430794716 6.9869039654731777 14.404092088341704 17.562057435512543 14.575790539383894 9.3162543475627881 10.021817296743391 12.171734064817427 13.129926726222033 6.7651523351669329 11.031209766864778 11.810710817575453 12.000756472349165 9.3615824878215772 19.793721497058868 12.630181461572652 9.3960662186145765 6.7082054316997519 15.55711656808853 10.467310339212416 10.307034373283384 13.098323687911032 14.035143673419951 9.9976164251565915 6.8249279856681824 6.5363200008869162 12.826756790280351 13.766336530447004
leaf_count=72 19 218 228 20 45 49 42 26 28 34 39 20 32 35 36 26 58 38 29 19 48 30 29 37 41 35 20 20 40 40
internal_value=-0.0020774 0.0006612 -0.0204188 0.0124551 -0.00336473 0.000281391 -0.00197054 0.00740769 0.00225727 0.00872579 -0.00078444 0.00623255 0.0151278 0.000545842 0.0270289 -0.00586615 -0.00169015 -0.0173874 -0.0258116 -0.00640126 -0.0145808 -0.00459504 0.00428984 -0.00362437 -0.0075825 -0.00171249 0.0192265 -0.0126491 0.00471277 -0.00364844
internal_weight=448.05 389.842 58.2084 99.2098 290.632 219.332 201.77 59.2155 49.8993 39.8775 27.7057 76.194 41.8296 18.7976 23.032 142.554 104.63 37.9242 28.5626 84.8365 71.3003 34.3644 23.8971 78.1283 65.0299 50.9948 13.5901 19.1665 40.9972 26.5931
internal_count=1453 1206 247 294 912 646 597 169 143 115 81 222 123 55 68 428 315 113 87 257 266 99 69 238 201 160 40 58 125 80
is_linear=0
shrinkage=0.05


Tree=75
num_leaves=31
num_cat=0
split_feature=17 38 7 1 5 11 6 19 28 13 39 4 8 19 21 0 44 11 8 41 16 11 28 43 21 16 6 11 11 5
split_gain=11.6347 4.93099 4.33289 3.24083 5.4798 3.93409 3.2306 3.02232 3.02138 3.00858 2.97387 2.8388 3.49317 2.99419 2.77875 2.67512 5.87797 2.57896 2.57824 2.51116 3.11656 2.46817 2.43505 3.78654 2.65113 2.25105 3.39269 2.10456 2.33912 4.06425
threshold=4.5000000000000009 -14.615000000000007 1.5267942583732059 0.44033898305084751 0.03258341759352882 0.77375102375102389 0.70714285714285718 0.29285714285714287 27.500000000000004 1.5000000000000002 26.070228091236498 0.19895833333333338 -0.73318645640074187 0.65476190476190488 0.15476190476190479 0.42752100840336138 -0.38492063492063483 1.1190789473684213 0.43048398969451623 -2.0703342528872013 21.500000000000004 -0.7687229437229437 20.500000000000004 1.0000000180025095e-35 0.37980769230769235 1.5000000000000002 1.3678839957035447 -0.99999999999999978 0.36629072681704256 -0.12867965367965364
decision_type=2 8 10 10 8 10 10 10 8 2 8 10 10 10 8 10 10 10 10 10 2 8 8 8 10 2 10 8 10 10
left_child=2 -2 3 5 7 8 -7 -5 18 10 -3 17 13 -13 27 16 -14 -4 19 20 -1 -12 23 -11 -24 -23 -27 -10 29 -29
right_child=1 9 11 4 -6 6 -8 -9 14 22 21 12 15 -15 -16 -17 -18 -19 -20 -21 -22 25 24 -25 -26 26 -28 28 -30 -31
leaf_value=0.019651983837110646 0.032428649059052385 -0.037189878674200726 0.0034740981232943922 -0.053584400753317107 0.010049011493048274 0.00028708559076397622 0.041447144560228778 -0.012722436483010528 -0.034770455051890893 0.01754019275216484 -0.028436298821138267 0.043095242086474389 -0.035634638101645473 0.0058584771057959683 0.010980810366303426 0.022206527620873745 0.024657085727422191 0.035902556147345339 0.040448894208049757 0.026041571385120445 -0.019518496240864172 -0.0089550938621741107 -0.02848682529543807 -0.019763793540036032 0.0033178522781463523 -0.01431981771736454 0.02992237845274702 -0.022648291771061785 -0.031532061929756508 0.014909803887711277
leaf_weight=8.2047647833824211 6.1013461798429489 5.6323525011539459 80.798617795109749 8.7280247062444705 13.0971075296402 8.2664434909820574 11.262302175164221 9.3977024853229505 9.2054957002401334 10.232767194509508 5.8654816150665283 20.26207530498505 8.0950635969638842 7.3593135774135581 15.673679083585737 18.811876505613327 8.0750372707843763 6.6344353556632987 6.1071529090404502 9.7063324153423292 13.325328841805456 13.930782601237295 53.222960636019707 20.292918160557747 7.4721262007951728 6.1246255040168789 14.814820408821104 12.767097666859621 8.2971801161766034 16.527652189135559
leaf_count=24 18 24 234 27 39 24 32 29 34 36 25 60 23 22 44 56 25 20 20 31 39 48 221 74 31 19 49 41 26 52
internal_value=0.000146847 -0.0115561 0.00574095 -0.000251395 -0.014593 0.00350068 0.0240242 -0.0323986 -0.000514758 -0.0135066 -0.0031362 0.0117545 0.0198824 0.0331741 -0.00724056 0.00938737 -0.00552611 0.00593478 0.0107367 0.00492751 -0.00459127 0.00157226 -0.018778 -0.00725882 -0.0245714 0.00661996 0.0169819 -0.0133434 -0.00809631 -0.00145859
internal_weight=444.293 143.69 300.603 150.566 31.2228 119.343 19.5287 18.1257 99.8147 137.589 46.3681 150.036 62.6034 27.6214 62.4711 34.982 16.1701 87.4331 37.3436 31.2364 21.5301 40.7357 91.2208 30.5257 60.6951 34.8702 20.9394 46.7974 37.5919 29.2947
internal_count=1447 545 902 462 95 367 56 56 311 527 165 440 186 82 197 104 48 254 114 94 63 141 362 110 252 116 68 153 119 93
is_linear=0
shrinkage=0.05


Tree=76
num_leaves=31
num_cat=0
split_feature=10 7 50 9 8 17 15 41 4 17 22 3 7 37 7 13 7 39 17 6 7 31 10 23 16 29 8 13 15 10
split_gain=3.43397 3.86649 3.32275 2.84093 2.72131 3.49383 4.35084 2.71906 3.76639 2.84796 3.73643 4.00352 3.96198 4.56442 3.90932 3.43939 4.70231 6.19405 4.35081 3.8944 3.6026 5.88887 3.16884 3.11923 2.90775 2.88953 2.70301 3.25864 3.41807 2.63637
threshold=1.0000000180025095e-35 2.4932432432432434 inf 1.6594202898550727 1.0877684407096175 15.500000000000002 9.5000000000000018 1.267863667863667 0.23368794326241138 -49.499999999999993 1.0000000180025095e-35 0.21767001114827203 0.8047619047619049 30.975000000000005 0.85449735449735453 3.5000000000000004 1.35214626391097 25.609143763213535 -4.4999999999999991 1.4351332398316974 1.4732057416267945 2.4032561733691682 1.2191310975609759 -0.069805194805194787 21.500000000000004 -2.4999999999999996 -0.34675324675324665 8.5000000000000018 27.500000000000004 1.4131994261119083
decision_type=8 8 8 10 10 2 2 10 8 2 10 10 10 10 10 2 10 10 2 10 10 10 10 10 2 10 10 2 2 10
left_child=-1 2 -2 -3 7 6 -6 9 -9 -4 12 25 13 -11 -14 18 17 19 -16 -17 -18 22 -22 26 -24 -12 27 -13 -29 -20
right_child=1 3 4 -5 5 -7 -8 8 -10 10 11 23 14 -15 15 16 20 -19 29 -21 21 -23 24 -25 -26 -27 -28 28 -30 -31
leaf_value=0.044127735994590245 -0.033532173942252858 -0.026661045039600269 -0.019419075542782011 0.0025685337419124911 -0.019486993461010411 -0.035704983130503555 0.025008075787774621 0.053529470947050274 -0.00214218321571907 0.023493602252045748 0.034044345543530002 0.027931926667844359 -0.044436943906237286 -0.026198211773008646 0.030853343335376988 0.014339932796981803 -0.0273066071617321 -0.021093989692450847 -0.0015676119979998405 0.050038972222530766 -0.029427663710859121 0.04640743127583076 -0.012045009935565707 0.028628468133343399 0.035702217441855637 0.0050402572364233837 -0.035897590583208926 -0.041278858773867555 0.016178846802501898 -0.02445980500768755
leaf_weight=4.4496100395917884 6.5725037008523941 22.226990140974522 13.55396395921707 13.279510810971258 12.740887977182867 10.114626273512838 9.6591160297393781 6.3915341794490788 5.7903966605663308 29.223759546875954 26.341098740696907 7.1759363114833929 5.5081004351377478 5.4892359375953665 5.6202052086591712 24.491801157593727 14.514213576912878 8.9320611059665662 20.772646218538284 11.102758467197416 10.130474217236047 6.2044062763452521 7.6744559556245786 7.5874505490064612 5.455096960067749 12.74050313234329 6.4275550693273535 5.8359868377447111 4.6512868702411652 31.876481890678406
leaf_count=18 30 115 67 59 55 51 37 23 23 95 95 25 22 22 20 85 57 38 81 38 42 21 30 25 21 50 26 27 17 132
internal_value=0.000473609 -6.8843e-05 0.0016549 -0.0157291 0.00238674 -0.0113139 -0.000300254 0.00395812 0.0270672 0.00292051 0.00409523 0.0138815 0.00039207 0.0156357 -0.00308274 -0.00153081 0.0046796 0.0161335 -0.0109638 0.0254753 -0.00691698 0.00312697 -0.0084177 0.00067146 0.00779312 0.0245891 -0.00813367 0.00196948 -0.0157954 -0.0154277
internal_weight=362.535 358.085 322.579 35.5065 316.006 32.5146 22.4 283.491 12.1819 271.309 257.756 70.7598 186.996 34.713 152.283 146.775 88.5053 44.5266 58.2693 35.5946 43.9786 29.4644 23.26 31.6782 13.1296 39.0816 24.0908 17.6632 10.4873 52.6491
internal_count=1447 1429 1255 174 1225 143 92 1082 46 1036 969 265 704 117 587 565 332 161 233 123 171 114 93 120 51 145 95 69 44 213
is_linear=0
shrinkage=0.05


Tree=77
num_leaves=31
num_cat=0
split_feature=14 29 29 9 28 11 27 11 2 44 54 30 11 45 9 42 10 5 2 32 16 27 30 42 44 31 1 11 5 3
split_gain=10.7 5.5678 5.00454 4.81371 3.64251 4.66516 4.35391 3.75974 3.48835 3.94267 3.08636 3.20716 3.57579 3.78578 3.56004 2.89259 2.77722 2.71025 2.65769 2.40919 2.3938 2.24719 2.23883 2.30831 2.08666 1.95187 1.93739 1.81377 1.74647 2.44815
threshold=-1.4999999999999998 -13.499999999999998 3.5000000000000004 1.3900966183574881 27.500000000000004 0.71130036630036642 2.5000000000000004 0.80573286052009463 0.20491704374057315 -0.36349520045172212 1.0000000180025095e-35 7.4454707805030216 -0.71767001114827189 0.51086956521739146 1.0628955696202533 0.19090909090909094 1.8297101449275364 -0.040373898932027329 0.0093601753437818919 7.565028191470808 3.5000000000000004 5.5000000000000009 1.5236033621142739 0.2752525252525253 0.27303030303030307 4.1088085105951864 0.66287878787878796 -0.4559093516924842 0.083886780518659096 0.23861283643892342
decision_type=2 8 8 10 8 10 8 8 10 8 2 8 8 8 10 10 10 8 10 10 2 10 8 8 8 8 10 8 10 8
left_child=2 21 3 15 6 10 -3 22 9 -4 11 17 13 -13 -15 -1 28 -6 -12 25 -18 -2 -8 -24 -23 -11 -7 -19 -14 -30
right_child=1 4 8 -5 5 26 7 -9 -10 19 18 12 16 14 -16 -17 20 27 -20 -21 -22 24 23 -25 -26 -27 -28 -29 29 -31
leaf_value=-0.033859285233927443 0.033969024679733846 0.019460578615780211 0.01820150677727677 0.037848001825538186 0.050287477046941267 -0.022630222706469652 -0.041529936590854563 0.022274186349370562 0.0081101429416765691 -0.036917933725939024 0.051981013100799223 0.043469162963426865 0.0069346908140986213 0.028617757276188729 -0.0099491685727441364 0.0067302313295057037 0.0066048061811563854 -0.0068596753188202384 0.0087892468043634341 0.011482887242568504 -0.029142596195709608 0.023097438014011557 -0.022652545999642958 0.0024932230525126151 -0.0095531200555348059 -0.020284504280642629 0.0039549270783397561 0.02765332683507328 0.0057191202999975427 -0.030765352699798083
leaf_weight=6.7371043115854325 19.641704693436623 11.723423540592192 6.0391574949026108 8.4379213154315931 6.8052065074443817 19.048286154866222 8.8593073934316617 6.2925944328308097 11.729852393269537 25.917515859007835 7.2125205099582654 9.9890666306018812 64.71269403398037 10.630208760499956 13.689018964767454 12.595539867877958 7.016186952590945 6.8174455612897873 7.0359805226325989 4.6301994025707236 14.083821281790732 12.49910071492195 25.760307013988495 14.133938968181608 8.0417336821556109 55.203683540225029 10.703904896974562 8.6201609969139117 10.383492261171343 8.2520197927951795
leaf_count=20 64 34 23 24 20 61 29 21 36 125 20 28 189 30 38 37 22 20 20 22 43 36 90 46 22 214 34 25 29 25
internal_value=-0.000534565 0.00450525 -0.0125093 0.00633822 0.00193671 0.00524027 -0.00820609 -0.0140984 -0.0175654 -0.0208465 0.00834812 0.00637415 0.00354871 0.0175536 0.00690887 -0.00741454 -0.00105151 0.024 0.0306527 -0.0235965 -0.0172558 0.0218772 -0.018793 -0.0137438 0.0103147 -0.0255987 -0.0130657 0.0124119 0.0030507 -0.0104366
internal_weight=443.243 311.952 131.291 27.7706 271.77 205 66.7696 55.0461 103.52 91.7906 175.248 160.999 138.757 34.3083 24.3192 19.3326 104.448 22.2428 14.2485 85.7514 21.1 40.1825 48.7536 39.8942 20.5408 81.1212 29.7522 15.4376 83.3482 18.6355
internal_count=1447 946 501 81 824 604 220 186 420 384 509 469 404 96 68 57 308 65 40 361 65 122 165 136 58 339 95 45 243 54
is_linear=0
shrinkage=0.05


Tree=78
num_leaves=31
num_cat=0
split_feature=17 38 7 45 1 11 8 13 39 14 5 1 4 11 10 43 11 9 5 9 5 16 6 0 37 39 51 16 1 4
split_gain=10.5852 4.5468 4.02664 3.39754 3.21072 3.93456 4.04994 2.83507 2.8381 2.73889 2.67852 2.69371 3.30328 2.94731 2.41838 2.36036 2.29866 2.21739 2.20603 2.15393 2.07644 2.06561 3.1168 2.08253 1.79613 2.87391 2.53412 2.16241 3.07628 2.06121
threshold=4.5000000000000009 -14.615000000000007 1.5267942583732059 0.49358974358974367 0.51087470449172578 0.71666666666666679 -0.37467948717948713 1.5000000000000002 26.070228091236498 -4.4999999999999991 0.13365231259968105 0.44862772695285019 0.2243138634764251 -0.36666666666666659 2.577380952380953 0.35500000000000004 -0.7687229437229437 1.100847457627119 -0.053792679931220826 1.2022727272727274 0.26078470824949701 1.5000000000000002 1.3678839957035447 0.40967365967365971 159.28750000000005 25.441734417344176 0.39444444444444454 37.500000000000007 0.41982234689107062 0.35504201680672276
decision_type=2 8 10 8 10 10 10 2 8 2 8 10 10 10 10 10 8 10 10 10 10 2 10 10 10 10 10 2 10 10
left_child=2 -2 4 17 5 14 -7 8 -3 15 11 -11 13 -13 20 -5 -10 -4 -15 -19 24 23 -23 -18 26 -26 27 28 29 -1
right_child=1 7 3 9 -6 6 -8 -9 16 10 -12 12 -14 18 -16 -17 21 19 -20 -21 -22 22 -24 -25 25 -27 -28 -29 -30 -31
leaf_value=0.0023401784378541289 0.031156834115449523 -0.036628005079559982 -0.021221593662096892 0.036537403135879262 -0.030255669390039014 -0.00072932090369046533 0.037936256886552451 -0.018197591169765517 -0.027719520015324302 -0.018661117319695799 0.026240397340807811 0.031981636423303761 0.035533780188897926 0.018246954421893346 -0.031572465542948555 0.00893703833149752 0.01272409076532794 0.02912656374801503 -0.010363261279036341 -0.0043169635430303516 0.023702094274357488 -0.013821141920695394 0.028628542127832037 -0.02621501777556989 0.036325611507268915 -0.0084404019610459149 -0.034594314574582376 0.023692887658826243 -0.029597141237562498 -0.026187676857110567
leaf_weight=53.046737521886826 6.0848609507083893 5.5063973367214203 10.976223006844519 22.699436485767365 8.461702883243559 13.557151883840563 13.532297268509863 89.76917065680027 5.7313285171985626 9.9535860270261747 19.937054604291916 7.4821230769157401 10.011872768402098 9.2206147909164375 6.7787057161331168 11.758938312530516 6.2877462208271009 7.0325946807861355 25.020590066909794 15.264174968004225 8.0149007439613325 6.0878983736038235 14.925544738769529 7.5646431744098663 7.0679936408996564 7.2759397476911545 6.8827226459980002 6.9408200532197943 11.204212933778761 7.1899635493755332
leaf_count=165 18 24 33 71 26 40 38 362 25 30 56 21 29 26 25 36 20 21 72 45 24 19 49 28 21 24 20 22 34 23
internal_value=0.000116756 -0.011128 0.00544994 0.0112609 -0.000337891 0.0014513 0.0185857 -0.0130217 -0.00294347 0.0152982 0.0103082 0.0051591 0.00974198 0.00355302 -0.00260599 0.0271188 0.00162533 -0.00282489 -0.00265898 0.00623142 -0.000781522 0.00644911 0.0163303 -0.00854014 -0.00275157 0.0136181 -0.00550543 -0.00295112 -0.00553971 -0.00106496
internal_weight=441.268 141.958 299.31 149.357 149.953 141.491 27.0894 135.873 46.1036 116.084 81.6258 61.6888 51.7352 41.7233 114.402 34.4584 40.5972 33.273 34.2412 22.2968 107.623 34.8658 21.0134 13.8524 99.6084 14.3439 85.2645 78.3817 71.4409 60.2367
internal_count=1447 545 902 440 462 436 78 527 165 341 234 178 148 119 358 107 141 99 98 66 333 116 68 48 309 45 264 244 222 188
is_linear=0
shrinkage=0.05


Tree=79
num_leaves=31
num_cat=0
split_feature=50 7 3 8 17 22 3 31 6 46 4 40 43 10 17 6 1 23 46 57 46 17 8 30 17 17 37 8 9 9
split_gain=3.15229 3.26843 3.45871 5.07815 2.23492 3.42393 3.58926 2.88678 2.91628 4.17371 3.98991 6.6259 4.72486 3.39783 2.94996 2.8746 3.1538 2.87105 2.86896 2.68786 3.49574 2.58218 2.50697 2.42776 2.93952 5.93537 4.5766 3.50555 3.11189 2.84292
threshold=inf 2.4932432432432434 0.15430402930402934 -1.0760555234239442 -49.499999999999993 1.0000000180025095e-35 0.21767001114827203 1.3307163456488713 1.3895663956639568 0.39696969696969703 0.21702898550724639 25.82476190476191 0.12916666666666668 0.81438415159345401 2.5000000000000004 1.4463601532567052 0.32945736434108536 -0.069805194805194787 0.36602870813397131 1.0000000180025095e-35 0.39696969696969703 -61.499999999999993 1.50974025974026 11.190025749749624 -3.4999999999999996 3.5000000000000004 228.28750000000002 -0.14503196201692256 1.3107954545454548 1.9069264069264071
decision_type=8 8 8 10 2 10 10 8 8 10 10 8 8 10 2 10 10 10 8 2 10 2 8 10 2 2 8 10 10 10
left_child=-1 4 3 -3 21 7 18 -6 9 13 11 -10 -13 -9 22 -12 -17 19 -7 20 -8 -2 -14 24 27 -26 -27 28 -15 -30
right_child=1 2 -4 -5 5 6 17 8 10 -11 15 12 14 23 -16 16 -18 -19 -20 -21 -22 -23 -24 -25 25 26 -28 -29 29 -31
leaf_value=-0.03351472579650714 0.002980107860042189 0.022324042419429979 -0.027095297653390277 -0.0391776117826695 -0.030214820412325163 0.043292768696158584 -0.015838454701862039 0.043185057638028768 0.052399851479848172 -0.029649145813728614 -0.043256429232197212 -0.035413212244616459 -0.021030448766205162 0.059369056683276335 0.015490468935790239 -0.00027617938603548238 -0.029975695186903822 0.025397553223229549 0.014404852969285668 -0.034356228568378028 0.030309610140490828 -0.0400475468785726 0.01647673531827774 -0.025312335036253061 -0.021824305245291394 -0.019220106534714787 0.023485843172646403 -0.0072779893435535956 -0.0052495770045188012 0.033641688534041307
leaf_weight=6.6825229376554489 7.6087294220924377 11.320945769548418 19.86855136603117 4.7708181589841834 7.3536021113395682 11.842921793460844 10.451233260333543 7.199924260377883 6.4245088845491409 7.0722371265292159 7.4808468967676154 8.5582688897848112 14.344931304454802 6.5726198107004192 27.915717825293541 28.514744810760021 13.020309291779993 8.4948655366897565 31.336459696292877 7.059725195169448 6.7566741406917563 6.4364502727985364 6.4620706290006664 5.3043984174728385 17.465307459235191 8.125094071030615 27.528180092573166 8.5601039975881559 7.284464672207835 13.238855570554732
leaf_count=31 36 45 107 27 31 41 42 22 23 29 31 40 57 20 109 116 62 28 120 32 23 34 24 21 67 33 93 31 27 45
internal_value=0.000506981 0.00114854 -0.0131402 0.00409029 0.00276225 0.0036621 0.0128595 0.000604356 0.0016295 0.00748688 -0.00400079 0.00425063 -0.00114968 0.0100801 0.0048688 -0.0147251 -0.00958631 0.000380436 0.022328 -0.00837679 0.00228155 -0.0167381 -0.00938177 0.00754652 0.00950988 0.00205557 0.0137535 0.0206149 0.0294268 0.0198378
internal_weight=361.056 354.374 35.9603 16.0918 318.413 304.368 75.9419 228.426 221.073 108.351 112.721 63.7055 57.281 101.279 48.7227 49.0159 41.5351 32.7625 43.1794 24.2676 17.2079 14.0452 20.807 94.079 88.7746 53.1186 35.6533 35.656 27.0959 20.5233
internal_count=1447 1416 179 72 1237 1167 286 881 850 388 462 253 230 359 190 209 178 125 161 97 65 70 81 337 316 193 126 123 92 72
is_linear=0
shrinkage=0.05


Tree=80
num_leaves=31
num_cat=0
split_feature=17 29 8 29 32 44 11 9 41 36 20 20 39 11 31 32 47 8 6 8 44 0 32 15 10 20 8 4 15 15
split_gain=11.7518 6.23717 3.83553 3.75436 3.89522 3.52672 3.2091 3.10022 3.07414 3.00039 2.62253 2.96889 3.57502 2.81357 2.82319 2.61764 3.12904 2.53458 2.47043 4.38958 2.94332 2.52698 2.2103 3.45903 3.13816 2.70173 2.47644 2.65223 2.36405 2.58593
threshold=-4.4999999999999991 3.5000000000000004 1.0877684407096175 -10.499999999999998 -3.2024581999781345 -0.36349520045172212 -0.71767001114827189 1.2366946778711487 1.1722673160173172 868.12500000000011 -0.32738095238095227 -0.16287878787878782 25.29893617021277 -0.23928222315319089 1.0950140852533554 7.3582996991726732 1.0000000180025095e-35 0.37547288776796967 1.7171428571428573 1.2132928802589 -0.30178571428571421 0.46998799519807927 -1.0358388389594955 17.500000000000004 1.1827458256029686 0.38675213675213688 -1.2976190476190472 0.48333333333333339 4.5000000000000009 2.5000000000000004
decision_type=2 8 10 8 8 8 8 8 8 8 8 8 10 10 10 8 8 10 10 10 10 10 10 2 10 10 8 10 2 2
left_child=1 7 5 8 -5 -3 18 -1 -2 -10 -8 -12 22 -14 -15 -7 -17 -11 20 -20 21 -6 23 26 25 -25 -13 28 29 -28
right_child=3 2 -4 4 6 15 10 -9 9 17 11 12 13 14 -16 16 -18 -19 19 -21 -22 -23 -24 24 -26 -27 27 -29 -30 -31
leaf_value=-0.0076158664939350532 0.034813622406510779 0.01746688259882424 0.026926041539471937 -0.024126417352712769 0.043570056344450298 -0.036350982421082603 0.024803656699606064 0.02540790858091533 -0.020800119978670553 0.042270612555601425 -0.030779894333117341 -0.033907721644318135 -0.0028220828716276351 0.011189046615860163 0.055468917841817691 0.019559139774126447 -0.02005988386443432 0.00555953491208536 -0.020296560999458466 0.028338429320492312 -0.0050110520786932162 0.0084896380746117724 -0.025283680285809903 0.030973382142253977 -0.0014152658895731896 -0.0037932201914095951 -0.0023312545274549777 -0.030521310795011709 -0.0084567209106283844 0.031458173477414773
leaf_weight=14.527448460459711 17.399970322847366 6.0734961032867432 4.6278838366270056 12.836878716945646 16.318555831909187 23.613312885165215 11.080683469772337 13.913355141878126 6.8137736618518829 6.8952536433935228 7.6299608796834946 7.856302484869957 8.8832997679710406 7.3222731202840787 7.0806300193071365 5.3459580093622208 73.525434255599976 14.779103875160216 10.468117386102678 8.3322828710079175 6.6857159286737433 7.4895368814468375 9.3598323464393598 19.783586651086811 34.900839939713478 7.7877038419246665 13.43253067135811 8.4365611970424634 36.849842563271523 9.7886331081390363
leaf_count=44 54 23 14 42 46 118 35 39 20 21 26 28 27 22 21 20 291 45 30 24 20 22 32 57 101 22 39 26 110 28
internal_value=-0.000533307 -0.0123928 -0.0176525 0.005099 0.00270653 -0.0195529 0.00414482 0.0085395 0.0182544 0.00814038 0.00119821 -0.00026213 0.00109573 0.0193082 0.0329575 -0.0217468 -0.0173745 0.0172384 0.0155138 0.00125833 0.0243027 0.0325345 -0.00176601 -0.000180537 0.00854509 0.0211533 -0.00731884 -0.00426969 -0.000582826 0.0119123
internal_weight=439.839 141.627 113.186 298.212 252.324 108.558 239.487 28.4408 45.8881 28.4881 190.193 179.112 171.482 23.2862 14.4029 102.485 78.8714 21.6744 49.2942 18.8004 30.4938 23.8081 148.196 138.836 62.4721 27.5713 76.3639 68.5076 60.071 23.2212
internal_count=1447 549 466 898 758 452 716 83 140 86 574 539 513 70 43 429 311 66 142 54 88 68 443 411 180 79 231 203 177 67
is_linear=0
shrinkage=0.05


Tree=81
num_leaves=31
num_cat=0
split_feature=17 29 27 55 11 30 9 11 42 17 13 30 4 11 11 29 11 10 28 16 30 9 4 10 16 3 10 28 16 9
split_gain=9.59761 5.35392 4.25856 3.66587 3.13674 3.21489 2.81532 2.74624 3.78686 2.68869 4.95266 2.57582 3.2135 3.37747 2.71234 3.36553 3.83889 3.22392 3.04905 2.74634 2.67454 2.54479 2.45982 2.8296 2.20181 2.28514 2.03951 1.9999 2.43257 1.85854
threshold=4.5000000000000009 -7.4999999999999991 2.5000000000000004 1.0000000180025095e-35 -0.74615020137408183 0.87965281125489481 0.81892697466467979 0.60092592592592597 0.21980676328502416 -39.499999999999993 12.500000000000002 5.2173941556879457 0.25186567164179113 0.071158980023934462 0.71666666666666679 18.500000000000004 -0.4559093516924842 2.1155555555555563 4.5000000000000009 7.5000000000000009 3.479186213202814 1.1261363636363637 0.1811868686868687 1.1371473354231978 12.500000000000002 0.1408730158730159 1.8297101449275364 5.5000000000000009 85.500000000000014 1.4188596491228072
decision_type=2 10 10 2 8 10 8 8 10 2 2 10 8 8 10 10 8 10 8 2 8 10 10 10 2 10 10 10 2 10
left_child=3 4 -3 6 -2 21 22 8 -4 10 -8 14 13 -13 15 16 17 -11 -18 -16 -20 -6 -1 -24 -21 -26 -7 28 -12 -22
right_child=1 2 7 -5 5 26 9 -9 -10 11 27 12 -14 -15 19 -17 18 -19 20 24 29 -23 23 -25 25 -27 -28 -29 -30 -31
leaf_value=-0.035873328368951019 -0.032604286447066276 -0.03503279933433541 0.044825928731868275 0.024555226273321296 -0.022095181794288366 -0.033805896607585838 0.049275695425415537 -0.014746826815306899 0.0044943113970011784 0.032930708303042983 0.033338996709716899 0.0031014034743515524 0.0098516709769111022 -0.044448012664369062 0.03876633403602902 0.034330523099496454 0.021179682828451812 -0.0018658427349398103 -0.031996387222794263 -0.011290228659153981 0.0034969931688979858 0.0014435298978838034 0.02231463319390211 -0.022539187318866866 0.040137850973622387 0.0063594846688564749 0.0043478466359457941 -0.016916015894663666 -0.0069258845558405535 -0.010255038714210275
leaf_weight=7.91967944800854 23.388872638344765 5.4421031028032294 9.8102997988462466 22.524222031235695 16.05814702808857 19.865123182535175 9.3422243148088473 6.9633703529834774 14.309049516916273 14.879899665713312 8.6227865070104617 6.1208368092775363 10.471130907535551 9.5792942494153959 10.29968425631523 7.6534232199192038 11.288095295429228 12.044982090592383 9.1477489173412305 9.3767959773540479 46.72728443145752 40.294285759329796 6.7513111978769285 7.3376594334840775 7.4792404770851162 15.147397369146345 4.2523917704820624 6.7177712321281424 6.6392000764608374 51.808485686779022
leaf_count=26 109 21 29 67 69 95 30 21 45 45 29 20 35 30 29 23 34 41 32 26 134 138 20 23 22 44 18 20 21 151
internal_value=8.20515e-05 -0.0106961 0.00576938 0.00516157 -0.0164867 -0.0118021 0.00357515 0.0129132 0.0208988 0.00506529 0.0187791 0.00313062 -0.011602 -0.0259104 0.0050993 0.00201086 0.000315442 0.0173643 -0.00354294 0.0163096 -0.00613453 -0.00526404 -0.0135782 -0.00104563 0.00908228 0.0175249 -0.0270786 0.00581693 0.0158232 -0.0037336
internal_weight=438.263 140.384 36.5248 297.879 103.859 80.4699 275.355 31.0827 24.1193 253.346 31.322 222.024 26.1713 15.7001 195.853 153.55 145.896 26.9249 118.972 42.3031 107.684 56.3524 22.0087 14.089 32.0034 22.6266 24.1175 21.9798 15.262 98.5358
internal_count=1447 545 116 902 429 320 835 95 74 766 100 666 85 50 581 460 437 86 351 121 317 207 69 43 92 66 113 70 50 285
is_linear=0
shrinkage=0.05


Tree=82
num_leaves=31
num_cat=0
split_feature=50 7 3 8 0 1 2 43 9 42 1 2 24 37 32 20 14 1 2 7 51 2 0 46 1 8 7 2 15 16
split_gain=2.99742 3.0302 3.33817 3.70054 4.78748 1.95832 1.89802 1.6126 4.27974 2.82521 2.38538 3.02127 2.17357 2.54667 4.13256 2.74824 4.35791 2.9306 2.26808 3.84631 3.34072 2.57705 2.34891 2.28923 3.24909 2.89502 2.80909 2.74333 2.59041 2.43819
threshold=inf 2.4932432432432434 0.17222840192806826 -1.0760555234239442 0.069047619047619066 0.59870129870129885 0.62019230769230782 0.11437908496732027 0.80109890109890125 0.51470588235294124 0.4555335968379447 0.38682569802114403 1.5000000000000002 435.67500000000007 -1.2137617584292819 0.15646853146853149 4.5000000000000009 0.51087470449172578 0.016028271773825823 1.1589473684210529 0.48880039820806376 -0.010457516339869325 0.68657159833630432 0.36038961038961043 0.50981902194840212 -0.84495192307692302 1.4621125143513205 -0.098431065216055089 30.500000000000004 29.500000000000004
decision_type=8 8 10 10 10 10 10 8 10 8 8 8 2 8 8 10 2 10 10 10 8 10 10 8 10 8 10 8 2 2
left_child=-1 6 3 4 5 -3 7 8 -2 10 11 -10 18 -14 -15 17 -17 -16 20 -20 -9 23 -21 26 29 -26 -22 28 -27 -25
right_child=1 2 -4 -5 -6 -7 -8 12 9 -11 -12 -13 13 14 15 16 -18 -19 19 22 21 -23 -24 24 25 27 -28 -29 -30 -31
leaf_value=-0.03305481705126246 0.043699719117043574 -0.039465130541286336 -0.03211133223872125 -0.038818475809528102 0.036510053257631868 0.0093230026041377576 -0.026462142295681571 0.035265867220218051 0.0035283396317677546 -0.036593536393492831 -0.033524550583046805 -0.04013410839879282 0.044279805449599384 -0.032354779549773352 -0.02357254550822491 0.049242637872528507 0.0020123648718511182 0.022364896813308749 0.0083554344618895545 -0.020513879441858063 0.03140600666550257 0.025772779788960816 0.013664421253554718 -0.004072222336902946 -0.01460838429531283 0.037624831120613461 -0.0040825926180745181 -0.014776996238340168 -0.0023472176820101983 -0.030763488897128211
leaf_weight=6.5213807970285416 4.5479018613696089 4.4089823067188281 13.639920748770235 4.9044971019029644 8.6502484977245313 3.8553742170333862 5.4822082817554465 9.6279431283473951 51.674504935741425 6.9555316418409339 5.792664259672164 4.2909950986504546 6.411357119679451 4.9603910446166992 6.9219133853912336 11.106763243675234 8.7173262834548932 6.9656851589679718 32.455830544233322 31.812706790864468 12.775710329413416 12.75406928360462 5.9703951328992835 32.469577193260193 9.1938703507184965 14.491835579276087 9.8946967944502813 5.0489200502634075 5.6269678175449362 11.617189735174177
leaf_count=31 16 26 74 29 34 16 23 36 198 28 27 23 23 22 29 37 37 25 115 130 44 44 25 124 43 51 42 22 22 51
internal_value=0.000534376 0.00115486 -0.0127081 -0.00057846 0.0105095 -0.0167052 0.00270278 0.0032151 -0.00327418 -0.00638321 -0.00298076 0.000180646 0.00520576 0.015094 0.0102554 0.0165251 0.0284739 -0.00053143 0.00290476 -0.00426882 0.00698461 0.00459343 -0.0151131 0.00192209 -0.00212215 0.0094038 0.0159167 0.0181756 0.0264452 -0.0111056
internal_weight=359.547 353.026 35.459 21.8191 16.9146 8.26436 317.567 312.085 73.2616 68.7137 61.7582 55.9655 238.823 45.0834 38.6721 33.7117 19.8241 13.8876 193.74 70.2389 123.501 113.873 37.7831 101.119 78.4484 34.3616 22.6704 25.1677 20.1188 44.0868
internal_count=1447 1416 179 105 76 42 1237 1214 292 276 248 221 922 173 150 128 74 54 749 270 479 443 155 399 313 138 86 95 73 175
is_linear=0
shrinkage=0.05


Tree=83
num_leaves=31
num_cat=0
split_feature=17 29 29 32 40 47 41 9 4 55 47 1 15 17 5 6 15 54 9 4 5 6 15 23 9 7 9 7 10 10
split_gain=10.7085 5.82173 3.45223 3.65286 3.38625 3.21057 2.90652 2.88776 2.35292 2.47193 2.98766 2.61826 2.94698 4.83481 2.518 3.52555 3.47344 3.46588 3.63872 3.48808 4.53003 4.01092 4.59217 2.82069 2.35895 2.25458 2.17556 2.922 3.12447 4.34369
threshold=-4.4999999999999991 3.5000000000000004 -10.499999999999998 -3.2024581999781345 26.852487135506006 0.058080808080808101 1.1722673160173172 1.2366946778711487 0.70833333333333337 1.0000000180025095e-35 0.0086213303604607845 1.0000000180025095e-35 14.500000000000002 2.5000000000000004 -0.093235294117647041 2.6720430107526885 52.500000000000007 1.0000000180025095e-35 1.1058230683090708 0.080128205128205135 0.018200220831799774 1.2535714285714288 26.500000000000004 0.15535714285714289 1.5400641025641029 1.1589473684210529 2.5941176470588241 1.0090909090909093 1.5577777777777781 1.3605555555555557
decision_type=2 8 8 8 8 8 8 8 10 2 10 8 2 2 8 10 2 2 8 8 8 10 2 10 10 8 10 10 10 10
left_child=1 7 6 -4 -3 -6 -2 -1 9 10 11 12 13 -5 -13 16 17 18 -16 24 21 -21 -23 -18 -20 -8 27 -7 29 -29
right_child=2 4 3 8 5 26 25 -9 -10 -11 -12 14 -14 -15 15 -17 23 -19 19 20 -22 22 -24 -25 -26 -27 -28 28 -30 -31
leaf_value=-0.007336538079240066 0.0337994080272618 -0.033662977667319731 -0.023529807900387903 0.028329758986479332 0.018177527368284537 0.022053641966590633 -0.0036757755957685795 0.024577941167789004 -0.025280720131678439 -0.019385338074844077 0.035239725181397528 0.015900257736534616 0.034879398428232643 -0.021701236693677618 0.023170502628056075 -0.023192666602881721 -0.03897842786533972 0.032561145349677627 -0.034704354138742448 0.020625227342675842 0.015433548702852132 -0.04303773948896359 0.0085565187294693226 -0.001663573401140702 -0.001953412964184849 0.025180514329994852 -0.04147756023425158 -0.017833499548416797 -0.03729904794114864 0.016842052495112843
leaf_weight=14.476515382528307 17.116050511598587 24.126577094197273 12.738983437418936 10.30866575241089 7.7695342898368835 5.5321299582719794 17.163227468729023 13.887778729200361 6.6915880441665641 10.110734209418295 8.347191244363783 28.819825261831284 14.189702197909353 9.0839784145355207 18.304682344198227 15.047027558088301 8.3130933195352572 10.908903598785399 11.149073079228403 6.9364567399025026 38.186149567365646 11.660927742719652 6.8439829945564261 12.959653764963148 10.84739665687084 11.177189812064169 7.3165870308876029 41.689776048064232 13.444289416074751 11.528863549232481
leaf_count=44 54 125 42 30 30 18 51 39 20 33 24 87 42 27 53 43 27 31 35 22 113 35 20 39 35 35 33 169 51 40
internal_value=-0.00052234 -0.0119341 0.0048499 0.00255753 -0.017083 -0.0124999 0.0175304 0.00828949 0.00394971 0.00479274 0.00589437 0.00474737 0.0175639 0.00489404 0.00235591 -0.00022647 0.00231245 0.0057502 0.00293598 -0.00138975 0.00454386 -0.011801 -0.0239558 -0.0162457 -0.0185535 0.00770487 -0.0154975 -0.0128646 -0.0157623 -0.0103217
internal_weight=436.677 139.772 296.904 251.448 111.408 87.2812 45.4565 28.3643 238.709 232.017 221.907 213.56 33.5823 19.3926 179.977 151.157 136.11 114.838 103.929 85.624 63.6275 25.4414 18.5049 21.2727 21.9965 28.3404 79.5116 72.1951 66.6629 53.2186
internal_count=1447 549 898 758 466 341 140 83 716 696 663 639 99 57 540 453 410 344 313 260 190 77 55 66 70 86 311 278 260 209
is_linear=0
shrinkage=0.05


Tree=84
num_leaves=31
num_cat=0
split_feature=14 55 7 29 10 27 0 45 48 11 8 10 9 28 21 1 1 9 29 11 57 5 5 1 5 10 15 45 20 27
split_gain=8.18807 4.75549 5.16809 4.69536 4.04374 3.37601 3.34237 3.08515 3.07989 2.95516 4.58016 2.66551 2.49075 2.47563 2.4574 2.3648 2.80951 2.34642 2.56751 2.59743 2.87583 2.91172 2.55754 2.33494 2.8703 2.65289 2.07825 1.90305 2.91975 2.14519
threshold=1.5000000000000002 1.0000000180025095e-35 1.5267942583732059 -7.4999999999999991 1.2518656716417913 36.000000000000007 1.0000000180025095e-35 0.38315217391304351 inf 0.71666666666666679 -0.51351252913752909 2.3038461538461541 1.1909827760891594 5.5000000000000009 0.24038461538461542 0.54616477272727282 0.40270270270270275 1.8480769230769234 2.5000000000000004 0.36629072681704256 1.0000000180025095e-35 -0.0086594691857849859 0.019493804068272187 0.44033898305084751 0.016830649970184856 2.5166666666666671 61.500000000000007 0.25462962962962971 -0.12293956043956043 10.500000000000002
decision_type=2 2 10 10 8 10 8 8 8 10 10 10 10 8 10 8 8 10 8 10 2 10 10 10 8 10 2 8 8 8
left_child=1 2 5 7 -5 9 -4 -2 -9 13 -11 12 26 -1 17 16 -14 18 -8 20 21 -20 -21 25 -25 27 -10 -15 -29 -30
right_child=3 -3 6 4 -6 -7 14 8 11 10 -12 -13 15 23 -16 -17 -18 -19 19 22 -22 -23 -24 24 -26 -27 -28 28 29 -31
leaf_value=0.015566521641765037 -0.032433234575448826 0.026461570782816843 0.032550665432619259 -0.0099845515973279071 0.024133284851296673 0.022180128686872469 -0.015210991949292289 -0.035631314308918124 -0.023724782907162512 -0.020652083775334049 0.025313588962751255 -0.034363152189321025 0.0041939545650105745 0.016108907481879774 -0.016602549050886921 -0.010528127684470362 0.046209092982517172 -0.0059612295938238115 0.013402632885048438 0.014547102188629792 0.025782362902361147 -0.01366366748346058 0.047790994523296465 -0.0467233180652529 -0.0045378242639899169 -0.03799210043008807 0.015241670907014965 -0.037153852989196705 -0.029388855579872038 -0.001399736971607215
leaf_weight=9.154009670019148 22.898593112826347 22.764935880899429 14.371380358934401 19.878940790891647 15.422791600227354 11.578125834465025 7.5784900784492528 10.93593844771385 16.777351185679439 8.1602969020605105 16.135048434138298 7.5938904285430899 11.973257496953016 8.8796741366386396 10.069379374384878 11.989371031522749 5.9591737836599341 20.803973868489265 24.050146654248238 13.038947224617006 18.932361125946045 16.932014524936676 10.400038987398146 9.4922147989273054 7.009918391704562 6.9167524129152289 4.2985206097364417 7.8732050955295563 7.8124423176050177 55.33037830889225
leaf_count=30 103 68 43 64 47 36 24 55 72 24 46 35 47 28 31 38 19 63 69 38 55 51 33 31 21 27 19 23 35 172
internal_value=4.91625e-05 0.00447182 0.00271238 -0.0105907 0.00492101 -0.00374415 0.0097457 -0.0165154 -0.0112729 -0.00593884 0.00987468 -0.00672648 -0.00261119 -0.00935486 0.00705502 0.00666262 0.0181561 0.00918698 0.0126527 0.015186 0.00966548 0.00222004 0.0292976 -0.011563 -0.0288034 -0.00828576 -0.0157774 -0.00571401 -0.00844269 -0.00486273
internal_weight=435.012 307.284 284.519 127.728 35.3017 148.342 136.177 92.4261 69.5275 136.764 24.2953 58.5916 50.9977 112.469 121.805 29.9218 17.9324 111.736 90.932 83.3535 59.9145 40.9822 23.439 103.315 16.5021 86.8125 21.0759 79.8957 71.016 63.1428
internal_count=1447 948 880 499 111 473 407 388 285 437 70 230 195 367 364 104 66 333 270 246 175 120 71 337 52 285 91 258 230 207
is_linear=0
shrinkage=0.05


Tree=85
num_leaves=31
num_cat=0
split_feature=10 7 39 5 8 4 14 14 50 39 3 5 8 10 5 5 16 32 32 7 39 17 30 17 14 0 4 14 24 49
split_gain=2.86869 3.17236 5.04433 3.5947 3.29784 3.14867 3.04971 3.05118 2.96199 2.52142 2.63933 2.87981 2.26564 4.73679 4.08508 4.3886 3.33502 2.89898 2.58889 8.36662 2.82067 2.53346 4.40163 3.50103 3.38869 2.60175 2.56887 3.74304 3.12444 2.5053
threshold=1.0000000180025095e-35 1.6835686777920411 25.252450980392158 0.12777777777777785 1.0877684407096175 0.093073593073593086 4.5000000000000009 1.0000000180025095e-35 inf 25.895285087719301 0.30068493150684933 -0.16948198198198197 0.68819444444444455 0.8799879987998801 -0.099999999999999978 -1.0000000180025095e-35 13.500000000000002 -9.5109063243236367 0.77565823012797497 1.4732057416267945 26.710102960102962 -3.4999999999999996 4.7491392863563799 -11.499999999999998 1.0000000180025095e-35 0.29864864864864871 0.087121212121212141 4.5000000000000009 1.5000000000000002 0.30952380952380959
decision_type=8 8 8 10 10 8 2 2 8 8 8 8 8 10 8 8 2 10 8 10 10 2 8 2 2 10 10 2 2 10
left_child=-1 4 -3 5 8 -4 7 -6 -2 -7 11 -11 13 -10 16 -16 -14 -17 19 29 21 22 -20 -24 -23 -25 -26 28 -28 -15
right_child=1 2 3 -5 6 9 -8 -9 12 10 -12 -13 14 18 15 17 -18 -19 20 -21 -22 24 23 25 26 -27 27 -29 -30 -31
leaf_value=0.039722445296603189 -0.031235678609138728 0.03571960720577199 0.02079806131848053 -0.031385274179642292 -0.020913113358943875 -0.041358392163428424 -0.039651311186836451 0.015958279884845484 0.038000675549530592 -0.039238647816792704 -0.033088036830142893 0.00021142014426548756 0.01625475770019285 -0.0050226025320416366 0.053322397417999948 0.023692006635079865 -0.041557747580620939 -0.021528767434615768 -0.035000340829234526 0.053819702465617403 -0.040030041013282322 -0.026729009288169576 0.00095193799523586467 0.04031723793146063 0.023217463169571434 0.0025706237635212967 -0.0093672815461652622 -0.042390084241344043 0.032708592911007826 0.031642670707638015
leaf_weight=4.6190629154443732 5.3880362510681152 6.472447857260704 9.9057841002941114 16.216681160032749 11.571910023689275 5.6348993182182312 7.6141410842537871 10.892071932554243 9.5694174468517286 5.0387927070260048 8.2810420095920545 56.471344955265522 5.4214826300740224 29.405666872859001 10.075959518551825 14.348331689834597 4.6206425577402115 4.7067233026027706 5.6882314682006827 9.4478170573711378 4.7064826339483252 17.059217482805252 31.791546590626236 13.451390907168394 9.1327549368143064 6.9102689027786246 16.086734458804138 5.984277367591857 6.0795312374830237 5.5360978096723548
leaf_count=18 26 24 39 83 52 26 42 40 29 28 49 234 20 112 35 54 21 22 23 32 23 68 124 43 32 24 59 25 20 20
internal_value=0.000573845 6.23183e-05 -0.00707807 -0.00980589 0.00320426 -0.00570489 -0.0123045 -0.00303534 0.00536978 -0.00918555 -0.00658793 -0.00302025 0.00630888 0.00382219 0.0171543 0.0266343 -0.0103463 0.0125222 0.00179424 0.0120741 -0.00210956 -0.00051867 0.00676436 0.0113195 -0.00827063 0.0275069 0.000175127 -0.00730039 0.00217285 0.000786564
internal_weight=358.129 353.51 108.021 101.549 245.489 85.3319 30.0781 22.464 215.411 75.4261 69.7912 61.5101 210.023 170.849 39.1731 29.131 10.0421 19.0551 161.28 44.3896 116.89 112.184 57.8414 52.1532 54.3425 20.3617 37.2833 28.1505 22.1663 34.9418
internal_count=1447 1429 483 459 946 376 134 92 812 337 311 262 786 634 152 111 41 76 605 164 441 418 214 191 204 67 136 104 79 132
is_linear=0
shrinkage=0.05


Tree=86
num_leaves=31
num_cat=0
split_feature=17 29 27 16 54 11 2 40 47 10 5 3 10 2 29 7 9 4 27 0 9 11 44 45 20 46 3 9 9 10
split_gain=9.72802 5.47734 3.64186 4.2879 3.72044 3.75975 3.62254 3.33256 3.011 2.8797 4.41454 3.18025 3.08736 2.67242 3.32903 2.65548 2.63788 2.58712 2.47161 3.73432 4.30367 2.30138 2.14193 2.08755 2.06097 2.35697 2.59048 2.05986 2.97764 3.37428
threshold=-4.4999999999999991 3.5000000000000004 4.5000000000000009 23.500000000000004 1.0000000180025095e-35 -0.71767001114827189 0.016028271773825823 26.852487135506006 0.058080808080808101 1.8297101449275364 0.20958943439563596 0.17974358974358975 0.81892697466467979 0.17158948307911182 -13.499999999999998 1.1132478632478635 1.2366946778711487 0.21370023419203749 12.500000000000002 0.43405797101449278 1.2444005270092229 0.71130036630036642 -0.22091147408751763 0.39696969696969703 -0.40833333333333327 0.40370370370370373 0.097619047619047633 1.9309523809523812 1.1550480769230771 1.2991228070175442
decision_type=2 8 8 2 2 8 8 8 8 10 10 10 8 10 10 10 8 10 10 10 8 10 8 10 8 8 10 10 10 10
left_child=1 16 6 4 5 18 -2 -3 -9 10 11 12 -7 -8 -15 -11 23 -6 19 -4 -21 22 -10 -1 -24 -26 -27 28 29 -13
right_child=2 7 3 -5 17 9 13 8 21 15 -12 27 -14 14 -16 -17 -18 -19 -20 20 -22 -23 24 -25 25 26 -28 -29 -30 -31
leaf_value=-0.02781463868827206 -0.015277128695024301 -0.033251013306532545 0.04064382907119167 -0.017462048557375206 0.042050981877343428 -0.0320905871429564 0.045908969440196512 0.017592070159318938 0.018253434163599088 0.00071486448974844032 -0.025262483381636388 0.019400180519016014 0.001386851746576923 0.029437768095441602 -0.0090996769535751816 -0.029096305791697842 0.023718192019866045 0.0036139960571945173 -0.0098268367806442838 0.020618821124648107 -0.024954453115869961 -0.030791107464535752 -0.034012226495766372 0.010427561499946496 -0.027726208121895985 -0.016358090090387512 0.011775686232442389 -0.0099020076710384236 0.02587859075594183 -0.022639067058026277
leaf_weight=6.505424231290819 6.7345758378505707 23.461308307945728 14.048388257622717 24.664846539497375 10.646514505147936 8.0106773823499662 10.471680387854574 7.8182326257228851 5.9203183501958847 14.107583567500116 13.251817166805266 11.050775244832041 49.091834411025047 15.744107335805891 8.7008799314498919 15.877114057540892 13.855393677949904 7.435135453939437 8.5448541939258558 20.102349907159809 6.9787680506706229 17.735786154866219 9.9325326085090619 7.9046319127082825 12.070495471358297 15.898788154125212 16.857584595680237 8.3898614645004255 33.187884330749512 8.4026143550872785
leaf_count=21 20 125 40 79 31 26 33 30 23 42 41 34 148 52 26 51 39 21 26 59 20 80 41 23 50 56 61 26 98 25
internal_value=-0.000523524 -0.0114857 0.00459538 0.00234648 0.00447882 0.00261389 0.0182985 -0.0165429 -0.0119972 -0.0010888 0.00210207 0.00517172 -0.00330956 0.0247744 0.0157209 -0.0150704 0.00814085 0.0262458 0.0146423 0.0197259 0.00887465 -0.0149473 -0.0103164 -0.00683689 -0.0134052 -0.00883919 -0.00187946 0.0131071 0.0167742 0.00124193
internal_weight=433.403 137.96 295.442 253.791 229.126 211.045 41.6512 109.695 86.2337 161.37 131.385 118.134 57.1025 34.9167 24.445 29.9847 28.2654 18.0816 49.6744 41.1295 27.0811 78.4155 60.6797 14.4101 54.7594 44.8269 32.7564 61.0311 52.6413 19.4534
internal_count=1447 549 898 767 688 636 131 466 341 491 398 357 174 111 78 93 83 52 145 119 79 311 231 44 208 167 117 183 157 59
is_linear=0
shrinkage=0.05


Tree=87
num_leaves=31
num_cat=0
split_feature=27 28 14 55 8 45 23 43 32 28 39 10 3 32 40 9 29 13 10 16 6 19 2 4 32 8 2 4 10 8
split_gain=7.63779 6.06979 4.10686 4.77831 3.51618 3.44076 2.97376 3.90859 2.83648 2.61118 2.66489 2.54187 2.53143 2.69675 2.51564 2.46794 2.29483 2.13354 6.04783 2.28911 2.07904 2.07157 3.66756 2.24385 2.27377 2.74888 3.14 2.26332 2.03128 4.50364
threshold=4.5000000000000009 12.500000000000002 1.5000000000000002 1.0000000180025095e-35 -1.9752747252747251 0.38315217391304351 -0.21130952380952375 0.40588235294117653 -0.18413317787393521 20.500000000000004 25.944671086180524 2.3038461538461541 0.24165739710789771 1.962871980646349 25.274801587301592 0.75595238095238104 -1.4999999999999998 1.5000000000000002 1.8297101449275364 1.5000000000000002 1.7525510204081634 0.48684210526315791 -0.11909254267744832 0.46410256410256417 -3.294517495019107 0.50454545454545452 0.18017663611684073 0.25186567164179113 1.3364779874213839 -1.0000000180025095e-35
decision_type=8 8 2 2 8 8 10 8 10 8 8 10 10 10 10 8 10 2 10 2 8 10 8 10 10 10 10 8 8 10
left_child=16 6 3 4 -3 -4 -2 12 15 -7 -11 17 13 -8 -10 20 -1 19 -19 -12 -6 23 -23 24 25 26 28 -27 -17 -30
right_child=1 2 5 -5 8 9 7 -9 14 10 11 -13 -14 -15 -16 21 -18 18 -20 -21 -22 22 -24 -25 -26 27 -28 -29 29 -31
leaf_value=-0.028113310497230478 0.025233899786292986 0.02971369610614312 -0.026990923060787504 0.026881617177693485 -0.0019647251456698591 0.02556483385006806 0.013344265386901139 -0.026714303677617953 -0.040290028974309049 -0.034649686925813127 -0.0063683340191611551 -0.032990332049472236 0.025286508448286033 -0.019436606468208596 -0.0022298990482075755 0.0082785496893621035 0.0065458341830869323 -0.030235336025838472 0.028855569015331119 0.024982640291772593 -0.039843011239710596 0.0011396864347573902 0.040926644846873 0.028138094474810138 0.025618108286139991 -0.0088661208913676046 0.031664199867412576 -0.042626079112426024 -0.014242261984170394 0.02188133963548132
leaf_weight=29.134144619107246 33.574129059910774 9.5481792688369733 23.232215031981468 18.144471734762192 7.9943600445985767 6.4767921417951575 17.988279595971111 7.6869187057018271 8.4069444835186022 8.0265718400478345 10.558580517768862 6.4131562858819953 19.944860577583313 9.6340834498405439 8.9781525880098325 31.317489087581635 5.7123067975044242 13.528103336691858 6.3685751408338538 12.980365604162214 6.6244950294494638 16.018278017640114 9.0727213025093096 6.6819616109132758 7.253163516521453 18.823990717530254 7.5345886647701255 6.7429549843072882 46.647494301199906 10.58633834123612
leaf_count=139 109 28 99 53 25 21 53 23 28 39 36 30 62 29 30 90 17 53 23 41 23 46 25 20 24 67 22 22 138 32
internal_value=1.20611e-05 0.0019831 -0.00133818 0.00230189 9.6556e-05 -0.0104971 0.0134977 0.00636643 -0.00137109 -0.00454261 -0.00791192 -0.00360664 0.0117123 0.00191101 -0.0206347 0.000539375 -0.0224317 0.000731781 -0.0113214 0.0109199 -0.0191292 0.00232885 0.0155264 -0.000113387 -0.00157783 -0.0031993 0.000677701 -0.0177699 -0.00195885 -0.00756061
internal_weight=431.635 396.788 307.96 220.376 202.231 87.5844 88.8283 55.2541 192.683 64.3521 57.8754 49.8488 47.5672 27.6224 17.3851 175.298 34.8465 43.4356 19.8967 23.5389 14.6189 160.679 25.091 135.588 128.906 121.653 96.0859 25.5669 88.5513 57.2338
internal_count=1447 1291 1015 673 620 342 276 167 592 243 222 183 144 82 58 534 156 153 76 77 48 486 71 415 395 371 282 89 260 170
is_linear=0
shrinkage=0.05


Tree=88
num_leaves=31
num_cat=0
split_feature=50 41 9 45 11 6 8 6 8 8 8 8 9 16 9 39 1 29 14 41 9 6 41 12 9 5 11 18 14 16
split_gain=2.70937 2.2232 3.11272 2.03417 2.58183 1.80418 4.45701 3.46722 2.30155 2.28625 2.92693 4.25559 2.97356 2.37071 2.18125 2.31983 3.15347 3.29452 2.50583 3.1798 3.15303 4.76997 2.35098 2.95885 2.74817 2.72528 2.25327 2.12896 4.73943 3.3642
threshold=inf 1.267863667863667 1.3494186046511631 0.45934065934065943 -0.010363247863247825 2.4932432432432434 1.3354978354978357 2.2841614906832302 1.7638888888888891 1.1099227569815808 0.68819444444444455 0.8463573463573465 1.198684210526316 2.5000000000000004 0.5277777777777779 25.438262195121954 0.51087470449172578 13.500000000000002 -1.0000000180025095e-35 -1.1722673160173167 1.8722826086956526 1.0090909090909093 0.26571507760532148 13.500000000000002 1.5917508417508419 0.10916730328495035 -0.25447583368375432 0.14835164835164838 -4.4999999999999991 36.500000000000007
decision_type=8 10 8 10 10 10 8 10 10 10 10 8 8 2 8 8 10 10 2 10 8 10 8 2 10 8 10 10 2 2
left_child=-1 3 -3 5 -5 7 -7 9 -8 10 14 -12 -13 -11 -2 16 17 26 19 27 21 -20 -23 24 25 -24 -16 28 -17 -29
right_child=1 2 -4 4 -6 6 8 -9 -10 13 11 12 -14 -15 15 18 -18 -19 20 -21 -22 22 23 -25 -26 -27 -28 29 -30 -31
leaf_value=-0.032165488072796969 0.028599636830186854 0.039663947063045851 -0.011628694364211965 -0.027813461927835986 0.012059876004046403 -0.035378325895508898 0.033252793104224236 0.032157287573930264 -0.0087924887993845856 0.0041820669065208175 0.038566411598592025 -0.027386861609380704 0.020082636372187948 -0.040203364343528787 -0.0077488551064651265 -0.0054071691833435815 0.047319857263656076 -0.030487286641521078 0.029432508136303926 -0.02146289091661659 -0.021460016104965257 -0.041619655541964062 -0.006065818213462114 0.027289398302770815 0.014025916571249342 -0.033265865492537253 0.034362473666879931 -0.036240878688028548 0.019861665466297751 0.0096186507046163109
leaf_weight=6.193700835108757 6.8166908323764792 8.3671293109655345 4.575139746069909 13.122276298701765 5.8784571737051001 10.970838211476801 5.2821805030107525 9.5076075941324216 8.480245538055895 5.5694319009780866 13.025537073612211 6.084479160606862 7.2063567042350778 6.5423702076077461 5.2932854071259534 30.137726940214634 5.6578216403722754 4.8946326375007621 10.485398486256598 11.185524649918078 28.142437227070332 4.514664888381958 35.289324298501022 6.6546877697110167 11.539151750504969 12.460713542997828 7.9435479938983935 6.8970690369606045 48.289234563708305 9.5177610367536527
leaf_count=31 24 29 20 59 22 60 24 37 37 22 46 27 25 35 22 134 20 24 35 52 117 20 133 26 45 59 26 28 173 35
internal_value=0.000615596 0.00119515 0.0215318 0.000415035 -0.0154774 0.00136346 -0.0116056 0.00245579 0.00734498 0.00146198 0.00240832 0.0182562 -0.00164867 -0.0197934 0.000711033 -8.47214e-05 0.0147313 0.00456218 -0.00172321 0.00375057 -0.0070435 -0.00203119 -0.00671351 -0.00432376 -0.00787206 -0.0131639 0.0175225 0.00672422 0.0101514 -0.00965029
internal_weight=356.525 350.332 12.9423 337.389 19.0007 318.389 24.7333 293.655 13.7624 284.148 272.036 26.3164 13.2908 12.1118 245.72 238.903 23.7893 18.1315 215.114 106.027 109.086 80.9439 70.4585 65.9439 59.2892 47.75 13.2368 94.8418 78.427 16.4148
internal_count=1447 1416 49 1367 81 1286 121 1165 61 1128 1071 98 52 57 973 949 92 72 857 422 435 318 283 263 237 192 48 370 307 63
is_linear=0
shrinkage=0.05


Tree=89
num_leaves=31
num_cat=0
split_feature=17 29 8 27 16 54 11 2 44 10 5 3 10 18 32 47 2 29 4 9 8 27 0 9 21 1 46 1 3 5
split_gain=8.89972 5.07526 3.58054 3.41266 4.0002 3.52099 3.43281 3.39312 3.36256 2.68985 4.16899 2.92262 2.88747 2.75094 2.62509 2.65408 2.55241 3.08282 2.44248 2.43311 2.39025 2.29719 3.51078 3.9736 2.01767 2.79861 2.65073 4.54957 2.14316 2.0169
threshold=-4.4999999999999991 3.5000000000000004 1.0877684407096175 4.5000000000000009 23.500000000000004 1.0000000180025095e-35 -0.71767001114827189 0.016028271773825823 -0.36349520045172212 1.8297101449275364 0.20958943439563596 0.17974358974358975 0.81892697466467979 0.16025641025641027 7.3582996991726732 1.0000000180025095e-35 0.17158948307911182 -13.499999999999998 0.21370023419203749 1.2366946778711487 -0.1654447702834799 12.500000000000002 0.43405797101449278 1.2444005270092229 0.11805555555555557 0.41277890466531447 0.40370370370370373 0.28831168831168835 0.12701612903225809 -1.0000000180025095e-35
decision_type=2 8 10 8 2 2 8 8 8 10 10 10 8 10 8 8 10 10 10 8 8 10 10 8 10 10 8 8 8 10
left_child=1 19 8 7 5 6 21 -2 -3 10 11 12 -8 20 -10 -16 -9 -18 -7 -1 -11 22 -5 -24 25 26 -17 28 -28 -14
right_child=3 2 -4 4 -6 18 9 16 14 13 -12 -13 29 -15 15 24 17 -19 -20 -21 -22 -23 23 -25 -26 -27 27 -29 -30 -31
leaf_value=-0.0066152498527301019 -0.014769289310092635 0.018552847897357422 0.027210681947809352 0.039274226567096615 -0.016992725654515504 0.040964612302005599 -0.031273274656050586 0.044928209841936233 -0.035399143763102006 -0.030994564705125929 -0.024691806701429835 0.012586927636062199 -0.0051381778967061207 -0.038414177085962342 0.017942884088963523 -0.034994710761513358 0.028572694774289944 -0.008657317300446549 0.003528278186069312 0.02278523003202651 0.005909898602318088 -0.0096425030587417634 0.019690346942207101 -0.024212298242594077 0.011323986518445376 -0.029457860304437949 -0.042801217477110021 0.031263810142423576 -0.00025420738516559468 0.017218591147610627
leaf_weight=14.33303087949753 6.7206768095493317 5.952180415391922 4.5875138193368903 13.935973405838011 24.512358292937279 10.550326913595201 7.8772807568311682 10.286137461662291 21.905184842646122 6.2144011706113815 13.16813714802265 60.880567744374275 34.811503186821938 8.6476864218711835 5.4278558194637299 6.9193742275238064 15.463572204113005 8.6823014616966265 7.4220489263534537 13.824545651674269 14.925538241863256 8.5165937542915326 19.963000401854519 6.9477298855781546 5.2969376295804969 38.16483362019062 5.0789252668619165 7.6171689927577964 7.0935438722372064 14.204264312982557
leaf_count=44 20 23 14 40 79 31 26 33 118 23 41 183 105 25 20 30 52 26 21 39 45 26 59 20 20 169 21 27 24 43
internal_value=-0.000522599 -0.0110869 -0.0160142 0.00437603 0.00220061 0.0042635 0.00244644 0.0177278 -0.0179309 -0.00109552 0.00198955 0.00497277 -0.00317506 -0.014657 -0.0201581 -0.0157419 0.0240709 0.0151856 0.0255045 0.00781952 -0.00493872 0.0139792 0.0189044 0.0083557 -0.0183475 -0.0207702 -0.00835625 0.00095779 -0.0180068 0.00134058
internal_weight=429.931 136.201 108.044 293.73 252.577 228.065 210.093 41.1527 103.456 160.729 130.942 117.774 56.893 29.7876 97.5038 75.5986 34.432 24.1459 17.9724 28.1576 21.1399 49.3633 40.8467 26.9107 70.1708 64.8738 26.709 19.7896 12.1725 49.0158
internal_count=1447 549 466 898 767 688 636 131 452 491 398 357 174 93 429 311 111 78 52 83 68 145 119 79 291 271 102 72 45 148
is_linear=0
shrinkage=0.05


Tree=90
num_leaves=31
num_cat=0
split_feature=28 27 45 32 11 27 7 9 10 4 36 56 43 5 41 8 45 11 8 4 7 44 19 28 10 8 28 27 28 20
split_gain=6.61513 6.60537 3.18332 3.17395 3.1459 3.07046 3.35949 3.9125 3.42444 3.28153 5.09759 4.33395 3.77429 2.91651 2.46204 3.01851 2.93254 4.25553 2.86273 2.87634 3.13096 4.4352 2.33504 2.32843 2.50154 2.2931 2.18707 2.9285 2.16097 2.62032
threshold=4.5000000000000009 7.5000000000000009 0.49358974358974367 2.446890731071766 0.87212752525252524 53.500000000000007 0.86811594202898557 3.035714285714286 2.7386363636363638 0.17974358974358975 46.485000000000007 -1.0000000180025095e-35 0.40588235294117653 0.10398154477101845 0.17592054263566051 0.26051608342170368 0.25462962962962971 0.7527332144979203 0.17533783783783788 0.19441752277573177 2.1744421906693714 -0.19222806179327914 0.58571428571428574 39.500000000000007 3.035714285714286 1.0564431913116126 2.5000000000000004 6.5000000000000009 12.500000000000002 -0.14642857142857138
decision_type=8 8 8 8 8 10 10 10 8 10 10 2 8 10 10 8 10 8 8 10 10 10 10 10 10 10 10 10 10 10
left_child=2 25 3 -1 26 6 23 8 9 10 12 -11 13 -8 15 18 17 -17 19 -13 21 -21 -14 24 -3 -2 -4 -28 29 -23
right_child=1 5 4 -5 -6 -7 7 -9 -10 11 -12 14 22 -15 -16 16 -18 -19 -20 20 -22 28 -24 -25 -26 -27 27 -29 -30 -31
leaf_value=0.015975651090652021 -0.027810012603739165 -0.005524619196772506 0.048999535279120925 -0.025419465933965886 -0.0073257015952044079 0.032896124843494738 -0.0089071532552413204 0.030436020686116224 0.033121977382292243 0.03215529192368094 -0.0421188470562259 0.022165553460336353 -0.012512011491550436 0.034409795310760043 0.023451518685014119 -0.017293144199333213 -0.036835094407310219 0.024876168634318629 0.035699711869838183 -0.01691566957484425 0.021615975262056598 0.00083272727766456214 0.01643655303225101 -0.042435699435782334 -0.041431426569660354 0.0037251468241838639 -0.003535901904777736 0.042331109222347257 -0.0094724721844087062 0.044584851355208906
leaf_weight=12.043557554483412 33.350444197654724 48.23147352039814 11.869763121008875 7.5232854485511806 5.8696709126234081 6.5695962607860556 6.46140789985657 10.644815132021902 7.3680507093667975 11.863006487488745 10.129217728972433 13.8610552996397 66.580225199460983 9.7486708313226682 10.984081819653509 20.518155366182327 9.639910161495207 8.4452299177646655 6.4921922683715811 40.20537677407264 11.229128271341322 6.6946619749069214 7.7799397408962241 5.8191200494766226 5.3929435312747946 6.9693141132593146 6.843597859144209 7.0806239545345306 8.0290279239416105 7.0006840378046125
leaf_count=37 168 170 39 23 20 20 20 32 24 36 33 41 207 29 37 71 32 24 19 121 33 21 22 26 25 38 22 24 25 21
internal_value=-0.000951446 -0.00322523 0.0159146 5.95791e-05 0.0257123 -0.000954102 -0.00162168 0.000718462 -0.000484206 -0.00145272 -0.0084798 0.00311369 -0.00471767 0.0171435 0.000706135 -0.00118492 -0.0129477 -0.00499729 0.00367096 0.00128143 -0.00267538 -0.0070799 -0.00948327 -0.0123956 -0.00913572 -0.0223591 0.0332304 0.019788 0.0111232 0.0231976
internal_weight=431.238 380.008 51.2305 19.5668 31.6637 339.688 333.118 273.675 263.03 255.662 100.699 154.963 90.5702 16.2101 143.1 132.115 38.6033 28.9634 93.5121 87.0199 73.1589 61.9298 74.3602 59.4435 53.6244 40.3198 25.794 13.9242 21.7244 13.6953
internal_count=1460 1295 165 60 105 1089 1069 848 816 792 311 481 278 49 445 408 127 95 281 262 221 188 229 221 195 206 85 46 67 42
is_linear=0
shrinkage=0.05


Tree=91
num_leaves=31
num_cat=0
split_feature=15 17 46 57 44 17 1 0 9 1 46 0 2 2 46 16 20 47 44 9 0 51 30 32 20 0 5 5 5 5
split_gain=2.87842 2.61169 2.53066 2.96838 5.67007 2.93915 3.19372 3.12871 4.79811 3.05352 2.83412 5.26947 3.70735 4.10908 3.05782 2.69413 2.60363 2.33391 2.286 2.32175 4.26367 3.45345 3.04645 2.38301 2.54474 3.09535 2.67467 2.48425 2.19505 2.16042
threshold=71.500000000000014 -49.499999999999993 0.45934065934065943 1.0000000180025095e-35 0.11161962878210019 -25.499999999999996 0.56879648411088579 0.16064516129032261 1.1510530934620451 0.53390804597701158 0.25462962962962971 0.49038105808361082 0.026144907723855085 -0.025502562081198301 0.31346423562412346 38.500000000000007 -0.052777777777777764 0.10128205128205127 -0.21498599439775906 1.0871675812579149 0.66287878787878796 0.38847429519071314 1.7926456271808611 0.43917408786584794 0.23186188811188815 0.28831168831168835 -0.099999999999999978 0.05740103270223753 -0.12459150326797384 0.041993207941483819
decision_type=2 2 8 2 10 2 10 8 8 8 10 8 10 10 10 2 10 8 8 8 10 10 10 10 10 8 10 10 8 10
left_child=1 -1 10 5 15 -4 9 -8 -9 18 11 29 13 14 -12 -5 -16 -14 -7 20 22 23 -20 24 25 28 -26 -28 -21 -3
right_child=-2 2 3 4 -6 6 7 8 -10 -11 12 -13 17 -15 16 -17 -18 -19 19 21 -22 -23 -24 -25 26 -27 27 -29 -30 -31
leaf_value=-0.019140247166037939 -0.020752903506771284 -0.033447004984324367 -0.021229187640957183 -0.031332107719912079 0.026757133248209244 -0.026797791482887086 -0.0087929776461273968 -0.0082741331879266911 0.045976861003729552 -0.023193454089284325 0.04542422567734556 0.027466170672999314 -0.025411605545908739 0.058563978564491803 0.016670177303125689 0.0016107671720478976 -0.023014018724594239 0.010643179604275646 0.042008647355368717 0.02075057773789396 -0.01126136269574512 0.037874450394742853 7.2926702169698951e-06 0.021525024305949894 -0.016195189499881236 -0.017110636775380869 0.044545119847534176 -0.00023191504217830351 -0.0063517756370210874 -0.0024888604975117413
leaf_weight=13.890260756015776 14.362815231084822 9.5707152336835879 12.065827138721941 22.072601795196537 7.373736470937728 5.9653531461954117 6.8987456709146526 5.7322239279747036 14.102648884057997 11.588076561689375 7.6408385485410681 10.488728806376455 6.9437136054039001 7.2003401070833197 24.207556374371052 8.6340329945087415 4.9841632470488575 12.693951472640039 14.671133443713194 11.967211470007895 9.1817168667912465 6.1030258834362021 6.1174045503139487 10.622601509094237 5.4242474287748363 39.56097985804081 7.3757907599210721 5.3403945863246918 19.883979916572574 13.705650791525839
leaf_count=76 71 39 57 117 29 25 26 25 55 62 26 38 26 23 95 35 23 43 47 41 39 19 24 38 22 166 26 21 74 52
internal_value=0.00117486 0.00209573 0.00299471 0.000140905 -0.0126147 0.0026629 0.00425969 0.0202107 0.0302985 0.00148711 0.00975119 -0.00195877 0.0159611 0.0240184 0.0172651 -0.0220693 0.00989454 -0.00210549 0.00349816 0.00482461 0.0171157 0.00135856 0.029649 -0.000866118 -0.00352212 -0.00777018 0.0132009 0.0257402 0.00383119 -0.0152181
internal_weight=356.37 342.008 328.117 230.682 38.0804 192.601 180.536 26.7336 19.8349 153.802 97.4357 33.7651 63.6706 44.0329 36.8326 30.7066 29.1917 19.6377 142.214 136.248 29.9703 106.278 20.7885 100.175 89.5526 71.4122 18.1404 12.7162 31.8512 23.2764
internal_count=1460 1389 1313 948 181 767 710 106 80 604 365 129 236 167 144 152 118 69 542 517 110 407 71 388 350 281 69 47 115 91
is_linear=0
shrinkage=0.05


Tree=92
num_leaves=31
num_cat=0
split_feature=29 17 44 15 9 39 32 42 46 1 5 15 16 17 16 4 4 5 8 2 8 15 8 9 9 32 7 8 0 7
split_gain=6.81878 4.7109 2.76788 4.62711 3.52808 2.65132 2.45755 2.21893 2.19539 2.7525 3.58527 2.45811 2.64085 2.58809 2.28106 2.2772 4.11342 3.83524 3.62698 3.21982 2.78701 2.04282 2.57187 2.04126 2.00922 1.90744 1.89583 3.52897 2.26962 1.82459
threshold=3.5000000000000004 11.500000000000002 -0.36349520045172212 16.500000000000004 1.9069264069264071 25.895285087719301 4.040433569760908 0.10263157894736843 0.19090909090909094 0.55470085470085484 0.037306488801054034 29.500000000000004 45.500000000000007 -22.499999999999996 25.500000000000004 0.080128205128205135 0.13188405797101452 -0.03436971833198247 -0.33333333333333309 0.1670771756978654 1.026387867897302 5.5000000000000009 -1.5244461420932007 1.7090053763440862 2.6969696969696972 -5.7448558454008447 1.3578167115902968 0.29128042596348896 0.25290697674418611 1.4939024390243905
decision_type=10 2 10 2 10 8 10 8 10 10 8 2 2 2 2 8 10 10 8 10 8 2 10 10 8 8 10 8 8 10
left_child=1 6 3 -2 -4 -3 8 -7 11 10 23 12 13 -1 15 21 17 24 -18 26 -21 22 -15 -10 -17 -9 28 -28 -20 -23
right_child=2 5 4 -5 -6 7 -8 25 9 -11 -12 -13 -14 14 -16 16 18 -19 19 20 -22 29 -24 -25 -26 -27 27 -29 -30 -31
leaf_value=0.025897578209831323 -0.019355262578560548 0.023396518648229558 -0.035967701248313236 0.038432105996032744 0.00079698990280023052 0.030737271821154412 0.026315960066805463 -0.02196715700330271 0.0029313856317620735 0.019492548624446965 -0.03385259745134428 0.024274948488654607 -0.027707702944838791 -0.02905469979934109 -0.025851941003461072 -0.013736857858076133 -0.021022784029191804 0.040314817031326028 -0.015347642247126493 -0.023173829901622693 0.008720622375324812 -0.042179116426497194 0.010969433127430983 -0.024919743779122865 0.020592425084175026 0.0059206945431619163 0.051927618101427792 0.003526363385395183 0.016969893657785461 -0.0085452051381518894
leaf_weight=9.1294920742511732 10.56193035840988 28.748901158571243 23.867333099246025 5.1546361595392218 8.9810408279299718 8.4144836664199811 7.5616765022277823 6.6086599826812744 21.932038277387623 6.3620131909847251 17.165867067873478 9.8334608823060972 9.0574053823947889 5.5734407454729107 9.0522742271423322 8.2562335729599052 19.609323546290398 12.6486988812685 9.1462008804082888 15.837353289127348 12.068907856941225 7.5161049813032177 14.342217087745665 9.3979630470275861 8.8107085675001127 84.905380383133888 7.2399034500122053 7.8484635949134827 13.380634799599646 8.6993423551321012
leaf_count=34 48 92 126 18 41 27 22 20 70 24 65 30 43 21 34 25 74 36 30 48 36 23 42 38 26 254 21 25 41 26
internal_value=-1.96035e-05 0.00223986 -0.0176593 -0.000402468 -0.0259159 0.0100156 -0.00175491 0.00616604 -0.00262875 -0.0114296 -0.0154861 -6.13859e-05 -0.00140419 4.19431e-06 -0.00147299 -1.12823e-05 0.00343298 0.0194493 -0.00215766 0.00348831 -0.00938011 -0.0109592 -0.000231409 -0.00542303 0.00398543 0.00390678 0.0130352 0.0267509 0.00384854 -0.024135
internal_weight=427.712 379.147 48.5649 15.7166 32.8484 128.677 250.47 99.9285 242.908 54.8579 48.4959 188.05 178.217 169.159 160.03 150.978 114.846 29.7156 85.1308 65.5215 27.9063 36.1311 19.9157 31.33 17.0669 91.514 37.6152 15.0884 22.5268 16.2154
internal_count=1460 1227 233 66 167 393 834 301 812 197 173 615 585 542 508 474 362 87 275 201 84 112 63 108 51 274 117 46 71 49
is_linear=0
shrinkage=0.05


Tree=93
num_leaves=31
num_cat=0
split_feature=29 28 27 36 12 12 46 44 3 28 6 45 20 11 20 22 8 8 45 27 27 13 9 18 6 16 46 8 8 8
split_gain=6.28588 5.40429 3.92843 3.31831 3.2063 2.84274 2.81447 2.70675 3.5331 3.69324 3.15498 5.59249 2.68405 2.46161 2.73574 2.44359 2.24835 2.2325 2.24268 2.50851 2.18578 2.16251 2.09749 2.10137 6.38797 2.04815 1.93834 1.93747 1.89915 4.7691
threshold=-3.4999999999999996 12.500000000000002 27.500000000000004 35.45000000000001 7.5000000000000009 2.5000000000000004 0.45227272727272733 -0.18148880105401841 0.19895833333333338 3.5000000000000004 0.90238095238095251 0.34523809523809529 -0.2696969696969696 -0.71767001114827189 -0.50294117647058811 0.41428571428571431 1.0564431913116126 -0.15402813299232729 0.39208074534161497 8.5000000000000018 29.500000000000004 5.5000000000000009 3.1055555555555561 0.16025641025641027 1.8446455505279038 43.500000000000007 0.39696969696969703 0.14226190476190478 1.0564431913116126 0.10447052947052939
decision_type=8 8 8 10 2 2 8 10 10 10 10 10 10 10 10 8 10 8 10 10 10 2 10 10 10 2 10 10 8 8
left_child=16 5 6 4 13 -2 -3 8 -7 -10 -9 12 -12 -4 -15 20 17 -1 -19 -20 22 27 23 28 -25 -11 -13 -8 29 -16
right_child=1 2 3 -5 -6 7 21 10 9 25 11 26 -14 14 15 -17 -18 18 19 -21 -22 -23 -24 24 -26 -27 -28 -29 -30 -31
leaf_value=0.0040658339260068429 0.025458634750701255 -0.043907771677195249 -0.0086917790277810693 0.029102256273447792 -0.023281240204669984 -0.028122771636912833 0.00021576774316268946 -0.018777417882012232 0.032083675653288353 0.011186890738736582 0.0095926095299033159 -0.021122201669259481 0.046991433145944582 0.031491816057969572 -0.0068430974397237655 -0.025748654818932487 0.009921966099679708 -0.036134991929438483 -0.024857393929703091 0.02043569836206181 -0.024455434098288573 0.012890010108153506 0.027712491175749199 0.031948931111264352 -0.0046032107228264037 -0.02560769541516222 0.016072021000649899 -0.035793489855891307 -0.025550655326013236 0.022879769734334855
leaf_weight=7.1789789348840714 25.716509997844696 8.3858387172222155 57.713165938854218 9.2686914354562742 15.625868305563925 10.623100206255911 6.4857383370399502 6.0507219433784476 8.8930906653404254 7.0749521553516379 6.8999440222978583 7.8191583901643735 15.744801744818689 8.1941881924867612 54.368651062250144 7.6273152232170096 6.5516498833894721 22.803315676748753 9.9184649363160116 4.4189441651105872 6.7673560827970496 7.0853739082813254 9.2007495760917646 21.046076640486717 27.665469884872437 8.1261773556470853 6.345473051071167 8.8091352730989438 7.7225789427757254 17.951801195740693
leaf_count=28 85 30 192 28 62 32 22 20 29 21 22 25 48 24 159 22 31 119 51 16 21 26 27 63 87 25 20 43 28 54
internal_value=-0.000918882 0.00130613 -0.00236901 -0.00023907 -0.00140185 0.011052 -0.0192024 0.00627625 -0.00410095 0.00649023 0.0146819 0.020182 0.0355959 0.000164574 0.0033483 0.00183459 -0.0174174 -0.0214589 -0.0263926 -0.0108976 0.00328831 -0.00994537 0.00464927 0.00300118 0.0111893 -0.00848266 -0.00445993 -0.0205239 -0.00198186 0.000534885
internal_weight=428.083 377.212 273.918 243.152 233.883 103.294 30.7661 77.5774 34.7173 24.0942 42.8601 36.8094 22.6447 218.257 160.544 152.35 50.8714 44.3197 37.1407 14.3374 144.723 22.3802 137.955 128.755 48.7115 15.2011 14.1646 15.2949 80.043 72.3205
internal_count=1460 1215 888 767 739 327 121 242 107 75 135 115 70 677 485 461 245 214 186 67 439 91 418 391 150 46 45 65 241 213
is_linear=0
shrinkage=0.05


Tree=94
num_leaves=31
num_cat=0
split_feature=15 7 9 28 10 12 45 45 3 31 3 3 20 2 7 32 32 46 11 46 37 46 1 39 10 10 16 29 10 11
split_gain=2.66273 2.68671 3.09699 2.34452 2.11119 2.04059 1.80312 3.87966 2.79957 3.69963 2.78947 2.69193 3.62539 3.00272 2.55215 2.29778 1.99891 1.79504 1.60823 1.53421 2.80175 2.78861 2.31495 2.23108 2.73378 2.94266 2.71348 2.94379 2.66749 2.2385
threshold=71.500000000000014 2.4428571428571435 1.6594202898550727 1.5000000000000002 1.9807692307692311 1.5000000000000002 0.25462962962962971 0.28869047619047622 0.17555713608345189 1.6663331665265237 0.10263157894736843 0.21370023419203749 -0.05634920634920635 0.33291666666666675 1.1695402298850577 -5.1769590128893457 -2.0468750353981364 0.28869047619047622 -0.17712418300653585 0.26794258373205743 165.16250000000005 0.28869047619047622 0.58863819500402914 25.274801587301592 1.5917508417508419 1.2869249394673126 21.500000000000004 16.500000000000004 1.1778933092224235 1.3854895104895106
decision_type=2 8 10 8 10 2 10 10 10 8 8 10 10 10 10 8 8 8 10 10 10 10 10 8 10 10 2 8 10 8
left_child=1 3 4 -1 -3 -4 15 -8 10 -10 -9 -11 -13 14 -14 -5 -17 -16 -2 20 23 -21 -23 -18 25 28 27 -26 29 -25
right_child=18 2 5 6 -6 -7 7 8 9 11 -12 12 13 -15 17 16 19 -19 -20 21 -22 22 -24 24 26 -27 -28 -29 -30 -31
leaf_value=-0.023222613953063884 -0.033802971846466329 -0.028983062027202539 -0.018665181855966391 -0.025054183416824007 0.012058426340720433 0.021946569455431574 0.041514170081671437 -0.0013071575970701251 0.037906857343417977 -0.025725062726233011 0.043555233501339802 -0.034006217225154921 0.036923053576034474 -0.020508657733453273 0.027314522017131054 0.025711643061077406 -0.028494141965166381 -0.010059355437015778 0.00075345444004445592 0.041699561677401922 -0.026116810919532846 0.0082237065343174365 -0.029347218766072682 -0.0098439312224596481 0.035032668365999053 -0.018383521806012063 0.041239324769149627 0.0020189653447029092 0.030192818703425696 0.025858786125367968
leaf_weight=7.9507516026496878 8.5183459073305112 18.875321432948116 4.7191219925880423 7.5799307972192764 3.7571475282311431 8.9768649935722333 9.1212978512048704 5.66387006640434 6.1242763251066199 10.488352373242376 8.9248276203870773 5.5719552487134854 10.222003921866429 6.4151555672287932 5.1326580792665455 9.2357717603445035 6.0957571268081665 8.588986910879612 5.5674683004617682 5.7668124288320533 10.213044345378874 49.764203414320946 4.4680530801415435 23.14693446457386 7.7535185217857432 24.90392293035984 6.1165518611669532 52.296476729214184 7.637968733906745 5.4179245233535793
leaf_count=42 47 108 25 33 19 36 31 23 21 42 31 24 36 30 17 32 25 37 24 19 53 193 23 90 28 105 22 197 27 20
internal_value=0.00115909 0.00203926 -0.0108133 0.00357213 -0.0221699 0.00795329 0.00429028 0.0109175 0.00676032 0.0013801 0.026138 -0.00343903 0.00306636 0.00987054 0.01801 0.00199737 0.00296087 0.00392055 -0.0201444 0.00192875 -0.000877113 0.00864338 0.00512834 0.00105568 0.00247096 -0.00515435 0.00951317 0.00628162 0.00394599 -0.00307216
internal_weight=355.015 340.929 36.3285 304.601 22.6325 13.696 296.65 76.2534 67.1321 52.5434 14.5887 46.4191 35.9308 30.3588 23.9436 220.397 212.817 13.7216 14.0858 203.581 143.582 59.9991 54.2323 133.369 127.273 61.1068 66.1665 60.05 36.2028 28.5649
internal_count=1460 1389 188 1201 127 61 1159 292 261 207 54 186 144 120 90 867 834 54 71 802 567 235 216 514 489 242 247 225 137 110
is_linear=0
shrinkage=0.05


Tree=95
num_leaves=31
num_cat=0
split_feature=29 17 41 10 42 40 46 28 40 41 10 8 10 31 15 16 8 10 14 7 22 7 46 1 8 7 27 41 0 28
split_gain=6.23494 4.26534 4.29148 3.77331 2.85157 2.71764 2.6472 3.16503 2.53387 2.41359 2.70519 4.66767 3.54714 3.20305 2.81282 4.45548 3.31903 3.18423 4.32591 3.09281 2.91504 3.14533 2.91402 2.57522 3.37556 2.47982 2.33842 2.31383 2.11802 2.03706
threshold=3.5000000000000004 11.500000000000002 0.27380952380952378 2.5941176470588241 0.17424242424242428 26.852487135506006 0.29857397504456334 8.5000000000000018 25.465015723270444 0.76805094130675589 1.1186635944700463 1.1533163265306126 1.1437177280550777 5.2808988664221426 7.5000000000000009 7.5000000000000009 -1.1950688830226033 2.2041666666666671 -1.0000000180025095e-35 0.86038961038961048 0.069047619047619066 1.3578167115902968 0.19090909090909094 0.68657159833630432 -1.0176794210943694 1.6639784946236562 17.500000000000004 -0.67817990080192725 0.28388278388278393 8.5000000000000018
decision_type=10 2 8 8 8 8 8 10 10 10 8 10 10 10 2 2 10 10 2 10 10 10 10 10 10 10 8 10 10 10
left_child=1 9 27 4 -4 -2 -7 -8 -6 10 11 23 -12 14 17 -16 -17 18 25 -19 21 26 -23 29 -25 28 -18 -3 -14 -1
right_child=5 2 3 -5 8 6 7 -9 -10 -11 12 -13 13 -15 15 16 20 19 -20 -21 -22 22 -24 24 -26 -27 -28 -29 -30 -31
leaf_value=-0.031398829878699734 -0.031668948874335218 0.012042633804366784 0.021600474050597885 0.029849280530858897 0.0012330652595527224 -0.041727486020231463 -0.015982181101339244 0.020966580050826654 -0.030293092030240346 0.027755502877297895 0.020373686105849428 0.025415104679677166 0.00065862282019673549 -0.02506405700940267 -0.031694537749088807 0.033272638063194179 0.015026654056724972 0.012040906988155374 0.038256900775492354 -0.031390131945275991 -0.02319774292342237 0.028968266633826758 -0.0080682838786873597 -0.031805241368007588 0.018486228707718894 -0.012560203798542178 -0.017877823867544215 0.048752234084848502 0.031924451501192705 -0.0029142754909525876
leaf_weight=27.103614702820778 19.126025341451168 7.6673777997493771 16.012851551175117 14.311980023980139 73.316570162773132 4.6702643334865597 13.886343896389009 9.9479117393493635 6.9803777039051047 6.764908403158187 19.855531275272369 7.2535170316696158 11.583365067839624 13.788893342018126 13.91062046587467 6.5022981762886038 7.2406664490699795 7.7362660765647915 13.711071193218229 8.7190148830413801 15.440005227923391 14.484600678086283 8.3856112807989103 5.2323642820119849 9.2086999863386136 12.649585321545599 21.23432157933712 9.752194479107855 10.174416810274122 8.1681880354881269
leaf_count=110 108 25 50 45 220 21 69 35 21 21 59 21 44 46 41 20 21 23 41 30 58 43 26 24 31 48 71 32 30 26
internal_value=-4.26905e-05 0.00210983 0.0095267 0.00589427 0.00233447 -0.0170886 -0.00730546 -0.000560553 -0.00150757 -0.00170183 -0.00252399 -0.0120538 0.000403898 -0.00199106 0.000105188 -0.00575241 -0.000828366 0.00801509 0.014508 -0.0109715 -0.00414849 0.00157981 0.0153884 -0.0175208 0.000264352 0.00504428 -0.00951082 0.0325942 0.0152792 -0.0248024
internal_weight=424.819 377.189 128.041 110.622 96.3098 47.6305 28.5045 23.8343 80.2969 249.148 242.383 56.9664 185.416 165.561 151.772 87.1981 73.2875 64.5737 48.1184 16.4553 66.7852 51.3452 22.8702 49.7129 14.4411 34.4074 28.475 17.4196 21.7578 35.2718
internal_count=1460 1227 393 336 291 233 125 104 241 834 813 212 601 542 496 280 239 216 163 53 219 161 69 191 55 122 92 57 74 136
is_linear=0
shrinkage=0.05


Tree=96
num_leaves=31
num_cat=0
split_feature=29 28 12 27 45 21 3 12 8 15 46 2 4 8 45 11 11 29 11 11 9 15 5 15 47 17 13 2 8 13
split_gain=5.77572 4.918 3.66821 3.7324 2.68187 2.83648 3.58435 3.95479 2.71032 3.1404 2.61873 2.60812 3.61286 2.90393 2.5132 2.49863 3.20387 3.48915 3.25263 4.56264 2.82727 3.03211 2.86107 2.41545 2.25701 2.24959 2.12726 3.19747 2.98241 2.09156
threshold=-3.4999999999999996 12.500000000000002 7.5000000000000009 18.500000000000004 0.39696969696969703 0.25833333333333336 0.24165739710789771 2.5000000000000004 -0.63809523809523794 14.500000000000002 0.29289215686274517 0.32220986281053027 0.27149877149877155 -0.15402813299232729 0.45227272727272733 -0.82014013118664275 -0.4559093516924842 24.500000000000004 -0.18688725490196076 -0.1017195506503744 3.5500000000000003 7.5000000000000009 -0.093235294117647041 14.500000000000002 -0.05286957704338368 -34.499999999999993 1.5000000000000002 0.15012626262626264 1.0039682539682542 3.5000000000000004
decision_type=8 8 2 8 10 8 10 2 10 2 10 10 10 8 8 10 10 8 10 10 8 2 10 2 10 2 2 8 8 2
left_child=11 4 3 -3 5 6 7 25 9 -8 -9 13 -13 -1 -6 23 -17 -18 -19 -20 21 22 29 26 -15 -2 28 -28 -5 -21
right_child=1 2 -4 15 14 -7 8 10 -10 -11 -12 12 -14 24 -16 16 17 18 19 20 -22 -23 -24 -25 -26 -27 27 -29 -30 -31
leaf_value=0.005359753490884786 0.042394188495129409 -0.03832665615981741 -0.018295215015277689 0.033414681323674554 -0.02698080813119735 0.040895219605640187 0.034727122265309676 0.010276775931656792 0.036836258151880234 -0.010324548948626061 -0.019845312107833288 -0.02172468364734766 0.030975254086088779 -0.036421779162433943 0.013167084186415101 0.020355865063448792 -0.026420708029183448 -0.016690477348752532 0.044855398523318886 -0.0087650900854030125 0.03527189564100304 0.0077426429488297649 -0.021086221420969747 -0.035060072153957005 0.0013159786596898297 0.0019347073072657865 -0.041283119210021008 -0.002032853784333342 -0.0053963654200751207 0.026870624375448782
leaf_weight=6.9740707129240036 7.4911227077245712 6.245671570301055 31.60561141371727 7.0667381137609491 8.448360070586201 8.8133253157138807 6.6119900196790686 11.653459176421167 17.598958119750023 9.3212921470403654 18.946197912096977 7.1401134356856328 5.9724833816289902 25.146298326551918 7.2371784299612054 24.811719492077827 10.78967297077179 18.231464624404907 7.0948073267936698 9.8741482198238391 6.647375375032424 73.193108066916466 22.598225876688957 7.4222423732280722 4.7030760794877997 6.3460499346256238 7.7616576254367828 15.652614653110506 16.524433583021164 7.0627680122852317
leaf_count=27 26 25 133 22 27 28 23 36 56 30 58 34 28 134 23 79 33 58 21 29 20 221 67 34 22 20 26 47 52 21
internal_value=-0.000895668 0.00123124 -0.00227923 -0.000178634 0.0105697 0.0140087 0.0109695 0.00165684 0.0233106 0.00837098 -0.00837373 -0.01687 0.00227891 -0.0236888 -0.0084569 0.0008364 0.00367069 0.00100824 0.00305348 0.00589969 0.00358445 0.0017159 -0.00944168 -0.00855279 -0.0304758 0.0238385 -0.00436724 -0.015044 0.00622949 0.00609516
internal_weight=424.986 375.05 272.582 240.977 102.468 86.7824 77.9691 44.4368 33.5322 15.9333 30.5997 49.936 13.1126 36.8234 15.6855 234.731 180.303 155.492 144.702 126.47 119.376 112.728 39.5351 54.4277 29.8494 13.8372 47.0054 23.4143 23.5912 16.9369
internal_count=1460 1215 888 755 327 277 249 140 109 53 94 245 62 183 50 730 549 470 437 379 358 338 117 181 156 46 147 73 74 50
is_linear=0
shrinkage=0.05


Tree=97
num_leaves=31
num_cat=0
split_feature=15 7 3 8 0 15 17 1 17 1 3 1 45 45 6 6 10 36 1 15 8 1 3 0 4 6 7 37 31 20
split_gain=2.46123 2.49182 3.04605 4.26223 3.60405 2.76488 2.61876 2.23365 1.95945 1.8426 2.939 3.92238 2.47763 5.6146 2.71773 4.29983 3.75143 4.68311 3.73721 2.52944 3.59714 3.92297 3.26753 2.96354 7.4086 4.08778 3.9252 3.30347 3.94317 2.73323
threshold=71.500000000000014 2.4428571428571435 0.19895833333333338 -1.0760555234239442 0.069047619047619066 7.5000000000000009 -49.499999999999993 0.66287878787878796 -61.499999999999993 0.50893141945773535 0.16024691358024692 0.53788748564867983 0.25462962962962971 0.31346423562412346 0.8047619047619049 0.85449735449735453 1.8377192982456141 35.45000000000001 0.35805860805860812 5.5000000000000009 -0.36318150448585224 0.47871376811594207 0.087121212121212141 0.49038105808361082 0.28989813242784385 1.594916344916345 1.048199767711963 125.56250000000001 7.7387612098710141 0.23186188811188815
decision_type=2 8 10 10 10 2 2 10 2 10 8 10 8 8 10 10 10 10 10 2 10 10 10 10 10 10 10 8 8 10
left_child=1 6 3 4 7 -6 8 -3 -1 12 -11 -12 -8 -14 16 -16 17 18 -15 -17 21 -21 -22 26 25 -25 27 -24 -29 -27
right_child=-2 2 -4 -5 5 -7 9 -9 -10 10 11 -13 13 14 15 19 -18 -19 -20 20 22 -23 23 24 -26 29 -28 28 -30 -31
leaf_value=-0.00076100363995815386 -0.019543294299150825 -0.039296141409099428 -0.031017928922378368 -0.038455129768691726 0.055568229143737005 0.0046901993340398252 -0.012224946005259226 0.014897590499310163 -0.039175100253043028 0.033047988001470428 0.030955169236801645 -0.0036325550288426284 0.039396322578585559 0.05499480559322209 -0.043398899934762161 -0.01464938667172367 -0.0082965974035221577 -0.01792055722841145 0.014089093114599566 0.043770158357557758 0.033382950024747379 -0.0085562991508283202 -0.024020360138898276 0.049247684566389921 -0.030314287798310365 -0.020132682216610812 -0.020907577907639727 0.04680460270638833 0.00086806856765174988 0.017694044349091744
leaf_weight=7.3391764461994171 13.791114047169684 4.1834006160497692 11.992477193474768 5.5688464045524624 5.3684841245412809 5.3129060938954353 25.280202127993107 3.4854365736246109 6.0613241121172887 13.45947405695915 11.399702802300451 29.17409809678793 10.834701120853422 11.100108459591871 5.6312672942876807 21.925828523933887 12.85240453481674 5.2853103727102271 11.235384151339529 10.519872978329657 7.1507268249988547 5.4311297088861457 7.8891566544771194 8.3642188012599927 9.8482558578252775 6.1179851740598705 31.826326712965965 6.4150622338056627 17.189692460000515 21.762875951826572
leaf_count=40 71 26 68 35 19 25 100 15 36 49 39 123 37 36 23 91 48 22 45 36 25 22 34 27 44 28 133 20 62 81
internal_value=0.00116347 0.00200336 -0.0104524 -0.000141388 0.0114859 0.0302616 0.00347431 -0.0146654 -0.0181365 0.00447054 0.0128016 0.00608529 0.00256843 0.00433765 0.00244357 -0.000483221 0.0140191 0.0244029 0.0344181 0.00108158 0.00368441 0.0259536 0.000637024 -0.00150309 0.00814168 0.0185907 -0.0085239 0.00399048 0.0133522 0.00939361
internal_weight=353.797 340.006 35.9116 23.9191 18.3502 10.6814 304.094 7.66884 13.4005 290.694 54.0333 40.5738 236.661 211.38 200.546 160.072 40.4732 27.6208 22.3355 154.441 132.515 15.951 116.564 109.414 46.0933 36.2451 63.3202 31.4939 23.6048 27.8809
internal_count=1460 1389 188 120 85 44 1201 41 76 1125 211 162 914 814 777 626 151 103 81 603 512 58 454 429 180 136 249 116 82 109
is_linear=0
shrinkage=0.05


Tree=98
num_leaves=31
num_cat=0
split_feature=29 17 41 46 11 40 46 28 41 6 46 7 7 28 17 15 15 46 0 43 17 3 3 41 45 0 8 2 17 2
split_gain=5.72874 3.84457 4.01702 2.99094 3.13447 2.63795 2.54489 2.89807 2.2376 2.25977 2.47347 2.57439 3.40054 4.74456 2.9302 5.04273 4.51028 3.03417 2.8926 2.59117 2.39359 2.26515 2.25087 2.23431 2.14024 3.34889 2.56798 2.11851 3.13291 2.13162
threshold=3.5000000000000004 11.500000000000002 0.27380952380952378 0.25462962962962971 -1.3537499999999998 26.852487135506006 0.29857397504456334 8.5000000000000018 0.76805094130675589 2.2841614906832302 0.19090909090909094 2.1204395604395612 2.0563492063492066 7.5000000000000009 2.5000000000000004 19.500000000000004 14.500000000000002 0.45227272727272733 0.24621212121212124 0.30384615384615393 -21.499999999999996 0.19895833333333338 0.2215007215007215 -0.67817990080192725 0.38315217391304351 0.49166435120866914 -0.026875901875901827 0.22059143292020003 -8.4999999999999982 -0.19849906191369598
decision_type=10 2 8 10 10 8 8 10 10 10 8 10 8 8 2 2 2 8 10 8 2 10 10 10 10 10 10 10 2 8
left_child=1 8 23 4 -4 -2 -7 -8 9 10 -1 12 13 -12 15 17 -16 18 -15 -18 -19 -11 -13 -3 26 -26 -6 28 -22 -30
right_child=5 2 3 -5 24 6 7 -9 -10 21 11 22 -14 14 16 -17 19 20 -20 -21 27 -23 -24 -25 25 -27 -28 -29 29 -31
leaf_value=0.018096703143211292 -0.031207612823338234 0.011311716480140357 0.032294113503532021 -0.012379548672146336 -0.0091213576213876879 -0.041320280534594883 -0.015363078944069837 0.020053765437642666 0.026800371331063201 0.0022072651730928911 -0.038075045926276301 -0.028265377151611766 0.019066069478885651 -0.042273383787501811 -0.034097296695060834 -0.028762012253934356 -0.024227100748525056 0.043029320615836142 0.0016433150700287788 0.013627430050379863 -0.0070328064547976986 0.031180002837325471 -0.0013831685492629627 0.047629440870662731 0.013781866863647947 -0.027721259067886795 0.015996554568026605 -0.011614107909871781 0.041994661946942319 0.013469930106976977
leaf_weight=11.318794056773184 18.571747571229935 7.6008211970329311 12.771978601813315 19.21908500790596 13.116686701774595 4.518268488347533 13.643222726881506 10.01671653985977 6.726141706109046 31.738305300474167 10.472309134900568 21.440106645226479 15.378825351595877 5.5381076037883785 16.830349877476692 11.876284226775168 6.8050756901502636 5.3910887688398281 11.60926032066345 13.466429844498633 14.031568899750701 8.5672110915184003 12.227865010499952 9.5632534772157651 8.9599840044975299 10.623197630047796 45.383107930421829 10.949653595685957 8.9533594101667386 24.393906846642508
leaf_count=38 108 25 42 56 39 21 69 35 21 94 47 91 47 25 53 39 21 18 41 39 51 26 46 32 28 33 138 34 28 75
internal_value=-7.34763e-05 0.0019843 0.00904867 0.00554049 0.00933122 -0.0165777 -0.00693533 -0.000368937 -0.00164429 -0.0024382 -0.00460806 -0.00596518 -0.00325419 -0.0057005 -0.00308942 0.00166134 -0.0149649 0.00612937 -0.0125405 0.000919792 0.0111536 0.00836562 -0.018502 0.0315467 0.0055752 -0.00873214 0.0103647 0.00820741 0.0127883 0.0211285
internal_weight=421.703 374.953 127.238 110.074 90.855 46.75 28.1782 23.6599 247.715 240.989 200.683 189.364 155.696 140.317 129.845 92.7432 37.1019 80.8669 17.1474 20.2715 63.7196 40.3055 33.668 17.1641 78.083 19.5832 58.4998 58.3285 47.3788 33.3473
internal_count=1460 1227 393 336 280 233 125 104 834 813 693 655 518 471 424 311 113 272 66 60 206 120 137 57 238 61 177 188 154 103
is_linear=0
shrinkage=0.05


Tree=99
num_leaves=31
num_cat=0
split_feature=29 28 12 10 12 5 45 8 45 23 32 2 4 8 47 31 3 11 10 7 6 55 16 9 15 6 6 6 23 9
split_gain=5.36399 4.44884 3.42759 2.53651 2.51363 3.03434 3.35338 3.51256 2.76743 2.73052 3.30136 2.51119 3.32853 2.78907 2.20245 2.19112 2.25161 2.11469 2.8786 3.38239 2.96257 2.74634 2.09832 1.82542 2.87889 3.00774 2.53688 2.36822 3.71565 2.10188
threshold=-3.4999999999999996 12.500000000000002 7.5000000000000009 1.8297101449275364 2.5000000000000004 -0.12532614954666788 0.39696969696969703 -0.62045751633986923 0.28869047619047622 -0.1339285714285714 -1.0000000180025095e-35 0.32220986281053027 0.27149877149877155 -0.15402813299232729 -0.05286957704338368 2.107525783562807 0.21473779385171793 -0.82014013118664275 2.7386363636363638 0.79285714285714304 1.4939024390243905 1.0000000180025095e-35 30.500000000000004 3.5500000000000003 7.5000000000000009 0.75735294117647067 0.89827586206896559 1.3228764478764481 0.23145604395604399 1.4264069264069266
decision_type=8 8 2 10 2 8 10 8 8 10 10 10 10 8 10 8 8 10 8 10 10 2 2 8 2 10 10 10 10 10
left_child=11 4 17 22 -2 -6 7 9 -9 10 -7 13 -13 -1 -15 -10 -17 18 -3 20 -20 23 -4 24 -19 -26 -27 29 -29 -28
right_child=1 2 3 -5 5 6 -8 8 15 -11 -12 12 -14 14 -16 16 -18 21 19 -21 -22 -23 -24 -25 25 26 27 28 -30 -31
leaf_value=0.0051590247601682277 0.023859781539527739 -0.01866274691794061 -0.03427565532681949 0.012897283791023218 -0.02679533369629733 -0.01297156046068197 -0.015370548217963603 -0.0045529886508531795 0.048354876194227389 -0.021817529898596328 0.035393321270830704 -0.021101907111017327 0.029539266229160935 -0.036056215910690845 0.001332084643309325 0.0027012490720693537 0.039812355221938461 -0.0094305943633885732 0.0085216893098504498 0.036616787974588581 -0.034547537599825595 0.023778222708460663 -0.003700026915237656 0.02580986457712179 -0.030082225496824235 0.030242639789074058 0.01555125689479183 0.014335630074088616 -0.015420441994983542 -0.018676784450624113
leaf_weight=6.989396333694458 25.013349145650864 31.407094866037369 17.355576932430274 5.5473720431327811 6.6034429222345352 6.6278818845748901 12.023774832487105 6.8471400737762442 10.921045303344728 9.5468546748161298 7.5448881238698977 6.9929098412394506 6.053790807723999 24.38554755598307 4.6976961195468894 9.0383582115173358 7.4612043499946585 57.25701816380024 11.291022002696996 6.0702911764383307 6.177151456475257 13.913556531071661 8.2922582775354368 6.9331554174423209 5.9511271864175788 10.12009274959564 6.0450967997312572 54.492861300706863 12.992551825940607 17.381776958703995
leaf_count=27 85 103 80 27 20 22 39 20 34 29 26 34 28 134 22 28 24 174 36 19 27 42 26 21 19 29 19 165 45 56
internal_value=-0.000870823 0.00117527 -0.00216792 -0.0177594 0.0100977 0.00560463 0.00866059 0.0136435 0.0238818 -0.00114775 0.0127755 -0.0164024 0.00239607 -0.0232014 -0.030017 0.0309821 0.0194831 -0.000141615 -0.00875512 0.00446451 -0.00670859 0.00241542 -0.0243902 0.000678977 -0.000381884 0.00446094 0.00649564 0.00385219 0.00860688 -0.00984454
internal_weight=421.975 372.856 271.228 31.1952 101.628 76.6146 70.0111 57.9874 34.2677 23.7196 14.1728 49.1193 13.0467 36.0726 29.0832 27.4206 16.4996 240.033 54.9456 23.5385 17.4682 185.087 25.6478 171.174 164.241 106.984 101.032 90.9123 67.4854 23.4269
internal_count=1460 1215 888 133 327 242 222 183 106 77 48 245 62 183 156 86 52 755 185 82 63 570 106 528 507 333 314 285 210 75
is_linear=0
shrinkage=0.05


Tree=100
num_leaves=31
num_cat=0
split_feature=15 7 8 3 9 17 17 22 3 31 30 4 37 3 47 4 8 8 21 19 11 8 16 14 17 27 8 14 17 15
split_gain=2.2603 2.3356 2.9486 4.37863 2.71125 2.40687 1.92584 1.72761 3.3677 3.10162 3.32799 3.25715 2.85195 2.90402 2.45213 2.48374 5.05615 4.34021 3.10766 3.07392 2.36743 5.3556 2.53297 2.31264 2.13155 4.33866 3.62968 2.88523 2.64533 2.79828
threshold=71.500000000000014 2.4428571428571435 -1.0760555234239442 0.19744964262508125 1.6594202898550727 -49.499999999999993 -61.499999999999993 0.06458333333333334 0.28989813242784385 0.87965281125489481 3.479186213202814 0.17425810904071776 165.16250000000005 0.32071428571428579 0.10128205128205127 0.2302494802494803 0.8463573463573465 0.68819444444444455 0.41428571428571431 0.34523809523809529 -0.1353368176538908 -0.14021254434788263 13.500000000000002 -1.4999999999999998 -2.4999999999999996 20.500000000000004 -0.5045454545454543 4.5000000000000009 1.0000000180025095e-35 17.500000000000004
decision_type=2 8 10 8 10 2 2 10 10 10 10 10 10 10 8 10 8 8 10 8 10 10 2 2 2 8 10 2 2 2
left_child=1 5 3 4 -3 6 -1 12 9 11 23 -9 13 14 -7 18 17 20 19 24 21 -17 -22 -11 26 27 -16 -26 -27 -30
right_child=-2 2 -4 -5 -6 7 -8 8 -10 10 -12 -13 -14 -15 15 16 -18 -19 -20 -21 22 -23 -24 -25 25 28 -28 -29 29 -31
leaf_value=-0.00039915875476855158 -0.018908595509415274 -0.0067807764767301593 -0.038152302315182164 -0.023957671542418929 0.035792653528931399 -0.023548124135152938 -0.03893773727458176 0.039465896689806046 -0.01182435486506892 0.058972077014868812 0.0036135700945880869 0.00034024043176189464 -0.015401479280333622 0.019830181457472749 0.042755314343913664 0.053247749856696815 -0.02844539368115542 0.042108613481859528 0.04093985959172694 -0.032284031407460514 0.00023495628806512655 -0.0055220864692716049 -0.036502507841444841 0.019513621024221058 0.041691237328629338 -0.028453154633585245 0.0037662401711072804 0.0041702998157843469 0.015922453956751226 -0.014323280681881765
leaf_weight=7.2737527936697006 13.503041118383406 7.0947986170649546 7.4470002055168143 13.033300489187239 7.9079221189022064 9.1725435703992826 5.8478898480534536 6.4061101078987113 13.402878567576407 9.4777583330869675 7.8638038337230673 31.354122653603554 21.119610004127026 25.061217352747917 10.375734850764276 5.2138358950614956 16.548905856907368 6.3641586154699317 6.6776202842593184 5.0567025393247595 11.409308284521105 15.113128662109373 7.9691463261842719 6.1054700016975412 9.5586827248334973 10.315443858504294 14.055744960904113 11.042516835033892 15.321884185075762 15.267060726881025
leaf_count=40 71 33 49 77 29 35 36 20 57 33 32 120 94 87 33 17 79 21 24 22 43 58 35 21 34 43 50 47 56 64
internal_value=0.0011524 0.0019518 -0.010186 -0.00275753 0.0156596 0.00337145 -0.0175746 0.00431837 0.0108764 0.0158473 0.0301309 0.006978 0.00204936 0.00394401 0.00159466 0.00303345 -0.00473979 0.00377563 0.00801698 0.00560092 -0.00236855 0.00955229 -0.0148729 0.0435124 0.00783015 0.00286713 0.0203244 0.0215795 -0.00655723 0.000826691
internal_weight=352.361 338.858 35.483 28.036 15.0027 303.375 13.1216 290.253 74.6101 61.2073 23.447 37.7602 215.643 194.524 169.462 160.29 62.6185 46.0696 97.6714 90.9938 39.7054 20.327 19.3785 15.5832 85.9371 61.5056 24.4315 20.6012 40.9044 30.5889
internal_count=1460 1389 188 139 62 1201 76 1125 283 226 86 140 842 748 661 626 253 174 373 349 153 75 78 54 327 244 83 81 163 120
is_linear=0
shrinkage=0.05


Tree=101
num_leaves=31
num_cat=0
split_feature=29 17 44 15 9 10 20 23 42 3 9 6 6 46 32 13 13 17 16 10 11 3 4 5 17 8 6 17 6 11
split_gain=5.26893 3.47758 2.64916 4.06371 3.43808 3.11356 2.45792 2.91879 3.36509 3.31461 2.74261 2.29648 3.35378 3.94606 2.18753 2.26612 3.51188 4.19676 2.10578 2.42999 2.61104 2.33269 2.4805 4.16418 2.6496 2.45762 3.52184 2.90357 2.7021 2.39145
threshold=3.5000000000000004 11.500000000000002 -0.36349520045172212 16.500000000000004 1.9069264069264071 1.3645104895104898 0.65476190476190499 0.324561403508772 0.10263157894736843 0.17222840192806826 0.99090909090909107 1.3357843137254903 1.4677083333333336 0.49358974358974367 4.040433569760908 14.500000000000002 7.5000000000000009 -22.499999999999996 26.500000000000004 2.3038461538461541 -0.95346320346320335 0.37171052631578955 0.23606811145510839 -0.04813664596273292 4.5000000000000009 0.41352564102564121 1.1589473684210529 -2.4999999999999996 2.2422222222222228 -0.4559093516924842
decision_type=10 2 10 2 10 10 10 8 8 10 10 10 10 8 10 2 2 2 2 10 8 10 8 10 2 10 10 2 8 8
left_child=1 14 3 -2 -4 -6 7 8 -3 -10 -9 -11 -13 -14 15 16 17 -1 19 20 -19 22 23 -22 -24 26 -25 -28 -27 -29
right_child=2 6 4 -5 5 -7 -8 10 9 11 -12 12 13 -15 -16 -17 -18 18 -20 -21 21 -23 24 25 -26 28 27 29 -30 -31
leaf_value=0.040433373260737121 -0.017660412496035026 0.032521818700768014 -0.035019469258970495 0.036881731102254074 0.030030140822481025 -0.029951377139662824 -0.015020217157368738 0.042032582856249556 -0.02510163077101811 0.023491072762647267 0.011265194884919746 -0.01673594407087271 -0.014408504092944103 0.022002463372129171 0.025050591623380403 0.025600268639851043 -0.016776235963409044 0.026045323242942904 -0.027330011285700645 -0.014335006987278805 -0.02001054486849782 -0.023342151942280846 0.019326968719254066 -0.010367709033525897 -0.0063130600282107069 -0.036489209911551516 -0.0015070542898986082 0.0078444234421692939 0.0063162956918152591 0.044725675561862958
leaf_weight=6.0752646774053565 9.968949541449545 10.530388817191122 22.038952097296718 5.1945619583129874 4.6476709246635419 4.04782535135746 10.117147818207739 12.489933744072916 9.5986693203449232 15.073742911219595 17.241771906614304 17.168323844671249 10.943845480680464 23.249074816703796 7.4759516119956961 7.006201058626174 39.820658877491951 10.348773524165152 7.7390387058258048 27.577148482203484 25.862859852612019 9.9283128380775434 31.413407295942307 14.195083409547804 14.833842650055884 6.8613595068454716 10.244623720645903 6.8565665483474731 7.9682057499885568 12.244510620832449
leaf_count=22 48 33 126 18 22 19 32 41 29 45 54 52 33 74 22 25 164 31 29 84 93 36 98 52 44 21 35 20 23 35
internal_value=-9.21606e-05 0.00187558 -0.0160777 0.00102408 -0.0245152 0.00210825 0.00861781 0.0106742 0.00603193 0.00236317 0.0241902 0.00633134 0.00129522 0.0103487 -0.00158272 -0.0024159 -0.00326207 -0.000461418 -0.00179662 -0.000688573 0.00180768 2.12592e-05 0.00179899 -0.00330922 0.0111029 0.00409085 0.0100784 0.0199685 -0.013489 0.0314867
internal_weight=418.763 372.865 45.898 15.1635 30.7344 8.6955 126.413 116.296 86.564 76.0337 29.7317 66.435 51.3612 34.1929 246.452 238.976 231.97 192.149 186.074 178.335 150.758 140.409 130.48 84.2332 46.2472 58.3703 43.5408 29.3457 14.8296 19.1011
internal_count=1460 1227 233 66 167 41 393 361 266 233 95 204 159 107 834 812 787 623 601 572 488 457 421 279 142 186 142 90 44 55
is_linear=0
shrinkage=0.05


Tree=102
num_leaves=31
num_cat=0
split_feature=27 23 27 2 46 8 11 13 24 44 30 20 40 12 37 37 19 20 11 15 0 8 55 46 8 9 8 9 7 7
split_gain=3.32645 3.88235 3.1113 4.37414 4.35487 3.93507 2.81196 2.74121 2.6457 2.55895 2.50582 2.52656 2.47969 2.77416 2.50367 3.13599 2.47957 2.52837 2.05009 4.0499 2.71537 2.02004 2.53511 2.294 3.42721 1.90852 2.89383 2.62719 5.5015 3.68436
threshold=52.000000000000007 -0.083946078431372514 17.500000000000004 0.47907913165266114 0.39696969696969703 -0.13333333333333305 -1.0165081735955519 8.5000000000000018 1.0000000180025095e-35 0.20732636928289103 2.4032561733691682 0.17222222222222228 25.239285714285717 7.5000000000000009 159.28750000000005 485.87500000000006 0.58571428571428574 -0.14642857142857138 0.69821428571428579 15.500000000000002 0.37089947089947095 -1.9752747252747251 1.0000000180025095e-35 0.23303167420814483 -0.30725524475524463 1.2138095238095239 0.061796536796536856 1.5472370766488417 1.4243044189852703 1.2253968253968257
decision_type=10 8 8 10 10 10 8 2 2 8 10 8 8 2 8 8 10 10 10 2 10 8 2 8 8 8 10 10 10 8
left_child=1 7 3 4 6 -6 -3 8 16 -8 11 -11 -4 14 -14 -16 17 -1 20 -20 -9 -17 23 24 -23 -25 -27 29 -29 -28
right_child=-2 2 12 -5 5 -7 9 18 -10 10 -12 -13 13 -15 15 21 -18 -19 19 -21 -22 22 -24 25 -26 26 27 28 -30 -31
leaf_value=-0.018965023079256467 0.029968389748406422 0.015104585241662678 0.024511538369158609 0.037192947616733717 -0.023777269487903641 0.030130451227489981 -0.034820108948618207 0.03912149050008689 0.026342957220175947 0.024921673522015995 -0.033038247099477801 -0.014887428264226355 -0.024748649252556681 -0.022115887660040676 0.029227657490250376 0.02458137382892979 0.021546080135458848 0.011610835507748456 0.029864028629737489 -0.022033140052484926 0.010941329472024121 -0.0096376308251707576 0.018402359841068194 -0.016707623683995001 0.042071195040290943 -0.0084202926675725608 0.04776833879581862 -0.018636222507018272 0.028041771941812219 -0.0028367212700008831
leaf_weight=27.084004163742062 8.5849568545818311 4.9677305445075035 8.9603899568319303 4.175649791955947 5.4792296737432471 8.8580475673079473 28.394089892506603 13.652017399668692 7.3576050400733939 5.7154815122485161 10.796170212328432 13.169374562799932 10.284887522459028 16.378543108701706 9.0956528186798078 7.4836563467979431 6.8177452981472006 9.0105688869953173 6.4767463058233252 8.9594020545482618 22.86622166633606 6.3259276300668716 14.070646703243254 30.185444131493568 6.4940209537744504 75.863330334424973 8.0382376909255946 16.931632488965992 10.064780965447424 6.5095313638448724
leaf_count=80 28 24 30 19 18 32 133 47 22 22 54 63 36 68 27 22 20 26 24 29 72 20 42 112 20 228 28 64 29 21
internal_value=-0.000834849 -0.0014791 -0.00427943 -0.0126543 -0.0153442 0.00952872 -0.0210009 0.00696488 -0.0013589 -0.0240893 -0.0138238 -0.00283925 -0.00126636 -0.00232724 -0.000717539 0.000576052 -0.00610857 -0.0113321 0.0150188 -0.000257967 0.0214762 -0.000856102 -0.00194712 -0.00373208 0.0165558 -0.00549429 -0.00261134 0.00799631 -0.00123377 0.0251246
internal_weight=419.052 410.467 308.242 81.5558 77.3801 14.3373 63.0428 102.224 50.2699 58.0751 29.681 18.8849 226.687 217.726 201.348 191.063 42.9123 36.0946 51.9544 15.4361 36.5182 181.967 174.484 160.413 12.8199 147.593 117.408 41.5442 26.9964 14.5478
internal_count=1460 1432 1112 365 346 50 296 320 148 272 139 85 747 717 649 613 126 106 172 53 119 586 564 522 40 482 370 142 93 49
is_linear=0
shrinkage=0.05


Tree=103
num_leaves=31
num_cat=0
split_feature=15 7 8 3 0 15 17 1 1 3 45 45 10 4 5 40 40 17 47 36 43 3 16 20 10 17 8 13 15 18
split_gain=2.10198 2.19159 2.83291 4.03477 2.68395 2.44993 2.20106 2.12083 3.50322 3.62313 2.02549 5.89081 2.23489 1.96911 4.17327 1.89669 3.25943 2.49319 2.17796 1.8858 1.81989 3.39943 2.37526 1.65502 2.29863 2.27583 2.15182 3.0795 2.95813 3.08872
threshold=73.500000000000014 2.4428571428571435 -1.0760555234239442 0.19744964262508125 0.069047619047619066 7.5000000000000009 -44.499999999999993 0.51887464387464399 0.53614982578397219 0.16024691358024692 0.25462962962962971 0.31346423562412346 0.8799879987998801 0.26726190476190481 -0.040373898932027329 26.661027568922311 26.176986584107329 -16.499999999999996 0.13310023310023311 510.10000000000008 0.43167701863354041 0.21975609756097564 44.500000000000007 0.14642857142857146 1.1620405101275322 34.500000000000007 -0.36318150448585224 2.5000000000000004 38.500000000000007 0.13809523809523813
decision_type=2 8 10 8 10 2 2 10 10 8 8 8 10 10 8 10 10 2 10 10 8 8 2 10 8 2 8 2 2 10
left_child=1 6 3 4 -3 -6 -1 10 -9 -10 13 -12 -13 14 -8 16 18 -17 19 23 22 -22 -11 26 -25 -26 27 -14 29 -28
right_child=-2 2 -4 -5 5 -7 7 8 9 20 11 12 15 -15 -16 17 -18 -19 -20 -21 21 -23 -24 24 25 -27 28 -29 -30 -31
leaf_value=-0.013847123425188908 -0.019756572651768903 -0.019070464012629192 -0.03794148739320323 -0.023502925776243508 0.051076328648056279 0.0037788300504273727 0.02579997568420081 0.044085072628632482 0.033323796105987097 -0.04081079136089466 0.039164371569553123 0.026182171616068048 -0.025650778022188927 -0.031061177849053746 -0.023406223040407514 0.0075989517067941411 0.03908506959113521 -0.041061780742523361 0.030714768594795917 -0.023613714421032977 -0.013139128419826252 0.029860830771584745 0.0081300790110381809 -0.020684045064406461 0.019093187784586192 -0.014981866166905528 -0.0057311269661488515 0.013122238238681156 0.028553116556451437 -0.037688268862021368
leaf_weight=17.80624295771122 11.650377862155436 4.2567659765481975 7.2004589289426795 12.763750605285166 5.5431702584028226 5.4100533872842789 7.7995807379484177 8.0252932310104352 10.209195218980311 5.4566045105457324 11.260196849703787 9.1310421973466855 6.0137695521116248 8.2289762496948224 9.6283490061760002 4.7070817425847054 5.7585255429148665 5.9720133394002897 5.9059305042028418 8.1673073619604093 9.3820347636938113 9.0107067525386793 4.543483704328537 5.5311676338315001 31.782185450196266 5.7933111414313307 65.442103877663612 34.498672045767307 5.5095738321542731 8.548777684569357
leaf_count=98 62 18 49 77 19 26 28 25 36 26 38 31 26 35 39 21 22 28 19 40 38 34 20 22 114 30 257 125 20 37
internal_value=0.00112598 0.00184304 -0.00997298 -0.00277387 0.0146213 0.027715 0.00320971 0.00427052 0.0140272 0.00777822 0.00237245 0.0039639 0.00200907 -0.010903 -0.00138481 0.000869141 0.00206473 -0.0196133 0.000861617 -0.000167713 -0.00140719 0.00792679 -0.0185748 0.00100622 0.00940972 0.0138396 -0.00201219 0.00736667 -0.00679154 -0.0094234
internal_weight=350.937 339.286 35.1742 27.9737 15.21 10.9532 304.112 286.306 46.6273 38.602 239.679 214.022 202.761 25.6569 17.4279 193.63 182.951 10.6791 177.193 171.287 28.3928 18.3927 10.0001 163.12 43.1067 37.5755 120.013 40.5124 79.5005 73.9909
internal_count=1460 1398 189 140 63 45 1209 1111 179 154 932 830 792 102 67 761 712 49 690 671 118 72 46 631 166 144 465 151 314 294
is_linear=0
shrinkage=0.05


Tree=104
num_leaves=31
num_cat=0
split_feature=28 45 27 7 30 16 46 31 54 8 6 27 16 8 0 9 1 11 48 9 4 16 39 39 36 41 32 9 9 43
split_gain=4.6143 3.79973 3.79531 2.81556 3.78944 4.26714 3.67812 3.12805 2.66697 2.64538 2.62473 2.59612 2.57293 2.35593 2.35073 2.19487 3.21659 2.1894 2.17885 2.14767 2.09082 1.98068 1.87066 1.87617 1.82058 1.75073 3.02622 2.3344 3.35419 2.80611
threshold=7.5000000000000009 0.32795698924731187 12.500000000000002 1.0090909090909093 1.7926456271808611 15.500000000000002 0.45227272727272733 5.3332926424530402 1.0000000180025095e-35 -1.9752747252747251 2.4932432432432434 2.5000000000000004 13.500000000000002 0.22222222222222229 0.45889639639639646 1.8596059113300496 0.51587701612903236 -0.62554347826086942 0.34523809523809529 1.6162029459901801 0.19785943223443225 37.500000000000007 24.963571889103807 25.593992248062019 228.28750000000002 1.1239361702127655 -0.15136559139655545 1.3699248120300755 1.7669683257918554 0.11437908496732027
decision_type=8 10 8 8 10 2 8 8 2 8 10 8 2 10 8 8 8 8 8 10 8 2 8 8 10 8 8 10 10 8
left_child=1 15 3 4 5 24 7 -5 9 -4 18 -3 -10 -12 -6 21 -17 -8 -11 -15 -13 -1 -20 -24 -2 -25 -27 -28 -29 -30
right_child=2 11 8 6 14 -7 17 -9 12 10 13 20 -14 19 -16 16 -18 -19 22 -21 -22 -23 23 25 -26 26 27 28 29 -31
leaf_value=-0.010312425534892811 -0.015323796381515023 0.031852498547520619 -0.030549120657467406 0.01973017779874247 0.043997977819772945 -0.046130847420640164 0.0061423541372049237 -0.023573314547783136 0.031923115543450641 0.02219410402312675 0.037008367381318213 -0.030280398236364209 -0.0065361355340140303 0.016300030891864055 0.003384467654406231 -0.02700180537803859 0.03913614552561679 0.039638889668908599 0.022841547252698449 -0.01130635796700742 0.010175932847559122 -0.038103471237885517 -0.031586664557645083 0.018164992086979186 0.023117208207920986 -0.035466172439276238 0.0019046895918275995 -0.020239553176066537 0.022788497035531177 -0.0066827136856747616
leaf_weight=9.4960934892296809 6.2813459038734454 6.0073820650577572 7.8846376240253448 10.214927196502687 5.9940805435180637 6.6664390116929999 6.4091497510671616 7.0474730134010306 11.652716383337976 8.131958991289137 7.1597715914249411 5.7815027683973286 6.9380276054143897 17.205774903297428 8.784246489405632 4.3080759942531577 3.2068043574690819 20.423308297991756 6.21659816801548 11.930036321282385 7.134767249226571 19.736133702099323 6.4271934330463409 8.4253388047218305 6.0435399860143661 7.8786452859640121 90.192813292145729 40.274890244007111 9.9972361177206022 42.049995720386505
leaf_count=42 20 18 34 32 20 20 21 21 35 27 20 22 23 51 29 27 19 69 21 36 26 112 23 28 21 29 286 139 34 155
internal_value=-0.000108927 -0.0135058 0.00196146 0.0117347 0.00087015 -0.0139049 0.0200553 0.00205128 -0.000733594 -0.00202364 -0.00114469 0.00469713 0.0175702 0.011311 0.0198573 -0.0228798 0.00122106 0.031638 -0.00320343 0.00499624 -0.00793289 -0.0290755 -0.00418012 -0.00499856 0.00352585 -0.00413905 -0.00512605 -0.00381636 -0.00940546 -0.00102188
internal_weight=415.901 55.6708 360.23 77.8645 33.7697 18.9913 44.0949 17.2624 282.366 263.775 255.89 18.9237 18.5907 36.2956 14.7783 36.7471 7.51488 26.8325 219.595 29.1358 12.9163 29.2322 211.463 205.246 12.3249 198.819 190.394 182.515 92.3221 52.0472
internal_count=1460 266 1194 253 110 61 143 53 941 883 849 66 58 107 49 200 46 90 742 87 48 154 715 694 41 671 643 614 328 189
is_linear=0
shrinkage=0.05


Tree=105
num_leaves=31
num_cat=0
split_feature=7 29 17 7 3 32 0 30 43 11 30 40 5 43 3 45 51 11 7 15 6 4 57 15 18 16 17 0 45 11
split_gain=3.95432 4.55573 4.25684 3.8118 3.57308 4.02106 3.2505 2.98408 7.63037 2.97286 2.9203 2.49817 3.06721 2.67391 2.14771 2.08968 2.40619 2.25839 2.19871 3.69847 2.02136 2.28601 2.3217 3.88442 2.75072 2.01137 2.64254 1.85558 1.78901 1.99599
threshold=2.1120071684587818 -1.4999999999999998 8.5000000000000018 1.8582589285714288 0.29679679679679688 -4.0404335697609062 0.53248945147679339 1.6663331665265237 1.0000000180025095e-35 -1.5916666666666666 3.0175632269705921 26.73629343629344 -0.050252525252525236 0.21130952380952384 0.37797619047619052 0.16025641025641027 0.49489795918367352 2.2613636363636371 1.2253968253968257 14.500000000000002 1.1695402298850577 0.21370023419203749 1.0000000180025095e-35 9.5000000000000018 0.36931818181818188 2.5000000000000004 -2.4999999999999996 0.31909090909090915 0.19090909090909094 0.71666666666666679
decision_type=8 10 2 10 8 8 10 8 8 10 10 8 8 10 10 8 10 8 10 2 10 10 2 2 10 2 2 8 10 8
left_child=1 2 3 9 5 -3 11 8 -4 -1 15 12 -7 -14 -6 -11 17 18 19 25 -2 22 23 -22 -24 -17 -27 -12 29 -25
right_child=20 4 7 -5 14 6 -8 -9 -10 10 27 -13 13 -15 -16 16 -18 -19 -20 -21 21 -23 24 28 -26 26 -28 -29 -30 -31
leaf_value=-0.024017015933699492 0.019093629663961883 0.037501928520285131 0.038025021584486798 -0.029046877806904809 0.038003087806862713 -0.021928669234911043 0.02350862546710452 -0.022202102007560925 -0.030299424966319228 0.027997694989491891 -0.0033670056324559697 -0.018245379520954976 0.040003386912235796 -0.000153745909527771 0.0026226554308493477 -0.023484527163054353 0.032217245000697177 0.036092045309497403 -0.0058136455317067022 0.046423997745610651 -0.028973349288620887 0.028433264075453893 0.026696627751460929 0.0012749372748918474 -0.01283900362828262 -0.0061614620919782197 0.031126457428144724 -0.036743409637614348 -0.013660110270396125 0.039599397456862105
leaf_weight=11.96278131008148 29.614925898611546 6.8265685439109802 7.738156437873843 12.373539358377455 12.224744945764543 8.1431003957986814 9.8369840979576093 58.242191962897778 8.658862076699732 8.9886626899242383 9.9970125555992144 27.519587203860283 6.7112398296594682 10.842416957020758 6.607820212841033 5.8937164545059266 6.570686161518096 4.3827119767665854 65.333158910274506 5.7811278998851767 13.525932341814039 7.9332573711872092 13.223694965243341 9.2535813897848165 6.5931146889924994 11.051012486219411 8.3351914137601799 7.1374022215604773 8.3528782650828344 5.3683370724320385
leaf_count=38 91 20 35 39 40 26 29 278 45 27 38 85 22 35 21 22 21 13 203 19 42 24 39 30 21 34 30 30 29 20
internal_value=-0.000741447 -0.00337998 -0.0070589 -0.00240547 0.0062596 0.00105032 -0.00289617 -0.0168975 0.00194456 -0.000138811 0.00200136 -0.00777707 0.00343382 0.0151994 0.0255891 0.00483972 0.00290061 0.000989152 -0.000606855 0.010345 0.00828622 0.00330479 -0.000234973 -0.00771525 0.013543 0.00209429 0.00987066 -0.0172701 0.00480002 0.0153455
internal_weight=415.024 321.159 232.446 157.807 88.7125 69.8799 63.0533 74.6392 16.397 145.433 133.471 53.2163 25.6968 17.5537 18.8326 116.336 107.348 100.777 96.3942 31.061 93.8657 64.2508 56.3175 36.5007 19.8168 25.2799 19.3862 17.1344 22.9748 14.6219
internal_count=1446 1150 872 514 278 217 197 358 80 475 437 168 83 57 61 369 342 321 308 105 296 205 181 121 60 86 64 68 79 50
is_linear=0
shrinkage=0.05


Tree=106
num_leaves=31
num_cat=0
split_feature=57 44 29 15 45 46 46 32 1 17 20 52 14 1 20 20 8 32 1 0 4 1 39 28 1 11 20 15 45 6
split_gain=3.69007 3.82069 4.14769 3.62482 2.69206 2.94557 3.98193 3.58516 3.46207 3.07568 6.36259 3.7884 3.01869 2.59349 2.55081 3.03604 2.93939 2.49691 2.37227 3.35824 3.31514 2.62833 2.91144 2.49566 2.72124 3.60063 2.36142 2.90709 2.70951 2.34394
threshold=1.0000000180025095e-35 -0.69696969696969691 -49.999999999999993 38.500000000000007 0.126984126984127 0.25462962962962971 0.28869047619047622 5.246093519816668 0.47434210526315795 18.500000000000004 0.12293956043956046 0.46590909090909099 -3.4999999999999996 0.53390804597701158 -0.35136554621848731 0.23186188811188815 0.3032871083718543 4.0757182539282999 0.57259953161592514 0.19677419354838713 0.16400925024342747 0.35805860805860812 25.424107142857146 29.500000000000004 0.24621212121212124 0.22222222222222224 0.33946078431372556 25.500000000000004 0.27922077922077926 1.6090353260869568
decision_type=2 10 10 2 8 10 10 10 8 2 10 8 2 8 8 10 8 10 8 10 10 10 10 10 10 10 8 2 10 8
left_child=4 3 -3 -2 -1 7 -7 9 -8 10 18 -11 17 -14 -4 16 29 -10 21 -20 -21 22 23 24 -6 -26 27 28 -12 -16
right_child=1 2 14 -5 5 6 8 -9 12 11 26 -13 13 -15 15 -17 -18 -19 19 20 -22 -23 -24 -25 25 -27 -28 -29 -30 -31
leaf_value=-0.021659020150881607 -0.032365160388361271 0.040018872289280208 -0.040108177068454702 0.013574164688482104 -0.0071551885225801587 0.047528737072660587 -0.0043697549329811862 -0.040281145569792107 -0.016418105564901246 0.026031276999136932 0.043672967185116082 -0.016495259856163028 0.051432029514414938 0.01003820302845046 0.0081549665926315545 -0.027973202971863915 0.040357152975307502 0.031268117770328833 -0.0086557006252827064 0.041729296856109044 0.0031943228151363142 -0.014976347970578641 -0.02851954525931881 0.034519918993617137 0.031254985408811699 -0.017525509207611926 0.0052636872353811429 0.063802524854129614 -0.0037942842402556008 -0.032559976585784092
leaf_weight=10.694176472723482 23.422121427953247 5.5344426780939093 4.8690808564424515 5.2578690350055686 29.212066769599915 7.5598843693733206 25.885595537722111 5.1192228794097892 7.2043441832065582 6.1647332832217216 6.7821248322725314 34.796195447444916 9.6882783025503141 6.2091804891824731 14.671703398227697 8.0506056547164899 5.3065035790204993 4.4349646642804146 12.837004788219927 11.749559603631498 10.631305001676081 32.526961959898472 6.6937826871871939 6.9021375626325598 13.25457574427128 5.2937756627798072 8.4225314334034938 6.6163502633571616 5.4001236408948898 4.6569295078515998
leaf_count=45 123 21 26 22 107 23 101 27 33 26 23 164 30 25 58 43 19 19 63 47 48 140 30 23 48 21 30 20 21 20
internal_value=0.000290236 -0.0098026 -0.000390722 -0.0239432 0.00293311 0.00393162 0.0135647 0.00102925 0.0087584 0.00210119 0.00529692 -0.0100949 0.0210994 0.0352646 -0.00634587 -0.00131642 0.00739485 0.00175194 0.000664963 0.0117312 0.0234245 -0.00348624 0.00260503 0.00641644 0.00235504 0.0173328 0.0272648 0.0371222 0.0226318 -0.00165466
internal_weight=345.848 71.7693 43.0893 28.68 274.079 263.385 60.9822 202.402 53.4224 197.283 156.322 40.9609 27.5368 15.8975 37.5548 32.6857 24.6351 11.6393 129.101 35.2179 22.3809 93.8833 61.3563 54.6626 47.7604 18.5484 27.2211 18.7986 12.1822 19.3286
internal_count=1446 332 187 145 1114 1069 231 838 208 811 621 190 107 55 166 140 97 52 527 158 95 369 229 199 176 69 94 64 44 78
is_linear=0
shrinkage=0.05


Tree=107
num_leaves=31
num_cat=0
split_feature=29 8 30 46 5 3 3 11 4 31 29 1 43 39 1 6 52 28 11 9 46 10 11 5 21 7 11 2 0 11
split_gain=4.80993 4.69977 3.46784 3.2867 4.27939 3.03426 3.67692 3.15256 2.86297 3.18165 3.09838 2.90916 2.6904 4.81652 4.23794 2.56703 2.51592 2.47842 2.46604 4.35099 2.26178 2.16362 2.35814 2.31468 2.13431 2.01266 2.29014 4.06126 2.49021 2.36412
threshold=1.5000000000000002 -1.9752747252747251 0.87965281125489481 0.24264705882352944 -0.093235294117647041 0.17974358974358975 0.16024691358024692 -0.2693297101449274 0.28708791208791212 3.8994590787632228 -12.499999999999998 0.57795138888888897 0.35500000000000004 26.765367965367968 0.62854030501089342 1.7475490196078434 0.36130536130536134 19.500000000000004 0.19096980255516852 1.2291505791505795 0.43167701863354041 1.1186635944700463 -0.60661802355350736 0.011324786324786328 0.15476190476190479 0.35416666666666669 -0.78660714285714273 0.2116720085470086 0.62563131313131326 -0.37391975308641973
decision_type=10 8 10 10 8 8 10 8 8 10 10 8 8 10 8 10 10 10 8 10 8 10 10 10 10 8 8 8 10 8
left_child=1 -1 3 5 15 6 -3 -8 11 -10 -11 18 13 17 20 -5 25 -2 19 24 -14 -6 -23 -24 -4 -7 27 -27 29 -28
right_child=12 2 8 4 21 16 7 -9 9 10 -12 -13 14 -15 -16 -17 -18 -19 -20 -21 -22 22 23 -25 -26 26 28 -29 -30 -31
leaf_value=-0.037669392265314849 -0.032686202117233644 0.0011837233276629055 -0.015513323293398993 -0.014919941519488467 -0.036237568108225419 0.036334156047306762 0.00026753654547106976 -0.043334048356108754 0.043017183761273926 0.030442515003403971 -0.016040663857098202 0.035284819104141288 0.04406076997690006 0.031336454010204455 -0.03353830987548722 0.030567306547796238 -0.021241132117917567 0.005946668897862468 -0.01791706650803692 0.028169948512044421 0.0021385510846933862 -0.038594505217077073 -0.020618026909193884 0.017236273912245248 0.0092951715799465973 0.045773054444412563 -0.013269741084153236 -0.0020134856276695181 0.033563204834425417 0.0070269244784493118
leaf_weight=7.0753206089138985 28.489915080368519 61.866734050214291 16.882779732346535 5.0449977815151206 13.407062530517576 6.7522769868373862 7.1384245455265045 9.8886374384164828 13.059449315071108 7.7531500607728958 6.668266683816908 7.6401769369840613 4.916390262544156 3.9496479332447043 5.9799072518944731 8.0519146025180799 6.8969911634922019 4.8595828860998145 11.874104738235472 16.888461276888847 9.309985488653183 5.6259792596101752 7.7973683327436509 8.3766765221953374 17.820721343159676 9.9850188195705396 18.379633471369743 8.0153355747461337 7.0262834578752509 65.389331541955471
leaf_count=32 155 209 51 21 52 21 22 33 42 28 20 22 19 17 29 24 20 20 36 52 39 18 26 29 60 30 57 24 21 217
internal_value=0.000502267 0.00267356 0.00349324 0.000357669 -0.0113552 0.00316775 -0.00447908 -0.0250545 0.0114332 0.025139 0.00894933 0.00613615 -0.0129133 -0.0208734 0.00178033 0.0130454 0.00809476 -0.0270567 0.00262718 0.00735552 0.0166261 -0.0204321 -0.0107117 -0.00101296 -0.00277382 0.0098458 0.00820183 0.0244943 0.00497182 0.00257366
internal_weight=412.811 355.305 348.23 249.643 48.304 201.339 78.8938 17.0271 98.5871 27.4809 14.4214 71.1062 57.5054 37.2991 20.2063 13.0969 122.445 33.3495 63.4661 51.592 14.2264 35.2071 21.8 16.174 34.7035 115.548 108.796 18.0004 90.7952 83.769
internal_count=1446 1167 1135 824 170 654 264 55 311 90 48 221 279 192 87 45 390 175 199 163 58 125 73 55 111 370 349 54 295 274
is_linear=0
shrinkage=0.05


Tree=108
num_leaves=31
num_cat=0
split_feature=28 15 2 4 7 47 44 10 55 49 2 45 11 46 5 40 17 1 42 4 4 11 11 7 44 46 5 11 11 26
split_gain=4.01755 3.89035 3.92721 4.79169 3.52927 3.52693 3.28614 3.78947 2.74498 2.41626 2.74639 2.39766 3.66461 2.34734 2.74786 2.45473 2.52185 2.19212 2.21327 3.90217 2.15382 3.31988 2.64068 2.24637 2.34159 2.14326 2.03083 2.29617 1.96553 1.91592
threshold=4.5000000000000009 28.500000000000004 0.42965573326104639 0.27149877149877155 2.01685393258427 -0.05286957704338368 0.075595238095238118 1.8596059113300496 1.0000000180025095e-35 0.59375000000000011 0.016028271773825823 0.32795698924731187 0.77375102375102389 0.37171052631578955 0.33602150537634418 25.047909407665511 11.500000000000002 0.45889639639639646 0.40588235294117653 0.21020142949967513 0.1811868686868687 0.72229437229437243 -0.48658373233014135 1.7171428571428573 -0.14425770308123245 0.39696969696969703 -0.016244073386930524 0.059510188514765201 0.059510188514765201 -1.0000000180025095e-35
decision_type=8 2 8 10 8 8 10 8 2 8 8 10 10 8 10 8 2 10 8 10 10 10 8 10 10 10 10 10 10 2
left_child=11 4 5 -4 8 -3 29 9 13 -8 -11 12 -1 17 15 -15 20 18 28 -20 21 22 -17 24 -22 -13 27 -26 -2 -7
right_child=1 2 3 -5 -6 6 7 -9 -10 10 -12 25 -14 14 -16 16 -18 -19 19 -21 23 -23 -24 -25 26 -27 -28 -29 -30 -31
leaf_value=0.028488688426510585 -0.024600643458401183 0.024877124757370566 -0.01750358003825269 0.055710167138199276 0.0092013519755104172 -0.052134057454229568 0.0091462761512318639 0.032659092323459989 0.017511602593711772 0.0083187195258726063 -0.041044666997581275 -0.022756567001904465 -0.011563965407706595 0.0181178750755434 0.020966866979832063 -0.0069059293487942876 -0.032597996388155484 -0.01921993603976142 0.052293626923950856 0.0047145761076830654 0.0055248838223561983 0.0085301747176813585 -0.036720138034463022 -0.023371706157976277 -0.044868992273193714 0.017157906445125198 0.010232572733488024 -0.0062069343212002009 0.012238057704421207 -0.023348612268311832
leaf_weight=26.908620417118073 6.1581738591194144 4.8347972631454468 4.4983232170343381 4.4413369819521904 78.973868355154991 7.0512540042400351 6.8616276606917381 5.1824148669838896 14.817619413137434 3.9256989434361467 9.9830064103007352 7.4922033101320249 7.2495016157627097 7.7498231828212738 7.937296360731124 11.793700188398359 12.102310061454771 7.1430439352989188 7.0051825940609005 11.198138579726217 48.68003985285759 9.1222073435783368 20.058423861861232 12.737588763236998 7.0769215077161816 6.1026754826307297 6.0719253271818152 8.3972139209508878 8.7879566103219968 32.077339597046375
leaf_count=94 21 17 27 20 242 22 30 24 46 15 55 23 24 26 25 47 56 23 21 35 152 27 68 39 24 19 21 28 29 146
internal_value=-0.000717271 -0.00250307 -0.012335 0.0188699 0.000209574 -0.0163249 -0.0193858 -0.0055902 -0.00322363 -0.0151338 -0.027112 0.01292 0.0199882 -0.00482371 -0.00767252 -0.00925343 -0.0108127 0.00590394 0.0113176 0.0230244 -0.00868541 -0.0180645 -0.025681 -0.00405324 -0.000549259 -0.00483915 -0.0142729 -0.0238886 -0.00294039 -0.028536
internal_weight=412.42 364.667 78.8558 8.93966 285.811 69.9161 65.0813 25.9527 206.838 20.7703 13.9087 47.753 34.1581 192.02 151.727 143.79 136.04 40.2925 33.1495 18.2033 123.938 40.9743 31.8521 82.9637 70.2261 13.5949 21.5461 15.4741 14.9461 39.1286
internal_count=1446 1286 356 47 930 309 292 124 688 100 70 160 118 642 513 488 462 129 106 56 406 142 115 264 225 42 73 52 50 168
is_linear=0
shrinkage=0.05


Tree=109
num_leaves=31
num_cat=0
split_feature=57 44 29 15 41 41 20 20 8 41 39 6 6 18 17 15 15 4 28 6 30 17 8 17 17 9 3 8 4 11
split_gain=3.45419 3.66329 3.8154 3.42696 2.50693 3.30135 2.46969 2.86017 2.70206 2.24454 4.89261 2.21898 2.24628 1.93485 2.0656 5.34579 3.12542 3.1174 2.94085 2.61564 1.99133 1.92702 1.86373 2.48053 4.78201 3.34562 3.30822 3.09872 3.95883 2.81305
threshold=1.0000000180025095e-35 -0.69696969696969691 -49.999999999999993 38.500000000000007 -1.2678636678636666 -0.67817990080192725 -0.35136554621848731 0.23186188811188815 0.3032871083718543 1.3996996543508173 26.765367965367968 1.6141439205955337 1.4503521126760566 0.68990384615384626 18.500000000000004 24.500000000000004 27.500000000000004 0.26272648835202767 6.5000000000000009 1.4599358974358976 3.3495889939662065 -34.499999999999993 -1.5244461420932007 3.5000000000000004 -1.0000000180025095e-35 1.100847457627119 0.1811868686868687 -0.72144595439390324 0.1856158484065461 -0.4064814814814815
decision_type=2 10 10 2 8 8 8 8 8 10 10 10 10 10 2 2 2 10 8 10 8 2 8 2 2 8 10 8 10 8
left_child=4 3 -3 -2 -1 -6 -4 8 11 10 13 12 -8 14 15 18 -16 -17 -7 20 -18 -20 -23 24 27 -26 -25 -24 29 -29
right_child=1 2 6 -5 5 9 7 -9 -10 -11 -12 -13 -14 -15 16 17 19 -19 21 -21 -22 22 23 26 25 -27 -28 28 -30 -31
leaf_value=0.026233213798984217 -0.031933065318684194 0.038104637192129941 -0.039880420809832728 0.012619943524001927 -0.039065437108659173 -0.021767393986123061 -0.0090902755681719037 -0.02744801195808412 0.038626178170533487 0.02830433516838984 -0.040092706994004135 -0.032019038862812599 0.030439772075669391 0.031992185448361549 -0.042017162019467452 0.040333722469867488 -0.0063117457437354089 -0.0016940212958796519 0.028220342670155274 -0.014765090734486216 0.032488231114843641 0.021850810599729608 0.020417594777535148 0.028772769656773167 0.01033015001253669 -0.032029051108781008 -0.00046515958750012942 -0.018965019029161669 -0.013362927644377215 0.020937348325746702
leaf_weight=11.00563985109329 22.862419277429584 5.6167733222246161 4.7253948301076889 5.3205980956554404 4.8335264474153519 12.655301518738268 8.3463073074817675 7.8570112586021414 5.3527763858437565 8.2482885345816594 6.7819696441292754 4.5564031302928916 6.3112776279449454 5.6081559211015692 5.8757820203900328 15.017436236143114 6.1577697545290002 6.2479600906372061 7.3757744431495658 17.853727392852306 7.1427258849143991 11.081954628229139 18.728760272264481 16.046335950493813 6.0921882092952755 19.848714277148247 24.365285366773605 5.6540886908769608 36.550225533545017 20.186266735196117
leaf_count=39 123 21 26 22 29 68 37 43 19 31 36 20 21 22 27 48 25 24 31 91 25 46 65 53 25 95 95 23 147 69
internal_value=0.000303689 -0.00952653 -0.000303412 -0.023522 0.00285508 0.00187437 -0.00611052 -0.00118894 0.0072093 0.0026428 0.00179366 -0.00154304 0.00793061 0.00296515 0.00227794 0.00428774 -0.00856893 0.0279856 0.00146586 -0.00226048 0.0145249 0.00323784 0.00207568 0.00058965 -0.00339442 -0.022081 0.0111444 0.00258132 -0.00277287 0.0122064
internal_weight=344.307 70.949 42.7659 28.183 273.358 262.352 37.1492 32.4238 24.5668 257.519 249.27 19.214 14.6576 242.488 236.88 199.85 37.03 21.2654 178.585 31.1542 13.3005 165.93 158.554 147.472 107.06 25.9409 40.4116 81.1193 62.3906 25.8404
internal_count=1446 332 187 145 1114 1075 166 140 97 1046 1015 78 58 979 957 789 168 72 717 141 50 649 618 572 424 120 148 304 239 92
is_linear=0
shrinkage=0.05


Tree=110
num_leaves=31
num_cat=0
split_feature=29 8 55 30 4 3 11 39 44 7 27 9 7 3 13 7 15 9 12 2 6 11 7 4 5 9 8 10 4 2
split_gain=4.41144 4.42387 3.36324 3.48761 3.35152 2.6222 2.75565 2.48228 3.79665 2.72599 2.38928 2.99828 2.34854 2.0987 2.01337 3.70235 2.26416 2.00416 1.8356 3.72108 2.51555 3.10082 2.81084 2.4903 5.06079 3.58628 3.12502 2.88004 3.98027 3.24352
threshold=1.5000000000000002 -1.9752747252747251 1.0000000180025095e-35 0.87965281125489481 0.28708791208791212 0.35147058823529415 -0.46818323952470287 26.765367965367968 -0.36349520045172212 2.0788196466705497 5.5000000000000009 0.95401691331923899 0.35416666666666669 0.21370023419203749 4.5000000000000009 0.81534090909090928 30.500000000000004 1.3458831808585505 1.5000000000000002 0.50074626865671656 0.98571428571428588 -0.2693297101449274 1.4296703296703299 0.24764150943396229 -0.045952740070387112 0.90839160839160848 0.31689814814814815 1.3699248120300755 0.21231060606060609 -0.20152654363180675
decision_type=10 8 2 10 8 10 8 10 10 8 10 10 8 10 2 10 2 10 2 8 10 8 8 10 10 10 8 10 10 8
left_child=1 -1 3 5 10 12 -7 8 9 17 -5 -12 -3 -4 15 -13 -16 -2 20 23 22 -22 -14 24 -20 -26 27 28 29 -27
right_child=7 2 13 4 -6 6 -8 -9 -10 -11 11 14 18 -15 16 -17 -18 -19 19 -21 21 -23 -24 -25 25 26 -28 -29 -30 -31
leaf_value=-0.037130166596574081 -0.0096600711076662103 0.023811693650441713 -0.030108631292737345 0.020241446283519711 0.028505947696820952 0.0085895646224148688 -0.034575047780452929 0.01970536092014331 -0.025132371974833929 -0.0295495044449091 -0.029824730096384935 -0.012373275863717262 0.01971114846587612 0.0012278496628925738 -0.027523175290224806 0.031443493102582147 0.0091871764171338067 0.032689805488782225 -0.030472591720506287 -0.028315206498710024 0.00073457024100065924 0.037051128745957028 -0.016264657518809005 0.010774043976375262 0.033843261371309871 -0.00048562054504365667 -0.019122689116588584 0.01577066278771842 0.022745649100584665 -0.038618859218136826
leaf_weight=6.889806255698204 4.509443476796152 12.481757491827009 11.705242022871973 22.812235474586487 24.842108219861984 5.9215868711471558 9.8445632532238943 5.4192886650562277 35.068196535110474 4.3895880132913581 6.947396680712699 7.403699308633807 9.0850517302751559 9.8302708864212018 7.4807650446891811 13.820109635591505 9.5778330415487272 7.3421221897006035 14.668432556092737 11.639744594693182 10.297681435942648 13.693890109658243 13.493441626429556 45.435960829257965 7.7090903073549262 12.524177648127077 19.698473483324044 27.26038433611393 8.460884675383566 10.0519171729684
leaf_count=32 20 39 42 76 83 19 39 23 187 21 21 23 30 34 22 41 29 28 58 35 31 42 46 144 24 47 58 85 33 34
internal_value=0.000466128 0.00254279 0.00333123 0.00459863 0.0127873 0.00132395 -0.0183629 -0.0124772 -0.0158764 0.00410937 0.00704846 0.000394411 0.0027576 -0.0158045 0.00587851 0.0161585 -0.00691154 0.016576 0.00146952 -0.00110981 0.01019 0.0214633 -0.00178884 0.00106196 -0.0033344 0.00131031 -0.00190524 0.00391248 -0.0065028 -0.0174643
internal_weight=410.305 353.577 346.687 325.151 92.8841 232.267 15.7662 56.7286 51.3094 16.2412 68.042 45.2298 216.501 21.5355 38.2824 21.2238 17.0586 11.8516 204.019 157.449 46.5701 23.9916 22.5785 145.809 100.373 85.7049 77.9958 58.2974 31.037 22.5761
internal_count=1446 1167 1135 1059 295 764 58 279 256 69 212 136 706 76 115 64 51 48 667 518 149 73 76 483 339 281 257 199 114 81
is_linear=0
shrinkage=0.05


Tree=111
num_leaves=31
num_cat=0
split_feature=28 27 47 8 43 55 3 28 28 16 49 30 27 1 9 0 6 7 1 40 28 10 0 9 3 6 5 9 8 13
split_gain=3.67607 4.45259 3.21647 3.14553 2.97189 2.8867 2.97133 2.90447 2.88188 2.89338 2.74897 3.36628 4.23295 2.45109 2.88491 3.44322 2.40255 2.49667 2.32878 2.02302 2.32509 2.96038 2.31625 2.27506 1.99138 1.94455 2.51862 2.53649 2.41796 2.03265
threshold=2.5000000000000004 8.5000000000000018 -0.20457516339869278 -1.9752747252747251 1.0000000180025095e-35 1.0000000180025095e-35 0.17883795309168446 12.500000000000002 17.500000000000004 15.500000000000002 0.34523809523809529 3.756446776551098 29.500000000000004 0.49166435120866914 1.293610547667343 0.27888888888888896 2.1026315789473689 2.4932432432432434 0.54919354838709689 25.946187258687264 29.500000000000004 1.3364779874213839 0.51370120120120133 3.3888888888888897 0.20881782945736438 1.3228764478764481 0.033932611506140915 1.2236111111111114 -1.0885620915032679 4.5000000000000009
decision_type=8 8 8 8 10 2 8 8 8 2 8 10 10 10 10 8 10 10 10 10 8 10 10 8 8 10 10 10 10 2
left_child=-1 4 -3 -4 8 7 -7 13 -2 -10 -9 16 -13 14 -5 -16 19 -18 -15 20 24 23 -23 25 -12 28 27 -27 -22 -30
right_child=1 2 3 5 -6 6 -8 10 9 -11 11 12 -14 18 15 -17 17 -19 -20 -21 21 22 -24 -25 -26 26 -28 -29 29 -31
leaf_value=0.017491453108107326 0.027224641564047067 0.033536764699083253 0.025781981412345625 0.035785572272289699 -0.027613546623591514 0.037982151258446437 0.0011334834286514711 0.024834703513884646 -0.028115694453738762 0.021792534416462693 0.036988676439191057 -0.04124507853910981 -0.00085227604586075693 -0.023397301982055359 0.018967625020840775 -0.022116252385307171 -0.020139792016757342 0.010399424991855193 0.013578441293993201 -0.025414165018641001 0.011556021461281041 -0.011807426754535798 0.015135393226152517 0.027458922933826336 0.0006294090218584617 -0.020304636655617627 0.027227476039188278 0.014863328738897516 -0.04075741054022862 -0.0034147253394932321
leaf_weight=25.994630411267281 5.9274440407753017 7.026140034198761 10.884155452251433 11.673813745379446 26.109511643648148 8.9735793173313159 14.014994144439695 7.4094027057290077 10.403455965220926 4.0285616442561141 7.4796531945466969 14.359547019004824 11.828900173306463 9.8847482204437274 15.275800257921221 7.6558600813150397 35.642902925610542 8.239556819200514 7.4810804575681678 8.2408105731010419 8.7318786233663577 67.968177862465382 9.0376767963170987 10.213411450386046 7.5845444500446328 9.4139021486043948 12.574089288711546 11.259558364748953 7.1454028040170652 7.4368723034858704
leaf_count=89 23 21 34 37 120 29 43 24 72 22 22 58 38 30 51 23 140 24 25 28 26 236 29 29 24 32 36 35 25 21
internal_value=-0.000705277 -0.0019374 6.08546e-05 -0.000651007 -0.0164478 -0.00155141 0.0155173 -0.00287463 -0.00212851 -0.0141843 -0.00515575 -0.00609273 -0.0230003 0.00785983 0.0155519 0.00525155 -0.00399392 -0.0144056 -0.0074684 -0.00125945 -6.31309e-06 -0.00196437 -0.00864532 0.00574018 0.0186825 0.00181841 0.00958174 -0.00115082 -0.00925263 -0.0217129
internal_weight=409.9 383.905 337.436 330.41 46.469 319.526 22.9886 296.538 20.3595 14.432 244.566 237.157 26.1884 51.9713 34.6055 22.9317 210.968 43.8825 17.3658 167.086 158.845 143.781 77.0059 66.7751 15.0642 56.5617 33.2475 20.6735 23.3142 14.5823
internal_count=1446 1357 1120 1099 237 1065 72 993 117 94 827 803 96 166 111 74 707 164 55 543 515 469 265 204 46 175 103 67 72 46
is_linear=0
shrinkage=0.05


Tree=112
num_leaves=31
num_cat=0
split_feature=57 44 29 4 42 15 45 43 5 26 29 27 28 5 17 17 10 4 7 23 17 2 42 36 10 31 30 3 6 15
split_gain=3.23089 3.52793 3.53683 4.05029 4.79534 3.259 2.48048 2.1424 3.12268 2.78784 2.55719 2.51812 3.45162 2.22741 3.10902 4.36527 2.97828 2.61262 2.38133 2.1952 5.64359 2.19367 3.2342 3.69361 3.07626 3.01146 2.4386 2.25886 2.16803 2.18292
threshold=1.0000000180025095e-35 -0.69696969696969691 -2.4999999999999996 0.28708791208791212 0.25657894736842107 38.500000000000007 0.126984126984127 0.21980676328502416 -0.14907407407407405 -1.4999999999999998 -32.499999999999993 14.500000000000002 8.5000000000000018 0.016830649970184856 -1.4999999999999998 1.0000000180025095e-35 1.890873015873016 0.21702898550724639 1.4807407407407409 0.22271825396825398 33.500000000000007 0.15012626262626264 0.34057971014492755 77.52500000000002 1.5968750000000003 1.0950140852533554 4.9777156621411853 0.27953488372093033 0.77097902097902116 5.5000000000000009
decision_type=2 10 10 10 8 2 8 8 10 2 8 8 10 10 2 2 8 10 10 10 2 8 8 10 10 10 8 10 10 2
left_child=6 5 3 4 -3 -2 -1 10 9 -9 -8 12 -10 14 17 -16 18 -13 -17 20 21 22 23 24 27 -23 -27 -12 -15 -30
right_child=1 2 -4 -5 -6 -7 7 8 11 -11 19 13 -14 28 15 16 -18 -19 -20 -21 -22 25 -24 -25 -26 26 -28 -29 29 -31
leaf_value=-0.02106751403016106 -0.031529579666303542 0.057993802809109964 -0.013862758309355377 -0.023901311016723846 0.0014483532372286526 0.011854104332944006 -0.039065182806000937 -0.039526261355321869 0.047863911317710436 -0.00013234008525555451 0.0065271131239754386 0.039591986091988475 0.0049099836690667427 0.023856791870512001 -0.021048059449619381 -0.019454174113184827 0.048311595481066914 0.0081725966037306252 0.024880898062202665 -0.031700755886009784 0.050037055363408182 -0.024168658712470037 -0.046535670280715397 -0.029752489552012845 0.027509109302198465 0.0033531446821301126 0.04252326787580897 -0.03462811255343743 -0.032827062645739945 0.0007476412480119794
leaf_weight=10.478709757328032 22.339307792484764 7.0725027620792398 22.345600515604019 5.005827233195304 7.9798736944794664 5.3692751824855796 4.6948534920811653 4.9922797903418532 9.8946109339594859 44.731960244476795 9.0827847719192523 16.510982923209671 8.8690146803855878 8.9760687649250013 11.12737111747265 5.5394787341356295 5.7932879328727713 11.0406626611948 6.6824536994099617 5.3752197772264472 5.4968981966376296 4.8929746374487904 5.2036030739545813 10.049068510532377 10.03324109315872 9.0158498585224169 7.1046298593282691 5.2677955925464621 5.4068394228816024 46.277210935950279
leaf_count=45 123 25 102 25 35 22 27 28 36 198 38 57 33 32 47 21 19 41 23 32 20 21 20 47 34 33 23 24 26 189
internal_value=0.000324413 -0.009248 -0.000181552 0.0150598 0.0280168 -0.0231228 0.00278699 0.00374083 0.00663601 -0.00408746 -0.00331856 0.0105533 0.0275609 0.00783401 0.0149593 0.00357459 0.0187831 0.0270014 0.00478643 -0.000972077 0.00152499 -0.00287181 -0.00979557 -0.00424329 0.00626957 0.0101881 0.0206162 -0.0085801 0.00117455 -0.00276472
internal_weight=342.65 70.1124 42.4038 20.0582 15.0524 27.7086 272.538 262.059 185.842 49.7242 76.2169 136.118 18.7636 117.354 56.6942 29.1426 18.0152 27.5516 12.2219 71.5221 66.1468 60.6499 39.6365 34.4329 24.3838 21.0135 16.1205 14.3506 60.6601 51.6841
internal_count=1446 332 187 85 60 145 1114 1069 750 226 319 524 69 455 208 110 63 98 44 292 260 240 163 143 96 77 56 62 247 215
is_linear=0
shrinkage=0.05


Tree=113
num_leaves=31
num_cat=0
split_feature=8 29 47 55 16 3 16 11 43 39 46 30 29 16 10 10 6 28 5 16 10 2 15 2 1 7 3 13 19 45
split_gain=4.12864 4.30087 3.44943 3.28562 3.58395 2.93824 4.00194 2.80893 2.68282 5.07005 3.79552 2.54943 2.77838 2.7616 2.43967 2.73061 2.43301 2.42354 2.40917 3.74551 2.33321 2.31778 2.16084 2.82588 2.1541 2.53435 2.00823 1.88072 2.6335 3.54205
threshold=-1.9752747252747251 1.5000000000000002 -0.15833333333333333 1.0000000180025095e-35 62.500000000000007 0.34166666666666673 11.500000000000002 0.68617812001995082 0.35500000000000004 26.798194713088332 0.43167701863354041 3.7117221962515146 -13.499999999999998 26.500000000000004 1.3221621621621624 1.5472370766488417 1.3826658322903633 19.500000000000004 0.19355644355644355 8.5000000000000018 1.5690476190476192 -0.15700280112044815 26.500000000000004 -0.027162658316492946 0.20344827586206901 1.4503521126760566 0.21370023419203749 2.5000000000000004 0.13809523809523813 inf
decision_type=8 10 8 2 2 10 2 8 8 10 8 10 10 2 8 8 8 10 8 2 10 10 2 10 8 10 10 2 10 8
left_child=-1 2 -2 4 5 7 -7 11 9 17 -10 12 13 20 18 -16 -17 -3 19 -9 -4 -12 23 -15 -14 -26 -5 -22 -29 -30
right_child=1 8 3 26 -6 6 -8 14 10 -11 21 -13 24 22 15 16 -18 -19 -20 -21 27 -23 -24 -25 25 -27 -28 28 29 -31
leaf_value=-0.036843690942064015 -0.034315947240383213 -0.031991443894890739 0.019492566569412187 -0.029248896958079619 0.037351980441831419 0.0043442070763386612 -0.041351181869150246 0.01050829112555878 0.040261520611693379 0.035271723108867038 -0.026424306792843761 0.023641654098890873 -0.031534178674237343 -0.040385615572002237 0.034651303754907437 -0.026973374828000357 0.0065313715391169648 0.0065077445106519931 -0.045438347139229257 -0.028434274980117996 0.015442849453244241 0.014537584778193622 0.0090468460796305286 0.0054194066055196456 0.017025374362651679 -0.015339296545140171 0.0015283589751544802 -0.0078756763491248973 0.044258738859546995 -0.0029865392863780713
leaf_weight=7.2939172685146332 6.0226084440946579 27.487057276070118 57.208216890692711 11.5539388358593 8.4037497192621213 11.700842157006266 8.1141500025987607 13.245874911546709 5.0887987464666393 3.7342011854052535 8.6053881794214249 23.975690215826035 7.082762852311137 7.4860008805990219 6.4642914086580268 7.0138162523508099 23.820606112480164 4.8018981218338004 5.0799804180860546 11.565879359841345 34.04725469648838 5.7683667093515369 12.444421544671057 6.1199115961790103 11.366613492369654 12.928774133324621 9.792348772287367 33.325693681836128 6.7837820947170284 9.5547523349523527
leaf_count=35 21 156 178 42 29 34 36 40 19 16 42 75 21 38 23 25 73 20 17 50 108 23 41 21 36 39 34 104 20 30
internal_value=0.000436237 0.00111503 0.00319241 0.00385862 0.00513435 0.00425907 -0.0143678 0.00553394 -0.0118056 -0.0198869 0.00315218 0.00824143 0.0063799 0.00894524 -0.00342475 0.00510449 -0.00108986 -0.026266 -0.0140675 -0.0076446 0.01171 -0.00998579 -0.00601058 -0.0197826 -0.00727087 -0.000197463 -0.0151302 0.00639136 0.000186122 0.0166298
internal_weight=407.882 400.588 345.102 339.079 317.733 309.329 19.815 289.514 55.4857 36.0232 19.4626 222.324 198.348 166.97 67.1904 37.2987 30.8344 32.289 29.8917 24.8118 140.92 14.3738 26.0503 13.6059 31.3782 24.2954 21.3463 83.7115 49.6642 16.3385
internal_count=1446 1411 1135 1114 1038 1009 70 939 276 192 84 711 636 540 228 121 98 176 107 90 440 65 100 59 96 75 76 262 154 50
is_linear=0
shrinkage=0.05


Tree=114
num_leaves=31
num_cat=0
split_feature=28 48 39 43 57 28 56 47 8 44 55 3 37 10 45 11 2 18 6 43 20 8 15 18 11 51 43 7 19 6
split_gain=3.40229 3.37115 3.23255 3.24845 3.17991 3.1498 2.73123 2.82274 2.65778 2.22828 2.15947 2.69706 2.14032 2.86679 2.5545 2.35745 2.335 2.31194 3.8332 2.04271 1.93871 4.56598 2.97879 1.9153 1.90075 1.84315 3.29184 2.67191 2.22356 1.90725
threshold=4.5000000000000009 0.34523809523809529 26.070228091236498 0.34057971014492755 1.0000000180025095e-35 31.500000000000004 1.0000000180025095e-35 -0.20457516339869278 -1.9752747252747251 0.38492063492063494 1.0000000180025095e-35 0.17883795309168446 398.30000000000007 0.99090909090909107 0.26794258373205743 1.1190789473684213 -0.2988095238095238 0.25833333333333336 1.5053191489361704 1.0000000180025095e-35 0.12293956043956046 0.66885964912280715 19.500000000000004 0.67708333333333337 0.62612397361690675 0.48253880266075394 0.21980676328502416 0.35416666666666669 1.0000000180025095e-35 2.0930288461538464
decision_type=8 10 10 8 2 10 2 8 8 8 2 8 8 10 10 10 8 8 8 8 10 10 2 8 10 10 10 10 10 8
left_child=2 5 3 -1 -5 6 7 -2 -9 -7 12 -12 20 14 17 16 -15 18 24 -3 22 -22 -10 -19 -14 26 27 -18 -28 -29
right_child=1 19 -4 4 -6 9 -8 8 10 -11 11 -13 13 15 -16 -17 25 23 -20 -21 21 -23 -24 -25 -26 -27 28 29 -30 -31
leaf_value=0.032279279880914932 0.034819976423683757 -0.0017811158746892165 -0.016965665337738509 -0.01617093029667881 0.024456885597199912 -0.035027410633664997 -0.01869586284103826 0.025464940098694506 0.0059154110911474747 0.0040326125076893043 0.034785395229588699 -6.4185388822165826e-05 0.027848502774594986 -0.026021261606124464 -0.014488503937218209 0.014757561260071016 -0.035313013291434138 0.04443379709168508 -0.031571343198259647 -0.034592477662336467 -0.034315236793432756 0.03347137486631134 0.04510753813019483 0.010596147269253089 -0.0010592677716056377 0.020631684512396373 -0.010857564936804051 0.00094078254919248102 -0.053209251180751121 -0.012622614418031801
leaf_weight=19.580133303999901 6.0688677728176117 7.6222370192408588 8.0018104463815671 10.013142749667168 9.2797113209962845 11.262443363666533 18.557671599090099 10.194622427225111 15.012118786573412 5.402884483337405 9.3973858207464236 13.566933482885359 10.727617457509046 16.5682402998209 11.870715290307997 11.971818864345549 6.8797409608960143 7.7999916449189213 6.2850400358438483 12.559587329626082 6.3011815771460515 4.1009744480252266 7.1608277037739745 9.0156252533197385 12.100450754165648 6.1248727589845648 6.2112850323319417 83.30571474134922 6.1855030506849289 37.624395310878754
leaf_count=69 18 35 26 34 31 57 71 32 46 24 31 42 34 50 45 36 34 27 22 58 29 18 26 27 37 20 27 287 21 132
internal_value=-0.000696031 -0.0023464 0.0119746 0.0179318 0.00337073 -0.00116686 -7.32767e-05 0.00106177 0.000375205 -0.0223642 -0.000512273 0.0141968 -0.00178575 -0.00346632 0.0061874 -0.00665712 -0.00823092 0.0115313 0.00300563 -0.0222003 0.0102179 -0.00759086 0.0185726 0.0262919 0.0125254 -0.00621663 -0.00738949 -0.00500345 -0.0319894 -0.00327913
internal_weight=406.754 359.879 46.8748 38.873 19.2929 339.697 323.032 304.474 298.405 16.6653 288.21 22.9643 265.246 232.671 57.7994 174.872 162.9 45.9287 29.1131 20.1818 32.5751 10.4022 22.1729 16.8156 22.8281 146.332 140.207 127.81 12.3968 120.93
internal_count=1446 1286 160 134 65 1193 1112 1041 1023 81 991 73 918 799 192 607 571 147 93 93 119 47 72 54 71 521 501 453 48 419
is_linear=0
shrinkage=0.05


Tree=115
num_leaves=31
num_cat=0
split_feature=45 44 30 1 44 4 3 39 39 44 7 47 10 7 18 3 12 46 8 39 8 46 11 9 37 20 4 17 1 3
split_gain=1.92826 1.54254 3.82599 2.47838 1.95947 2.88755 3.20067 2.80264 2.54694 2.0563 1.94087 1.75828 1.81016 1.78641 2.64817 2.20776 2.20283 2.07029 2.60452 3.29454 2.48997 2.19748 1.99708 2.82492 2.43832 2.82564 1.70618 1.68456 3.97527 3.52231
threshold=0.126984126984127 0.26798654244306425 1.7926456271808611 0.27386363636363642 0.10016447368421055 0.26272648835202767 0.20611577964519143 26.710102960102962 26.176986584107329 0.050490196078431374 1.2679487179487181 -0.15833333333333333 1.0000000180025095e-35 2.0516322451698872 0.14835164835164838 0.21020142949967513 3.5000000000000004 0.49358974358974367 -0.48160173160173148 25.378964059196623 -0.3861642743221691 0.28869047619047622 1.202564102564103 1.2191310975609759 464.10000000000008 -0.12293956043956043 0.2302494802494803 3.5000000000000004 0.51087470449172578 0.17555713608345189
decision_type=8 10 10 10 10 10 10 10 10 10 8 8 8 8 8 10 2 10 10 10 10 8 8 10 10 8 10 2 10 10
left_child=-1 4 -3 -4 7 6 -6 8 9 11 -8 -2 -13 17 15 16 -15 18 21 20 -20 -14 23 -23 25 -25 -24 28 -22 -29
right_child=1 2 3 -5 5 -7 10 -9 -10 -11 -12 12 13 14 -16 -17 -18 -19 19 -21 27 22 26 24 -26 -27 -28 29 -30 -31
leaf_value=-0.019396922143695663 0.030087423264046204 -0.031118046434533194 -0.014088797939260645 0.031884656211451409 0.047644570589998603 -0.007409013721022234 0.027455650301159436 -0.029010035289253822 0.029763409403914962 -0.031628753535750925 -0.016668194431406998 0.035560709760581191 0.040743301181580351 0.0033331600203611832 -0.019850963810000549 -0.015423905647562434 0.043395508129448916 -0.019521444527428225 -0.033286490571367379 -0.030346904212401105 -0.0073506559208992642 -0.013625040822685659 0.0088662222736622161 0.05701679927409508 -0.001361483186516818 0.012356716187906526 -0.030870274433690115 0.029567628290631268 0.031081908323012358 0.0025426388894611712
leaf_weight=11.918515302240847 5.2160358130931854 11.957752518355848 5.8180247470736486 5.908775731921196 8.9277763739228302 9.9275553971528989 5.2348395138978931 7.6986118853092185 7.7878801152110091 4.8141442686319342 4.7569789215922365 3.6813488453626624 6.7239720076322547 17.000138409435753 24.683101505041122 11.962058879435061 4.2988786697387686 10.026261575520037 4.7119784355163423 8.1815056279301626 51.440908275544658 5.7550899162888554 6.3099486455321294 7.9592230692505836 5.7639481350779525 6.3813788592815417 4.7236534506082535 16.149664357304573 7.740821808576583 47.575639389455318
leaf_count=52 17 59 24 23 30 42 20 39 31 23 21 14 22 81 132 69 16 45 21 40 211 23 24 25 26 24 22 54 28 188
internal_value=0.000359894 0.00107536 -0.0112171 0.00907582 0.00202856 0.0144292 0.0258883 0.000735209 0.00158686 0.000746427 0.00644884 0.00135457 0.000757639 0.00023974 -0.00744283 0.00176526 0.0114191 0.00258957 0.00382518 0.000411055 0.00238291 0.0144549 0.00966373 0.0172625 0.0261043 0.0371437 -0.00814558 0.0037504 -0.00232377 0.00939148
internal_weight=341.036 329.118 23.6846 11.7268 305.433 28.8472 18.9196 276.586 268.888 261.1 9.99182 256.286 251.07 247.388 57.9442 33.2611 21.299 189.444 179.418 135.801 127.619 43.6172 36.8932 25.8596 20.1046 14.3406 11.0336 122.907 59.1817 63.7253
internal_count=1446 1394 106 47 1288 113 71 1175 1136 1105 41 1082 1065 1051 298 166 97 753 708 542 502 166 144 98 75 49 46 481 239 242
is_linear=0
shrinkage=0.05


Tree=116
num_leaves=31
num_cat=0
split_feature=29 30 7 27 36 43 39 46 28 2 10 44 10 6 2 2 9 3 15 46 9 54 10 9 6 6 19 20 9 23
split_gain=3.73288 3.32698 2.84203 2.57191 2.45158 2.36466 4.80523 2.99142 2.29812 2.24865 2.14528 2.85243 2.09011 2.60093 2.15749 2.94761 2.15612 2.11263 2.38293 3.11237 2.04439 2.02991 2.02306 2.46211 2.22658 2.81158 2.26624 3.07556 2.23339 1.99984
threshold=1.5000000000000002 0.87965281125489481 0.35416666666666669 1.5000000000000002 534.25000000000011 0.35500000000000004 26.798194713088332 0.43167701863354041 19.500000000000004 -0.15700280112044815 1.0722996515679444 0.38492063492063494 1.103807471264368 2.1744421906693714 -0.35017006802721079 -0.23205128205128203 1.8775000000000002 0.18225524475524477 17.500000000000004 0.24264705882352944 0.95401691331923899 1.0000000180025095e-35 1.1550480769230771 1.3535539215686276 0.89827586206896559 1.1972222222222224 0.19375000000000003 -0.084523809523809501 1.6594202898550727 0.15535714285714289
decision_type=10 10 8 10 10 8 10 8 10 10 10 8 10 10 8 8 10 8 2 10 10 2 10 10 10 10 10 10 10 10
left_child=1 2 -1 -3 10 6 8 -7 -2 -9 -5 20 13 16 -14 -16 17 -4 -19 -20 -12 22 -17 -24 -25 -26 28 -28 -27 -6
right_child=5 3 12 4 29 7 -8 9 -10 -11 11 -13 14 -15 15 21 -18 18 19 -21 -22 -23 23 24 25 26 27 -29 -30 -31
leaf_value=0.021733256829788758 -0.031527952130310621 0.042275479546547812 -0.037964353765837927 0.02834557335478266 -0.028981662087627397 0.033392546160513799 0.033796320202319485 -0.026096543926406986 0.0059668483760828795 0.014220206667452731 -0.0094768716560675089 -0.021205499153028592 -0.021260196142186088 0.0067595742980931838 0.028123996918982319 0.023569849350161359 0.006010966098930262 -0.025464597800917539 0.019863984582877671 -0.024867150056779617 0.016360562782103207 0.021695090372464688 0.0036600300724916979 -0.042529661654638728 0.018986201350772756 -0.038482316477760868 -0.02220854045514244 0.027451986854428914 -0.0095110110951861643 0.0067462137586003284
leaf_weight=13.360534727573393 26.783282481133941 5.8673243522644034 11.211139746010302 15.658905684947966 7.3012731522321692 5.5223077386617687 3.7866839468479148 8.6074172854423523 4.8225050270557395 5.7816215828061077 9.3340180218219739 7.5343658924102774 10.043041273951529 19.668229341506958 10.582655921578406 7.940182998776435 10.495608724653719 17.869786970317364 9.276654586195944 6.6955034285783759 42.588507607579231 10.737803459167479 71.093242898583412 4.9299319088459006 8.4377618730068189 10.78343775868416 5.7075953781604767 6.8710219711065275 17.364107668399811 8.4492560327053052
leaf_count=42 156 20 43 49 23 21 16 43 20 23 30 24 45 59 38 28 41 65 33 23 136 33 220 22 30 36 21 20 57 29
internal_value=0.000395887 0.00230431 -0.000710463 0.0101914 0.00811965 -0.0116751 -0.0194299 0.00210915 -0.0258069 -0.00989698 0.0118804 0.00754403 -0.0019614 -0.00886582 0.00119579 0.002656 -0.0143983 -0.0191529 -0.0129211 0.00111276 0.0117158 0.000782585 -0.00090418 -0.00245648 -0.0104952 -0.00728288 -0.0127254 0.00491833 -0.02061 -0.0098157
internal_weight=405.106 349.802 253.068 96.7337 90.8663 55.3038 35.3925 19.9113 31.6058 14.389 75.1158 59.4569 239.708 75.2169 164.491 154.448 55.5487 45.0531 33.8419 15.9722 51.9225 143.865 133.127 125.187 54.0939 49.1639 40.7262 12.5786 28.1475 15.7505
internal_count=1446 1167 856 311 291 279 192 87 176 66 239 190 814 264 550 505 205 164 121 56 166 467 434 406 186 164 134 41 93 52
is_linear=0
shrinkage=0.05


Tree=117
num_leaves=31
num_cat=0
split_feature=28 27 2 47 8 55 4 28 15 40 28 28 40 11 3 11 45 14 8 2 6 17 11 15 45 18 8 4 36 25
split_gain=3.21013 4.01996 4.18115 2.65739 2.68277 2.41655 2.77545 2.5307 2.75669 1.97696 2.0763 1.9741 1.93354 1.92065 2.46037 1.89494 2.20654 2.76259 2.1041 1.85711 1.7973 1.73206 1.73136 1.71688 3.00364 1.94569 2.62402 3.18986 2.05729 1.69649
threshold=2.5000000000000004 8.5000000000000018 0.47907913165266114 -0.20457516339869278 -1.9752747252747251 1.0000000180025095e-35 0.18225524475524477 12.500000000000002 8.5000000000000018 25.047909407665511 27.500000000000004 23.500000000000004 26.765367965367968 -0.033124346917450358 0.21165158371040727 0.71130036630036642 0.126984126984127 4.5000000000000009 1.8809523809523812 -0.46166624073600809 0.71825396825396837 -3.4999999999999996 1.0209705753184017 23.500000000000004 0.37171052631578955 0.19375000000000003 -0.24893162393162391 0.21020142949967513 172.10000000000002 1.0000000180025095e-35
decision_type=8 8 10 8 8 2 8 8 2 8 10 10 10 8 10 8 10 2 8 8 10 2 10 2 10 10 8 10 8 2
left_child=13 2 12 -3 -5 7 -7 8 -6 -9 11 15 -2 -1 -15 18 17 19 20 -17 -11 -8 29 25 -25 28 -27 -28 -22 -21
right_child=1 3 -4 4 5 6 21 9 -10 10 -12 -13 -14 14 -16 16 -18 -19 -20 22 23 -23 -24 24 -26 26 27 -29 -30 -31
leaf_value=0.039201665387197875 -0.02427715768342156 0.030543785672452368 0.035453754954733116 0.024065762548117209 0.025009439781978761 -0.0093247592043545872 0.047639769160950057 0.019516250122250806 -0.00021722380186178455 -0.027316385385096849 -0.023286526293572026 0.018222360443163908 0.0088507741868276233 -0.011030003353432533 0.025266903155780892 -0.022340148264518283 -0.026578537895654172 0.034688924272292955 -0.035677342848969 -0.0072775851745512351 0.019043801262370985 0.012756248791220962 0.020288272636705684 -0.022486819496242975 0.01152416081019144 0.029603664771469557 -0.02631867799200964 0.01956294357119371 -0.0098759089558345756 0.01895275802055919
leaf_weight=6.8131238222122192 36.702319398522377 6.9982944279909134 3.65737011283636 10.667231425642965 15.561694130301474 8.0361271351575869 6.0844859778881064 8.0887786597013456 35.612531125545502 10.352274268865584 15.537349931895731 9.2596242278814298 5.0052537471055976 8.8113025128841453 9.930586710572241 7.5738647878170013 6.3671291321516028 6.6856830716133109 6.8715816661715499 27.319786354899406 6.9355687201023102 8.5713519006967527 12.512570545077322 28.29400771856308 8.424416169524191 10.121797442436216 7.5426985770463961 7.6104451715946198 54.26651631295681 7.960421919822692
leaf_count=22 197 21 18 34 53 25 20 27 113 34 68 29 22 31 36 22 21 22 32 81 22 27 37 117 30 31 27 25 179 23
internal_value=-0.000684904 -0.00184256 -0.0158065 5.82915e-05 -0.000595628 -0.0014292 0.0142899 -0.00264703 0.00745401 -0.00478546 -0.00562682 -0.00436874 -0.0203015 0.0164669 0.00820229 -0.0053704 0.00145276 0.00432903 -0.00869499 0.000662981 -0.00730664 0.0272384 0.00430836 -0.00562519 -0.0146836 -0.00177897 0.00989166 -0.0032753 -0.00659866 -0.00135912
internal_weight=404.176 378.621 45.3649 333.256 326.258 315.591 22.692 292.899 51.1742 241.725 233.636 218.098 41.7076 25.555 18.7419 208.839 68.4195 62.0523 140.419 55.3666 133.548 14.6558 47.7928 123.195 36.7184 86.477 25.2749 15.1531 61.2021 35.2802
internal_count=1446 1357 237 1120 1099 1065 72 993 166 827 800 732 219 89 67 703 206 185 497 163 465 47 141 431 147 284 83 52 201 104
is_linear=0
shrinkage=0.05


Tree=118
num_leaves=31
num_cat=0
split_feature=6 20 4 22 0 0 0 5 32 32 31 51 51 11 19 39 39 47 40 23 4 16 7 32 1 19 42 28 6 6
split_gain=1.6696 3.49618 3.37319 3.33447 3.02077 7.74669 2.03554 2.01751 1.34918 2.33543 1.99223 1.96841 2.02852 1.82572 2.97234 2.59836 2.61709 1.78658 2.55197 2.9716 2.00228 3.31345 3.12758 2.66245 2.49585 2.95516 3.13078 3.04934 2.07983 2.05937
threshold=1.6835686777920411 -0.17979797979797979 0.20710681244743484 0.06458333333333334 0.60113636363636369 0.56879648411088579 0.68505834601725024 -0.099999999999999978 -5.304458498591333 -3.334242767239791 12.249968495512809 0.48880039820806376 0.35805860805860812 -0.50710896486741142 0.13809523809523813 26.604251012145752 26.198039215686276 -0.15833333333333333 25.793650793650798 -0.022393048128342221 0.22016949152542376 10.500000000000002 0.85449735449735453 0.77565823012797497 0.59352098600932723 0.24038461538461542 0.30384615384615393 1.5000000000000002 1.3826658322903633 1.4100249066002493
decision_type=8 8 8 10 8 8 8 10 8 8 10 8 8 8 10 10 10 8 10 8 10 2 10 8 10 10 8 10 10 10
left_child=8 -2 6 4 5 -4 -3 -5 10 -10 -1 12 -11 14 -13 16 17 -15 20 -20 21 22 -19 -22 25 26 -23 -27 -28 -25
right_child=1 2 3 7 -6 -7 -8 -9 9 11 -12 13 -14 15 -16 -17 -18 18 19 -21 23 24 -24 29 -26 27 28 -29 -30 -31
leaf_value=-0.030167710390261789 -0.034587640939203086 -0.001173819248892931 -0.023241689875921533 -0.012997357961333124 -0.036070517971703936 0.054251618506198154 0.019337034942135688 0.029967336264799412 0.028923720061006294 0.0011145666619221005 0.011850611785692633 -0.0016374913602581324 0.038444711843558736 0.033073479141989243 -0.036568131839227518 -0.024256233644862225 0.038027412514155923 0.019587580997775175 0.0060494163507069983 -0.036063085632227175 0.025565209685744508 0.044131831779930603 -0.014708272085663969 -0.00042144786945890286 0.0021605866823511716 0.071771982427600231 -0.018646392544018595 0.020158964754079158 0.022917942488246846 -0.024752092456776984
leaf_weight=7.2026671022176725 9.0321619808673841 31.195887088775635 14.703004568815233 4.7439340725541115 15.454928908497093 4.1311113089323035 19.75715933740139 6.4436115026473981 8.7536712884902936 7.0756368488073349 4.6371949017047882 31.116804927587509 7.4929386824369413 5.0256922841072083 7.5721101164817801 7.9405898228287688 5.7983316853642455 10.27187215536833 8.1573029085993749 8.6108581274747866 7.3094169795513153 6.1016571521759095 18.84061486274004 32.058735758066177 14.576649218797682 6.0347210466861707 6.6273943036794645 5.4426996111869812 5.5136750936508179 11.934575840830801
leaf_count=34 50 138 72 22 96 21 82 22 29 28 21 121 25 16 34 41 21 39 35 42 25 20 83 129 65 21 25 21 20 48
internal_value=0.000381973 -0.00484162 -0.00205543 -0.0119541 -0.0196876 -0.00624416 0.00677931 0.0117487 0.00273524 0.00361134 -0.0137108 0.00257352 0.0203143 0.00127431 -0.00847404 0.00362792 0.00508169 0.00377779 0.00273714 -0.0155764 0.00519948 0.0104958 -0.00260753 -0.00237902 0.0191075 0.0274193 0.0149135 0.0472966 0.000229394 -0.0070219
internal_weight=339.558 105.462 96.4296 45.4766 34.289 18.8341 50.953 11.1875 234.096 222.256 11.8399 213.502 14.5686 198.934 38.6889 160.245 152.304 146.506 141.48 16.7682 124.712 73.4093 29.1125 51.3027 44.2968 29.7201 18.2427 11.4774 12.1411 43.9933
internal_count=1446 503 453 233 189 93 220 44 943 888 55 859 53 806 155 651 610 589 573 77 496 294 122 202 172 107 65 42 45 177
is_linear=0
shrinkage=0.05


Tree=119
num_leaves=31
num_cat=0
split_feature=8 29 55 3 16 4 2 45 29 7 8 5 15 9 2 43 46 9 46 45 2 2 28 6 9 2 3 4 17 8
split_gain=3.73451 3.63404 2.62235 2.87736 3.81014 3.20875 3.66684 3.2505 2.94834 2.77106 3.10339 2.67987 4.10415 2.67673 2.47033 2.43538 3.23559 3.01683 2.9941 2.132 2.10601 2.06661 1.93012 1.84342 1.90612 2.02527 1.79199 1.7843 1.70744 3.05187
threshold=-1.9752747252747251 1.5000000000000002 1.0000000180025095e-35 0.35147058823529415 11.500000000000002 0.24509048902579902 0.42965573326104639 0.41042780748663105 -11.499999999999998 0.86811594202898557 0.99708624708624727 -0.025212487741091857 6.5000000000000009 1.5400641025641029 0.046636578551472165 0.35500000000000004 0.43167701863354041 1.9069264069264071 0.26794258373205743 0.21538461538461542 -0.18668124071935324 -0.15700280112044815 13.500000000000002 0.89087301587301593 1.5178799489144319 -0.064897745932228676 0.21370023419203749 0.31909090909090915 11.500000000000002 0.20069444444444443
decision_type=8 10 2 10 2 10 10 10 8 10 10 8 2 10 10 8 8 10 8 8 8 10 10 8 10 8 10 10 2 10
left_child=-1 2 3 5 -5 11 7 8 -7 -10 22 12 14 -14 -2 17 -17 18 -3 -13 -21 -18 28 -22 -25 -26 -4 -8 29 -11
right_child=1 15 26 4 -6 6 27 -9 9 10 -12 19 13 -15 -16 16 21 -19 -20 20 23 -23 -24 24 25 -27 -28 -29 -30 -31
leaf_value=-0.035983631415202381 -0.010009845545576157 0.016317016311416938 -0.027851782412160232 0.0037650339578029126 -0.040945092056362514 0.038049462180415758 0.011394058121633145 0.039774774255594628 0.032274877339342339 0.0063103515944014409 0.035466916778462414 0.03106578549437038 -0.0095031222600446569 -0.041901315027628235 0.029827472752433901 0.036752069553864557 -0.025348799340787945 0.0041279202007089748 -0.035136664467604523 0.015227360648571442 -0.024685873323866916 0.013527441809327485 -0.025230447669367051 -0.0015786680258826958 -0.010187651123137235 0.021036487235652837 0.0014563127230427719 -0.024152766816785805 0.019673753844603396 -0.034699484457160285
leaf_weight=6.944422222673893 7.2641519159078589 3.2567431703209904 11.215874269604685 11.684745043516161 8.0464035421609861 9.7313825935125333 5.8342821449041358 13.100476726889609 9.9976889193057996 17.575821027159694 6.5076098889112464 7.3185851424932471 18.661935180425647 9.6833960413932783 8.3816046118736249 5.235602185130122 8.2696677297353745 10.06167535483837 21.441954955458641 30.423807561397552 6.8407468348741522 5.8273225128650639 7.1872512549161902 88.527991287410259 6.8811058104038239 21.172416254878048 9.7489271461963636 8.9393022507429105 10.851683735847471 6.1149543970823279
leaf_count=35 30 15 42 34 37 36 19 42 30 59 20 22 62 39 25 19 42 49 128 106 23 23 26 281 23 64 34 28 33 20
internal_value=0.000365308 0.00100308 0.00290937 0.00402926 -0.0144678 0.0052418 0.0127949 0.01697 0.0125743 0.00831731 0.00335185 0.00171329 -0.0092247 -0.0205711 0.0113314 -0.0110385 0.00318746 -0.0189504 -0.028352 0.0046989 0.00344461 -0.00927839 -0.00165638 0.000540136 0.00202034 0.0133777 -0.0142231 -0.0101149 0.00324867 -0.00427492
internal_weight=402.73 395.785 341.692 320.727 19.7311 300.996 95.8405 81.0669 67.9664 58.235 48.2373 205.156 43.9911 28.3453 15.6458 54.093 19.3326 34.7604 24.6987 161.165 153.846 14.097 41.7297 123.422 116.582 28.0535 20.9648 14.7736 34.5425 23.6908
internal_count=1446 1411 1135 1059 71 988 313 266 224 188 158 675 156 101 55 276 84 192 143 519 497 65 138 391 368 87 76 47 112 79
is_linear=0
shrinkage=0.05


Tree=120
num_leaves=31
num_cat=0
split_feature=14 27 11 29 11 30 19 42 17 16 10 17 31 15 10 1 11 10 19 19 37 27 28 22 3 1 21 0 6 29
split_gain=3.31838 2.93758 3.4138 2.69504 2.59008 2.92653 4.75041 2.8837 2.36808 2.46629 2.88579 3.50619 2.43395 2.82089 3.00937 3.00105 2.05674 3.77872 2.0403 1.97522 1.92963 1.92548 3.65675 2.7175 3.43039 1.89384 2.34327 4.07754 3.77376 1.88504
threshold=-3.4999999999999996 30.500000000000004 0.41104518207962304 10.500000000000002 -0.82014013118664275 2.5595537745932826 0.34523809523809529 0.25657894736842107 -1.0000000180025095e-35 5.5000000000000009 1.3699248120300755 -6.4999999999999991 2.5595537745932826 17.500000000000004 1.8722826086956526 0.42956349206349215 -0.22043139720462343 1.198684210526316 0.24038461538461542 0.67708333333333337 233.08500000000001 1.5000000000000002 12.500000000000002 0.11805555555555557 0.26614583333333336 0.43405797101449278 0.10555555555555557 0.30901856763925734 1.6030303030303032 7.5000000000000009
decision_type=2 10 8 8 8 10 8 8 2 2 10 2 8 2 10 8 10 10 8 10 8 8 8 8 10 10 10 8 8 10
left_child=3 4 -3 -1 7 8 18 -2 9 -6 25 -12 -10 15 21 16 -14 -18 29 20 -5 -15 -23 24 -24 -11 27 -27 -29 -7
right_child=1 2 -4 19 5 6 -8 -9 12 10 11 -13 13 14 -16 -17 17 -19 -20 -21 -22 22 23 -25 -26 26 -28 28 -30 -31
leaf_value=-0.006905260596688275 0.011524709336072499 0.035210674231416564 -0.0092417209926230013 -0.010796411630063743 0.019669099936961476 -0.022932321627885523 0.016286858952055429 -0.024479625094592339 0.029030342700253248 0.020258974228601394 -0.0037130465435353203 -0.036707468195295113 0.00098538432317120199 -0.040350996510925531 0.027716087766880879 0.00085180054988354635 -8.1360031539897112e-05 0.050779831248265045 -0.052406770801655546 -0.014895048179302593 0.017250595596529916 0.027365963117728681 -0.025198450750101242 0.01203001862329702 0.018622988348165573 -0.022788571732403513 -0.032193282118943539 0.045226927702424244 -0.0061198289929168424 0.012029704466629369
leaf_weight=25.355071976780891 6.944883629679679 10.236526802182196 7.4714281857013729 6.8145519495010376 7.812276989221572 26.702469497919086 10.019467264413832 27.916322246193886 8.964349761605261 8.3301562666892988 15.336158707737921 16.9519874304533 6.9292946085333851 4.5649730190634719 6.1167221516370764 36.877393707633018 5.5294165760278728 10.754547104239462 4.9601232334971419 6.26467740535736 61.276591330766678 6.9026315510272971 28.71830265969038 9.367718465626238 5.2882749885320655 10.670867532491689 6.9495432972908011 6.7521152496337864 7.6130835264921197 4.5059552788734427
leaf_count=86 34 31 26 21 23 123 35 126 36 25 45 53 26 25 25 115 20 33 17 21 203 26 124 39 22 34 21 20 23 14
internal_value=-0.000760052 -0.00331797 0.0164551 0.00717162 -0.00451922 -0.00278202 -0.0141791 -0.017307 -0.000280438 -0.00702475 -0.00989704 -0.0210358 0.00389106 0.00202936 -0.00554888 0.00971706 0.0238007 0.0335093 -0.0226188 0.0119718 0.0144437 -0.00925904 -0.006436 -0.0118153 -0.0183839 -0.000976178 -0.00650654 0.000623613 0.0180148 -0.0178844
internal_weight=408.898 309.187 17.708 99.7109 291.479 256.618 46.188 34.8612 210.43 80.4162 72.6039 32.2881 130.014 121.049 60.9586 60.0907 23.2133 16.284 36.1685 74.3558 68.0911 54.8419 50.2769 43.3743 34.0066 40.3158 31.9856 25.0361 14.3652 31.2084
internal_count=1472 1141 57 331 1084 924 189 160 735 244 221 98 491 455 261 194 79 53 154 245 224 236 211 185 146 123 98 77 43 137
is_linear=0
shrinkage=0.05


Tree=121
num_leaves=31
num_cat=0
split_feature=46 11 12 9 5 10 41 17 13 3 0 3 45 6 3 16 10 10 5 27 4 5 42 9 31 16 45 10 4 8
split_gain=2.42792 3.49663 2.43249 2.8736 6.00775 3.13341 2.76597 2.56204 6.9296 2.50308 3.07924 2.88882 2.69242 2.91083 2.29172 2.22591 3.21257 2.02403 2.66347 2.94278 2.276 3.52655 3.7359 3.22032 3.29538 3.84651 3.0637 3.04808 2.73971 2.28376
threshold=0.45934065934065943 -0.16666666666666655 1.5000000000000002 2.2613636363636371 0.0048900047824007595 1.0000000180025095e-35 1.6774136715997197 -3.4999999999999996 4.5000000000000009 0.17974358974358975 0.095454545454545472 0.19441752277573177 0.45934065934065943 1.6835686777920411 0.080128205128205135 28.500000000000004 1.2291505791505795 1.6823725055432375 0.026048026048026033 13.500000000000002 0.23861283643892342 -1.0000000180025095e-35 0.32051282051282054 1.4604989604989607 3.756446776551098 46.500000000000007 0.41042780748663105 0.96636517806670452 0.18225524475524477 -0.48160173160173148
decision_type=10 10 2 10 10 10 10 2 2 10 10 10 8 10 10 2 8 10 10 8 10 10 10 10 10 2 8 10 8 8
left_child=2 -2 7 5 14 -4 9 8 -1 12 -11 -12 13 -7 -5 -10 -17 20 19 -19 21 -13 23 26 25 29 28 -22 -23 -25
right_child=1 -3 3 4 -6 6 -8 -9 15 10 11 17 -14 -15 -16 16 -18 18 -20 -21 27 22 -24 24 -26 -27 -28 -29 -30 -31
leaf_value=0.021488149070221736 0.019646526261442154 -0.02794150549045011 0.031808115921231048 0.026508803824331142 0.054547868076625664 0.036026273594864662 0.029298033262940743 -0.022541438709356813 -0.041443268631048316 -0.042932772025064785 -0.022081324274617755 0.044555437806364485 0.000657174824329281 0.00095508561455736056 -0.013570212944281233 -0.031497425268970154 0.027698438547426076 -0.024989268668333998 -0.022167831461257257 0.020599244395057874 0.011932747926168077 0.031967296544838972 0.029676911940492948 0.037351200034133052 0.052249053741364286 -0.039244947609380791 -0.030106554646607199 -0.021408980521939999 -0.016618787015051036 -0.0024830098650921013
leaf_weight=18.145626895129681 5.1117705851793316 15.763760194182394 8.3353845253586751 5.7008090466260937 8.1854719817638379 13.648051500320436 8.1223617941141111 19.997351415455341 8.2655238434672373 4.9356079697608939 17.162067510187626 6.2009785622358242 52.888215735554695 10.443685501813887 9.5277123078703863 5.2820570990443203 4.0488271564245233 5.3566880226135227 20.554681047797203 10.436881735920906 11.348390139639379 5.2093826532363972 12.185959309339522 6.5138405710458755 4.2011678814887992 4.1458058804273596 13.331687517464159 17.311055883765221 6.549265682697297 8.0384866371750885
leaf_count=67 20 73 38 19 27 46 32 102 39 23 73 24 218 46 38 29 18 27 93 39 42 20 43 23 15 27 69 83 26 33
internal_value=0.000242122 -0.0162887 0.00130044 0.0032614 0.0200021 0.00167398 0.000621187 -0.00821015 -0.000191914 -0.000389495 -0.00407985 -0.00278892 0.00696831 0.020823 0.0014334 -0.0225487 -0.00581135 -0.000268853 -0.0103037 0.00513704 0.00356915 0.00865354 0.00495391 -0.00132397 0.0122338 0.00324301 -0.0136978 -0.00820653 0.00490609 0.0153474
internal_weight=346.949 20.8755 326.073 270.334 23.414 246.92 238.584 55.7394 35.742 230.462 153.482 148.546 76.98 24.0917 15.2285 17.5964 9.33088 131.384 36.3483 15.7936 95.036 66.3766 60.1756 47.9896 22.8993 18.6981 25.0903 28.6594 11.7586 14.5523
internal_count=1472 93 1379 1124 84 1040 1002 255 153 970 660 637 310 92 57 86 47 564 159 66 405 280 256 213 98 83 115 125 46 56
is_linear=0
shrinkage=0.05


Tree=122
num_leaves=31
num_cat=0
split_feature=29 8 3 2 3 28 48 17 6 56 11 13 11 7 7 28 3 8 8 8 12 37 28 32 1 44 5 2 6 2
split_gain=3.33793 2.51122 2.07454 4.06454 3.98158 3.10425 4.18803 2.52474 3.56294 2.78778 2.72096 3.56953 3.53678 4.66884 2.38121 2.29104 3.59542 2.14906 2.14462 2.09962 1.97241 1.91098 1.91076 1.9071 2.16771 2.34418 2.14225 3.5769 2.86066 4.19566
threshold=13.500000000000002 2.5232683982683985 0.1715728715728716 -0.47546791443850261 0.30583900226757377 9.5000000000000018 1.0000000180025095e-35 2.5000000000000004 1.7960323574730357 -1.0000000180025095e-35 0.77911490683229823 7.5000000000000009 0.47613636363636364 2.2170289855072469 1.2679487179487181 4.5000000000000009 0.2251760563380282 0.82817460317460312 0.16165689149560122 -1.0760555234239442 4.5000000000000009 150.02500000000001 8.5000000000000018 2.446890731071766 0.095454545454545472 0.34891304347826091 -0.036647727272727269 0.21678921568627454 1.7960323574730357 0.13305422647527915
decision_type=10 10 10 8 10 8 10 2 10 2 8 2 10 10 10 8 10 10 10 10 2 10 10 10 8 10 8 10 10 8
left_child=1 2 5 -4 15 -1 7 9 20 -7 11 12 13 18 -12 16 -5 -10 -11 -6 -9 -2 -23 24 -17 26 -26 28 -28 -30
right_child=21 -3 3 4 19 6 -8 8 17 10 14 -13 -14 -15 -16 23 -18 -19 -20 -21 -22 22 -24 -25 25 -27 27 -29 29 -31
leaf_value=-0.027828546232969788 -0.034057894082089459 0.031049542634048639 0.034130971641180202 0.0070441389405268007 -0.037634953569599477 -0.031662981870993159 0.033840128261586118 -0.04000190242565782 0.019447540828507123 0.035439532308523015 0.0059204548286734479 -0.023811520022222393 0.046240765311276313 -0.026747313793894875 -0.021123088028319331 0.024091982205560112 -0.042763833513349135 -0.015688737776091775 0.0067561711258939455 -0.0066647249595445006 -0.0089153883018702265 -0.021623146988416872 0.021031583828066396 0.032993743713808837 0.016397938340168221 -0.020031816226400156 0.0007569217051485405 -0.021815028470235996 0.036422550161588955 -0.010901575533855148
leaf_weight=12.150199413299559 10.401274643838407 7.1099110543727866 10.65523026883602 8.9856383278965932 6.5123522207140914 6.0439556315541259 7.9172075986862174 13.090192779898645 9.0485226660966891 11.295093581080438 16.254009813070297 6.3591472655534735 8.0227355137467367 7.0926969647407523 16.305064119398594 15.35892730951309 6.071255810558795 8.3842989951372129 15.404351517558096 34.276036821305752 8.3623064160346967 6.3751963973045331 4.4638600051403046 6.9331197738647452 36.373569324612617 9.2378533184528333 66.451317995786667 13.3966216892004 14.98436816036701 6.8130551129579571
leaf_count=54 64 22 40 32 25 27 27 43 27 35 50 26 25 27 68 50 30 25 47 125 25 52 20 24 119 29 224 42 47 21
internal_value=0.000552947 0.00160713 0.00105882 0.00395481 0.00252827 -0.00363203 -0.00143115 -0.00365338 -0.0142407 0.00109086 0.00354292 0.0110892 0.0163969 0.00931153 -0.00762252 0.00565199 -0.0130395 0.00254878 0.0188906 -0.0116095 -0.0278842 -0.0187481 -0.0040566 0.0073119 0.00621695 0.00435258 0.00598467 0.00225831 0.00591277 0.0216308
internal_weight=410.129 388.889 381.779 236.049 225.394 145.73 133.58 125.662 38.8853 86.7771 80.7331 48.174 41.8149 33.7921 32.5591 184.606 15.0569 17.4328 26.6994 40.7884 21.4525 21.2403 10.8391 169.549 162.616 147.257 138.019 101.645 88.2487 21.7974
internal_count=1472 1336 1314 808 768 506 452 425 120 305 278 160 134 109 118 618 62 52 82 150 68 136 72 556 532 482 453 334 292 68
is_linear=0
shrinkage=0.05


Tree=123
num_leaves=31
num_cat=0
split_feature=29 39 47 54 40 28 2 7 0 7 47 0 0 15 0 10 8 8 2 5 6 0 45 45 3 10 23 5 6 17
split_gain=2.98845 2.27277 4.19628 2.29271 2.85293 2.58939 2.35447 3.78383 3.32225 3.17671 2.43709 2.26969 2.37344 2.08003 2.17845 1.84721 3.16929 4.22146 2.95999 3.19793 3.64431 2.92056 2.89589 2.7394 3.33628 2.72317 2.65887 2.6567 3.83906 2.83505
threshold=13.500000000000002 25.914583333333336 -0.0061801242236024781 1.0000000180025095e-35 26.887840670859543 34.500000000000007 -0.48747167576475431 2.3819444444444451 0.21240601503759401 0.83666666666666678 0.18187830687830689 0.40270270270270275 0.27386363636363642 18.500000000000004 0.37617924528301894 1.3107954545454548 -0.14021254434788263 0.58697478991596652 0.47907913165266114 -0.18225524475524471 1.5612500000000002 0.41801075268817212 0.24264705882352944 0.39696969696969703 0.10818713450292398 1.4852813852813855 0.033333333333333354 0.16645021645021649 1.693979933110368 12.500000000000002
decision_type=10 8 8 2 10 10 8 10 8 8 10 8 10 2 8 10 10 10 10 8 10 8 10 10 10 10 8 10 10 2
left_child=1 2 -1 4 5 6 7 -3 9 -8 15 12 -2 14 -5 18 21 27 19 -10 22 -17 -21 24 -19 -23 -24 28 29 -18
right_child=11 3 -4 13 -6 -7 8 -9 10 -11 -12 -13 -14 -15 -16 16 17 23 -20 20 -22 25 26 -25 -26 -27 -28 -29 -30 -31
leaf_value=0.033835979011801652 0.013470225796000768 -0.036345440288545125 -0.019475751238461018 -0.028745417906940518 0.032408076112604482 -0.027267011613525457 -0.014878129116409403 0.0077987049781934274 -0.023392178519127851 0.020615316982923994 -0.033589663535711523 0.035514665740925454 -0.020719147004211451 -0.044205265500742275 0.013647103046829144 -0.032826928663473087 0.0069946613110082436 0.0057551034711244235 0.0400693591860561 0.022413245904501153 -0.0052926885515732214 -0.031509081093581325 0.010832471587026807 0.023827599016401798 -0.027513235398268124 0.0046369280095411797 -0.033491321244464793 0.04424368991656831 0.032789355885673201 -0.031876256394075111
leaf_weight=4.1411403864622116 23.572064161300663 10.775040760636331 33.966877900063992 5.8791724443435678 6.7283792048692694 8.7799287959933263 7.6784728318452826 8.8342169523239118 10.540339618921278 35.219535648822784 5.5571260452270499 8.395143583416937 6.4693202376365653 5.396729201078414 6.254258744418622 15.38109554350376 17.333170160651211 11.703832320868967 5.5879075676202765 35.794834151864052 41.794127188622952 7.2003519833087948 10.486148133873936 5.0678099393844596 21.162026658654213 18.856627836823463 4.9952459260821351 5.7798339799046508 10.490861982107161 6.4313375204801551
leaf_count=14 84 33 159 22 24 43 28 27 39 107 22 31 21 25 21 51 57 42 20 115 146 21 34 21 98 58 22 19 34 34
internal_value=-0.000735336 -0.00212162 -0.0136824 -0.000785404 0.000202629 -0.000506786 0.000285182 -0.0164579 0.00147019 0.0142622 -0.000873272 0.0125306 0.00610765 -0.0183804 -0.00689391 -7.79754e-05 -0.0043761 0.00156238 0.00462195 0.00271021 0.00566634 -0.0155498 0.0145988 -0.0103899 -0.0156661 -0.00535134 -0.0034691 0.0128872 0.00759651 -0.00352489
internal_weight=406.253 367.816 38.108 329.708 312.178 305.45 296.67 19.6093 277.061 42.898 234.163 38.4365 30.0414 17.5302 12.1334 228.606 119.407 77.9689 109.199 103.611 93.0704 41.4381 51.2762 37.9337 32.8659 26.057 15.4814 40.0352 34.2554 23.7645
internal_count=1472 1336 173 1163 1095 1071 1028 60 968 135 833 136 105 68 43 811 435 305 376 356 317 130 171 161 140 79 56 144 125 91
is_linear=0
shrinkage=0.05


Tree=124
num_leaves=31
num_cat=0
split_feature=46 11 12 9 5 10 51 9 8 45 40 26 32 32 36 29 36 5 10 17 20 43 12 11 5 30 46 31 38 29
split_gain=2.26653 3.28271 2.26495 2.66638 5.51521 2.86143 2.4562 2.56654 2.99401 2.2474 2.96481 3.06317 2.83031 4.88315 2.78409 3.08691 3.06126 2.75006 3.48571 3.09845 3.17211 4.23988 2.75995 2.72848 2.14413 2.74273 2.41449 2.11119 2.36406 2.55366
threshold=0.45934065934065943 -0.16666666666666655 1.5000000000000002 2.2613636363636371 0.0048900047824007595 1.0000000180025095e-35 0.36130536130536134 1.198684210526316 -1.2850672877846787 0.25462962962962971 25.484027777777779 1.0000000180025095e-35 -4.1411281296271456 -2.1526959920083901 85.937500000000014 11.500000000000002 59.675000000000004 0.014718614718614702 1.7559523809523812 11.500000000000002 -0.35136554621848731 0.22474747474747478 3.5000000000000004 -0.54653679653679643 1.0000000180025095e-35 3.756446776551098 0.14835164835164838 7.6298484672583298 -573.51249999999993 2.5000000000000004
decision_type=10 10 2 10 10 10 10 10 8 10 8 2 8 8 8 10 8 10 10 2 10 8 2 8 10 10 10 10 10 10
left_child=2 -2 6 5 -5 -4 7 -1 -9 12 11 -11 -7 -14 16 17 -15 18 24 20 -19 -22 -23 -20 25 26 -16 28 29 -12
right_child=1 -3 3 4 -6 9 -8 8 -10 10 27 -13 13 14 15 -17 -18 19 23 -21 21 22 -24 -25 -26 -27 -28 -29 -30 -31
leaf_value=-0.0020838615847330799 0.018745847873674303 -0.02735273456962329 0.030217524948572355 0.0013891990194796206 0.052111050031870457 -0.034369824111034196 0.021799243497026517 0.011052827266384173 -0.035472414462896784 0.0076856354895841854 0.00087746043692210098 0.061745172488630054 0.04033856720049489 -0.0031215173139740532 -0.021860794673561987 -0.035653485021698059 0.048437504201678014 -0.033933132024930236 0.0063809312306183121 -0.029496962306569875 -0.026843601161295014 -0.0042552213207489855 0.030850438314119811 0.047630041635732347 0.027486701097435874 0.020838767169150622 0.0035443059955320788 0.027085042496633484 -0.019530088405322568 0.034591426383913076
leaf_weight=28.807953789830208 5.1505371481180218 15.435132585465906 8.4605235680937749 15.193151332437994 8.2801386788487417 6.8156875222921371 6.1698168069124213 4.4242453351616859 15.832094475626947 5.806343235075472 43.11613716930151 4.7756361290812492 6.6870947480201721 6.3984928131103516 23.830074422061443 7.9448941498994818 5.2338266447186452 7.143351547420024 9.8856059983372671 17.09069561958313 8.5998148098588008 10.516298681497576 11.972798459231852 6.7438101470470455 5.1340487226843825 7.649496152997016 15.393981926143168 8.4725001752376539 11.920578688383101 6.4580129012465468
leaf_count=132 20 73 38 57 27 37 23 21 79 25 174 18 23 28 116 42 20 37 37 78 36 43 48 22 21 28 56 32 58 23
internal_value=0.000269898 -0.0158189 0.00128973 0.00318001 0.0192812 0.00164395 -0.00793417 -0.0116731 -0.0253107 0.000626446 0.00741647 0.0320826 -0.0028563 -0.00142653 -0.00337228 -0.00544019 0.0200769 -0.00350375 0.00318237 -0.011799 -0.00388754 0.00301609 0.0144344 0.0231089 -0.00318913 -0.00654905 -0.0118902 0.00368591 0.000462066 0.00526937
internal_weight=345.343 20.5857 324.757 269.523 23.4733 246.05 55.2341 49.0643 20.2563 237.589 80.5492 10.582 157.04 150.224 143.537 131.905 11.6323 123.96 68.637 55.323 38.2323 31.0889 22.4891 16.6294 52.0076 46.8736 39.2241 69.9672 61.4947 49.5742
internal_count=1472 93 1379 1124 84 1040 255 232 100 1002 330 43 672 635 612 564 48 522 280 242 164 127 91 59 221 200 172 287 255 197
is_linear=0
shrinkage=0.05


Tree=125
num_leaves=31
num_cat=0
split_feature=29 40 9 8 27 28 43 3 46 41 41 46 8 7 6 11 19 10 3 3 4 10 43 6 28 8 1 15 10 32
split_gain=3.08725 2.64326 3.36456 2.32621 1.99639 2.33911 2.5531 2.48974 3.40182 2.97637 3.13581 2.80601 2.66495 3.37787 3.58927 3.06638 3.13151 2.29893 2.11798 3.70298 3.45613 2.09948 2.06504 2.41647 2.00118 1.99238 3.28225 2.41233 2.36674 2.56195
threshold=13.500000000000002 25.441734417344176 1.8722826086956526 2.5232683982683985 1.5000000000000002 4.5000000000000009 0.35500000000000004 0.18490028490028493 0.19090909090909094 1.1722673160173172 -0.53109168694403575 0.38315217391304351 0.054486981260436725 2.126329787234043 1.5705244122965645 0.66862745098039245 1.0000000180025095e-35 1.5370879120879124 0.35147058823529415 0.46410256410256417 0.19895833333333338 1.6594202898550727 0.32051282051282054 2.2529069767441867 8.5000000000000018 -0.036982825917252042 0.44033898305084751 27.500000000000004 1.6099033816425123 -1.9628719806463486
decision_type=10 10 10 10 8 8 8 10 8 10 10 8 8 10 8 8 8 10 10 10 10 10 8 8 10 10 10 2 10 10
left_child=3 -2 -3 4 -1 6 -6 11 -9 10 18 24 13 15 -15 16 -13 22 25 -20 -21 -19 -14 -24 -7 28 -27 -28 29 -10
right_child=1 2 -4 -5 5 7 -8 8 9 -11 -12 12 17 14 -16 -17 -18 21 19 20 -22 -23 23 -25 -26 26 27 -29 -30 -31
leaf_value=0.021368064039984796 -0.034245478899145441 -0.021301095819538221 0.04119745503229999 0.030015921856894806 -0.033459754643572821 -0.029114140720448919 0.0013283222120319996 0.031926478897987456 -0.014007355018370558 -0.02548487515180119 0.025731196238293237 0.015631006522455689 0.024860276812683352 -0.040222646529375496 0.0090898923365459461 -0.0025786506075461488 0.05705851488916619 -0.038722588460627511 -0.037289798602014951 0.029591342694937395 -0.023249838968260262 -0.0091442600431275254 -0.021391772221469971 0.0056480254861026695 0.0040157222792385171 0.0042091057850141729 0.046594092598791922 0.011616039117403314 0.013915535597078832 0.020273687187518187
leaf_weight=11.645309567451475 11.528513491153719 5.8736731484532338 3.3998956009745598 7.0282601416110984 10.402683325111868 16.087796859443191 10.697779580950735 11.162201330065725 34.161303833127022 8.4520850330591184 16.357493013143539 12.925527513027193 8.0453636795282346 6.0184231847524616 9.5380745381116867 11.045575663447382 7.0494385957717887 7.3183145672082892 8.5893386900424975 6.7528725862503034 5.7118958532810211 33.287324041128159 12.1673726439476 25.745931521058083 6.3601570054888716 57.52886326611042 9.173503980040552 10.65430001914501 16.499923765659332 6.4846296012401572
leaf_count=41 76 45 15 22 54 59 47 37 125 28 60 41 26 34 33 43 22 24 31 21 24 107 38 79 23 183 27 33 52 22
internal_value=0.000504116 -0.0182601 0.00161226 0.00151302 0.000985652 0.000341036 -0.0158225 0.00132358 0.00514022 0.00348252 0.00490669 -0.00337467 -0.00061754 0.00902612 -0.00998791 0.0185615 0.0302513 -0.00580644 0.0027169 -0.0120294 0.00537723 -0.0144751 0.00185258 -0.00302975 -0.0197275 0.00502518 0.0102556 0.0277989 -0.00205504 -0.00853818
internal_weight=407.694 20.8021 9.27357 386.892 379.863 368.218 21.1005 347.118 191.528 180.366 171.914 155.589 133.141 46.577 15.5565 31.0205 19.975 86.5643 155.557 21.0541 12.4648 40.6056 45.9587 37.9133 22.448 134.503 77.3567 19.8278 57.1459 40.6459
internal_count=1472 136 60 1336 1314 1273 101 1172 643 606 578 529 447 173 67 106 63 274 518 76 45 131 143 117 82 442 243 60 199 147
is_linear=0
shrinkage=0.05


Tree=126
num_leaves=31
num_cat=0
split_feature=14 27 11 11 42 30 19 29 21 11 29 2 0 44 7 1 8 19 37 18 46 0 46 40 30 39 7 15 1 15
split_gain=2.75131 2.52678 3.02853 2.40918 2.70915 2.65452 3.99027 2.36436 2.10076 2.7843 2.7389 1.90211 2.12478 1.99559 2.51898 3.0596 2.75838 1.8598 1.81491 1.66115 1.65589 2.07279 1.65521 1.59986 1.49284 1.4915 1.4688 2.10599 1.80707 1.36614
threshold=-3.4999999999999996 30.500000000000004 0.43019480519480513 -0.82014013118664275 0.25657894736842107 1.9702113754102264 0.34523809523809529 10.500000000000002 0.069047619047619066 0.60801587301587312 -4.4999999999999991 0.13305422647527915 0.6419413919413921 0.28295376121463084 1.1972222222222224 0.12771739130434787 0.66885964912280715 0.65476190476190488 233.08500000000001 0.24038461538461542 0.4158240647118302 0.48435972629521024 0.36038961038961043 25.494444444444447 7.4454707805030216 25.973214285714288 1.8119103773584908 5.5000000000000009 0.43792808219178087 21.500000000000004
decision_type=2 10 10 8 8 10 8 8 8 8 10 8 10 10 8 10 8 10 8 10 10 10 10 10 8 8 10 2 10 2
left_child=7 3 -3 4 -2 11 8 23 9 10 29 12 20 14 15 19 -16 18 -9 -13 22 -22 -5 24 -1 -20 27 -27 -29 -7
right_child=1 2 -4 5 -6 6 -8 17 -10 -11 -12 13 -14 -15 16 -17 -18 -19 25 -21 21 -23 -24 -25 -26 26 -28 28 -30 -31
leaf_value=-0.02848926029085069 0.011229781001792082 0.031129872000154653 -0.012178370461139079 -0.002549543116365168 -0.023754298470268959 -0.040367296933149582 0.014402258802321006 -0.010376396785194747 -0.039414125831128861 -0.041739441415296154 0.015027804202318362 -0.0071221163076003501 -0.028326284607596432 0.034312605494344388 0.033498749798680019 -0.032360283663068617 0.0040813422181551259 -0.0099057627623614572 0.038789378375672985 0.030179673179546569 0.029344973488067961 -0.0092330711080996341 -0.02891112939998694 0.0094237518267548843 0.0035447779750370466 0.019937834833836567 0.02688988963849509 0.015271920336630485 -0.018438904321654372 -0.0059781237271480528
leaf_weight=9.7702518552541733 6.9459429308772078 11.122176125645639 6.3365752249956122 101.91875886172056 27.222106903791428 5.0696317777037621 10.497698947787283 6.7604920864105225 10.525642581284044 6.5634321868419638 9.7711681276559865 8.8877438828349131 8.1509288772940618 5.9078679382801047 10.322082579135895 8.9509139731526357 34.950240574777126 9.2112012654542905 6.9157593101263046 4.4936435967683783 8.6975522041320783 5.8063248395919791 6.3240355998277655 9.5588542073965055 5.7934486120939264 18.477469593286514 15.398587346076964 6.7237510383129147 9.7253931015729886 6.7109303846955299
leaf_count=35 34 35 22 331 126 26 38 21 57 23 32 37 30 24 38 46 121 31 28 18 27 21 21 33 18 59 53 21 32 34
internal_value=-0.000714521 -0.00305816 0.0154113 -0.0041789 -0.0166425 -0.00249932 -0.0129338 0.00655879 -0.0203603 -0.0132271 -0.00454381 9.05311e-06 -0.00360547 0.00644514 0.00400984 -0.00973196 0.0107885 0.0111004 0.0141237 0.00540431 -0.0019639 0.0139011 -0.00408971 -0.00667649 -0.0165649 0.0170173 0.0140253 0.00835351 -0.00465927 -0.0207771
internal_weight=403.511 305.175 17.4588 287.717 34.168 253.549 49.1385 98.3352 38.6408 28.1152 21.5517 204.41 130.898 73.5125 67.6046 22.3323 45.2723 73.2127 64.0015 13.3814 122.747 14.5039 108.243 25.1226 15.5637 57.241 50.3252 34.9266 16.4491 11.7806
internal_count=1472 1141 57 1084 160 924 210 331 172 115 92 714 430 284 260 101 159 245 214 55 400 48 352 86 53 193 165 112 53 60
is_linear=0
shrinkage=0.05


Tree=127
num_leaves=31
num_cat=0
split_feature=46 11 12 9 11 8 41 51 9 8 1 7 20 16 32 3 15 42 28 2 0 3 37 8 7 46 16 44 12 28
split_gain=2.10423 3.12076 2.08252 2.48863 2.88083 2.45812 2.5778 2.27154 2.47438 2.87346 2.18075 2.10752 2.04395 3.08519 2.88032 2.40982 3.71722 2.81199 3.26525 3.05621 3.07543 2.83542 2.79132 2.26057 2.24553 2.20077 2.19811 3.10024 2.10535 2.19849
threshold=0.45934065934065943 -0.16666666666666655 1.5000000000000002 2.2613636363636371 1.1190789473684213 1.3765625000000001 1.6774136715997197 0.36130536130536134 1.198684210526316 -1.2850672877846787 1.0000000180025095e-35 1.3826658322903633 0.36038961038961043 22.500000000000004 -4.467432475615241 0.1811868686868687 17.500000000000004 0.30384615384615393 4.5000000000000009 0.02290209790209791 0.12771739130434787 0.31909090909090915 150.02500000000001 -0.66885964912280682 1.1291666666666669 0.26120857699805072 45.500000000000007 -0.21130952380952375 5.5000000000000009 4.5000000000000009
decision_type=10 10 2 10 8 8 10 10 10 8 8 8 10 2 8 10 2 10 10 10 10 8 8 10 10 10 2 8 2 10
left_child=2 -2 7 5 -5 6 12 8 11 -10 -7 -1 15 14 -14 16 22 19 -19 20 -17 -21 -4 -24 -25 -26 27 -22 -28 -30
right_child=1 -3 3 4 -6 10 -8 -9 9 -11 -12 -13 13 -15 -16 17 -18 18 -20 21 26 -23 23 24 25 -27 28 -29 29 -31
leaf_value=0.013360562661464494 0.018213663636724536 -0.026786625318379598 0.029619375231263678 0.035444741049508698 0.00042576480837126741 -0.0013783563735016717 0.02779055722563651 0.020848907048149082 0.010586067399676142 -0.035018947733327532 0.032523404808655794 -0.01393300484852974 0.01628488771049769 0.011920074786724674 -0.030867969880490165 -0.031518837004353172 0.025821902025295121 0.038506434460794672 -0.0026474164361875723 -0.022719262469017794 0.043055327195109766 0.022141969407366738 0.01612603016497937 0.0074765174612097633 -0.036901658320243357 0.0043867206873756705 -0.040133578931169873 0.0042866803842232333 -0.021271292441747882 0.020233890989233731
leaf_weight=12.679062247276308 5.1684738695621517 15.134332738816736 6.6014278680086136 12.215215653181074 11.311003670096399 8.059906333684923 8.1079578325152379 6.2111215665936461 4.4494176879525185 15.438679054379465 11.528410553932188 15.995758280158041 3.9241394624114037 9.0694204121828061 18.540029644966133 6.9421635866165152 21.730940386652946 8.2182685807347315 11.655753090977667 32.470155745744705 5.9478844255208969 3.9507756233215323 8.4625538066029531 8.0679303258657473 11.173268795013426 4.5383857935667029 4.688242286443713 38.767597645521164 6.5182212963700277 6.2494708150625229
leaf_count=46 20 73 21 40 44 33 31 23 21 79 52 86 19 37 93 31 78 28 44 150 21 14 37 27 56 17 28 168 32 23
internal_value=0.00028333 -0.0153309 0.00126324 0.00307433 0.0186082 0.00158398 0.000108935 -0.00762257 -0.011264 -0.0248161 0.018574 -0.00186469 -0.000922901 -0.0126938 -0.0226311 0.00107286 0.00926212 -0.00288269 0.0143704 -0.00613176 4.49646e-05 -0.0178529 -2.21214e-06 -0.00606709 -0.0139651 -0.0249753 0.00356943 0.00944354 -0.0114778 -0.000955527
internal_weight=343.816 20.3028 323.513 268.739 23.5262 245.213 225.625 54.774 48.5629 19.8881 19.5883 28.6748 217.517 31.5336 22.4642 185.983 60.5745 125.409 19.874 105.535 69.1136 36.4209 38.8436 32.2421 23.7796 15.7117 62.1714 44.7155 17.4559 12.7677
internal_count=1472 93 1379 1124 84 1040 955 255 232 100 85 132 924 149 112 775 236 539 72 467 303 164 158 137 100 73 272 189 83 55
is_linear=0
shrinkage=0.05


Tree=128
num_leaves=31
num_cat=0
split_feature=28 27 41 38 40 27 23 55 5 25 45 2 6 18 4 54 8 19 4 21 5 11 7 9 28 17 17 11 17 3
split_gain=2.82371 3.48043 2.24786 2.86152 3.15788 2.97553 2.78668 2.77114 2.57231 2.47945 2.43867 2.33299 3.69675 3.16035 3.88567 2.46064 1.9733 3.77283 1.90656 1.8261 2.04603 1.75692 3.62231 1.83886 2.62162 1.85393 3.07363 2.28082 2.99892 2.20444
threshold=7.5000000000000009 2.5000000000000004 1.7341437632135313 422.68750000000006 25.914583333333336 34.500000000000007 1.0000000180025095e-35 1.0000000180025095e-35 -0.022329059829059816 1.0000000180025095e-35 0.24264705882352944 0.47907913165266114 2.2870879120879124 0.39230769230769241 0.23956521739130437 1.0000000180025095e-35 -0.71320346320346306 0.29285714285714287 0.18780940594059409 0.41428571428571431 0.04052722345405272 -0.95346320346320335 0.70714285714285718 0.96636517806670452 27.500000000000004 2.5000000000000004 19.500000000000004 0.82067307692307712 -2.4999999999999996 0.36038961038961043
decision_type=8 8 10 8 8 10 8 2 10 2 10 8 8 10 10 2 8 10 10 10 10 10 10 10 10 2 2 10 2 10
left_child=1 -1 3 6 -5 7 18 9 -9 11 16 13 -13 15 19 21 -11 -18 -2 20 -15 22 -6 -23 25 27 -27 29 -29 -25
right_child=2 -3 -4 4 5 -7 -8 8 -10 10 -12 12 -14 14 -16 -17 17 -19 -20 -21 -22 23 -24 24 -26 26 -28 28 -30 -31
leaf_value=0.016326979660800135 0.027773751150952253 -0.01721987335691479 -0.026203172209102139 -0.020644896659779317 -0.0090310750790101851 -0.031863183367805137 0.042574465924958775 -0.03860531077734871 -0.00054481226039277439 -0.030228827547455511 0.014277560630327889 -0.018201515531810819 0.010157319994365636 0.0020249855853050314 0.047900060558444424 0.027914528554967274 -0.020886548169688945 0.018043866199678845 -0.0021778867158257016 -0.011503715467033496 0.03590912065570856 -0.018219993670757988 0.031836478757933807 0.020851653624590998 0.032126976441146315 -0.013083499740752409 0.016436111866573379 -0.029738561499396229 0.016243960658536605 -0.013547349371066412
leaf_weight=9.5898964554071409 8.1738961562514323 39.899776920676231 6.9142251163721076 15.772280916571615 8.6846110671758669 6.2400121241807929 7.9518799334764507 7.3748607411980656 11.152647972106932 10.852192521095274 11.241997748613356 22.36476057767868 23.637102290987968 8.5376983731985145 10.527807936072348 11.586026176810263 15.057798266410829 10.607520937919615 15.180866084992884 6.3549875468015662 9.3167324662208539 10.843270316720007 14.433433219790457 28.292275965213776 7.386388733983039 35.754066035151482 11.704718604683874 7.7267213016748428 6.553089961409567 5.5752243995666495
leaf_count=30 29 230 24 59 27 25 31 32 38 55 39 68 73 26 35 36 50 37 57 20 29 36 43 92 23 113 38 34 23 20
internal_value=0.00047103 -0.0107193 0.00202754 0.00258702 0.00116528 0.00230508 0.0170093 0.00302644 -0.0156948 0.00427846 -0.0060856 0.00643732 -0.00362992 0.00896416 0.0225413 0.00578905 -0.0123545 -0.00479654 0.00830484 0.0115136 0.0197063 0.00391728 0.016484 0.00136519 0.00342716 0.00120986 -0.0058031 0.00812253 -0.00863691 0.0151889
internal_weight=405.289 49.4897 355.799 348.885 317.578 301.806 31.3066 295.566 18.5275 277.038 47.7595 229.279 46.0019 183.277 34.7372 148.54 36.5175 25.6653 23.3548 24.2094 17.8544 136.954 23.118 113.836 102.992 95.6061 47.4588 48.1473 14.2798 33.8675
internal_count=1472 260 1212 1188 1071 1012 117 987 70 917 181 736 141 595 110 485 142 87 86 75 55 449 70 379 343 320 151 169 57 112
is_linear=0
shrinkage=0.05


Tree=129
num_leaves=31
num_cat=0
split_feature=29 3 12 39 47 23 14 3 0 10 47 8 19 8 2 5 42 15 5 6 5 1 1 15 31 42 31 11 10 6
split_gain=2.48198 2.17228 2.39082 2.07217 3.85408 2.06906 2.62731 2.60353 2.53853 2.30551 2.00659 1.8298 2.05392 1.75371 3.52012 2.30144 3.716 2.4298 2.01678 2.10213 1.98568 3.0312 4.06058 2.28527 4.05096 2.0786 2.46808 2.21898 1.87532 2.47472
threshold=13.500000000000002 0.28708791208791212 4.5000000000000009 25.914583333333336 -0.0061801242236024781 -0.46410256410256406 -3.4999999999999996 0.45804195804195807 1.0000000180025095e-35 1.2022727272727274 0.043650793650793641 -0.42587924661151205 0.36931818181818188 1.5547619047619048 0.4737637362637363 0.13365231259968105 0.21980676328502416 22.500000000000004 0.18225524475524477 0.86038961038961048 0.0076537576537576571 0.39173060528559256 0.42752100840336138 12.500000000000002 6.1553355503069414 0.24404761904761907 3.195518905351229 -1.2242063492063491 1.7434210526315792 1.0090909090909093
decision_type=10 8 2 8 8 8 2 10 8 10 10 10 8 10 10 8 10 2 8 10 10 10 10 2 8 10 8 10 10 8
left_child=3 2 -2 4 -1 -5 8 10 -7 11 13 -10 -13 14 15 20 17 18 -17 -20 21 23 -23 28 -25 26 -22 -28 29 -8
right_child=1 -3 -4 5 -6 6 7 -9 9 -11 -12 12 -14 -15 -16 16 -18 -19 19 -21 25 22 -24 24 -26 -27 27 -29 -30 -31
leaf_value=0.032671175006650656 0.017899833455284123 0.03241309398555603 -0.011279859360504445 -0.022762517779622932 -0.018760837904315389 0.03266498790608776 -0.033351974829587842 -0.02899168845718126 0.026258595290928357 -0.0071598764019814012 -0.023233695736721995 0.015049448842980873 -0.021271033411822952 -0.01849377880055577 0.031427128993230323 0.029530588609297727 0.040553561339246758 -0.025786738591077576 0.013312694992811536 -0.010815213417461953 0.025009884613053542 0.044485728600944761 0.0031937340646104487 0.014495194603416634 -0.03070877809735896 -0.04219357774426663 0.03240237369012966 -0.015670906042182867 0.016263893096433998 0.010816400392176389
leaf_weight=4.091641291975975 15.438414901494982 9.3636583089828473 12.873250871896742 10.264000058174132 33.178449109196663 9.6564389765262586 6.3170842975378045 8.7967601269483549 15.046031415462492 23.128993526101112 9.9975830838084203 11.140361234545709 5.9828260689973822 12.603932105004786 8.9327518790960294 8.1854815781116503 7.5485298782587043 6.4229043796658507 19.345837630331516 16.925101727247238 4.884033575654029 6.8787369579076758 44.280003793537617 6.6982734724879291 19.055818989872932 5.1130829825997344 2.5630166605114928 37.834699347615242 12.225127086043356 6.3684755265712747
leaf_count=14 56 37 43 32 159 32 21 31 51 71 40 36 19 54 32 28 29 33 58 58 16 22 144 31 88 27 13 137 39 21
internal_value=-0.000679336 0.0115365 0.00463189 -0.00194558 -0.0131145 -0.000669459 4.8301e-05 -0.00227132 0.00901105 0.00488049 -0.00130075 0.0135373 0.00235911 -0.000356341 0.000684756 -0.000618918 0.0078167 0.00295981 0.007113 0.00205389 -0.00385686 0.000160679 0.0087458 -0.00850814 -0.0189519 -0.0119744 -0.0085621 -0.0126209 0.00228917 -0.0111783
internal_weight=401.141 37.6753 28.3117 363.466 37.2701 326.196 315.932 250.977 64.9547 55.2982 242.18 32.1692 17.1232 232.183 219.579 210.646 58.4279 50.8793 44.4564 36.2709 152.218 101.824 51.1587 50.6648 25.7541 50.3948 45.2817 40.3977 24.9107 12.6856
internal_count=1472 136 99 1336 173 1163 1131 922 209 177 891 106 55 851 797 765 206 177 144 116 559 366 166 200 119 193 166 150 81 42
is_linear=0
shrinkage=0.05


Tree=130
num_leaves=31
num_cat=0
split_feature=46 11 12 17 13 23 9 11 8 41 8 20 0 16 32 30 39 3 27 4 17 30 14 27 20 31 8 12 9 8
split_gain=1.92155 3.18827 1.93276 2.34824 6.29816 2.5258 2.28424 2.6655 2.24528 2.27185 2.00781 1.86832 3.60077 2.90244 2.75116 1.97159 3.20366 3.29426 2.34781 2.63356 2.4562 2.72855 2.56131 1.97526 2.54081 1.86455 1.82509 1.7792 1.77497 1.74292
threshold=0.45934065934065943 -0.1970545318809597 1.5000000000000002 -3.4999999999999996 4.5000000000000009 -0.4142857142857142 2.2613636363636371 1.1190789473684213 1.3765625000000001 1.6774136715997197 2.0564516129032264 0.36038961038961043 0.095454545454545472 22.500000000000004 -4.467432475615241 4.6784206501525123 25.465015723270444 0.23132664437012265 8.5000000000000018 0.27953488372093033 15.500000000000002 1.6663331665265237 -4.4999999999999991 20.500000000000004 -0.36038961038961032 1.9702113754102264 -0.72144595439390324 4.5000000000000009 1.1620405101275322 0.3032871083718543
decision_type=10 10 2 2 2 10 10 8 8 10 10 10 10 2 8 10 10 10 8 10 2 10 2 8 8 10 10 2 10 8
left_child=2 -2 3 4 -1 -6 8 -8 9 11 27 12 -4 14 -13 18 28 -18 19 -14 22 -22 23 -20 -25 -26 -9 -10 -17 -30
right_child=1 -3 6 -5 5 -7 7 26 10 -11 -12 13 15 -15 -16 16 17 -19 20 -21 21 -23 -24 24 25 -27 -28 -29 29 -31
leaf_value=0.020792750052162995 0.019751971452280737 -0.026311838459797766 -0.041817534753957081 -0.021418504219778131 0.0093161257673903923 -0.033649722572347045 0.033915737606883413 -0.023561165869452141 0.041658830927141406 0.025925242113157127 -0.0093824605966437071 0.015829185851537291 0.020776516662151318 0.01155275919049468 -0.030291410171984209 0.0019254917230869869 0.024652822187843173 -0.027754647621387265 -0.042687429705370067 -0.020874995410694042 -0.034400905830069155 0.011125851639431698 0.0033076646626237546 -0.038857704741218295 -0.013816589043076689 0.029313535630322934 0.017195968776387134 0.0063403073655442319 0.02161253335818011 0.057982391569950775
leaf_weight=18.148464232683182 5.0155960321426418 14.962836995720862 4.7745923697948447 19.216652248054743 4.7544308900833157 12.191690690815447 12.315753683447836 4.6911914795637131 8.6228488162159938 8.2151542752981168 5.0898513048887244 3.938952274620533 21.428586050868038 9.0939007699489576 18.052887775003917 5.3943099007010522 5.0742780268192273 7.3302111551165581 5.3189338445663479 4.6118600517511359 11.472749948501589 4.6149205565452567 86.95343042910099 4.3706197068095207 5.2387643456459028 4.8034734353423119 6.6267484277486819 6.0801880434155455 8.4883907288312859 5.383083954453471
leaf_count=67 19 74 24 102 25 61 40 21 33 31 20 19 83 37 93 20 20 39 27 25 52 17 351 27 26 17 23 32 31 16
internal_value=0.000299678 -0.0147475 0.00123242 -0.00736845 0.000324903 -0.0215952 0.00297551 0.0178187 0.00153988 0.000116939 0.0176838 -0.000863071 0.00104026 -0.0122062 -0.0220308 0.00217404 0.0135021 -0.00631644 -0.000236776 0.0133999 -0.00312915 -0.0213411 -0.000382866 -0.0166462 -0.00703589 0.00681371 0.000302477 0.0270535 0.0262624 0.0357265
internal_weight=342.275 19.9784 322.297 54.3112 35.0946 16.9461 267.986 23.6337 244.352 224.559 19.7929 216.344 185.258 31.0857 21.9918 180.484 31.6703 12.4045 148.813 26.0404 122.773 16.0877 106.685 19.7318 14.4129 10.0422 11.3179 14.703 19.2658 13.8715
internal_count=1472 93 1379 255 153 86 1124 84 1040 955 85 924 775 149 112 751 126 59 625 108 517 69 448 97 70 43 44 65 67 47
is_linear=0
shrinkage=0.05


Tree=131
num_leaves=31
num_cat=0
split_feature=29 40 27 55 5 25 32 38 6 47 3 16 10 10 2 1 17 3 1 3 17 6 44 46 27 10 10 28 45 18
split_gain=2.66843 2.55111 1.85788 1.85473 3.03956 1.77898 2.62691 2.58541 3.3282 2.80886 2.80491 2.80404 2.72373 2.8581 3.07785 2.63302 2.03094 1.99579 2.75598 2.45276 3.92728 2.48237 2.54771 2.48901 2.79725 2.92396 2.35741 2.14439 1.8985 3.6226
threshold=13.500000000000002 25.441734417344176 48.000000000000007 1.0000000180025095e-35 0.0099241091740643762 1.0000000180025095e-35 3.8524082190847282 455.31250000000006 1.572751322751323 0.20457516339869283 0.22295321637426904 31.500000000000004 1.9198717948717952 0.99090909090909107 0.19374389051808411 0.069047619047619066 11.500000000000002 0.31726674409601247 0.49166435120866914 0.18688725490196081 1.0000000180025095e-35 1.3357843137254903 1.0000000180025095e-35 0.19090909090909094 9.5000000000000018 1.6162029459901801 1.5545634920634923 8.5000000000000018 0.24264705882352944 1.0000000180025095e-35
decision_type=10 10 10 2 8 2 10 10 10 8 10 2 8 10 10 10 2 10 10 10 2 10 8 10 10 8 10 10 10 8
left_child=3 -2 -3 5 -5 6 7 8 11 -10 12 17 13 -11 -15 -14 -16 19 26 20 -1 22 27 24 25 -23 -19 -21 -7 -30
right_child=1 2 -4 4 -6 28 -8 -9 9 10 -12 -13 15 14 16 -17 -18 18 -20 21 -22 23 -24 -25 -26 -27 -28 -29 29 -31
leaf_value=0.0064141500671818083 -0.033656815188173886 -0.014114619456275349 0.033531887050602387 -0.030831793251974712 0.0060582348331317407 -0.010693895241909605 0.029393676641970443 -0.020015128621968241 -0.012263590057282244 -0.0066402236503977329 0.031172197166104938 -0.031634733028069982 0.010978265814884614 0.037154453021037537 -0.0038903868177388688 -0.021655269710945869 0.024812920259916982 -0.048200671228152643 0.017178573950977882 -0.019613929176830192 -0.019222047939546405 -0.0064531822582478936 0.033477118618375677 -0.02462367684214696 -0.020825226600047483 0.031862383763125841 -0.0093736167329825839 0.023208165687654506 0.040081641783788029 -0.0041062260815028758
leaf_weight=37.97760845720768 10.925790496170523 5.9757039174437505 3.1111323460936546 11.315709270536898 11.02344109863043 47.345831625163555 9.8321664333343488 11.596109628677366 11.781240120530127 11.27231229841709 18.391245111823082 6.9444801881909362 13.27340652048588 18.343488723039627 12.635181084275247 11.56804810464382 12.030577689409254 5.9114991426467958 5.8313530832529059 5.4844991117715818 24.626200959086418 8.1308567076921516 17.045310035347942 7.3223044052720061 6.3679270446300498 12.845746651291845 11.542736977338789 6.2609822452068329 6.0310977026820209 20.083909392356873
leaf_count=130 76 43 17 47 39 201 34 39 38 36 62 32 41 56 38 35 42 22 20 19 81 26 55 24 20 44 38 21 22 74
internal_value=0.000421861 -0.0173765 0.00219849 0.00135232 -0.0126281 0.0022187 0.00399572 0.00309481 0.00410384 0.0107971 0.0135832 -0.000576794 0.00949483 0.0157705 0.0216442 -0.00421836 0.0101095 0.000867368 -0.0125812 0.00335154 -0.00367025 0.0102789 0.0211304 0.00126665 0.00819954 0.0170107 -0.0225238 0.00321258 -0.00472421 0.00609869
internal_weight=402.828 20.0126 9.08684 382.815 22.3392 360.476 287.015 277.183 265.587 109.295 97.5143 156.292 79.123 54.2816 43.0092 24.8415 24.6658 149.347 23.2856 126.061 62.6038 63.4576 28.7908 34.6668 27.3445 20.9766 17.4542 11.7455 73.4608 26.115
internal_count=1472 136 60 1336 86 1250 953 919 880 348 310 532 248 172 136 76 80 500 80 420 211 209 95 114 90 70 60 40 297 96
is_linear=0
shrinkage=0.05


Tree=132
num_leaves=31
num_cat=0
split_feature=29 0 0 4 28 45 54 47 42 30 10 11 17 6 5 10 9 9 8 11 8 17 43 6 9 8 8 11 0 29
split_gain=2.23406 2.09819 2.12988 2.30546 1.85983 3.57873 1.8275 2.14776 3.09506 3.0518 3.25632 2.60572 2.42899 2.10503 2.38136 1.80397 1.81232 1.94274 5.56381 3.54343 3.3298 2.96715 1.93071 4.13947 1.80486 1.85171 2.811 2.50765 1.68281 2.01754
threshold=13.500000000000002 0.40270270270270275 0.27386363636363642 0.20710681244743484 2.5000000000000004 0.49358974358974367 1.0000000180025095e-35 -0.042261904761904771 0.51470588235294124 10.9480978764431 1.8722826086956526 -1.5916666666666666 20.500000000000004 0.75735294117647067 -0.14352159468438536 1.0000000180025095e-35 2.9500000000000006 1.9198717948717952 -0.1654447702834799 0.82067307692307712 0.58697478991596652 -13.499999999999998 0.07417582417582419 1.0090909090909093 1.670542635658915 -1.1055673163491251 -0.88803418803418788 -0.10674603174603174 0.24621212121212124 6.5000000000000009
decision_type=10 8 8 8 8 8 2 8 8 8 10 8 2 10 8 8 10 10 8 10 10 2 8 8 10 8 8 8 10 10
left_child=4 2 3 -2 5 -1 7 8 -6 10 13 -11 -12 -9 -15 -13 17 19 21 22 -20 -19 23 -17 25 27 -27 -24 -16 -30
right_child=1 -3 -4 -5 6 -7 -8 9 -10 11 12 15 -14 14 28 16 -18 18 20 -21 -22 -23 24 -25 -26 26 -28 -29 29 -31
leaf_value=-0.0062241257802491652 -0.0064989607141958733 0.033683542216962563 -0.020733128345600697 0.025627147228967553 0.034752264575530475 0.041284455789175722 -0.01773748579089322 -0.046896070644142217 -0.011462584613229503 -0.027460984800022986 -0.0070975347936981688 -0.032733662710879026 0.033951429530183583 0.009800193058794161 0.001863315475079304 0.046062418868861116 0.019309520905579289 -0.00021020520996408904 0.02772218371447821 0.039731137245045456 -0.012711071561418258 -0.04010032075641734 0.0024693579807554072 -0.0078726725770007899 -0.015798938759674055 -0.033246422074507911 0.0016058284894876502 0.043838735764275251 -0.025274331173698528 0.010747757032835474
leaf_weight=8.9750276654958743 9.7365141510963493 8.0021226704120618 6.3884495198726645 13.095536425709723 9.2212574481964076 7.0994692593812934 18.945006407797337 5.0061455965042105 5.9671844840049753 8.162371411919592 8.5344626083970052 3.8252962529659262 6.2378394007682791 9.5260740742087346 9.3043569624423963 7.1544497609138462 13.99270787835121 6.9518325924873379 11.345994949340822 6.3711781948804846 9.237594395875929 14.151299715042112 9.7113304138183576 7.0759000331163415 16.16920118033886 6.1274929940700531 103.65445844084024 5.8816552162170401 38.22025641053915 4.3271781951189032
leaf_count=29 33 31 21 51 31 26 78 19 19 38 37 13 31 38 33 22 45 22 35 20 32 44 30 29 57 19 357 19 198 15
internal_value=-0.000664113 0.010999 0.00478676 0.0119273 -0.0018661 0.0147585 -0.00264046 -0.00176354 0.0165955 -0.00266024 -0.0109954 0.000283252 0.010236 -0.01572 -0.0131772 0.00130495 0.00190271 0.000707764 -0.00891931 0.00318283 0.00957637 -0.0269596 0.001688 0.0192437 -7.69871e-05 0.00195062 -0.000339454 0.0180738 -0.0173986 -0.0216108
internal_weight=398.4 37.2226 29.2205 22.8321 361.177 16.0745 345.103 326.158 15.1884 310.969 81.1563 229.813 14.7723 66.384 61.3779 221.65 217.825 203.832 41.6867 162.146 20.5836 21.1031 155.774 14.2303 141.544 125.375 109.782 15.593 51.8518 42.5474
internal_count=1472 136 105 84 1336 55 1281 1203 50 1153 371 782 68 303 284 744 731 686 133 553 67 66 533 51 482 425 376 49 246 213
is_linear=0
shrinkage=0.05


Tree=133
num_leaves=31
num_cat=0
split_feature=57 12 20 49 28 3 31 7 1 41 41 19 11 14 15 16 10 11 37 43 32 20 3 36 8 16 8 52 2 8
split_gain=1.77879 2.96159 2.12898 4.29066 3.32025 3.05378 2.38715 2.31886 2.1622 2.07716 2.20402 1.8523 3.57737 1.75593 2.59413 2.37914 3.94234 4.72948 2.63264 1.86806 1.70905 2.04281 1.63647 1.79079 1.77313 2.71263 2.63761 3.07332 2.59463 2.59668
threshold=1.0000000180025095e-35 3.5000000000000004 0.14642857142857146 0.13888888888888892 8.5000000000000018 0.24165739710789771 2.107525783562807 1.5779352226720651 0.57659713168187754 1.267863667863667 0.67817990080192747 0.65476190476190488 0.099999999999999992 -4.4999999999999991 17.500000000000004 24.500000000000004 1.198684210526316 0.23928222315319095 123.91250000000001 0.34057971014492755 4.4674324756152428 -0.14160401002506262 0.55050505050505061 136.87500000000003 -1.5244461420932007 12.500000000000002 0.32707061540999843 0.40833333333333338 0.2503132832080201 -0.23432138037401193
decision_type=2 2 10 10 10 10 8 10 10 10 10 10 8 2 2 2 10 8 10 8 10 8 10 8 8 2 8 10 8 10
left_child=9 -2 4 -4 5 7 -7 -3 -9 10 11 13 -13 14 20 18 17 -17 22 -18 21 -1 23 -15 -25 26 -26 -28 29 -27
right_child=1 2 3 -5 -6 6 -8 8 -10 -11 -12 12 -14 15 -16 16 19 -19 -20 -21 -22 -23 -24 24 25 28 27 -29 -30 -31
leaf_value=-0.036440360849770884 -0.027725481902664453 0.030421351779960071 -0.028112337856142991 0.031908175171133042 0.042962391998204986 0.0063814680436940973 -0.040728339454773603 -0.025900551129360745 0.016332194763771981 0.025010196244617335 -0.031264980550944829 0.050463966613285463 -0.0046672083312811084 0.019968366783424844 0.018517761835663712 -0.038343703980754346 0.018246183934648351 0.01971200213288099 -0.02876246063647141 0.056958501759784744 0.013245733032251234 -0.0072295047895491252 0.028942490074094135 0.020387289227347498 -0.016088204716170017 0.018619960284712921 -0.00331709667120152 0.033720481887758044 0.030900700744660333 -0.010078089948890893
leaf_weight=11.462110958993433 13.640246432274578 8.6180187836289459 14.42212785035372 3.7522854730486861 5.0243414193391791 4.4922726303338978 6.6990134343504915 5.7077924162149412 6.461521789431572 9.5745263248682004 5.0948434174060813 5.5598378330469114 6.250340960919857 11.618101418018339 6.7363769188523284 5.3893335461616534 6.3495753556489918 10.049406409263609 7.2990666553378096 6.1196604818105707 4.2407534122467032 12.525865547358995 5.4155185520648947 9.6594168171286565 40.225831314921393 13.610539332032202 59.480805236846194 6.1831989511847487 10.220313861966131 18.728789255023003
leaf_count=63 83 31 75 17 17 22 35 27 29 37 30 20 30 41 27 20 25 36 37 19 21 53 18 40 171 45 262 23 40 78
internal_value=0.00031715 -0.00686366 -0.00170646 -0.0157205 0.00517669 -0.000760031 -0.0218181 0.010577 -0.0034763 0.00213531 0.00130007 0.00194534 0.0212867 0.00101419 -0.00936147 0.00273887 0.0163347 -0.000554002 0.00065912 0.0372454 -0.0160144 -0.0211873 0.00188526 0.00102194 -0.000370271 -0.00172094 -0.00600591 0.000170518 0.00894021 0.00199996
internal_weight=340.612 68.8176 55.1774 18.1744 37.003 31.9786 11.1913 20.7873 12.1693 271.794 262.22 257.125 11.8102 245.315 34.9651 210.35 27.908 15.4387 182.442 12.4692 28.2287 23.988 175.143 169.727 158.109 148.449 105.89 65.664 42.5596 32.3393
internal_count=1472 336 253 92 161 144 57 87 56 1136 1099 1069 50 1019 164 855 100 56 755 44 137 116 718 700 659 619 456 285 163 123
is_linear=0
shrinkage=0.05


Tree=134
num_leaves=31
num_cat=0
split_feature=28 6 29 14 41 12 52 11 11 46 55 45 0 9 28 13 46 6 5 8 6 47 7 28 11 8 8 8 10 1
split_gain=2.48161 2.59488 3.17202 2.13921 2.16955 2.31269 2.28543 2.39925 4.3987 2.7375 2.13723 2.06702 2.33263 2.1505 2.37519 1.91649 1.85459 1.81854 1.79674 1.70413 3.01006 2.08456 1.82484 3.56637 2.20937 2.84735 3.59989 2.69015 2.87396 2.4128
threshold=4.5000000000000009 0.87867647058823539 1.5000000000000002 -7.4999999999999991 1.1722673160173172 10.500000000000002 0.40833333333333338 0.71130036630036642 0.45401256426938102 0.38315217391304351 1.0000000180025095e-35 0.32795698924731187 0.66287878787878796 1.8722826086956526 28.500000000000004 14.500000000000002 0.19090909090909094 1.2768199233716477 0.0099241091740643762 1.8809523809523812 2.8831168831168834 0.043650793650793641 0.70714285714285718 49.500000000000007 -0.93779761904761894 0.27144781144781144 0.18522869674185463 0.015344599113014669 1.0947888589398025 0.46998799519807927
decision_type=8 8 8 2 10 2 8 8 8 8 2 10 10 8 8 2 10 10 8 10 10 10 10 8 10 8 8 8 10 10
left_child=1 -1 -3 15 6 -6 -5 8 10 -10 19 12 13 17 -15 -2 -16 -9 -12 20 21 22 23 -8 -24 26 27 28 -26 -27
right_child=3 2 -4 4 5 -7 7 11 9 -11 18 -13 -14 14 16 -17 -18 -19 -20 -21 -22 -23 24 -25 25 29 -28 -29 -30 -31
leaf_value=0.02462205105429011 -0.03320174298020695 0.0096701422021705195 -0.029765336784574631 0.022204094751071185 0.00069047853738965416 -0.04140121583405372 -0.040205132494073446 -0.0065346874918092357 -0.0073310764826947962 0.031479647226588435 -0.030700874978971417 0.021937708052754544 0.022229588198845684 0.020131967253701508 -0.0063348009015516422 0.0072457645603703691 -0.036381339159572389 -0.042985487671948958 0.0014748935334343053 0.024289256773964742 -0.027248754206932541 0.026080526704094911 0.01853184133062347 0.0024063071091500938 -0.029283087450784753 0.0058057392317071447 -0.037240446291556005 0.018644599748107775 -0.00027809185022405279 0.032517864528585176
leaf_weight=3.8873229324817684 8.1384979635477048 6.9701150506734821 18.997169993817813 14.809235014021395 7.5072427839040738 5.7727354317903519 7.0425323694944408 5.7338078394532195 5.7501160427927998 21.652093172073364 8.7406709343194944 6.1258727461099616 5.6865168511867514 7.292612597346305 33.750236436724663 4.574897162616252 6.057429000735282 8.4858479946851713 8.615360729396345 9.4375095069408399 8.1325710713863355 9.9600295871496183 23.854101717472076 16.218928024172783 10.210803568363231 42.058703780174241 7.2838374227285234 14.865581661462768 52.203817844390869 10.580237090587614
leaf_count=27 45 21 116 52 29 19 25 21 23 75 34 21 17 28 122 20 28 28 31 30 24 31 74 53 42 141 24 48 189 34
internal_value=0.000391006 -0.0134767 -0.0191801 0.00150833 0.00222442 -0.0176066 0.00298877 0.00212578 0.00440267 0.0233356 0.00213918 -0.0058634 -0.00840504 -0.0112459 -0.00610111 -0.0186468 -0.0109069 -0.0282874 -0.0147291 0.00352114 0.00255282 0.00380033 0.00259637 -0.0104945 0.00448709 0.00204527 -0.00363762 -0.000470476 -0.0050232 0.0111748
internal_weight=400.396 29.8546 25.9673 370.542 357.828 13.28 344.548 329.739 256.607 27.4022 229.205 73.1323 67.0065 61.3199 47.1003 12.7134 39.8077 14.2197 17.356 211.849 202.411 194.279 184.319 23.2615 161.057 137.203 84.564 77.2802 62.4146 52.6389
internal_count=1472 164 137 1308 1243 48 1195 1143 878 98 780 265 244 227 178 65 150 49 65 715 685 661 630 78 552 478 303 279 231 175
is_linear=0
shrinkage=0.05


Tree=135
num_leaves=31
num_cat=0
split_feature=54 7 6 22 14 13 31 2 8 29 12 17 45 6 19 29 30 6 7 12 2 7 0 0 43 32 19 31 0 36
split_gain=3.39439 2.79243 2.94375 2.531 2.32663 3.12948 2.20784 2.10515 1.91988 1.83936 1.76104 2.12058 2.56524 2.82521 2.77468 2.61243 2.10794 2.30972 2.47376 2.52703 1.89942 3.77524 3.76218 3.25529 3.03061 2.66699 2.12063 2.04578 2.59018 1.82218
threshold=1.0000000180025095e-35 2.181270536692224 1.4243044189852703 0.36607142857142866 -1.4999999999999998 1.5000000000000002 3.479186213202814 -0.50074626865671634 -0.27086023138654708 -19.499999999999996 14.500000000000002 4.5000000000000009 0.42358803986710969 2.3535714285714291 0.19375000000000003 -5.4999999999999991 1.6663331665265237 1.5566239316239319 1.1589473684210529 4.5000000000000009 -0.23993316624895569 1.3826658322903633 1.0000000180025095e-35 0.25290697674418611 0.24404761904761907 2.1502621685268575 0.20714285714285716 3.6204065448697622 0.11882352941176472 69.512500000000003
decision_type=2 10 10 10 2 2 8 8 10 8 2 2 8 8 10 10 8 8 8 2 10 8 10 10 10 10 8 10 10 10
left_child=1 7 4 8 -3 -6 -2 -1 -4 -9 11 20 -13 14 16 -16 -14 18 19 -18 21 -11 26 27 -24 -25 -23 28 -22 -26
right_child=6 2 3 -5 5 -7 -8 9 -10 10 -12 12 13 -15 15 -17 17 -19 -20 -21 23 22 24 25 29 -27 -28 -29 -30 -31
leaf_value=-0.032036406662233757 0.0073143875732532247 0.043782759610041959 -0.0015533789104981701 -0.023838506833170209 0.036481223486369632 -0.012317728780426127 -0.029423853383602167 -0.018992239728012388 0.02614042291485032 -0.028437743095370855 0.018801839769373239 -0.022846777958102228 0.024056227056259132 -0.03354625740592506 0.049096065500297457 -0.0012220571083157161 0.0079621780741131378 -0.026229239865254151 0.019017493442977072 -0.032422210751549399 -0.012022796485072887 0.035128231966425297 -0.033716119639397656 0.003217385730756952 0.016708436417401284 -0.022865147844135764 0.0038113781519365023 0.039419211879053971 0.024958691724946698 -0.017181554621432345
leaf_weight=5.8796049058437347 5.3865081742405918 8.8452220410108584 18.342489212751389 8.1145934164524061 6.2035013139247877 6.9844321310520172 16.983834318816662 14.848160259425638 9.4991514086723345 14.415489122271536 10.863265037536619 22.425272785127163 5.5488601624965659 6.7635779380798331 5.1838570237159729 5.1343959569931013 7.5421909093856829 12.827146381139753 10.101972490549086 7.9639674872159958 7.7573993206024232 8.5109786093235034 10.171851873397829 90.770172022283077 8.6662524193525297 10.987134501338003 14.81562729179859 8.8701825439929944 12.151721708476542 7.3135731220245352
leaf_count=19 21 30 57 24 19 21 69 95 30 47 46 109 24 33 21 19 28 65 34 37 27 27 34 300 31 38 47 29 41 25
internal_value=-0.00166808 -0.000517029 0.0095522 0.000733648 0.0239433 0.0106369 -0.0205777 -0.00240357 0.00789533 -0.00182976 -0.000947329 -0.00171927 -0.00838423 -0.00307315 0.000722396 0.0240576 -0.00475182 -0.00891081 -0.000235979 -0.0127793 0.00114276 -0.005921 0.000639254 0.00460025 -0.0123822 0.000401153 0.0152377 0.0194473 0.0105492 0.00119782
internal_weight=389.872 367.502 57.9894 35.9562 22.0332 13.1879 22.3703 309.513 27.8416 303.633 288.785 277.922 83.4912 61.066 54.3024 10.3183 43.9841 38.4353 25.6081 15.5062 194.43 63.8938 49.4783 130.537 26.1517 101.757 23.3266 28.7793 19.9091 15.9798
internal_count=1447 1357 181 111 70 40 90 1176 87 1157 1062 1016 370 261 228 40 188 164 99 65 646 211 164 435 90 338 74 97 68 56
is_linear=0
shrinkage=0.05


Tree=136
num_leaves=31
num_cat=0
split_feature=7 10 30 30 43 44 27 16 11 27 22 8 8 38 10 10 5 6 44 20 52 45 45 8 5 1 4 10 5 28
split_gain=2.77283 2.45485 1.92666 3.14845 2.91998 2.84858 1.62938 2.05777 2.64932 2.01125 1.60599 2.23048 3.20626 1.52551 2.13932 3.39172 2.9339 2.47908 2.29173 2.26596 2.09171 2.54295 3.13602 3.22335 3.87514 2.1773 1.98722 2.51301 1.99253 1.91012
threshold=2.318665377176016 0.81892697466467979 5.2808988664221426 9.2485010291176799 0.24404761904761907 0.42261904761904767 16.500000000000004 6.5000000000000009 0.68617812001995082 13.500000000000002 0.41428571428571431 -1.412037037037037 -1.9752747252747251 -450.88749999999999 0.91010101010101019 1.0871675812579149 0.087199048152295636 1.3021739130434786 -0.20444862155388469 -0.24807692307692306 0.36130536130536134 0.45227272727272733 0.24264705882352944 0.92261904761904767 -0.12532614954666788 0.47871376811594207 0.21473779385171793 2.0571895424836604 0.070282258064516143 21.500000000000004
decision_type=10 8 10 10 10 10 10 2 10 10 10 10 10 8 8 8 10 10 8 8 10 10 10 10 8 10 8 8 10 8
left_child=1 -1 5 -4 -5 6 9 -8 -9 13 11 12 -2 -3 -15 16 17 -16 -17 -20 21 22 23 25 -25 -21 28 -28 -24 -19
right_child=10 2 3 4 -6 -7 7 8 -10 -11 -12 -13 -14 14 15 18 -18 29 19 20 -22 -23 26 24 -26 -27 27 -29 -30 -31
leaf_value=0.018641967321960978 -0.030593843774307163 0.032112200126077704 0.023434564647559625 -0.022015070988721509 0.0203628631385274 -0.035164178005449694 0.017313179224878933 -0.024296999264284011 0.012558230162201194 0.03060425117165913 0.0091402079281791421 -0.03497449456006075 0.026138448777364116 -0.023375490389101149 0.056197347214299968 -0.028934360659922328 -0.014955870943250828 0.0331299123550595 0.018363166367501359 -0.0073128669176929341 0.023750233985758942 -0.028085753197029009 0.046349745444051613 -0.029733574940484009 0.021258772859679594 -0.0329073008406447 -0.01184863173215874 0.032186005916145947 0.0076811824496389519 -0.0048030899186042413
leaf_weight=21.593423463404179 5.1032732576131821 3.8982702046632767 22.928439319133759 10.124633733183147 6.7914218455553046 5.7834051027894011 5.7092315554618827 20.900713119655851 6.359915852546691 5.9615340381860724 5.8506098836660376 11.893839776515961 4.8642610237002408 8.9382821917533857 5.5701012685895028 6.9801307171583176 4.9828574433922759 7.5912707671523068 15.70883387327194 64.00999590754509 7.671500287950038 9.4617617353796941 6.8016108721494692 4.6825430914759636 18.234592966735367 9.5489437431097013 11.002473726868626 4.5923485085368165 6.5295876190066338 5.8964642733335504
leaf_count=82 27 14 81 50 29 29 19 94 27 22 23 77 22 45 21 33 23 27 58 275 33 47 23 27 73 43 49 17 29 28
internal_value=0.00102261 0.00238457 0.00115994 0.0113621 -0.00500127 -0.000487027 0.000345025 -0.00998216 -0.0156987 0.00198148 -0.0141271 -0.020354 -0.00290789 0.00113717 0.000527955 0.00165683 0.0192041 0.0281355 -0.000896355 0.000340397 -0.00164589 -0.00309051 -0.00120458 -0.00553412 0.0108398 -0.0106354 0.0132356 0.00111865 0.02741 0.0165467
internal_weight=335.966 308.254 286.661 39.8445 16.9161 246.816 241.033 32.9699 27.2606 208.063 27.712 21.8614 9.96753 202.102 198.203 189.265 24.0407 19.0578 165.224 158.244 142.535 134.864 125.402 96.4761 22.9171 73.5589 28.926 15.5948 13.3312 13.4877
internal_count=1447 1298 1216 160 79 1056 1027 140 121 887 149 126 49 865 851 806 99 76 707 674 616 583 536 418 100 318 118 66 52 55
is_linear=0
shrinkage=0.05


Tree=137
num_leaves=31
num_cat=0
split_feature=27 2 3 10 20 22 18 17 22 30 18 25 3 8 44 3 6 37 16 7 9 4 2 6 3 17 43 3 5 9
split_gain=2.64106 2.92186 7.98862 2.355 2.26268 2.8468 2.48684 2.88081 2.4416 2.72895 1.95017 2.63666 1.89777 2.77989 3.09638 2.70229 2.94147 2.66085 2.84694 2.76345 2.8071 2.59353 2.38901 3.11283 2.26667 2.03541 1.95691 1.92791 1.89895 1.87425
threshold=34.500000000000007 -0.50074626865671634 0.28416149068322988 0.35416666666666669 -0.093248663101604262 0.24038461538461542 0.10555555555555557 -4.4999999999999991 0.15476190476190479 9.2485010291176799 0.24038461538461542 1.5000000000000002 0.26442841287458385 0.046536796536796439 0.050490196078431374 0.16749174917491752 1.2462121212121213 165.16250000000005 13.500000000000002 1.2768199233716477 0.95080645161290334 0.29478609625668456 0.041040679750357224 1.7475490196078434 0.28416149068322988 2.5000000000000004 1.0000000180025095e-35 0.13714733542319751 -0.019139194139194123 1.3699248120300755
decision_type=10 8 10 8 8 10 10 2 10 10 10 2 10 8 8 8 8 8 2 10 8 10 8 10 10 2 8 8 8 10
left_child=1 2 -1 -3 6 8 7 29 9 12 -8 -12 15 14 -14 22 -17 28 19 -19 -21 24 27 25 -15 -24 -26 -6 -18 -5
right_child=-2 3 -4 4 5 -7 10 -9 -10 -11 11 -13 13 21 -16 16 17 18 -20 20 -22 -23 23 -25 26 -27 -28 -29 -30 -31
leaf_value=-0.01249741305585168 -0.019659415095647951 -0.03364378490966996 0.076504470561342838 0.0060906909945205555 0.0026796034118145924 -0.020969948065769146 -0.033586250496742021 0.018698374485109678 0.031364205712003282 0.031484449921935713 -0.02876268521047394 0.017714711916714185 -0.049035836010599146 -0.033594497950416802 -0.0073888967940774876 0.027470558012067749 0.0030721013263225469 0.011605563094308921 0.019510015206408271 0.021681912902778547 -0.019986397783171413 0.025257891269845935 -0.0050654346159804426 0.0019772015525392995 0.024358118499911454 -0.035035148177851472 -0.011822283316918944 0.035720465354773814 -0.035998712329869995 -0.015734669968008701
leaf_weight=5.5353148058056814 15.198829047381876 4.8776099979877463 4.6302077323198318 16.31219071149826 17.543648421764377 11.475845843553541 12.159490093588831 14.735185593366621 8.1751704365015012 8.5041899085044843 6.0436193719506246 6.1634760349988937 6.3057125918567181 5.4987161755561891 15.272461876273157 19.151693388819695 6.5360967963933945 31.076869934797287 38.447285637259483 5.152319714426997 18.754437044262886 9.6899843066930753 9.9848516806960124 32.276839211583138 6.5968719720840427 13.095855370163916 8.6220632568001747 5.8995978683233252 5.9327832013368589 24.778769321739674
leaf_count=27 83 16 16 70 63 44 51 49 28 32 22 27 27 18 52 60 22 101 126 18 60 33 34 105 22 42 27 19 20 133
internal_value=0.000777774 0.00159686 0.0280413 0.000868472 0.0013307 0.00342498 -0.00608593 -0.000268857 0.00445226 0.00361997 -0.0194134 -0.00529582 0.00269374 -0.00583382 -0.0195592 0.00486841 0.00943823 0.00617713 0.00907248 0.00177404 -0.0110062 0.00390615 -0.00238359 -0.00804904 -0.0060804 -0.0220701 0.00386065 0.0109945 -0.0155181 -0.00707049
internal_weight=394.428 379.229 10.1655 369.064 364.186 283.993 80.1927 55.8261 272.517 264.342 24.3666 12.2071 255.838 51.9858 21.5782 203.852 125.051 105.9 93.4309 54.9836 23.9068 30.4076 78.8008 55.3575 20.7177 23.0807 15.2189 23.4432 12.4689 41.091
internal_count=1447 1364 43 1321 1305 953 352 252 909 881 100 49 849 179 79 670 407 347 305 179 78 100 263 181 67 76 49 82 42 203
is_linear=0
shrinkage=0.05


end of trees

feature_importances:
delta_wc_gf_per_game=240
delta_wc_gc_per_game=195
delta_wc_games_played=180
team_wc_gf_per_game=178
opp_wc_gc_per_game=177
opp_wc_gf_per_game=174
team_wc_gc_per_game=173
team_wc_draw_pct=167
delta_ranking=162
delta_wc_draw_pct=149
opp_ranking=148
opp_wc_draw_pct=143
team_ranking=119
opp_wc_win_pct=115
delta_wc_win_pct=115
team_wc_games_played=109
opp_wc_games_played=104
team_wc_win_pct=99
delta_wc_semi_pct=92
opp_euro_win_pct=90
team_euro_win_pct=76
delta_ranking_volatility=73
delta_win_pct_vs_top10=72
team_squad_avg_age=69
team_ranking_volatility=65
opp_win_pct_vs_top10=60
delta_wc_appearances=56
team_wc_appearances=55
opp_wc_appearances=53
delta_squad_avg_age=47
opp_ranking_volatility=45
team_wc_semi_pct=44
opp_squad_avg_age=44
delta_wc_final_pct=42
team_win_pct_vs_top10=42
delta_euro_win_pct=41
opp_wc_semi_pct=37
opp_market_value_eur_m=34
team_market_value_eur_m=30
team_host_flag=28
opp_host_flag=26
is_knockout=26
team_wc_final_pct=24
team_afcon_win_pct=24
opp_wc_final_pct=23
delta_host_flag=19
delta_market_value_eur_m=15
delta_wc_champion_count=7
opp_afcon_win_pct=7
opp_copa_win_pct=6
team_wc_champion_count=5
opp_wc_champion_count=5
team_copa_win_pct=5
delta_copa_win_pct=5
team_has_ranking=1

parameters:
[boosting: gbdt]
[objective: multiclass]
[metric: multi_logloss]
[tree_learner: serial]
[device_type: cpu]
[data_sample_strategy: bagging]
[data: ]
[valid: ]
[num_iterations: 46]
[learning_rate: 0.05]
[num_leaves: 31]
[num_threads: 0]
[seed: 42]
[deterministic: 0]
[force_col_wise: 0]
[force_row_wise: 0]
[histogram_pool_size: -1]
[max_depth: -1]
[min_data_in_leaf: 20]
[min_sum_hessian_in_leaf: 0.001]
[bagging_fraction: 0.8]
[pos_bagging_fraction: 1]
[neg_bagging_fraction: 1]
[bagging_freq: 5]
[bagging_seed: 400]
[bagging_by_query: 0]
[feature_fraction: 0.8]
[feature_fraction_bynode: 1]
[feature_fraction_seed: 30056]
[extra_trees: 0]
[extra_seed: 12879]
[early_stopping_round: 0]
[early_stopping_min_delta: 0]
[first_metric_only: 0]
[max_delta_step: 0]
[lambda_l1: 0]
[lambda_l2: 0]
[linear_lambda: 0]
[min_gain_to_split: 0]
[drop_rate: 0.1]
[max_drop: 50]
[skip_drop: 0.5]
[xgboost_dart_mode: 0]
[uniform_drop: 0]
[drop_seed: 17869]
[top_rate: 0.2]
[other_rate: 0.1]
[min_data_per_group: 100]
[max_cat_threshold: 32]
[cat_l2: 10]
[cat_smooth: 10]
[max_cat_to_onehot: 4]
[top_k: 20]
[monotone_constraints: ]
[monotone_constraints_method: basic]
[monotone_penalty: 0]
[feature_contri: ]
[forcedsplits_filename: ]
[refit_decay_rate: 0.9]
[cegb_tradeoff: 1]
[cegb_penalty_split: 0]
[cegb_penalty_feature_lazy: ]
[cegb_penalty_feature_coupled: ]
[path_smooth: 0]
[interaction_constraints: ]
[verbosity: -1]
[saved_feature_importance_type: 0]
[use_quantized_grad: 0]
[num_grad_quant_bins: 4]
[quant_train_renew_leaf: 0]
[stochastic_rounding: 1]
[linear_tree: 0]
[max_bin: 255]
[max_bin_by_feature: ]
[min_data_in_bin: 3]
[bin_construct_sample_cnt: 200000]
[data_random_seed: 175]
[is_enable_sparse: 1]
[enable_bundle: 1]
[use_missing: 1]
[zero_as_missing: 0]
[feature_pre_filter: 1]
[pre_partition: 0]
[two_round: 0]
[header: 0]
[label_column: ]
[weight_column: ]
[group_column: ]
[ignore_column: ]
[categorical_feature: ]
[forcedbins_filename: ]
[precise_float_parser: 0]
[parser_config_file: ]
[objective_seed: 16083]
[num_class: 3]
[is_unbalance: 0]
[scale_pos_weight: 1]
[sigmoid: 1]
[boost_from_average: 1]
[reg_sqrt: 0]
[alpha: 0.9]
[fair_c: 1]
[poisson_max_delta_step: 0.7]
[tweedie_variance_power: 1.5]
[lambdarank_truncation_level: 30]
[lambdarank_norm: 1]
[label_gain: ]
[lambdarank_position_bias_regularization: 0]
[eval_at: ]
[multi_error_top_k: 1]
[auc_mu_weights: ]
[num_machines: 1]
[local_listen_port: 12400]
[time_out: 120]
[machine_list_filename: ]
[machines: ]
[gpu_platform_id: -1]
[gpu_device_id: -1]
[gpu_use_dp: 0]
[num_gpu: 1]

end of parameters

pandas_categorical:[]
